m/z,top1_pred,predictions,composition,num_spectra,charge,RT,annotation_score,rel_abundance,top_fragments,evidence,adduct,notes,ppm_error,GlyTouCan_ID,supported_by
384.1385223552104,Gal(b1-3)GalNAc,"[('Gal(b1-3)GalNAc', 0.8151)]","{'Hex': 1, 'HexNAc': 1}",87,-1,13.08,4.0,1.2309471391916393,"[204.0056, 155.933, 156.025, 179.0054, 178.8866, 125.9504, 137.9638, 160.969, 222.1151, 276.0581, 324.1762, 142.8772, 112.9028, 142.9892, 324.0393, 276.2019, 113.9069, 221.9899, 118.8856, 130.8885, 161.0787, 340.0824, 131.0272, 347.912, 148.957, 339.7163, 126.0822, 113.0362, 137.8058, 114.0471, 340.3002, 124.9287, 161.9523, 322.1518, 162.1134, 263.9525, 264.1588, 348.099, 186.0636, 263.6872, 234.1714, 338.2622, 222.343, 321.9694, 167.8673, 339.212, 138.1594, 283.1673, 348.3536, 323.1062, 342.1183, 428.5782, 312.2022, 348.9238, 346.6565, 305.8226, 340.9536, 289.7684, 324.421, 286.2091, 323.6714, 251.094, 355.2019, 321.2336, 270.0101, 296.1116, 317.8718, 295.6131, 354.2599, 352.0043, 305.1583, 253.9955, 294.9052, 143.9508, 340.6578, 353.0807, 294.1408, 268.2441, 111.8782, 264.3664, 297.0393, 317.0547, 318.1875, 250.0769, 345.2542, 302.0695, 398.5376, 421.6176, 357.5555, 354.0322, 115.0055, 206.0252, 363.2496, 362.0556, 299.9242, 350.1616, 331.7532, 185.8341, 362.8899, 283.3566]",strong,,,32.81475405090035,G15559XW,
425.25412609535744,GalNAc(a1-3)GalNAc,"[('GalNAc(a1-3)GalNAc', 0.6151), ('GlcNAc(b1-3)GalNAc', 0.1579)]",{'HexNAc': 2},5,-1,16.14,5.0,0.1903028513221227,"[204.0754, 365.1988, 156.0467, 222.0338, 326.9634, 383.2136, 306.0102, 219.8891, 141.9343, 295.1739, 360.3587, 335.2732, 202.0451, 483.6919, 159.9303, 383.3829, 223.1987, 161.9501, 228.0519, 235.1288, 321.3634, 381.1194, 126.0316, 203.5523, 343.3706, 276.2859, 395.0651, 591.289, 323.034, 241.0373, 263.2005, 291.1272, 397.6193, 168.8694, 242.9169, 162.2064, 367.2897, 293.25, 364.0, 331.25, 153.0, 363.1667, 303.8333, 275.0, 386.1667, 313.0, 300.3333, 311.0833, 367.0, 152.75, 174.8333, 389.25, 288.0833, 339.9167, 294.25, 366.0, 329.4167, 307.0, 337.3333, 304.25, 182.9167, 136.0, 806.25, 345.0833, 290.25, 304.9167, 239.25, 220.25, 233.0833, 181.1667, 359.4167, 293.8333]",strong,,,179.68465959985033,G45388GV,
505.27884881626505,Gal(a1-4)Gal(b1-4)Glc,"[('Gal(a1-4)Gal(b1-4)Glc', 0.4299)]",{'Hex': 3},4,-1,17.55,15.0,1.8182658946803445,"[160.9422, 221.0385, 178.9442, 325.1316, 262.9417, 280.9781, 280.7516, 142.961, 181.0745, 343.0785, 446.0319, 445.3066, 469.144, 281.2768, 341.0785, 268.2356, 240.9853, 398.9621, 281.9625, 471.1966, 371.1847, 385.5466, 184.8775, 461.9633, 415.3614, 463.378, 407.1175, 305.0, 224.0419, 225.0502, 226.8807, 357.2917, 460.9607, 404.2927, 235.1253, 467.2078, 323.0412, 418.3333, 597.5, 425.6667, 409.1667, 447.3333, 388.0833, 505.0833, 441.0, 356.6667, 529.1667, 377.0, 256.0, 355.3333, 301.4167, 463.0833, 379.0833, 345.25, 279.1667, 469.4167, 439.25, 425.25, 653.4167, 377.4167, 451.4167, 282.9167, 461.4167, 243.0833, 283.1667, 361.4167, 470.0833, 434.0833, 158.8333]",strong,,,200.960396680589,G00059MO,
530.3259292546472,Fuc(a1-2)Gal(b1-3)GalNAc,"[('Fuc(a1-2)Gal(b1-3)GalNAc', 0.9015)]","{'Hex': 1, 'HexNAc': 1, 'dHex': 1}",18,-1,26.49,8.0,6.75161620052754,"[204.9713, 203.9654, 246.9607, 162.915, 155.9453, 422.1856, 324.9116, 470.1753, 470.2684, 366.1624, 307.0819, 325.0351, 307.2196, 366.0377, 294.966, 222.032, 488.2642, 232.9759, 264.8951, 246.4902, 222.1655, 384.1683, 422.3561, 160.9373, 486.1539, 306.3826, 494.2767, 486.3744, 386.3026, 488.3771, 162.3149, 289.0661, 276.3175, 186.0502, 452.3544, 496.2756, 295.1112, 432.2071, 228.9832, 494.0154, 468.3132, 591.5677, 380.4369, 485.4539, 490.698, 398.1854, 162.0056, 454.1134, 557.3281, 233.1568, 410.1744, 495.2036, 349.982, 442.2676, 490.1092, 227.0771, 487.7003, 770.2419, 500.5783, 435.1695, 265.294, 261.2128, 368.0989, 411.284, 277.0256, 495.3576, 457.2296, 400.416, 327.0856, 443.449, 471.417, 385.2131, 498.2111, 498.6175, 179.0877, 455.2942, 817.2046, 433.4478, 300.958, 369.3047, 500.3451, 276.0923, 578.3706, 480.258, 346.1283, 285.965, 815.6177, 283.1816, 264.5053, 283.8937, 440.3333, 466.2304, 451.9209, 329.9779, 211.1052, 448.0433, 392.048, 168.1903, 413.3064, 419.2235]",strong,,,220.481109211762,G05545HU,"1/1 residues supported: Fuc(a1-2) on Gal (324.9 C2a, 307.1 B2a)"
587.2370682777106,Gal(b1-3)[GlcNAc(b1-6)]GalNAc,"[('Gal(b1-3)[GlcNAc(b1-6)]GalNAc', 0.9498)]","{'Hex': 1, 'HexNAc': 2}",18,-1,17.94,6.0,0.8726479071446639,"[407.177, 527.1994, 387.071, 198.9866, 204.0586, 364.1509, 399.0501, 327.0628, 202.0331, 366.1968, 425.1732, 425.3161, 222.0558, 527.3489, 557.1471, 497.1511, 262.1661, 327.1663, 557.0116, 347.1622, 317.1369, 545.2703, 384.1433, 389.1847, 365.2399, 544.2506, 384.2996, 219.9091, 357.0119, 369.1205, 202.1865, 551.3784, 458.9883, 552.1267, 187.0731, 543.2051, 347.2933, 550.8556, 484.1226, 489.2003, 297.0784, 220.0848, 408.3582, 406.7408, 528.1519, 259.0457, 364.2737, 357.1409, 267.114, 722.5092, 459.2312, 383.963, 359.0925, 514.9893, 525.2284, 543.4823, 365.457, 501.1454, 359.4381, 552.332, 497.4014, 526.4165, 488.3994, 172.0684, 551.1048, 544.0139, 553.2337, 488.0903, 991.4061, 479.326, 311.0296, 199.1743, 338.9655, 533.2472, 490.9155, 276.1969, 179.0095, 526.164, 420.2781, 503.1946, 328.9538, 262.379, 546.4179, 743.6971, 568.9536, 399.2569, 532.7471, 524.2477, 863.1208, 530.8825, 348.2666, 557.3975, 525.5817, 515.1996, 306.0303, 398.1076, 384.8582, 479.6302, 257.3254, 743.1339]",strong,,Possible in-source fragment of GlcNAc(a1-4)Gal(b1-3)[GlcNAc(b1-6)]GalNAc,11.137189564882048,G78369LH,"2/2 residues supported: Gal(b1-3) on reducing-end GalNAc (366.2 Z1a); against Gal(b1-3) on reducing-end GalNAc (364.1 fits Gal on GlcNAc); GlcNAc(b1-6) on reducing-end GalNAc (407.2 Z1b, 425.2 Y1b); against GlcNAc(b1-6) on reducing-end GalNAc (364.1 fits GlcNAc on Gal)"
587.3012695582821,Gal(b1-3)[GlcNAc(b1-6)]GalNAc,"[('Gal(b1-3)[GlcNAc(b1-6)]GalNAc', 0.9403)]","{'Hex': 1, 'HexNAc': 2}",11,-1,16.3,9.0,4.525904483505849,"[407.1664, 527.2325, 425.2365, 204.0698, 201.9922, 347.1702, 365.2061, 389.2259, 262.0799, 384.188, 366.1819, 219.9379, 545.2745, 220.0429, 359.1616, 276.1284, 186.0627, 479.2472, 312.1295, 304.0727, 264.0959, 324.1558, 192.0999, 311.0771, 371.171, 329.2359, 276.2418, 299.2016, 389.0677, 273.2432, 222.0193, 246.3196, 408.1691, 550.5047, 179.0473, 222.2342, 551.0653, 317.2444, 185.5829, 426.2447, 427.176, 364.1292, 550.7512, 491.07, 543.3864, 347.3646, 377.323, 407.9169, 234.1913, 342.2264, 366.3621, 209.1005, 467.2922, 287.2638, 409.3362, 245.1621, 221.1525, 215.0083, 509.1932, 291.8461, 484.2463, 330.1127, 169.8672, 486.2671, 543.0803, 741.7779, 535.1621, 275.1714, 523.9899, 491.6255, 245.9973, 521.445, 287.9739, 200.103, 551.8367, 476.6192, 532.8321, 262.2699, 251.1182, 328.6962, 341.2533, 558.9457, 199.6915, 470.3131, 357.3073, 405.0632, 538.9788, 288.2057, 257.2499, 238.3732, 281.1882, 502.1383, 243.8849, 556.2988, 551.2825, 526.3003, 399.1075, 241.1163, 329.4416, 513.3705]",strong,,,120.46611149695974,G78369LH,"2/2 residues supported: Gal(b1-3) on reducing-end GalNAc (384.2 Y1a, 366.2 Z1a); GlcNAc(b1-6) on reducing-end GalNAc (407.2 Z1b, 425.2 Y1b)"
628.3240426091627,GlcNAc(b1-3)[GlcNAc(b1-6)]GalNAc,"[('GlcNAc(b1-3)[GlcNAc(b1-6)]GalNAc', 0.8901)]",{'HexNAc': 3},3,-1,17.11,12.0,0.540273849016042,"[407.1676, 425.2388, 568.3031, 592.78, 204.0684, 365.3274, 201.9372, 219.9525, 347.2672, 565.309, 389.3253, 311.2187, 312.337, 202.0694, 359.2578, 275.9056, 583.1729, 389.0713, 262.2499, 384.2029, 288.2923, 507.2134, 597.2124, 597.9617, 312.0528, 371.9346, 408.2872, 566.4073, 880.4533, 200.8756, 600.0833, 588.8333, 599.5833, 407.75, 553.3333, 518.0, 481.1667, 447.1667, 434.0, 482.3333, 583.8333, 438.1667, 185.6667, 564.5, 667.5, 575.3333, 245.25, 567.5, 530.4167, 222.1667, 484.3333, 227.25, 528.25, 497.5, 460.4167, 513.9167, 480.25, 383.4167]",strong,,,106.508030169969,G00037MO,0/2 residues supported
665.1993496270937,Neu5Ac(a2-3)Gal(b1-4)GlcNAc(b1-6)[Neu5Ac(a2-3)Gal(b1-3)]GalNAc,"[('Neu5Ac(a2-3)Gal(b1-4)GlcNAc(b1-6)[Neu5Ac(a2-3)Gal(b1-3)]GalNAc', 0.7532000000000001)]","{'Hex': 2, 'HexNAc': 2, 'Neu5Ac': 2}",2,-2,20.42,12.0,0.4085452951165139,"[673.2956, 493.2029, 462.18, 1038.4836, 290.1018, 674.3127, 564.1118, 605.3312, 1039.4287, 1040.3809, 494.2463, 504.3037, 350.3275, 675.3737, 463.2022, 583.3833, 877.4231, 574.4155, 624.5558, 533.2461, 505.2375, 621.2935, 1041.349, 484.905, 559.6254, 461.3685, 612.7803, 291.1165, 1150.5728, 619.3834, 602.2281, 402.1991, 546.1639, 1081.1131, 332.1996, 628.8027, 495.9479, 1124.7256, 476.9613, 565.2516, 620.0354, 620.6538, 835.456, 549.2066, 800.3706, 240.9702, 258.883, 534.4545, 366.9453, 519.3691, 342.1059, 272.1296, 676.2914, 634.1167, 876.3782, 518.383, 991.717, 606.2643, 902.5359, 572.8809, 553.6667, 443.5, 556.9167, 599.0, 545.1667, 879.25, 487.25, 946.5834, 616.25, 405.3333, 1127.5, 567.0, 637.25, 230.1667, 946.3334, 473.9167, 446.0833, 471.25, 353.0, 876.0834, 575.1667, 749.4167, 647.1667, 817.4167, 1149.1667, 483.25, 308.25, 495.0833, 372.1667, 802.6667, 245.9167, 629.6667, 407.0833, 604.4167, 949.1667, 576.4167, 501.25, 280.0, 949.5834, 630.25]",strong,,Possible in-source fragment of Neu5Ac(a2-3)[GalNAc(b1-4)]Gal(b1-4)GlcNAc(b1-6)[Neu5Ac(a2-3)Gal(b1-3)]GalNAc; Possible in-source fragment of Neu5Ac(a2-3)Gal(b1-4)GlcNAc(b1-6)[Neu5Ac(a2-3)[GalNAc(b1-4)]Gal(b1-3)]GalNAc,51.22450493388441,G99244AI,4/5 residues supported: Neu5Ac(a2-3) on Gal(b1-4)GlcNAc (673.3 C3a); Gal(b1-4) on GlcNAc (673.3 C3a); Neu5Ac(a2-3) on Gal(b1-3)GalNAc (675.4 Y1a); Gal(b1-3) on reducing-end GalNAc (675.4 Y1a)
667.2797879962498,Gal(b1-3)[GlcNAc6S(b1-6)]GalNAc,"[('Gal(b1-3)[GlcNAc6S(b1-6)]GalNAc', 0.8111278997422451), ('Gal(?1-3)[GlcNAc6S(b1-6)]GalNAc', 0.1888721002577549)]","{'Hex': 1, 'HexNAc': 2, 'S': 1}",7,-1,17.46,5.0,1.8389664833004638,"[505.1585, 506.1954, 282.0046, 487.1825, 445.1652, 607.2148, 488.2573, 667.1682, 383.101, 625.2652, 283.039, 427.201, 407.2848, 342.1231, 463.1915, 372.1659, 507.2545, 428.2121, 469.1386, 464.1672, 446.2287, 486.0602, 608.2569, 547.1075, 547.2265, 625.0453, 386.0789, 548.2719, 487.4485, 668.1427, 446.0828, 464.4144, 425.258, 566.3569, 198.9338, 199.0852, 300.1153, 636.1801, 373.3237, 221.0412, 667.4383, 486.6835, 283.2361, 204.213, 668.47, 564.2936, 241.1793, 485.5168, 368.2135, 636.8499, 428.4288, 222.0931, 469.9968, 590.2727, 469.3191, 457.0979, 589.1457, 263.0436, 202.0022, 573.4512, 445.3721, 343.1445, 631.3288, 566.9441, 443.0717, 637.4626, 263.9963, 606.2559, 577.4792, 303.0349, 439.178, 236.952, 323.0473, 635.536, 337.0408, 565.4544, 221.8889, 569.0338, 623.2655, 840.7913, 222.369, 235.1316, 429.3657, 495.8684, 338.0452, 565.0389, 545.0813, 561.5386, 402.1193, 566.0678, 410.2026, 549.2973, 311.1192, 387.0664, 543.9536, 424.7947, 408.3333, 535.4566, 426.0383, 529.2075]",strong,,,138.58149329958277,G71575PR,"1/2 residues supported: GlcNAc6S(b1-6) on reducing-end GalNAc (505.2 Y1b, 487.2 Z1b)"
667.3404029398938,Gal(b1-3)[GlcNAc6S(b1-6)]GalNAc,"[('Gal(b1-3)[GlcNAc6S(b1-6)]GalNAc', 0.9518)]","{'Hex': 1, 'HexNAc': 2, 'S': 1}",3,-1,19.68,4.0,1.7226058177656105,"[383.1113, 505.1853, 487.2214, 221.0207, 425.0562, 325.1349, 340.9939, 281.1157, 506.218, 263.0195, 444.1905, 566.2259, 1042.5042, 282.0931, 607.0816, 464.0697, 343.2574, 547.2461, 565.2849, 289.8982, 463.1755, 611.33, 485.1578, 300.167, 445.2627, 722.7888, 621.3674, 326.7965, 1043.445, 383.7757, 604.946, 509.3647, 564.2028, 462.3536, 465.442, 623.4383, 608.1101, 635.6978, 577.3696, 829.207, 465.7147, 750.3796, 557.3869, 507.3635, 1072.6177, 460.2057, 622.3612, 529.9484, 407.4462, 407.117, 571.2893, 550.5329, 287.873, 242.2412, 810.4582, 340.7041, 885.7968, 555.7868, 252.0434, 284.3333, 408.0467, 392.7049, 608.6245, 569.6667, 622.9167, 530.3333, 613.4167, 572.1667, 568.3333, 262.4167, 199.0833, 579.0, 569.1667, 489.1667, 529.25, 630.25, 625.3333, 599.25, 621.5833, 204.1667, 202.0833, 446.0, 389.25, 448.1667, 305.25, 404.0833, 367.25, 361.1667, 381.1667, 624.5, 621.8333, 632.3333, 439.3333, 595.5, 365.25, 504.3333, 627.8333, 284.0, 320.0833, 321.25]",strong,,,229.43295447676712,G71575PR,"1/2 residues supported: against Gal(b1-3) on reducing-end GalNAc (444.2 fits Gal on GlcNAc6S); GlcNAc6S(b1-6) on reducing-end GalNAc (505.2 Y1b, 487.2 Z1b); against GlcNAc6S(b1-6) on reducing-end GalNAc (444.2 fits GlcNAc6S on Gal)"
675.3198302226724,Gal(b1-3)[Neu5Ac(a2-6)]GalNAc,"[('Gal(b1-3)[Neu5Ac(a2-6)]GalNAc', 0.9431999999999999)]","{'Hex': 1, 'HexNAc': 1, 'Neu5Ac': 1}",7,-1,16.34,4.0,0.500891266329229,"[290.0818, 615.3435, 597.3415, 291.0387, 454.2464, 384.1361, 477.2074, 291.2129, 514.3246, 639.3241, 513.3773, 598.244, 435.3541, 455.2007, 616.2762, 587.1804, 495.1093, 390.033, 515.2067, 308.2005, 614.4917, 493.1099, 587.7136, 509.9493, 272.0782, 366.0821, 634.6109, 632.3861, 614.0667, 403.2763, 549.112, 507.201, 482.4165, 394.5012, 567.3426, 339.8069, 418.1982, 323.7026, 295.1147, 295.3838, 575.7774, 498.1227, 615.5533, 243.9687, 411.2912, 531.2614, 636.1166, 638.8987, 204.214, 358.966, 329.125, 422.1283, 502.2112, 261.9551, 538.463, 647.1247, 529.2082, 515.5837, 576.5833, 620.4167, 436.1667, 425.25, 633.5, 520.0833, 760.0, 508.25, 453.1667, 600.1667, 392.3333, 276.1667, 333.5, 494.3333, 613.4167, 310.0833, 555.4167, 582.1667, 603.1667, 487.5, 754.0834, 472.1667, 500.9167, 589.0833, 484.9167, 383.8333, 250.9167, 438.1667, 522.9167, 498.5, 410.5, 392.0833, 585.1667, 614.8333, 495.3333, 547.5833, 543.9167, 602.9167, 647.75, 478.1667, 644.4167, 292.25]",strong,,,108.5559712095855,G01040ZV,"1/1 residues supported: Neu5Ac(a2-6) on reducing-end GalNAc (513.4 Y1b, 495.1 Z1b)"
675.3410086379315,Neu5Ac(a2-3)Gal(b1-3)GalNAc,"[('Neu5Ac(a2-3)Gal(b1-3)GalNAc', 0.9409)]","{'Hex': 1, 'HexNAc': 1, 'Neu5Ac': 1}",4,-1,17.91,6.0,2.697095599880075,"[290.0524, 384.2075, 291.1727, 380.1388, 597.2592, 454.1886, 272.2258, 204.1097, 271.9536, 635.7043, 342.2593, 308.0006, 615.4228, 639.3829, 631.0354, 643.7501, 406.4429, 250.9476, 614.0162, 471.5511, 614.3304, 609.0421, 630.4524, 403.9626, 416.0288, 567.3697, 193.9925, 644.6244, 641.4458, 454.2573, 633.0466, 278.0311, 362.215, 268.0353, 458.1376, 495.2829, 291.95, 414.2957, 598.1989, 246.6989, 512.5359, 631.3392, 499.9506, 544.9167, 388.1231, 363.1269, 471.25, 585.25, 406.0, 577.0833, 222.0, 262.0, 593.25, 614.9167, 600.6667, 645.25, 199.9167, 477.25, 505.6667, 228.0, 510.5, 676.6667, 415.1667, 334.1667, 220.1667, 404.25, 407.3333, 451.0833, 290.6667, 504.8333, 411.0833, 429.0833, 398.0, 616.3333, 496.5, 472.3333, 612.25, 413.4167, 465.3333, 511.3333, 341.0, 408.4167, 202.1667, 589.4167, 386.3333, 410.1667, 631.5833, 212.1667]",strong,,,139.9199462546453,G65562ZE,0/1 residues supported
702.9693675020885,Fuc(a1-2)Gal(b1-4)GlcNAc(b1-3)Gal(b1-4)GlcNAc(b1-6)[Fuc(a1-2)Gal(b1-3)]GalNAc,"[('Fuc(a1-2)Gal(b1-4)GlcNAc(b1-3)Gal(b1-4)GlcNAc(b1-6)[Fuc(a1-2)Gal(b1-3)]GalNAc', 1.0)]","{'Hex': 3, 'HexNAc': 3, 'dHex': 2}",1,-2,21.98,19.0,0.39315568369735876,"[895.3249, 896.3026, 1080.3481, 204.9658, 715.3395, 510.2976, 877.3501, 655.4038, 557.4664, 307.1416, 673.4593, 1201.3452, 549.4454, 835.1513, 570.2581, 733.3383, 1242.5941, 716.4722, 206.1148, 1032.6256, 1202.46, 1004.5698, 1243.3589, 1081.4522, 659.0919, 325.3374, 1100.0721, 1098.4083, 315.1234, 787.5228, 1226.4896, 643.3194, 1307.7087, 204.1168, 407.2991, 667.1941, 1082.502, 587.2907, 651.7931, 1040.5366, 1200.5077, 756.3776, 668.5375, 1062.5329, 514.5405, 675.6193, 734.1177, 998.5405, 600.0417, 990.4578, 676.1667, 250.0, 1225.5834, 1022.5, 1117.4167, 512.1667, 1114.4167, 313.25, 649.4167, 991.5834, 745.25, 569.25, 1003.4167, 480.0, 1223.5834, 1026.25, 680.0833, 389.1667, 408.4167, 207.8333, 495.4167, 300.0833, 606.0833, 585.9167, 368.1667, 896.8334, 511.0833, 836.25, 596.9167, 1080.9167, 447.25, 1052.5834, 868.0834, 897.75, 551.4167]",strong,,,295.03817003895864,G33886DT,"3/7 residues supported: Fuc(a1-2) on Gal(b1-4)GlcNAc(b1-3)Gal (510.3 B3a); against GlcNAc(b1-6) on reducing-end GalNAc (1201.3 fits GlcNAc on Fuc(a1-2)Gal(b1-3)GalNAc); Fuc(a1-2) on Gal(b1-3)GalNAc (895.3 Y3a, 715.3 Z2a); Gal(b1-3) on reducing-end GalNAc (895.3 Y3a, 715.3 Z2a); against Gal(b1-3) on reducing-end GalNAc (1201.3 fits Gal on Gal(b1-4)GlcNAc(b1-3)Gal)"
723.2968229530959,Fuc(a1-2)[GalNAc(a1-3)]Gal(b1-4)GlcNAc(b1-6)[Fuc(a1-2)[GalNAc(a1-3)]Gal(b1-3)]GalNAc,"[('Fuc(a1-2)[GalNAc(a1-3)]Gal(b1-4)GlcNAc(b1-6)[Fuc(a1-2)[GalNAc(a1-3)]Gal(b1-3)]GalNAc', 1.0)]","{'Hex': 2, 'HexNAc': 4, 'dHex': 2}",1,-2,35.74,4.0,0.06768024363553413,"[787.428, 664.9311, 374.3324, 626.2898, 604.3611, 494.2957, 1139.3781, 688.7047, 621.5833, 477.3333, 607.25, 282.3333, 397.0, 479.3333, 645.3333]",strong,,,29.72183942508227,G77937PE,0/7 residues supported: against GalNAc(a1-3) on Gal(b1-4)GlcNAc (1139.4 fits GalNAc on GlcNAc); against GalNAc(a1-3) on Gal(b1-3)GalNAc (1139.4 fits GalNAc on GalNAc(a1-3)Gal(b1-4)GlcNAc)
725.2433537465901,,"[('Fuc(a1-2)Gal(b1-4)GlcNAc(b1-3)[Fuc(a1-2)Gal(b1-4)GlcNAc(b1-6)]Gal(b1-3)[Fuc(a1-2)Gal(b1-4)GlcNAc6S(b1-6)]GalNAc', 0.41000000000000003)]","{'Hex': 4, 'HexNAc': 4, 'dHex': 3, 'S': 1}",5,-3,34.36,6.0,0.12918269981967564,"[442.0418, 362.0986, 344.0262, 683.3265, 688.4975, 665.194, 681.4384, 321.2003, 694.6081, 678.3643, 211.0825, 689.3302, 378.0101, 481.133, 1004.0261, 443.4713, 579.9449, 961.1248, 576.21, 650.0476, 578.8772, 694.0369, 579.5346, 444.037, 655.4675, 561.3805, 951.3807, 592.2966, 604.7895, 688.7857, 478.1293, 378.6285, 622.6667, 654.9594, 1216.4564, 695.1252, 441.0823, 645.25, 1111.6667, 573.3333, 662.5833, 424.4167, 663.0833, 664.0, 486.1667, 588.1667, 549.25, 1088.5834, 551.25, 366.9167, 678.75, 664.25, 653.5, 593.0833, 626.5, 690.5, 733.25, 688.25, 335.3333, 391.25, 664.5, 315.8333, 1117.1667, 582.3333, 935.4167, 635.1667, 361.4167, 659.6667, 424.1667, 726.0, 666.4167]",weak,,,1.3805223222314045,,
733.3277054884617,Fuc(a1-2)Gal(b1-3)GlcNAc(b1-3)GalNAc,"[('Fuc(a1-2)Gal(b1-3)GlcNAc(b1-3)GalNAc', 0.8603)]","{'Hex': 1, 'HexNAc': 2, 'dHex': 1}",3,-1,19.43,9.0,0.6258713447206984,"[510.1582, 407.1122, 553.2641, 317.1397, 673.3179, 205.024, 691.3543, 222.0785, 569.2166, 625.2424, 587.2989, 425.2608, 299.1761, 247.0937, 203.9801, 346.2798, 582.1342, 307.1727, 469.694, 239.2082, 492.3716, 398.2156, 651.6127, 637.1222, 715.8007, 278.2025, 578.701, 498.2182, 251.1171, 324.9694, 1155.616, 204.1264, 497.3758, 568.25, 463.3333, 653.5, 225.0833, 407.5833, 689.3333, 697.3333, 575.0833, 455.3333, 679.3333, 506.4167, 388.75, 359.1667, 349.9167, 338.75, 344.75, 625.0, 281.1667, 1247.25, 330.25, 300.0833, 635.0833, 256.8333, 396.3333, 692.75, 619.25, 452.4167, 264.9167, 554.3333, 450.3333, 312.0833, 427.8333, 294.9167, 444.1667, 542.25]",strong,,,53.56324599199947,G14380OJ,"2/2 residues supported: Fuc(a1-2) on Gal (510.2 B3a, 307.2 B2a); against Fuc(a1-2) on Gal (553.3 fits Fuc on GlcNAc); Gal(b1-3) on GlcNAc (510.2 B3a)"
733.3802502262109,Fuc(a1-2)Gal(b1-3)[GlcNAc(b1-6)]GalNAc,"[('Fuc(a1-2)Gal(b1-3)[GlcNAc(b1-6)]GalNAc', 1.0)]","{'Hex': 1, 'HexNAc': 2, 'dHex': 1}",15,-1,26.94,9.0,5.192363194103882,"[407.1609, 673.2866, 512.2474, 691.3371, 425.2236, 347.1552, 673.413, 569.1831, 389.1576, 365.1637, 569.3502, 205.0479, 219.9497, 530.3345, 389.2518, 359.1726, 276.1649, 365.2788, 422.2635, 247.0073, 262.0917, 422.1934, 509.3347, 407.6842, 325.0269, 347.2587, 247.1217, 203.9798, 587.2157, 631.6496, 392.2117, 312.0963, 955.9977, 697.194, 307.0138, 371.1538, 674.2927, 682.5976, 697.3784, 691.4758, 783.7878, 264.2435, 655.2254, 220.085, 406.6106, 955.3213, 881.5753, 470.2645, 675.1212, 324.6577, 689.415, 694.7609, 881.9912, 660.2222, 587.6223, 329.2033, 440.1464, 632.168, 205.3594, 701.3438, 299.1304, 391.9713, 683.2518, 1176.1609, 571.3463, 512.449, 558.7229, 843.1175, 651.9176, 955.6605, 840.2007, 262.3244, 827.3232, 348.2227, 530.1482, 696.5825, 1030.3274, 697.7586, 702.8598, 683.005, 703.1665, 1396.4586, 571.0484, 702.5797, 371.4351, 290.217, 690.9378, 666.0401, 605.7423, 589.0601, 662.798, 844.866, 246.6662, 591.333, 587.7939, 521.2945, 461.0804, 291.8385, 559.0003, 390.526]",strong,,Possible in-source fragment of Fuc(a1-2)Gal(b1-3)[Gal(b1-4)GlcNAc(b1-6)]GalNAc,125.21954892817527,G96463EY,"3/3 residues supported: Fuc(a1-2) on Gal (512.2 Z1b, 530.3 Y1b); Gal(b1-3) on reducing-end GalNAc (512.2 Z1b, 530.3 Y1b); GlcNAc(b1-6) on reducing-end GalNAc (407.2 Z1a, 425.2 Y1a)"
733.4107092411595,Fuc(a1-2)Gal(b1-3)[GlcNAc(b1-6)]GalNAc,"[('Fuc(a1-2)Gal(b1-3)[GlcNAc(b1-6)]GalNAc', 0.9778421839940165), ('Fuc(a1-2)Gal(b1-4)GlcNAc(b1-3)GalNAc', 0.02215781600598354)]","{'Hex': 1, 'HexNAc': 2, 'dHex': 1}",5,-1,29.0,5.0,0.3345512024583471,"[407.2, 673.3285, 587.2078, 691.1396, 425.2232, 673.406, 586.4095, 444.309, 588.2024, 347.1674, 512.1358, 569.3766, 558.3215, 424.1314, 660.9047, 591.1546, 808.4575, 571.1671, 389.1708, 881.7097, 930.6126, 630.2731, 1175.5815, 423.8412, 866.3661, 693.1891, 703.7788, 640.0366, 512.6096, 691.4454, 513.3585, 955.6935, 679.889, 461.2742, 695.7022, 541.3586, 276.0804, 622.3705, 626.3799, 223.1405, 829.3646, 701.1954, 681.8333, 312.2848, 292.2177, 365.2051, 546.2055, 882.1222, 264.1234, 246.8201, 425.8711, 636.9563, 672.2023, 551.1667, 247.2059, 524.2936, 563.7089, 1157.75, 683.3738, 631.0, 881.0834, 584.25, 327.5, 867.5, 706.3333, 689.0833, 590.4167, 682.3333, 588.4167, 592.0833, 625.3333, 666.6667, 563.3333, 523.0, 528.4167, 445.4167, 426.4167, 337.25, 452.3333, 653.5833, 574.25, 632.3333, 586.0833, 468.25, 653.25, 431.25, 648.4167, 679.1667, 605.0, 291.0833, 392.5, 420.25, 587.5833, 553.0, 585.1667, 611.4167, 1104.3334, 589.1667, 289.8333, 604.1667]",strong,,,166.7571128361694,G96463EY,"3/3 residues supported: Fuc(a1-2) on Gal (512.1 Z1b); against Fuc(a1-2) on Gal (571.2 fits Fuc on GlcNAc); Gal(b1-3) on reducing-end GalNAc (512.1 Z1b); GlcNAc(b1-6) on reducing-end GalNAc (407.2 Z1a, 587.2 Y2a)"
734.4123621867705,,"[('Fuc(a1-2)Gal(b1-4)GlcNAc(b1-3)[Neu5Ac(a2-3)Gal(b1-4)GlcNAc6S(b1-6)]GalNAc', 0.01)]","{'Hex': 2, 'HexNAc': 3, 'Neu5Ac': 1, 'dHex': 1, 'S': 1}",2,-2,31.24,6.0,0.1494813868916297,"[1178.4124, 1179.4497, 407.1726, 408.3226, 1180.4364, 553.2839, 878.4081, 698.4699, 510.2288, 683.2744, 1177.4494, 446.191, 611.5334, 702.9577, 638.6123, 286.8866, 638.034, 290.1196, 1082.7856, 339.4541, 1045.2946, 680.4287, 1099.4888, 465.9612, 1221.0417, 1223.1667, 852.1667, 693.25, 694.6667, 368.0, 902.3334, 634.3333, 834.6667, 405.25, 622.8333, 632.4167, 1125.3334, 425.9167, 674.4167, 1168.5, 896.5, 688.4167, 698.0, 624.3333, 688.8333, 716.4167, 423.1667]",weak,,,244.5904250940705,,
738.4437267720926,Neu5Ac(a2-3)Gal(b1-4)[Fuc(a1-3)]GlcNAc(b1-6)[Neu5Ac(a2-3)Gal(b1-3)]GalNAc,"[('Neu5Ac(a2-3)Gal(b1-4)[Fuc(a1-3)]GlcNAc(b1-6)[Neu5Ac(a2-3)Gal(b1-3)]GalNAc', 0.4349501611887205), ('Neu5Ac(a2-3)Gal(b1-4)[Neu5Ac(a2-3)]GlcNAc(b1-6)[Fuc(a1-2)Gal(b1-3)]GalNAc', 0.3619149961092378), ('Neu5Ac(a2-3)Gal(b1-3)[Fuc(a1-4)]GlcNAc(b1-6)[Neu5Ac(a2-3)Gal(b1-3)]GalNAc', 0.2031348427020417)]","{'Hex': 2, 'HexNAc': 2, 'Neu5Ac': 2, 'dHex': 1}",5,-2,29.71,13.0,1.8772054012631834,"[1186.4617, 1187.4846, 290.0543, 1188.5023, 895.4792, 1024.4237, 1107.6252, 896.4051, 627.8032, 708.2935, 1168.5091, 1185.9893, 860.0623, 665.6681, 1108.498, 584.9084, 1169.4676, 699.3242, 584.6335, 665.8534, 886.4543, 965.4254, 574.786, 1185.4195, 291.12, 699.639, 812.1363, 700.4956, 1025.436, 592.7287, 660.3559, 593.1723, 1107.2726, 1040.3877, 291.2596, 569.4412, 1007.0835, 1041.4111, 1126.4249, 1229.457, 584.2925, 639.4284, 628.0756, 676.0522, 272.0112, 707.8744, 878.2057, 585.4434, 1182.5052, 657.1841, 554.7593, 1167.4383, 694.3909, 860.4976, 1168.6859, 628.7879, 857.1612, 664.4148, 966.2742, 665.3187, 1228.4035, 1230.9909, 1134.5863, 706.7528, 1127.3087, 292.2002, 470.3378, 666.9637, 947.3194, 656.3337, 1170.6277, 654.1953, 569.276, 1142.4961, 1041.9208, 666.2944, 1006.4848, 715.1161, 1169.2471, 1189.6655, 655.1943, 1109.3611, 628.3973, 1107.8163, 699.9871, 861.544, 887.1248, 906.7008, 791.0278, 605.8273, 889.5441, 640.1627, 801.4226, 658.9426, 1110.7006, 1108.7133, 1125.6936, 562.5442, 888.1255, 1269.576]",strong,,,245.64558349130996,G97345NY,0/6 residues supported
749.3198269312708,Gal(b1-4)GlcNAc(b1-6)[Gal(b1-3)]GalNAc,"[('Gal(b1-4)GlcNAc(b1-6)[Gal(b1-3)]GalNAc', 1.0)]","{'Hex': 2, 'HexNAc': 2}",11,-1,18.46,11.0,1.6315935473114016,"[569.2121, 389.182, 587.27, 689.3389, 527.28, 384.1625, 707.3364, 407.197, 509.2822, 587.3325, 364.136, 521.2796, 479.2081, 366.178, 551.3695, 347.2227, 424.2581, 568.6803, 551.2183, 528.1582, 533.3316, 424.0984, 461.1961, 569.7873, 222.1753, 712.6015, 365.2175, 545.2969, 370.996, 730.7783, 641.2932, 705.0689, 647.4514, 299.1449, 461.0784, 262.9568, 647.2917, 713.3871, 730.5865, 324.2967, 712.9137, 533.1874, 603.7832, 599.2092, 275.9796, 246.1092, 485.2067, 473.4456, 468.1862, 341.1222, 221.0623, 545.4989, 526.8557, 382.151, 371.1471, 698.2849, 438.0443, 541.0681, 329.065, 491.3828, 719.0779, 952.0271, 421.1109, 629.0958, 703.3091, 521.5059, 425.1829, 665.5413, 413.296, 263.0825, 1003.2812, 731.77, 662.8887, 306.054, 659.2787, 717.2522, 672.3637, 257.9536, 530.3683, 306.3823, 339.203, 419.1374, 1420.4568, 687.2443, 588.214, 244.2136, 442.9939, 708.3622, 526.2128, 602.6097, 1279.5348, 677.381, 718.0279, 689.9823, 573.3034, 704.62, 570.2958, 691.204, 450.3798, 426.3824]",strong,,,48.71154861994697,G96017QA,"2/3 residues supported: Gal(b1-4) on GlcNAc (364.1 B2a); against Gal(b1-4) on GlcNAc (528.2 fits Gal on Gal(b1-3)GalNAc); Gal(b1-3) on reducing-end GalNAc (384.2 Y1a, 366.2 Z1a)"
766.7493907633981,Neu5Ac(a2-3)[GalNAc(b1-4)]Gal(b1-4)GlcNAc(b1-6)[Neu5Ac(a2-3)Gal(b1-3)]GalNAc,"[('Neu5Ac(a2-3)Gal(b1-4)GlcNAc(b1-6)[Neu5Ac(a2-3)[GalNAc(b1-4)]Gal(b1-3)]GalNAc', 0.9112)]","{'Hex': 2, 'HexNAc': 3, 'Neu5Ac': 2}",2,-2,24.44,7.0,0.6131514444140933,"[715.3592, 664.3213, 715.9555, 664.7997, 1243.5041, 706.4209, 476.2127, 1244.4336, 290.0674, 665.3728, 1038.5509, 716.7363, 1141.4525, 665.9729, 1140.4108, 1223.4027, 655.8892, 685.2441, 673.3295, 716.4203, 686.3581, 1224.4267, 1241.593, 685.8254, 1039.3878, 726.8267, 707.2772, 494.2832, 493.2233, 1149.5036, 1242.4405, 1245.4931, 583.2285, 714.8002, 646.3739, 1122.5421, 952.3656, 1124.4609, 723.4982, 1209.848, 291.0815, 676.5015, 706.7385, 1142.5488, 1040.5148, 545.78, 708.0247, 674.1888, 1081.3056, 1020.455, 586.3732, 1080.6153, 1022.3122, 581.9147, 579.6103, 1041.5702, 519.9529, 601.191, 1201.544, 728.3021, 656.7031, 1023.3742, 412.3723, 1184.6902, 563.7853, 584.6408, 634.3707, 736.7064, 721.6249, 668.387, 956.049, 443.3834, 592.3697, 1245.8872, 686.8617, 910.7004, 727.4484, 737.1777, 576.0405, 572.3693, 1225.3743, 1064.7891, 1040.2549, 790.1667, 632.5, 636.25, 589.0833, 1164.75, 565.8333, 668.8333, 673.5833, 1082.6667, 1163.5834, 734.0, 730.1667, 692.1667, 237.1667, 489.4167, 292.1667, 863.5834]",strong,,,30.954549397684975,,"3/6 residues supported: Neu5Ac(a2-3) on Gal(b1-4)GlcNAc (665.4 Y3b, 673.3 C2a); against GlcNAc(b1-6) on reducing-end GalNAc (664.3 fits GlcNAc on Gal(b1-3)GalNAc); Neu5Ac(a2-3) on Gal(b1-3)GalNAc (665.4 Y3b); Gal(b1-3) on reducing-end GalNAc (665.4 Y3b); against Gal(b1-3) on reducing-end GalNAc (664.3 fits Gal on GalNAc(b1-4)Gal)"
766.9259735830349,Neu5Ac(a2-3)[GalNAc(b1-4)]Gal(b1-4)GlcNAc(b1-6)[Neu5Ac(a2-3)Gal(b1-3)]GalNAc,"[('Neu5Ac(a2-3)[GalNAc(b1-4)]Gal(b1-4)GlcNAc(b1-6)[Neu5Ac(a2-3)Gal(b1-3)]GalNAc', 1.0)]","{'Hex': 2, 'HexNAc': 3, 'Neu5Ac': 2}",7,-2,20.64,15.0,5.221349056504461,"[1243.4833, 1244.4918, 476.1165, 290.0838, 952.3749, 1040.3709, 1245.5256, 656.1985, 685.8198, 1022.4544, 953.4012, 878.3934, 735.8552, 664.7754, 621.3243, 1041.4716, 567.3383, 656.8355, 665.4013, 1038.496, 1225.5298, 664.238, 1244.0874, 569.2787, 1064.5042, 493.2975, 675.8595, 723.3114, 1023.4848, 1241.3148, 291.0855, 736.5787, 676.3899, 1242.4355, 621.8765, 667.8167, 665.9007, 686.3679, 621.477, 686.1932, 676.891, 736.2797, 1040.4898, 1065.4804, 1242.9937, 673.3949, 656.9679, 1223.583, 1040.739, 737.2962, 686.7708, 569.1033, 879.4271, 683.262, 384.1846, 364.1603, 655.6251, 859.3622, 656.4408, 1224.6226, 860.5531, 954.4778, 634.3093, 574.2954, 668.3562, 728.4337, 666.3853, 1285.6237, 570.1444, 1269.5629, 1020.5097, 819.5079, 683.0027, 668.0727, 858.2287, 858.4193, 574.8135, 604.6272, 1082.4212, 1039.5275, 731.3995, 668.6019, 674.2719, 634.9654, 492.6352, 510.6499, 1183.4105, 557.5908, 1245.9338, 906.4578, 1226.4479, 622.4491, 494.0767, 1063.5931, 1092.4155, 1042.387, 521.2354, 1115.2669, 647.0947, 1296.5791]",strong,,,199.33888900905862,,"3/6 residues supported: Neu5Ac(a2-3) on Gal(b1-4)GlcNAc (656.2 Z3b); Neu5Ac(a2-3) on Gal(b1-3)GalNAc (656.2 Z3b, 878.4 Y2a); against Neu5Ac(a2-3) on Gal(b1-3)GalNAc (685.8 fits Neu5Ac on Neu5Ac(a2-3)Gal(b1-4)GlcNAc); Gal(b1-3) on reducing-end GalNAc (656.2 Z3b)"
772.6789570507198,,"[('Neu5Ac(a2-3)[GalNAc(b1-4)]Gal(b1-4)GlcNAc(b1-3)Gal(b1-4)GlcNAc6S(b1-6)[Neu5Ac(a2-3)[GalNAc(b1-4)]Gal(b1-3)]GalNAc', 0.41000000000000003)]","{'Hex': 3, 'HexNAc': 5, 'Neu5Ac': 2, 'S': 1}",1,-3,24.73,4.0,0.3107998080891572,"[1255.4234, 1256.5082, 290.0891, 662.6846, 712.2967, 662.0727, 627.4778, 792.5079, 1253.6533, 1052.4104, 743.3694, 965.287, 628.1201, 944.2038, 646.2154, 671.8052, 1282.6194, 664.2959, 858.3883, 1323.6259, 933.8008, 563.7804, 1257.5371, 1195.626, 741.5589, 1309.2884, 599.0376, 1053.5384, 997.5411, 814.1202, 705.4167, 687.4167, 1034.5, 859.5, 725.4167, 890.4167, 563.25, 608.9167, 737.5, 626.25, 567.5, 582.4167, 871.0834, 1179.1667, 651.6667, 728.4167, 570.0833, 698.3333, 295.0833, 1297.5, 870.1667, 815.25, 1174.1667, 422.0833, 872.5834]",weak,,,296.25884885954565,,
790.3150728348833,GlcNAc(a1-4)Gal(b1-3)[GlcNAc(b1-6)]GalNAc,"[('GlcNAc(a1-4)Gal(b1-3)[GlcNAc(b1-6)]GalNAc', 0.3646457140359313), ('HexNAc(?1-?)Gal(b1-3)[GlcNAc(b1-6)]GalNAc', 0.26590024915854354), ('GalNAc(b1-4)GlcNAc(b1-6)[Gal(b1-3)]GalNAc', 0.15399746470253967), ('GlcNAc(?1-?)Gal(?1-3)[GlcNAc(b1-6)]GalNAc', 0.13729947108449536), ('Gal(b1-4)GlcNAc(b1-3)[GlcNAc(b1-6)]GalNAc', 0.07815710101849019)]","{'Hex': 1, 'HexNAc': 3}",3,-1,18.1,9.0,0.5972846699044624,"[407.1436, 587.2801, 730.3662, 569.2202, 425.2256, 527.2805, 262.126, 748.3686, 479.2916, 304.1914, 366.2382, 365.2654, 405.2738, 509.3264, 406.6299, 682.2517, 725.046, 257.9196, 389.3325, 521.4659, 551.3215, 321.6942, 384.2965, 534.2093, 589.4501, 545.2665, 610.5347, 491.2026, 359.25, 405.0077, 640.0, 642.1667, 347.1667, 383.4167, 757.9167, 670.5833, 925.5834, 497.4167, 745.4167, 741.9167, 670.3333, 598.5, 252.0833, 289.8333, 676.4167, 383.0833, 772.75, 1209.4167, 461.0833, 299.3333, 324.1667, 752.3333, 678.25, 728.75, 345.9167, 454.1667, 683.0833, 624.1667, 754.4167]",strong,,,6.509667536615487,G33350QT,"1/3 residues supported: against GlcNAc(a1-4) on Gal (405.3 fits GlcNAc on GlcNAc(b1-6)GalNAc); GlcNAc(b1-6) on reducing-end GalNAc (407.1 Z1a, 425.2 Y1a); against GlcNAc(b1-6) on reducing-end GalNAc (405.3 fits GlcNAc on GlcNAc(a1-4)Gal)"
804.4313446722037,Fuc(a1-2)[GalNAc(a1-3)]Gal(b1-4)GlcNAc(b1-3)Gal(b1-3)[Fuc(a1-2)Gal(b1-4)GlcNAc(b1-6)]GalNAc,"[('Fuc(a1-2)[GalNAc(a1-3)]Gal(b1-4)GlcNAc(b1-3)Gal(b1-3)[Fuc(a1-2)Gal(b1-4)GlcNAc(b1-6)]GalNAc', 0.5031847133757962), ('Fuc(a1-2)Gal(b1-4)GlcNAc(b1-3)Gal(b1-3)[Fuc(a1-2)[GalNAc(a1-3)]Gal(b1-4)GlcNAc(b1-6)]GalNAc', 0.4968152866242039)]","{'Hex': 3, 'HexNAc': 4, 'dHex': 2}",1,-2,24.89,10.0,0.39465821354008274,"[1098.5235, 1283.5899, 1284.5075, 774.5745, 549.2457, 1099.2237, 723.0186, 641.5495, 704.4266, 510.2756, 685.8355, 408.9723, 1038.1826, 1241.4915, 714.2754, 1080.2916, 658.4503, 1236.568, 659.2538, 407.1873, 558.7839, 410.2504, 699.0961, 650.7526, 1235.8485, 1285.5385, 1039.1718, 408.0596, 1119.5512, 1020.4485, 539.8849, 1299.5811, 1183.2184, 877.4599, 570.2081, 750.8701, 764.8637, 674.4742, 527.8638, 1404.3763, 743.4699, 1187.4468, 761.468, 1265.5478, 359.28, 1201.5572, 1429.7183, 671.8203, 1021.5369, 772.3646, 775.3834, 611.2989, 934.6201, 703.4569, 692.8333, 1388.5442, 351.0833, 389.8754, 1194.4603, 1302.6667, 1100.8334, 657.1667, 632.25, 760.4167, 773.0, 392.1667, 596.5, 588.5833, 1247.8334, 732.0, 1099.75, 1182.6667, 1110.4167, 878.3334, 571.1667, 1224.5834, 556.4167, 1200.75, 656.0, 835.25, 1266.5834, 876.5834, 846.0, 620.5, 1281.5834, 716.5833, 1023.5, 561.3333, 858.3334, 1120.3334, 1242.6667]",strong,,,161.15692411575552,G17743XV,3/8 residues supported: Fuc(a1-2) on Gal(b1-4)GlcNAc(b1-3)Gal (1283.6 Z2g); Gal(b1-4) on GlcNAc(b1-3)Gal (1283.6 Z2g); against GlcNAc(b1-3) on Gal(b1-3)GalNAc (714.3 fits GlcNAc on Fuc(a1-2)Gal(b1-4)GlcNAc(b1-6)GalNAc); Gal(b1-3) on reducing-end GalNAc (1283.6 Z2g); against Fuc(a1-2) on Gal(b1-4)GlcNAc(b1-6)GalNAc (714.3 fits Fuc on GalNAc(a1-3)Gal)
813.3537067330248,Fuc(a1-2)Gal(b1-3)[GlcNAc6S(b1-6)]GalNAc,"[('Fuc(a1-2)Gal(b1-3)[GlcNAc6S(b1-6)]GalNAc', 1.0)]","{'Hex': 1, 'HexNAc': 2, 'dHex': 1, 'S': 1}",15,-1,28.34,6.0,3.879777062472157,"[667.2227, 505.1771, 668.2073, 506.1888, 281.9898, 487.2148, 753.3499, 649.233, 427.1913, 407.272, 607.1989, 488.2092, 754.3012, 771.2619, 778.266, 506.3332, 666.1774, 445.266, 283.1071, 372.1404, 753.05, 507.2485, 666.5744, 445.1154, 693.2797, 669.2162, 694.1752, 650.1735, 469.1758, 463.2488, 486.2133, 783.4023, 387.0629, 282.9086, 651.2516, 547.24, 386.1304, 610.3523, 625.3543, 342.2088, 425.2204, 716.3577, 763.6213, 282.1717, 464.3208, 428.2213, 428.0836, 733.4919, 607.4448, 782.4034, 890.9167, 387.2571, 487.2986, 813.1976, 342.0355, 709.3842, 446.154, 1162.8917, 637.348, 485.1438, 608.3062, 771.4503, 694.3848, 769.3893, 913.1572, 626.3469, 889.6735, 451.0257, 927.8441, 795.5621, 485.3388, 711.3345, 665.3614, 709.027, 508.3218, 778.0118, 548.2527, 264.0162, 670.1644, 781.243, 813.582, 648.9704, 446.3789, 762.8181, 1014.4882, 343.0092, 715.4034, 768.3199, 777.4417, 721.2435, 772.5268, 577.4618, 739.4458, 772.2131, 794.6014, 715.0395, 722.7334, 632.2249, 1163.3445, 457.25]",strong,,,133.38971968837433,G69445ZX,"1/3 residues supported: GlcNAc6S(b1-6) on reducing-end GalNAc (667.2 Y2a, 505.2 Y1a)"
813.3652369687738,Fuc(a1-2)Gal(b1-3)[GlcNAc6S(b1-6)]GalNAc,"[('Fuc(a1-2)Gal(b1-3)[GlcNAc6S(b1-6)]GalNAc', 1.0)]","{'Hex': 1, 'HexNAc': 2, 'dHex': 1, 'S': 1}",3,-1,30.52,7.0,0.2158278845951004,"[667.2861, 505.2436, 668.3127, 282.0722, 506.2137, 771.1116, 944.6391, 753.5872, 739.4071, 750.3926, 905.5806, 487.4916, 388.2802, 649.5315, 716.4549, 762.8009, 771.7085, 783.5, 697.5454, 546.3701, 781.6993, 1340.2993, 342.4051, 699.1245, 585.2066, 694.4638, 870.295, 592.9543, 753.172, 592.0, 771.4537, 1042.4572, 682.5, 1260.4167, 1261.8334, 658.5, 328.4167, 754.25, 651.5833, 715.5833, 447.0833, 567.3333, 465.25, 739.1667, 680.25, 370.3333, 431.3333, 428.0, 426.3333, 444.9167, 283.0, 481.5833, 784.5834, 1177.3334, 778.4167, 387.25, 757.9167, 470.1667, 438.4167, 355.0833, 450.1667, 751.4167, 471.1667]",strong,,,147.56777490413737,G69445ZX,"1/3 residues supported: GlcNAc6S(b1-6) on reducing-end GalNAc (667.3 Y2a, 505.2 Y1a)"
829.1943973531031,,"[('Gal(b1-4)GlcNAc6S(b1-6)[Gal(b1-3)]GalNAc', 0.21000000000000002)]","{'Hex': 2, 'HexNAc': 2, 'S': 1}",1,-1,34.22,7.0,0.10042871559810143,"[762.6684, 667.0827, 785.5412, 626.3812, 545.3002, 383.1256, 505.3816, 416.4592, 975.551, 709.4551, 784.2874, 696.0833, 366.3333, 613.25, 287.0, 732.0833, 649.5833, 1173.6667, 749.0833]",weak,,,55.147870131656774,,
829.3430794186013,Gal(b1-4)GlcNAc6S(b1-6)[Gal(b1-3)]GalNAc,"[('Gal(b1-4)GlcNAc6S(b1-6)[Gal(b1-3)]GalNAc', 1.0)]","{'Hex': 2, 'HexNAc': 2, 'S': 1}",3,-1,19.25,10.0,0.770197032121138,"[667.2374, 668.2366, 505.1838, 444.0938, 649.2452, 506.1701, 282.0975, 769.3156, 487.1352, 445.1883, 647.2502, 650.2852, 648.3054, 626.1884, 504.1824, 607.1709, 589.1719, 315.1238, 445.3421, 463.2206, 625.2101, 709.4146, 487.3512, 343.1353, 787.2657, 534.135, 775.9511, 548.2742, 666.2664, 651.2204, 262.168, 631.1766, 464.1189, 488.226, 829.3441, 518.1831, 710.1367, 695.9422, 361.0887, 460.1303, 362.2915, 696.438, 768.4937, 665.2571, 798.6827, 407.1718, 549.1949, 671.6916, 670.4484, 408.2782, 619.197, 632.4571, 241.0714, 446.3033, 563.2895, 798.3648, 433.3619, 738.1779, 490.5875, 569.5331, 616.4528, 386.5289, 607.456, 627.0463, 462.25, 482.2049, 372.2916, 830.5349, 663.1315, 692.9627, 947.2857, 606.6202, 708.3717, 670.1269, 723.25, 684.1667, 300.0803, 587.6667, 617.0833, 769.75, 341.1667, 469.3333, 1389.0834, 617.3333, 734.75, 417.25, 722.4167, 725.1667, 781.1667, 790.5834, 324.3333, 386.0, 383.3333, 424.9167, 421.0, 590.25, 600.1667, 473.1667, 407.4167, 499.0833]",strong,,Possible in-source fragment of Fuc(a1-2)Gal(b1-3)[Gal(b1-4)GlcNAc6S(b1-6)]GalNAc,124.15129840291826,G56575BH,1/3 residues supported: Gal(b1-4) on GlcNAc6S (444.1 B2a)
829.3937402969509,Gal(b1-4)GlcNAc6S(b1-6)[Gal(b1-3)]GalNAc,"[('Gal(b1-4)GlcNAc6S(b1-6)[Gal(b1-3)]GalNAc', 1.0)]","{'Hex': 2, 'HexNAc': 2, 'S': 1}",4,-1,21.11,7.0,1.3532172341720303,"[545.1663, 383.1421, 667.3129, 649.2514, 487.2206, 444.2308, 546.2498, 425.1111, 587.2202, 505.2913, 341.0443, 280.8489, 668.2178, 384.1928, 606.1235, 626.3071, 668.5078, 650.2582, 469.1347, 365.0637, 263.0074, 341.297, 445.0651, 340.7435, 323.1171, 569.3397, 586.8982, 606.4089, 665.3777, 769.1231, 625.214, 787.3254, 638.1885, 813.1099, 1286.1084, 751.3829, 589.2815, 669.4467, 483.1723, 462.5297, 733.2837, 733.6433, 343.1243, 647.3538, 282.1769, 321.1708, 504.0511, 799.2815, 766.2936, 768.8701, 391.447, 666.4431, 789.2123, 442.448, 405.8884, 669.1092, 445.958, 648.8893, 504.3021, 675.0366, 607.1259, 488.0, 511.3856, 317.3649, 240.8802, 973.1981, 426.1969, 447.132, 1368.2842, 506.3755, 423.0851, 653.3837, 769.5325, 564.299, 442.8232, 707.4167, 665.9619, 730.5439, 727.5475, 454.4653, 666.796, 624.0657, 766.879, 765.75, 329.0, 443.25, 590.0833, 262.75, 651.25, 625.6667, 297.6667, 526.9167, 588.1667, 463.5, 315.1667, 344.5, 752.3333, 608.3333, 503.5, 830.3334]",strong,,,185.244432500043,G56575BH,2/3 residues supported: Gal(b1-4) on GlcNAc6S (444.2 B2a); against Gal(b1-4) on GlcNAc6S (546.2 fits Gal on Gal(b1-3)GalNAc); against GlcNAc6S(b1-6) on reducing-end GalNAc (606.1 fits GlcNAc6S on Gal(b1-3)GalNAc); Gal(b1-3) on reducing-end GalNAc (384.2 Y1a); against Gal(b1-3) on reducing-end GalNAc (341.0 fits Gal on Gal(b1-4)GlcNAc6S)
839.9821223623348,Neu5Ac(a2-3)[GalNAc(b1-4)]Gal(b1-4)[Neu5Ac(a2-3)]GlcNAc(b1-6)[Fuc(a1-2)Gal(b1-3)]GalNAc,"[('Neu5Ac(a2-3)[GalNAc(b1-4)]Gal(b1-4)[Neu5Ac(a2-3)]GlcNAc(b1-6)[Fuc(a1-2)Gal(b1-3)]GalNAc', 1.0)]","{'Hex': 2, 'HexNAc': 3, 'Neu5Ac': 2, 'dHex': 1}",18,-2,29.88,14.0,3.5094256778351864,"[1389.5246, 1390.5604, 1098.443, 290.0497, 1391.5466, 1099.5079, 729.2969, 694.3023, 1389.6539, 1186.4665, 685.7791, 1186.5859, 1168.4584, 686.3302, 766.833, 767.3939, 729.894, 767.1894, 1063.4799, 1024.4145, 1187.4721, 686.8478, 1089.5509, 740.8624, 1064.4619, 676.0451, 1187.5734, 1311.5422, 738.4709, 809.96, 1063.3587, 768.0361, 1371.5825, 860.3159, 800.9473, 1169.4452, 694.8914, 809.5205, 738.8615, 1243.5694, 694.5426, 729.553, 741.4849, 290.1943, 895.3897, 801.4857, 676.7031, 1100.4978, 1310.6411, 756.4449, 1388.958, 291.1593, 772.438, 1098.6482, 810.4283, 1329.5683, 741.1927, 755.8942, 1090.3968, 1431.5814, 800.7668, 1371.2198, 809.2724, 1432.5405, 767.7441, 730.5355, 729.1835, 739.4575, 1388.6006, 741.7454, 1188.5462, 630.3507, 291.2152, 676.2948, 1387.4057, 808.7709, 675.8059, 1372.5227, 768.4912, 676.9963, 1081.3435, 1024.6879, 592.8564, 1312.5294, 860.5197, 673.3898, 685.9502, 1370.7113, 1063.8209, 695.3281, 1311.8669, 1169.6682, 1081.5076, 695.57, 1311.2204, 1389.1117, 1168.9036, 773.464, 1025.4891, 566.3842]",strong,,,214.39156618685772,,"7/7 residues supported: Neu5Ac(a2-3) on Gal(b1-4)GlcNAc (729.3 Z3b, 685.8 Y1d); GalNAc(b1-4) on Gal(b1-4)GlcNAc (685.8 Y1d); Gal(b1-4) on GlcNAc (685.8 Y1d); Neu5Ac(a2-3) on GlcNAc (729.3 Z3b, 685.8 Y1d); GlcNAc(b1-6) on reducing-end GalNAc (685.8 Y1d, 766.8 Y2d); Fuc(a1-2) on Gal(b1-3)GalNAc (729.3 Z3b, 1024.4 Y2a); Gal(b1-3) on reducing-end GalNAc (729.3 Z3b, 1024.4 Y2a)"
840.0014111567315,Neu5Ac(a2-3)[GalNAc(b1-4)]Gal(b1-4)[Neu5Ac(a2-3)]GlcNAc(b1-6)[Fuc(a1-2)Gal(b1-3)]GalNAc,"[('Neu5Ac(a2-3)[GalNAc(b1-4)]Gal(b1-4)[Neu5Ac(a2-3)]GlcNAc(b1-6)[Fuc(a1-2)Gal(b1-3)]GalNAc', 1.0)]","{'Hex': 2, 'HexNAc': 3, 'Neu5Ac': 2, 'dHex': 1}",4,-2,24.61,12.0,0.4205508683567266,"[1389.5435, 1390.5572, 290.094, 1391.5824, 686.4237, 738.1741, 1391.3313, 800.8475, 291.0666, 1227.5673, 676.3758, 493.3431, 739.3772, 1098.5411, 737.6703, 801.4554, 1431.5518, 1388.6655, 729.3047, 1228.4764, 810.2906, 1371.6174, 1192.5131, 738.3373, 679.3953, 1371.015, 767.3435, 729.8216, 1032.4718, 733.3725, 656.3631, 1211.4059, 1038.3304, 1099.3493, 718.5015, 788.42, 649.1824, 717.8809, 809.2574, 548.2116, 621.2836, 1114.4216, 728.7755, 1209.541, 729.5193, 810.0259, 758.4178, 1371.9226, 1234.4193, 1098.2782, 637.1667, 694.3421, 804.502, 1244.6304, 584.2958, 1432.7159, 738.8232, 809.0882, 694.8802, 795.6133, 1311.4209, 444.079, 661.3979, 758.6591, 627.7106, 1328.5236, 802.1583, 780.2802, 761.4523, 948.8745, 1115.985, 1033.3314, 805.3664, 1431.7684, 879.4595, 596.0481, 765.6253, 673.2341, 715.3978, 675.8042, 635.1967, 628.2754, 1387.039, 750.8625, 1373.708, 1243.7032, 1466.9455, 766.7899, 436.0314, 749.9416, 613.9439, 741.6268, 1208.1144, 807.7236, 792.8615, 636.7094, 1391.8906, 1606.3037, 918.5371, 1336.5469]",strong,,,237.35982853178905,,"4/7 residues supported: Neu5Ac(a2-3) on Gal(b1-4)GlcNAc (738.2 Y3b, 729.3 Z3b); against GalNAc(b1-4) on Gal(b1-4)GlcNAc (1227.6 fits GalNAc on Gal(b1-3)GalNAc); Neu5Ac(a2-3) on GlcNAc (738.2 Y3b, 729.3 Z3b); Fuc(a1-2) on Gal(b1-3)GalNAc (738.2 Y3b, 729.3 Z3b); against Fuc(a1-2) on Gal(b1-3)GalNAc (801.5 fits Fuc on GalNAc(b1-4)Gal); Gal(b1-3) on reducing-end GalNAc (738.2 Y3b, 729.3 Z3b)"
847.9282228989771,Neu5Ac(a2-3)Gal(b1-4)GlcNAc(b1-3)Gal(b1-4)GlcNAc(b1-6)[Neu5Ac(a2-3)Gal(b1-3)]GalNAc,"[('Neu5Ac(a2-3)Gal(b1-4)GlcNAc(b1-3)Gal(b1-4)GlcNAc(b1-6)[Neu5Ac(a2-3)Gal(b1-3)]GalNAc', 1.0)]","{'Hex': 3, 'HexNAc': 3, 'Neu5Ac': 2}",2,-2,26.0,5.0,0.2092552821576605,"[1405.5336, 1406.4864, 1407.6231, 767.3542, 806.6298, 290.0973, 701.7103, 1040.3849, 1039.5413, 1114.4858, 1244.3653, 1404.4866, 817.3158, 693.7838, 808.911, 525.2744, 747.5434, 665.8771, 1363.3018, 819.3346, 1234.7023, 603.4495, 757.2807, 1038.4398, 816.4688, 756.0254, 1038.1641, 728.4742, 1447.889, 493.3866, 264.137, 1404.8, 1403.4574, 447.5341, 629.3758, 1495.3749, 703.9566, 786.7132, 388.0432, 749.2122, 805.29, 768.459, 803.3691, 494.2593, 260.9514, 800.3408, 555.1667, 384.9612, 755.296, 758.5833, 934.4167, 1202.6667, 1166.25, 1095.5, 1363.5834, 1286.5834, 587.25, 723.6667, 700.6667, 553.3333, 556.8333, 1493.3334, 702.5833, 1236.5834, 739.6667, 601.25, 1474.0834, 734.0, 786.0834, 819.0, 1449.8334, 1407.0, 1388.8334, 523.25, 1184.5, 452.1667, 1182.4167, 673.1667, 281.0833, 861.4167, 797.3334, 818.1667, 851.25, 994.5834, 1387.9167, 681.1667, 802.5, 649.1667, 521.0]",strong,,,151.8012396192114,G51586EE,5/7 residues supported: Neu5Ac(a2-3) on Gal(b1-4)GlcNAc(b1-3)Gal (817.3 B4a); Gal(b1-4) on GlcNAc(b1-3)Gal (817.3 B4a); GlcNAc(b1-3) on Gal(b1-4)GlcNAc(b1-6)GalNAc (817.3 B4a); Neu5Ac(a2-3) on Gal(b1-3)GalNAc (1040.4 Y3a); Gal(b1-3) on reducing-end GalNAc (1040.4 Y3a)
855.5438239949603,,"[('Neu5Ac(a2-3)Gal(b1-4)GlcNAc(b1-3)Gal(b1-4)GlcNAc(b1-6)[Neu5Gc(a2-3)Gal(b1-3)]GalNAc', 0.31000000000000005)]","{'Hex': 3, 'HexNAc': 3, 'Neu5Ac': 1, 'Neu5Gc': 1}",3,-2,32.25,6.0,0.24457876344490515,"[709.7718, 710.3682, 833.5531, 709.1514, 722.9509, 815.2958, 710.9077, 708.8604, 760.8237, 760.3015, 876.9373, 815.8875, 823.4101, 555.6638, 813.1784, 556.1536, 801.8747, 774.0876, 808.7821, 745.0263, 636.7163, 698.8333, 760.0373, 1223.5507, 711.5293, 505.1085, 975.3868, 444.7193, 824.7075, 701.2105, 730.5228, 700.0546, 766.31, 1340.4231, 658.7848, 789.6163, 794.2406, 608.1963, 502.0399, 631.7941, 836.7851, 761.4467, 667.0466, 806.3835, 816.4498, 436.3645, 695.2048, 424.0486, 738.5833, 704.7126, 794.5, 685.0444, 529.0833, 462.5419, 1516.6232, 825.4595, 703.25, 821.5417, 606.75, 590.0833, 445.1667, 976.1667, 701.8333, 823.1667, 832.75, 976.6667, 679.5833, 481.0833, 673.5, 804.5834, 652.25, 567.9167, 1119.25, 1198.6667, 1162.4167, 735.25, 771.5, 584.3333, 667.5833, 960.0, 819.6667, 725.6667, 746.0833, 818.75, 819.0834, 741.3333, 1349.8334, 679.1667, 817.1667, 1052.75, 685.9167, 834.25, 781.5, 1057.3334, 663.1667, 634.0833, 684.4167, 782.5]",weak,,,295.8083426029065,,
868.4293860982845,Neu5Ac(a2-3)[GalNAc(b1-4)]Gal(b1-4)GlcNAc(b1-6)[Neu5Ac(a2-3)[GalNAc(b1-4)]Gal(b1-3)]GalNAc,"[('Neu5Ac(a2-3)[GalNAc(b1-4)]Gal(b1-4)GlcNAc(b1-6)[Neu5Ac(a2-3)[GalNAc(b1-4)]Gal(b1-3)]GalNAc', 1.0)]","{'Hex': 2, 'HexNAc': 4, 'Neu5Ac': 2}",2,-2,21.22,15.0,0.6207308992862525,"[1446.5213, 1447.5602, 290.0802, 1448.6501, 766.885, 1038.5102, 525.173, 1243.559, 722.8628, 1244.51, 768.0691, 421.1827, 767.4106, 1039.4829, 493.1376, 1081.617, 838.5448, 1155.6433, 1063.5256, 583.2706, 1428.6296, 837.5313, 1444.5994, 664.3887, 721.8064, 723.3535, 1064.5881, 687.148, 1156.6278, 291.1484, 805.8335, 673.3163, 828.9644, 835.2395, 769.3753, 765.9887, 790.413, 1226.5639, 587.43, 667.6343, 756.8642, 829.6354, 407.2716, 837.8302, 1449.8241, 744.9846, 1083.5501, 1040.5111, 758.4484, 1245.5382, 836.3068, 1156.2374, 1426.1796, 567.3657, 832.2553, 1061.6993, 707.2907, 823.9588, 1227.5271, 1473.8353, 526.1224, 425.4093, 1207.5455, 1249.4421, 546.7762, 1225.4909, 1105.3085, 727.9597, 1388.7167, 1385.799, 622.295, 1472.4456, 1427.4126, 1082.5498, 507.1243, 308.034, 685.3703, 608.1468, 1285.7507, 685.712, 701.4648, 736.967, 747.945, 380.9493, 667.046, 817.1979, 807.4534, 720.0833, 769.8737, 758.0388, 1157.5382, 574.8736, 542.0833, 785.0, 670.1667, 1109.6667, 1445.8334, 463.25, 738.3333, 1349.3334]",strong,,,134.2375867433873,,0/7 residues supported: against Neu5Ac(a2-3) on Gal(b1-4)GlcNAc (493.1 fits Neu5Ac on GalNAc(b1-4)Gal(b1-4)GlcNAc); against Neu5Ac(a2-3) on Gal(b1-3)GalNAc (493.1 fits Neu5Ac on GalNAc(b1-4)Gal(b1-4)GlcNAc)
868.4862108105787,Neu5Ac(a2-3)[GalNAc(b1-4)]Gal(b1-4)GlcNAc(b1-6)[Neu5Ac(a2-3)[GalNAc(b1-4)]Gal(b1-3)]GalNAc,"[('Neu5Ac(a2-3)[GalNAc(b1-4)]Gal(b1-4)GlcNAc(b1-6)[Neu5Ac(a2-3)[GalNAc(b1-4)]Gal(b1-3)]GalNAc', 1.0)]","{'Hex': 2, 'HexNAc': 4, 'Neu5Ac': 2}",2,-2,23.85,5.0,0.35497230323176043,"[1446.5797, 1447.5133, 1448.634, 290.05, 838.8054, 664.9236, 767.3429, 666.3948, 1285.5956, 1244.4878, 689.481, 778.5861, 779.1914, 647.4102, 1286.7821, 1149.7839, 1517.1544, 768.5418, 1285.3547, 1051.957, 759.0006, 790.6367, 1225.5867, 1156.0701, 782.4129, 722.6553, 576.3059, 1427.7045, 808.4695, 801.9635, 736.0425, 722.3851, 1266.3565, 756.1229, 699.8897, 1081.2977, 1227.788, 1226.373, 749.4437, 1284.2094, 879.2782, 775.6099, 1228.2016, 616.2129, 658.9712, 816.4479, 625.2961, 619.6245, 394.2964, 669.8666, 1516.4543, 765.6958, 667.2185, 671.3805, 1405.1996, 699.383, 1247.2959, 656.2015, 647.1284, 787.8666, 952.452, 757.9167, 493.368, 780.9167, 1245.6539, 1038.2901, 620.3333, 543.9556, 462.538, 772.0383, 1428.6221, 291.1257, 819.9167, 867.3334, 1243.6667, 664.25, 822.4167, 1234.3334, 544.8333, 809.1667, 1052.6667, 723.25, 738.1667, 1244.0, 662.3333, 745.4167, 727.8333, 1223.3334, 687.1667, 832.6667, 1442.1667, 1067.5834, 701.1667, 463.4167, 1405.8334, 495.5833, 823.5, 766.25, 824.3334, 876.1667]",strong,,,199.6802597070299,,0/7 residues supported
876.4224857514905,,"[('Neu5Ac(a2-3)[GalNAc(b1-4)]Gal(b1-4)GlcNAc(b1-6)[Neu5Gc(a2-3)[GalNAc(b1-4)]Gal(b1-3)]GalNAc', 0.51)]","{'Hex': 2, 'HexNAc': 4, 'Neu5Ac': 1, 'Neu5Gc': 1}",3,-2,21.17,5.0,0.44122208065580665,"[493.2035, 290.1227, 494.1914, 350.1974, 766.9654, 729.9595, 673.3401, 664.2226, 765.5636, 475.2459, 730.8143, 775.3656, 663.7095, 822.7544, 1426.5967, 715.3589, 732.6472, 758.1143, 590.125, 731.9411, 697.2082, 757.2772, 793.6788, 841.3173, 272.0705, 1646.881, 767.5531, 768.0235, 775.862, 674.2487, 674.5248, 747.9751, 551.5584, 511.366, 408.0265, 1240.8734, 733.1183, 805.1138, 671.2137, 524.7779, 731.4906, 1223.5299, 654.2019, 1248.5481, 838.1977, 555.5453, 1461.6392, 611.4167, 1461.9624, 756.0292, 308.1174, 776.1332, 611.1379, 691.7123, 760.0373, 672.2971, 1186.6192, 815.8043, 655.5462, 613.0488, 828.9167, 345.3788, 604.2836, 845.3828, 655.1937, 473.4542, 306.1271, 1444.5, 476.2012, 764.7064, 766.2067, 1446.9523, 693.7102, 476.5374, 756.5, 288.2068, 270.2902, 308.4587, 1063.5, 1244.3334, 1095.25, 554.3333, 1031.3334, 364.1667, 1455.75, 1035.5, 262.0, 749.25, 817.3334, 661.75, 795.0834, 663.25, 840.8334, 587.25, 1485.3334, 1440.5, 291.0833, 584.5, 846.0834, 1057.6667]",weak,,,128.04810645165713,,
878.2728925143682,Neu5Ac(a2-3)Gal(b1-3)[GlcNAc(b1-6)]GalNAc,"[('Neu5Ac(a2-3)Gal(b1-3)[GlcNAc(b1-6)]GalNAc', 0.9801746089487086), ('Neu5Ac(a2-3)Gal(b1-3)GlcNAc(b1-3)GalNAc', 0.019825391051291375)]","{'Hex': 1, 'HexNAc': 2, 'Neu5Ac': 1}",1,-1,22.72,8.0,0.33781577456095996,"[290.095, 364.2198, 587.2194, 493.1855, 657.1708, 673.2606, 674.2895, 842.3404, 847.2952, 407.2365, 425.3664, 781.0468, 291.087, 838.1147, 393.7043, 1347.5595, 819.5681, 801.5254, 1346.6107, 1178.2919, 450.3686, 834.2099, 1277.6944, 1577.3686, 818.3622, 817.0286, 665.3784, 656.0355, 1064.5437, 392.1235, 1185.25, 1465.75, 472.25, 1253.5834, 1371.6667, 1096.5834, 843.5834, 800.25, 1285.75, 289.5833, 504.5, 1227.3334, 1209.1667, 677.0]",strong,,,60.3826710907792,G02594WS,"3/3 residues supported: Neu5Ac(a2-3) on Gal (657.2 Z1b); against Neu5Ac(a2-3) on Gal (493.2 fits Neu5Ac on GlcNAc); Gal(b1-3) on reducing-end GalNAc (657.2 Z1b); against Gal(b1-3) on reducing-end GalNAc (673.3 fits Gal on GlcNAc); GlcNAc(b1-6) on reducing-end GalNAc (407.2 Z1a, 425.4 Y1a); against GlcNAc(b1-6) on reducing-end GalNAc (673.3 fits GlcNAc on Gal)"
895.3982580436497,Gal(b1-3)[Fuc(a1-4)]GlcNAc(b1-6)[Gal(b1-3)]GalNAc,"[('Gal(b1-3)[Fuc(a1-4)]GlcNAc(b1-6)[Gal(b1-3)]GalNAc', 0.5389616420544256), ('Fuc(a1-2)Gal(b1-3)GlcNAc(b1-6)[Gal(b1-3)]GalNAc', 0.46103835794557446)]","{'Hex': 2, 'HexNAc': 2, 'dHex': 1}",5,-1,19.78,6.0,3.687385749325477,"[733.3152, 715.2609, 569.2017, 510.2018, 835.338, 384.1896, 389.139, 673.3087, 853.3725, 407.1937, 570.2277, 551.1986, 479.2254, 734.3681, 716.3582, 521.2244, 836.3511, 731.3647, 366.1685, 521.339, 587.3181, 509.1639, 691.2912, 854.3133, 749.319, 655.2919, 461.3606, 527.267, 324.1616, 324.9423, 674.2962, 732.7484, 371.2441, 697.3935, 408.2026, 491.317, 522.2271, 385.18, 571.1702, 371.0764, 511.3445, 834.85, 346.0761, 552.3225, 390.1923, 568.7027, 508.1762, 671.4239, 353.2407, 734.0392, 307.1839, 672.3408, 749.5053, 425.2927, 492.425, 329.0995, 550.1494, 689.318, 834.3821, 347.3965, 864.5492, 298.0636, 750.113, 850.9225, 346.2321, 739.1497, 601.5103, 533.1683, 492.0242, 480.0401, 299.1653, 522.4178, 787.4142, 539.1848, 714.2414, 653.3788, 576.4538, 800.2952, 854.7773, 644.3809, 490.3375, 667.0694, 348.2083, 714.8792, 818.376, 426.3588, 734.6143, 675.3896, 635.3728, 609.2024, 751.1977, 781.1114, 713.4396, 533.4278, 695.2129, 586.4701, 808.2, 671.9051, 478.0329, 819.0452]",strong,,,63.69623318438339,G43438SM,"3/4 residues supported: Gal(b1-3) on GlcNAc (510.2 B2a); Fuc(a1-4) on GlcNAc (510.2 B2a); Gal(b1-3) on reducing-end GalNAc (384.2 Y1a, 366.2 Z1a)"
895.4117467540153,Fuc(a1-2)Gal(b1-4)GlcNAc(b1-6)[Gal(b1-3)]GalNAc,"[('Fuc(a1-2)Gal(b1-4)GlcNAc(b1-6)[Gal(b1-3)]GalNAc', 1.0)]","{'Hex': 2, 'HexNAc': 2, 'dHex': 1}",11,-1,22.35,11.0,4.726361672077009,"[715.2703, 733.3014, 673.293, 835.3311, 389.1317, 569.2342, 853.3565, 409.0872, 716.337, 551.2192, 570.2632, 797.4455, 853.4459, 407.2387, 510.2385, 367.1918, 836.3059, 509.2201, 1050.9987, 854.306, 324.9734, 731.3203, 509.2975, 409.169, 734.3545, 655.3583, 1051.2053, 674.2618, 691.3883, 1051.892, 797.9527, 1196.485, 697.3389, 798.4734, 1197.399, 527.3603, 798.2541, 347.2406, 1051.5076, 390.1187, 749.3267, 307.1001, 797.63, 749.1234, 673.5137, 671.344, 687.3702, 793.5563, 667.3309, 733.4948, 366.0755, 854.5273, 1052.2664, 587.417, 389.2779, 1197.1468, 1052.6517, 750.3443, 384.0672, 427.1564, 732.8992, 365.2155, 350.1544, 679.4239, 551.4235, 631.2586, 552.2284, 613.269, 689.3916, 1198.1488, 865.1212, 295.153, 410.2496, 341.2027, 1198.7761, 1187.3847, 491.2857, 588.3414, 451.1871, 783.0205, 822.5846, 426.9483, 858.4233, 553.2894, 408.265, 324.1006, 384.248, 840.9275, 509.6996, 325.2386, 393.2002, 612.1356, 371.2588, 1166.4869, 1196.3485, 1174.8916, 510.5168, 528.2372, 383.1076, 803.855]",strong,,,78.7616740924078,G25937FN,"3/4 residues supported: Fuc(a1-2) on Gal(b1-4)GlcNAc (510.2 B3a); Gal(b1-4) on GlcNAc (715.3 Z1b, 733.3 Y1b); GlcNAc(b1-6) on reducing-end GalNAc (715.3 Z1b, 733.3 Y1b)"
895.4253636744554,Fuc(a1-2)Gal(b1-3)[Gal(b1-4)GlcNAc(b1-6)]GalNAc,"[('Fuc(a1-2)Gal(b1-3)[Gal(b1-4)GlcNAc(b1-6)]GalNAc', 0.6484999420827059), ('Fuc(a1-2)Gal(b1-4)GlcNAc(b1-6)[Gal(b1-3)]GalNAc', 0.2209544770068343), ('Gal(b1-3)[Fuc(a1-4)]GlcNAc(b1-6)[Gal(b1-3)]GalNAc', 0.13054558091045987)]","{'Hex': 2, 'HexNAc': 2, 'dHex': 1}",10,-1,27.06,13.0,2.1171124203032603,"[569.2261, 389.1994, 570.2804, 853.3491, 715.3478, 527.2901, 733.3198, 835.4521, 512.3141, 407.1525, 587.3581, 835.3432, 364.1836, 749.2031, 655.3046, 748.8426, 530.276, 407.3135, 749.5041, 836.4635, 854.4006, 750.286, 673.4327, 390.2189, 716.226, 528.3194, 797.7434, 734.0839, 797.4984, 750.0349, 365.2998, 836.3206, 673.2174, 424.1514, 697.4453, 731.3244, 521.3408, 551.2034, 347.1895, 527.5762, 1196.4523, 527.1146, 392.3225, 531.3329, 533.2804, 668.8878, 748.4368, 775.3331, 822.8194, 587.1509, 509.2362, 299.2307, 859.444, 853.5511, 1197.0929, 798.6621, 510.2283, 371.1532, 324.8368, 716.5931, 973.3276, 1052.5946, 674.3982, 509.0506, 625.2368, 814.3143, 732.1834, 741.8122, 1051.8415, 408.2964, 1502.64, 846.198, 735.4642, 797.0099, 552.1813, 1051.0004, 667.3084, 656.2826, 734.5935, 851.4464, 1097.8411, 691.4136, 866.355, 740.7619, 1096.8211, 366.3157, 865.9697, 426.0851, 707.4083, 851.09, 650.166, 1060.5708, 425.4276, 513.1585, 864.2547, 1047.4622, 834.7877, 851.8333, 521.0447, 545.4707]",strong,,Possible in-source fragment of Fuc(a1-2)Gal(b1-4)GlcNAc(b1-6)[Fuc(a1-2)Gal(b1-3)]GalNAc,93.97031188491235,G10581YA,"4/4 residues supported: Fuc(a1-2) on Gal(b1-3)GalNAc (512.3 Z1a, 530.3 Y1a); Gal(b1-3) on reducing-end GalNAc (715.4 Z2a, 733.3 Y2a); Gal(b1-4) on GlcNAc (364.2 B2a); GlcNAc(b1-6) on reducing-end GalNAc (569.2 Z1b, 587.4 Y1b)"
936.3997291571845,Fuc(a1-2)[GalNAc(a1-3)]Gal(b1-3)[GlcNAc(b1-6)]GalNAc,"[('Fuc(a1-2)[GalNAc(a1-3)]Gal(b1-3)[GlcNAc(b1-6)]GalNAc', 1.0)]","{'Hex': 1, 'HexNAc': 3, 'dHex': 1}",2,-1,20.46,13.0,0.4912306719053461,"[407.1549, 425.1963, 715.3727, 876.4379, 610.3233, 510.2869, 733.3555, 877.1688, 365.1781, 408.0774, 673.3555, 570.3517, 520.2586, 877.4388, 821.9591, 611.1948, 521.2095, 904.5926, 625.1177, 772.5415, 816.2775, 837.5347, 717.1274, 628.5315, 877.6963, 389.1975, 789.1176, 348.28, 408.4647, 882.363, 358.9523, 645.463, 823.4539, 624.7882, 859.4167, 773.1572, 775.3333, 587.0402, 288.25, 724.5, 1035.5834, 766.3333, 860.3334, 722.3333, 443.4167, 606.5833, 655.1667, 609.5, 805.0, 946.25, 550.25, 519.6667, 675.5833, 642.0833, 899.5834, 665.1667, 836.4167, 938.75, 873.0834, 693.4167, 502.4167, 502.1667, 532.5, 429.0833, 569.3333, 791.3333, 592.25, 426.0833, 562.5]",strong,,,34.06885224431151,G96066HD,"3/4 residues supported: Fuc(a1-2) on Gal (510.3 B2a); GalNAc(a1-3) on Gal (510.3 B2a); against GalNAc(a1-3) on Gal (610.3 fits GalNAc on GlcNAc); GlcNAc(b1-6) on reducing-end GalNAc (407.1 Z1a, 425.2 Y1a)"
936.4033891394506,Fuc(a1-2)Gal(b1-4)GlcNAc(b1-6)[GlcNAc(b1-3)]GalNAc,"[('Fuc(a1-2)Gal(b1-4)GlcNAc(b1-6)[GlcNAc(b1-3)]GalNAc', 1.0)]","{'Hex': 1, 'HexNAc': 3, 'dHex': 1}",2,-1,22.84,7.0,0.6539618554379711,"[715.3261, 876.4636, 733.3281, 673.3864, 389.2486, 409.1326, 716.3526, 570.2071, 550.2027, 510.3679, 610.2234, 782.8686, 877.5125, 324.9797, 734.4427, 816.2393, 367.1574, 674.387, 407.3604, 551.349, 875.5853, 819.8055, 655.3413, 624.3892, 894.3398, 644.4239, 713.5256, 568.2444, 620.2786, 819.2776, 774.3305, 898.2207, 390.0292, 895.7451, 817.3846, 505.1263, 429.1913, 848.2269, 687.5461, 909.0273, 667.4538, 623.8863, 809.8679, 899.1974, 609.1964, 1380.304, 612.2903, 905.4489, 873.1296, 889.7859, 613.2208, 425.012, 1286.7168, 1775.6299, 857.1181, 679.2123, 1582.6223, 752.75, 1296.3334, 682.75, 790.1218, 893.2893, 348.0833, 691.5, 894.0, 569.4167, 755.3333, 1665.5834, 871.0, 978.25, 656.3333, 662.0833, 513.9167, 427.0, 1774.8334, 629.25, 786.3333, 875.0834, 793.9167, 778.0833, 642.5, 1670.1667, 515.1667, 527.3333, 667.1667, 508.8333, 709.5, 626.0, 697.3333, 902.4167, 430.0, 631.25, 901.4167, 498.25, 908.25, 364.8333, 872.4167, 654.3333, 671.5833]",strong,,,37.97755367117037,G77208XM,"4/4 residues supported: Fuc(a1-2) on Gal (715.3 Z1b, 733.3 Y1b); Gal(b1-4) on GlcNAc(b1-6)GalNAc (510.4 B3a); GlcNAc(b1-6) on reducing-end GalNAc (715.3 Z1b, 733.3 Y1b); GlcNAc(b1-3) on reducing-end GalNAc (610.2 Z2a)"
941.4801649649457,Man(a1-2)Man(a1-2)Man(a1-3)[Man(a1-2)Man(a1-3)[Man(a1-2)Man(a1-6)]Man(a1-6)]Man(b1-4)GlcNAc(b1-4)GlcNAc,"[('Man(a1-2)Man(a1-2)Man(a1-3)[Man(a1-2)Man(a1-3)[Man(a1-2)Man(a1-6)]Man(a1-6)]Man(b1-4)GlcNAc(b1-4)GlcNAc', 0.8462999999999999)]","{'Hex': 9, 'HexNAc': 2}",1,-2,20.76,18.0,0.44792883701258185,"[860.3627, 758.3414, 860.8711, 911.7527, 758.995, 779.2611, 677.327, 596.2404, 809.4475, 677.8995, 749.1009, 831.4469, 678.4786, 485.1827, 861.4021, 827.2904, 912.4364, 1660.5786, 839.5315, 890.4816, 779.8298, 780.341, 322.9544, 840.1823, 596.815, 515.8562, 897.4533, 638.7784, 1518.421, 383.121, 1498.7507, 728.2033, 698.8171, 830.2777, 707.3687, 627.192, 754.7719, 749.7784, 533.54, 569.3824, 648.2877, 905.6243, 791.5342, 629.8044, 828.218, 810.2139, 608.2882, 371.1286, 862.0, 668.2072, 766.9167, 341.0384, 1319.7956, 1193.4616, 1235.5418, 412.8333, 881.5, 814.4167, 786.9167, 665.0833, 373.0, 1533.6667, 680.4167, 900.25, 467.0, 342.25, 425.25, 1033.4167, 515.1667, 908.3334, 436.0, 468.1667, 1174.3334, 1091.5, 906.1667, 395.0833, 1356.1667, 869.0834, 783.0833, 790.4167, 1012.6667, 971.9167]",strong,,,167.14678601231785,G56202TA,"2/8 residues supported: Man(a1-3) on Man(a1-6)Man(b1-4)GlcNAc (809.5 B3b, 827.3 C3b); Man(a1-6) on Man(a1-6)Man(b1-4)GlcNAc (809.5 B3b, 827.3 C3b)"
946.3553471902181,,"[('Neu5Gc(a2-3)[GalNAc(b1-4)]Gal(b1-4)GlcNAc(b1-6)[Neu5Gc(a2-3)[GalNAc(b1-4)]Gal(b1-3)]GalNAc', 0.31000000000000005)]","{'Hex': 2, 'HexNAc': 4, 'Neu5Gc': 2}",3,-2,31.05,5.0,0.18812555946392986,"[493.1589, 494.3109, 1020.8369, 350.1923, 290.1637, 1097.614, 801.2434, 307.9721, 849.7775, 799.9244, 799.6755, 1600.9193, 894.9166, 800.7895, 886.2789, 784.4183, 1266.2753, 708.7041, 652.456, 495.3558, 1521.3657, 911.372, 492.1919, 1191.1112, 475.2766, 877.7024, 655.1957, 826.2796, 859.8642, 908.6237, 772.8813, 1600.6248, 1734.7824, 1403.4551, 734.3333, 994.5, 779.6667, 1266.8334, 910.0834, 884.0, 529.25, 829.3334, 763.25, 1582.75, 906.5, 1455.75, 901.25, 786.5833, 362.25, 679.25, 867.5834, 899.4167, 835.5, 728.25, 900.1667, 883.3334, 916.9167, 783.1667, 892.3334, 1192.5834, 486.0833, 1587.75, 1253.5834, 828.4167, 1381.4167, 641.0833, 617.5, 665.3333, 457.25, 887.6667, 501.1667, 1585.8334]",weak,,,49.907518761590026,,
949.4907278126335,Neu5Ac(a2-3)[GalNAc(b1-4)]Gal(b1-4)GlcNAc(b1-6)[Neu5Ac(a2-3)[GalNAc(b1-4)]Gal(b1-3)]Gal(b1-4)GlcNAc,"[('Neu5Ac(a2-3)[GalNAc(b1-4)]Gal(b1-4)GlcNAc(b1-6)[Neu5Ac(a2-3)[GalNAc(b1-4)]Gal(b1-3)]Gal(b1-4)GlcNAc', 0.0827)]","{'Hex': 3, 'HexNAc': 4, 'Neu5Ac': 2}",1,-2,22.14,6.0,0.3720707394583121,"[1608.4868, 1609.4379, 1610.6097, 869.6195, 1243.6028, 911.2126, 1611.6233, 858.5884, 1610.0257, 804.118, 1040.5305, 1318.5927, 805.1429, 1481.3738, 952.0459, 290.1252, 1607.7878, 876.7766, 859.7883, 879.8753, 1386.2952, 659.6099, 1405.8736, 1535.5388, 767.9602, 919.7814, 1605.7059, 1606.875, 1590.4598, 829.9645, 805.7871, 740.9167, 1649.706, 1427.1667, 1574.7906, 755.3333, 1389.5417, 749.6667, 836.5834, 567.3333, 838.0, 1428.5, 1195.5834, 877.3334, 624.0833, 758.0, 898.5834, 775.25, 493.1667, 1593.6667, 606.1667, 684.25, 1575.6667, 625.4167, 872.1667, 1003.25, 912.6667, 889.3334, 463.0, 407.4167]",strong,,,159.58671937643174,G46325TO,4/7 residues supported: Neu5Ac(a2-3) on Gal(b1-4)GlcNAc(b1-6)Gal (858.6 B3a); GalNAc(b1-4) on Gal(b1-4)GlcNAc(b1-6)Gal (858.6 B3a); Gal(b1-4) on GlcNAc(b1-6)Gal (858.6 B3a); Neu5Ac(a2-3) on Gal(b1-3)Gal (1040.5 Y2a)
958.4661913609661,Fuc(a1-2)Gal(b1-4)GlcNAc(b1-3)[Fuc(a1-2)Gal(b1-4)GlcNAc(b1-6)]Gal(b1-3)[Fuc(a1-2)Gal(b1-4)GlcNAc(b1-6)]GalNAc,"[('Fuc(a1-2)Gal(b1-4)GlcNAc(b1-3)[Fuc(a1-2)Gal(b1-4)GlcNAc(b1-6)]Gal(b1-3)[Fuc(a1-2)Gal(b1-4)GlcNAc(b1-6)]GalNAc', 1.0)]","{'Hex': 4, 'HexNAc': 4, 'dHex': 3}",1,-2,26.16,16.0,0.44915392070906696,"[1406.5019, 1591.6198, 1407.5926, 867.9465, 1592.639, 1346.5777, 804.2534, 776.2528, 748.5763, 1022.5453, 1364.3577, 1625.4963, 1531.4097, 812.5448, 708.538, 919.5373, 1242.6989, 805.0296, 911.7765, 811.6144, 1186.3789, 1225.5518, 1185.5362, 1200.1121, 1593.7873, 667.3301, 493.3909, 887.7739, 716.548, 714.2209, 865.8792, 1610.3765, 1331.7133, 755.0447, 510.456, 1202.3793, 636.7037, 715.5034, 1244.7852, 1544.8788, 910.1277, 929.1254, 923.5378, 1543.5422, 733.5833, 330.0833, 675.25, 921.0834, 1484.0, 773.4167, 1080.5834, 1713.0834, 633.9167, 1551.8334, 1428.3334, 855.75, 409.0833, 570.3333, 899.25, 428.25, 668.25, 916.5834, 389.3333, 928.0, 1081.75, 387.25, 487.1667, 1241.5834, 1590.25, 877.1667, 635.6667, 1390.5834, 1405.6667, 619.3333, 860.5, 1062.4167, 758.0]",strong,,,113.85681152929817,G45402WV,0/10 residues supported
966.2911444091473,Neu5Ac(a2-3)Gal(b1-3)[Neu5Ac(a2-6)]GalNAc,"[('Neu5Ac(a2-3)Gal(b1-3)[Neu5Ac(a2-6)]GalNAc', 1.0)]","{'Hex': 1, 'HexNAc': 1, 'Neu5Ac': 2}",2,-1,18.52,9.0,0.5643223841633337,"[675.2446, 657.3501, 922.4063, 674.1568, 676.2617, 675.9003, 677.3205, 673.1809, 290.0031, 676.5984, 926.284, 932.4872, 785.2836, 901.1333, 495.2896, 656.2168, 904.4557, 740.2905, 814.459, 743.4421, 903.6112, 597.3473, 930.4638, 680.7865, 506.2947, 513.3333, 471.2962, 460.1328, 633.2876, 1218.4525, 893.5834, 779.0381, 1149.2908, 716.2129, 922.8695, 786.2067, 565.295, 454.1734, 631.0833, 892.5, 927.3334, 921.3334, 567.25, 655.1667, 477.0833, 776.3333, 931.3334, 350.1667, 615.25, 444.0, 920.3334, 615.5, 308.1667, 658.3333, 632.8333, 877.5, 1039.5, 492.5, 402.25]",strong,,,52.55258969085963,G30110UW,1/2 residues supported: Neu5Ac(a2-6) on reducing-end GalNAc (495.3 Z1a); against Neu5Ac(a2-6) on reducing-end GalNAc (743.4 fits Neu5Ac on Neu5Ac(a2-3)Gal)
975.3448568062037,Fuc(a1-2)Gal(b1-4)GlcNAc6S(b1-6)[Gal(b1-3)]GalNAc,"[('Fuc(a1-2)Gal(b1-4)GlcNAc6S(b1-6)[Gal(b1-3)]GalNAc', 0.31360000000000005), ('Fuc(a1-3)[Gal(b1-4)]GlcNAc6S(b1-6)[Gal(b1-3)]GalNAc', 0.3108)]","{'Hex': 2, 'HexNAc': 2, 'dHex': 1, 'S': 1}",2,-1,22.04,7.0,0.37159458210729845,"[637.2574, 829.3151, 638.2909, 813.2924, 667.2733, 795.2633, 619.3215, 915.3255, 830.317, 417.1284, 877.4574, 697.4322, 505.1839, 589.9716, 863.3241, 682.567, 814.3275, 916.313, 620.4666, 940.2667, 787.911, 734.2527, 444.2923, 507.025, 796.2781, 901.5781, 620.0058, 783.8615, 884.3619, 745.5338, 930.4909, 666.0253, 679.2757, 647.546, 609.3715, 621.459, 489.2002, 752.3015, 716.5403, 1350.7027, 715.2858, 812.374, 551.3689, 873.2091, 501.291, 635.25, 733.293, 794.4961, 566.3333, 633.6667, 811.3333, 855.6667, 735.5, 878.3334, 855.1667, 642.25, 815.5, 858.3334, 545.0, 1038.3334, 592.3333, 487.3333, 298.25, 939.25, 777.5833, 832.5834, 631.6667, 841.5834, 747.0, 751.1667, 944.4167, 769.4167, 651.5, 1549.5834, 876.25, 462.0, 649.25, 1356.25, 734.5833, 1172.0, 872.5, 1280.6667, 668.0, 695.0, 753.3333, 635.9167]",strong,,,48.01468356405083,G69327YC,"3/4 residues supported: Fuc(a1-2) on Gal(b1-4)GlcNAc6S (590.0 B3a); Gal(b1-4) on GlcNAc6S (813.3 Y1b, 795.3 Z1b); GlcNAc6S(b1-6) on reducing-end GalNAc (813.3 Y1b, 795.3 Z1b)"
975.3500385267629,Fuc(a1-3)[Gal(b1-4)]GlcNAc6S(b1-6)[Gal(b1-3)]GalNAc,"[('Fuc(a1-2)Gal(b1-3)[Gal(b1-4)GlcNAc6S(b1-6)]GalNAc', 0.3616002253838569), ('Fuc(a1-3)[Gal(b1-4)]GlcNAc6S(b1-6)[Gal(b1-3)]GalNAc', 0.34216086772784904), ('Fuc(a1-2)Gal(b1-4)GlcNAc6S(b1-6)[Gal(b1-3)]GalNAc', 0.2962389068882942)]","{'Hex': 2, 'HexNAc': 2, 'dHex': 1, 'S': 1}",3,-1,19.12,10.0,2.256242700280366,"[829.2688, 667.247, 813.3018, 830.2934, 814.2967, 668.2319, 505.1784, 590.158, 444.1582, 795.3182, 506.2885, 649.2647, 591.2561, 811.3316, 944.3845, 915.3879, 812.2594, 794.3265, 650.1714, 812.8485, 487.2205, 445.2158, 753.3527, 607.2476, 855.2628, 796.3808, 828.2986, 945.3666, 769.1697, 735.2584, 831.2935, 282.023, 856.3725, 796.1325, 534.17, 933.5597, 680.3793, 916.408, 900.3299, 914.4391, 589.19, 461.1237, 793.3404, 858.4852, 488.3131, 944.9351, 797.36, 681.2957, 787.3315, 736.3, 832.3711, 734.601, 877.1514, 631.2212, 343.2058, 876.4486, 827.4364, 815.6289, 754.334, 489.135, 669.2107, 693.4137, 508.2582, 666.1133, 504.1125, 932.603, 462.0784, 777.2581, 389.3494, 857.405, 771.4035, 361.186, 692.9451, 884.3644, 632.4075, 709.1285, 759.3395, 664.974, 673.1727, 710.1165, 739.326, 470.1637, 842.0821, 510.3653, 907.7792, 651.4345, 464.4049, 798.2536, 548.2036, 905.9554, 733.1122, 934.4389, 683.3322, 574.2827, 755.7192, 551.9731, 342.1778, 608.3566, 899.5256, 788.4854]",strong,,,53.32764474053459,G58473ZD,2/4 residues supported: Fuc(a1-3) on GlcNAc6S (590.2 B2a); Gal(b1-4) on GlcNAc6S (590.2 B2a)
975.438484072823,Fuc(a1-2)Gal(b1-4)GlcNAc6S(b1-6)[Gal(b1-3)]GalNAc,"[('Fuc(a1-2)Gal(b1-4)GlcNAc6S(b1-6)[Gal(b1-3)]GalNAc', 0.41619661563255445), ('Fuc(a1-2)Gal(b1-3)[Gal(b1-4)GlcNAc6S(b1-6)]GalNAc', 0.30280879475077704), ('Fuc(a1-2)Gal(b1-3)[Gal3S(b1-4)GlcNAc(b1-6)]GalNAc', 0.28099458961666857)]","{'Hex': 2, 'HexNAc': 2, 'dHex': 1, 'S': 1}",1,-1,28.51,15.0,1.0091868912431303,"[829.2664, 667.2195, 830.272, 813.3103, 668.3034, 505.2689, 444.133, 814.3138, 649.2484, 915.2104, 506.0517, 812.7635, 811.4372, 590.1433, 607.4555, 487.2239, 769.086, 805.0069, 827.3899, 856.2201, 781.0652, 445.1544, 849.8388, 739.4205, 878.7829, 650.437, 932.399, 504.1775, 820.4989, 547.2102, 589.2776, 282.0511, 851.4879, 846.5267, 760.2854, 709.2879, 807.8613, 730.0811, 341.8643, 885.279, 669.1243, 605.5531, 631.3778, 933.6381, 1660.6283, 302.4652, 815.3708, 831.3693, 383.2884, 944.1223, 1316.0456, 975.2079, 534.1172, 587.3831, 389.1535, 1317.3798, 934.5, 916.3334, 945.75, 749.4167, 428.1667, 1027.1667, 361.3333, 872.8334, 896.4167, 1318.4167, 935.25, 843.1667, 1316.6667, 838.4167, 369.8333, 324.4167, 901.6667, 895.6667, 857.4167, 632.5833, 610.1667, 828.4167, 397.25, 696.6667, 1679.0, 765.5833, 570.4167, 945.25, 680.25, 529.1667, 1600.6667, 753.25, 1367.6667, 569.0833, 948.1667, 387.25, 931.1667, 343.0, 591.0833, 550.0, 360.8333, 706.8333, 322.3333, 884.1667]",strong,,,144.01330543564632,G69327YC,"3/4 residues supported: Fuc(a1-2) on Gal(b1-4)GlcNAc6S (590.1 B3a); Gal(b1-4) on GlcNAc6S (813.3 Y1b, 590.1 B3a); GlcNAc6S(b1-6) on reducing-end GalNAc (813.3 Y1b)"
1032.3890442146055,GlcNAc(a1-4)Gal(b1-4)GlcNAc6S(b1-6)[Gal(b1-3)]GalNAc,"[('GlcNAc(a1-4)Gal(b1-4)GlcNAc6S(b1-6)[Gal(b1-3)]GalNAc', 0.4596), ('GalNAc(b1-4)Gal(b1-4)GlcNAc6S(b1-6)[Gal(b1-3)]GalNAc', 0.3728)]","{'Hex': 2, 'HexNAc': 3, 'S': 1}",2,-1,20.03,8.0,0.4621427102798799,"[870.264, 829.3315, 871.4024, 667.3008, 647.2234, 830.2674, 972.3613, 505.2508, 852.4208, 668.3228, 990.3906, 648.1663, 973.4982, 828.4285, 810.3394, 444.1894, 485.2056, 792.4348, 545.2541, 649.3273, 305.2237, 1001.521, 666.1735, 547.1484, 811.2032, 954.1406, 926.4555, 851.6448, 853.2912, 708.2686, 870.8628, 794.5351, 1966.5348, 487.3004, 570.5386, 323.1986, 503.1276, 646.0231, 876.2019, 952.2854, 763.0378, 1166.6987, 383.2779, 599.0624, 995.1143, 707.3784, 1577.8635, 989.2816, 797.1256, 995.8717, 991.4952, 869.5834, 785.0, 629.3698, 751.6231, 688.0377, 1974.0834, 895.5, 998.5, 811.5, 872.5834, 570.0, 486.25, 913.0, 753.0833, 446.1667, 1188.5, 813.4167, 793.5833, 673.5833, 759.9167, 1190.6667, 868.25, 568.75, 652.5, 445.25, 502.0833, 822.3333, 645.0833, 986.8334, 546.1667, 687.1667, 519.0833, 757.4167, 358.0, 777.4167, 518.1667, 1244.3334, 673.0, 993.4167, 983.3334, 896.4167, 969.4167, 1167.3334, 428.0, 343.0833, 749.6667, 793.3333, 723.1667, 420.75]",strong,,,67.33964892434372,,"4/4 residues supported: GlcNAc(a1-4) on Gal(b1-4)GlcNAc6S (647.2 B3a); Gal(b1-4) on GlcNAc6S (870.3 Y1b, 647.2 B3a); GlcNAc6S(b1-6) on reducing-end GalNAc (870.3 Y1b, 852.4 Z1b); Gal(b1-3) on reducing-end GalNAc (829.3 Y3a)"
1040.4668058866216,Neu5Ac(a2-3)Gal(b1-3)[Gal(b1-4)GlcNAc(b1-6)]GalNAc,"[('Neu5Ac(a2-3)Gal(b1-3)[Gal(b1-4)GlcNAc(b1-6)]GalNAc', 0.7269833496571988), ('Neu5Ac(a2-3)Gal(b1-4)GlcNAc(b1-6)[Gal(b1-3)]GalNAc', 0.2730166503428012)]","{'Hex': 2, 'HexNAc': 2, 'Neu5Ac': 1}",5,-1,23.63,13.0,1.0508010260426133,"[749.3375, 569.2535, 962.3397, 980.3707, 750.3846, 587.2265, 963.5497, 707.2484, 570.2798, 588.2438, 407.2405, 836.3976, 290.1604, 587.3841, 981.3667, 731.3624, 895.7618, 879.4565, 1004.4541, 748.6727, 527.325, 943.7564, 715.3298, 842.4026, 837.2832, 745.2496, 894.8485, 389.1534, 384.2807, 894.5929, 697.3261, 996.401, 819.4072, 893.895, 835.3167, 963.0737, 837.3445, 783.2936, 801.4336, 979.3142, 861.4753, 389.3434, 745.4187, 957.225, 834.6698, 528.3229, 985.9274, 920.3342, 885.8802, 674.495, 939.4352, 878.4444, 948.9779, 731.6962, 961.3736, 859.4239, 1270.0801, 1788.5107, 732.3234, 493.2745, 860.5333, 952.4497, 827.3947, 716.3426, 708.299, 824.1568, 858.8368, 493.0063, 932.3815, 867.4397, 886.4965, 846.337, 494.0148, 774.516, 665.4107, 520.9498, 1480.0744, 929.8312, 967.4642, 991.5748, 639.2155, 855.6325, 665.068, 748.2024, 936.6121, 791.0381, 1722.507, 837.5927, 416.2515, 868.1082, 978.4572, 383.7738, 1005.3061, 872.268, 1627.2004, 727.3534, 1338.0431, 629.2831, 833.3841, 998.5483]",strong,,,84.65927285503166,G17294JY,0/4 residues supported
1040.4683848611694,Neu5Ac(a2-3)Gal(b1-4)GlcNAc(b1-6)[Gal(b1-3)]GalNAc,"[('Neu5Ac(a2-3)Gal(b1-4)GlcNAc(b1-6)[Gal(b1-3)]GalNAc', 0.43380109823062846), ('Neu5Ac(a2-3)Gal(b1-3)[Gal(b1-4)GlcNAc(b1-6)]GalNAc', 0.413300793166565), ('Neu5Ac(a2-3)Gal(b1-4)GlcNAc(b1-3)Gal(b1-3)GalNAc', 0.08242830994508847), ('Neu5Ac(a2-6)Gal(b1-4)GlcNAc(b1-3)Gal(b1-3)GalNAc', 0.07046979865771813)]","{'Hex': 2, 'HexNAc': 2, 'Neu5Ac': 1}",1,-1,22.03,7.0,0.3267777489504172,"[749.4013, 569.5483, 750.5099, 895.8775, 733.5247, 962.33, 384.2439, 886.4559, 587.1706, 959.3644, 879.4574, 819.3125, 963.377, 748.1288, 1464.7071, 979.0455, 705.2967, 1009.3642, 787.3767, 1575.5544, 1225.3767, 1009.8873, 783.9442, 865.2154, 942.4565, 388.7975, 713.8722, 880.2886, 1389.6192, 290.0833, 866.705, 475.25, 618.5833, 981.5, 594.9167, 452.6667, 898.5834, 521.1667, 494.25, 1047.5834, 568.3333, 818.4167, 913.9167, 588.1667, 1381.5834, 1005.25, 980.3334, 859.1667, 994.4167, 1983.8334, 291.25, 817.5833, 991.0834, 996.5, 348.1667, 452.0, 511.4167, 509.3333]",strong,,,86.17696492717295,G11457RF,1/4 residues supported: against Gal(b1-4) on GlcNAc (819.3 fits Gal on Gal(b1-3)GalNAc); Gal(b1-3) on reducing-end GalNAc (384.2 Y1a)
1040.4876730630106,Neu5Ac(a2-3)Gal(b1-3)[Gal(b1-4)GlcNAc(b1-6)]GalNAc,"[('Neu5Ac(a2-3)Gal(b1-3)[Gal(b1-4)GlcNAc(b1-6)]GalNAc', 0.47654892877822813), ('Neu5Ac(a2-3)Gal(b1-4)GlcNAc(b1-6)[Gal(b1-3)]GalNAc', 0.2819918934568616), ('Neu5Ac(a2-6)Gal(b1-4)GlcNAc(b1-3)Gal(b1-3)GalNAc', 0.14285714285714288), ('Neu5Ac(a2-3)Gal(b1-4)GlcNAc(b1-3)Gal(b1-3)GalNAc', 0.09860203490776738)]","{'Hex': 2, 'HexNAc': 2, 'Neu5Ac': 1}",5,-1,20.55,11.0,0.7465218358012751,"[819.377, 749.312, 879.3991, 569.2863, 384.1717, 290.0967, 820.33, 980.3758, 836.47, 750.3787, 655.386, 587.4414, 479.2614, 588.2919, 570.3089, 861.5431, 859.4985, 494.2323, 878.1863, 878.3473, 767.3728, 817.2071, 878.6496, 920.9829, 880.4876, 835.4385, 778.1706, 818.3636, 979.2779, 639.3269, 1009.99, 838.2867, 656.361, 837.1809, 493.313, 389.1399, 674.3742, 960.1821, 364.234, 1011.0468, 999.391, 766.8707, 526.108, 881.2883, 1005.3836, 521.408, 961.2822, 461.212, 895.2825, 980.4982, 766.3571, 407.3222, 979.7217, 860.1744, 1010.7971, 654.4547, 939.3023, 690.3493, 785.441, 521.1749, 829.5474, 1239.5324, 733.2684, 468.0258, 449.0515, 829.1876, 860.9939, 514.1141, 687.2029, 424.8636, 842.6319, 856.4509, 372.1074, 963.2911, 673.3576, 957.2981, 790.4507, 791.6131, 747.6379, 551.2228, 532.213, 858.5834, 1004.0291, 1273.4445, 291.3765, 748.7433, 962.3017, 514.3811, 691.1975, 819.9628, 1450.3834, 880.0527, 1113.1352, 431.1234, 973.8831, 1203.6667, 366.1266, 802.3681, 1532.5834, 1004.4569]",strong,,Possible in-source fragment of Neu5Ac(a2-3)Gal(b1-4)GlcNAc(b1-6)[Neu5Ac(a2-3)Gal(b1-3)]GalNAc,104.71656144017146,G17294JY,1/4 residues supported: against Neu5Ac(a2-3) on Gal(b1-3)GalNAc (655.4 fits Neu5Ac on Gal(b1-4)GlcNAc); Gal(b1-3) on reducing-end GalNAc (878.2 Y2b); against Gal(b1-4) on GlcNAc (819.4 fits Gal on Gal(b1-3)GalNAc)
1041.433842066017,Fuc(a1-2)Gal(b1-4)GlcNAc(b1-6)[Fuc(a1-2)Gal(b1-3)]GalNAc,"[('Fuc(a1-2)Gal(b1-4)GlcNAc(b1-6)[Fuc(a1-2)Gal(b1-3)]GalNAc', 0.7888701172374954), ('Fuc(a1-2)Gal(b1-3)GlcNAc(b1-6)[Fuc(a1-2)Gal(b1-3)]GalNAc', 0.21112988276250447)]","{'Hex': 2, 'HexNAc': 2, 'dHex': 2}",12,-1,30.42,11.0,0.3092454319340817,"[715.3196, 999.5084, 716.3711, 981.4145, 896.4853, 895.8097, 673.3053, 895.5208, 895.2357, 749.2097, 389.3154, 716.1762, 916.9331, 749.4413, 389.1614, 943.5219, 896.6111, 981.5336, 894.8022, 982.2288, 674.31, 733.3151, 894.3116, 655.3199, 847.3468, 1000.4585, 943.2133, 734.3647, 968.7396, 569.2904, 551.059, 943.946, 409.1791, 716.5846, 408.9691, 673.4096, 799.3806, 940.5038, 570.2219, 407.1685, 878.381, 960.5962, 941.4833, 750.4247, 1006.916, 1000.2609, 748.7446, 995.6592, 917.5176, 1010.258, 918.9059, 909.4325, 818.7336, 981.8135, 697.3803, 982.4269, 749.7672, 707.2805, 974.0512, 512.3657, 367.1461, 587.2792, 896.1263, 998.9338, 570.3889, 964.3146, 1000.6882, 886.34, 962.1265, 968.2894, 939.3056, 944.634, 739.8923, 510.2105, 797.5043, 1459.7305, 898.4965, 1007.4943, 846.4185, 1230.5938, 890.1561, 1012.1767, 1011.9953, 980.3381, 930.0229, 913.3445, 1417.252, 1269.8484, 551.4108, 757.1854, 1270.6108, 918.0458, 1124.9097, 674.445, 819.4061, 885.1589, 896.9603, 808.8297, 945.2368, 822.5092]",strong,,,33.3338919511643,G35409SK,0/5 residues supported
1041.4881655195572,Fuc(a1-2)Gal(b1-4)GlcNAc(b1-6)[Fuc(a1-2)Gal(b1-3)]GalNAc,"[('Fuc(a1-2)Gal(b1-4)GlcNAc(b1-6)[Fuc(a1-2)Gal(b1-3)]GalNAc', 1.0)]","{'Hex': 2, 'HexNAc': 2, 'dHex': 2}",20,-1,28.25,9.0,7.056792998517778,"[715.2694, 716.3288, 673.2797, 999.4205, 389.1293, 981.4101, 551.2097, 409.0931, 1000.4387, 655.2818, 982.4186, 570.2496, 733.2941, 510.2203, 367.1834, 674.3348, 895.3865, 896.2553, 407.1598, 512.2305, 896.412, 877.3711, 407.2508, 569.3133, 982.292, 656.2944, 895.2777, 552.2695, 325.0043, 714.7706, 697.3604, 509.2118, 390.0944, 390.257, 897.3868, 734.1849, 410.0137, 749.0378, 408.1999, 571.3555, 943.1489, 733.4597, 894.8047, 749.3525, 568.9728, 697.2081, 347.2151, 691.3329, 530.2128, 757.2473, 749.5637, 667.3359, 939.3906, 734.4589, 392.2001, 835.1378, 426.9684, 406.1602, 365.2661, 853.5031, 698.3222, 707.3116, 817.2909, 1000.5555, 491.1709, 531.1298, 511.2055, 714.2474, 679.4224, 530.3622, 894.3142, 470.2165, 897.5601, 674.114, 963.4451, 450.4192, 878.4003, 512.4687, 513.3321, 655.5301, 631.4271, 307.157, 325.6821, 346.1333, 879.4679, 687.2537, 307.0572, 451.2801, 569.3672, 571.2121, 1416.8168, 895.7966, 587.1654, 750.1653, 451.1475, 964.5126, 982.6474, 847.6774, 835.5085, 551.8071]",strong,,,85.49780497001805,G35409SK,4/5 residues supported: Fuc(a1-2) on Gal(b1-4)GlcNAc (510.2 B3a); Gal(b1-4) on GlcNAc (510.2 B3a); against GlcNAc(b1-6) on reducing-end GalNAc (674.3 fits GlcNAc on Fuc(a1-2)Gal(b1-3)GalNAc); Fuc(a1-2) on Gal(b1-3)GalNAc (512.2 Z1a); against Fuc(a1-2) on Gal(b1-3)GalNAc (674.3 fits Fuc on Gal(b1-4)GlcNAc); Gal(b1-3) on reducing-end GalNAc (512.2 Z1a)
1041.4886476315428,Fuc(a1-2)Gal(b1-4)GlcNAc(b1-6)[Fuc(a1-2)Gal(b1-3)]GalNAc,"[('Fuc(a1-2)Gal(b1-4)GlcNAc(b1-6)[Fuc(a1-2)Gal(b1-3)]GalNAc', 1.0)]","{'Hex': 2, 'HexNAc': 2, 'dHex': 2}",12,-1,27.04,16.0,2.753925781209253,"[715.2817, 716.2994, 389.144, 981.3965, 895.2728, 999.409, 570.2531, 407.2233, 982.3761, 1000.4088, 896.3968, 551.2898, 655.3227, 733.3179, 673.3221, 510.308, 530.2548, 512.31, 697.2906, 896.5025, 707.2668, 895.7325, 569.2355, 895.4756, 877.3144, 749.2932, 551.4136, 734.4079, 877.4272, 697.3914, 673.4686, 656.2958, 982.5958, 512.1297, 531.2764, 390.2056, 757.321, 530.3931, 708.2924, 674.3293, 371.1204, 943.2408, 625.35, 897.3693, 879.4199, 894.7593, 698.4096, 552.212, 963.3728, 713.3518, 878.494, 835.2949, 390.1204, 571.1737, 409.1252, 654.178, 324.985, 895.9704, 997.4964, 637.274, 817.383, 667.0838, 878.5971, 408.2619, 571.3753, 513.3014, 511.2827, 1415.9224, 714.1661, 943.9065, 408.0067, 836.3678, 1008.8659, 709.2283, 392.2614, 679.302, 1416.7569, 707.4339, 980.4056, 367.2325, 1010.0148, 939.2664, 626.3225, 552.3838, 470.2449, 981.5469, 716.5244, 422.1416, 846.7485, 655.5348, 709.4548, 503.4761, 964.2183, 1001.6217, 943.3979, 572.1673, 587.4345, 1416.2073, 569.4206, 714.859]",strong,,,85.96075137788607,G35409SK,"4/5 residues supported: Fuc(a1-2) on Gal(b1-4)GlcNAc (510.3 B3a); Gal(b1-4) on GlcNAc (510.3 B3a); Fuc(a1-2) on Gal(b1-3)GalNAc (530.2 Y1a, 512.3 Z1a); Gal(b1-3) on reducing-end GalNAc (530.2 Y1a, 512.3 Z1a)"
1041.5146487394277,Fuc(a1-2)Gal(b1-4)GlcNAc(b1-6)[Fuc(a1-2)Gal(b1-3)]GalNAc,"[('Fuc(a1-2)Gal(b1-4)GlcNAc(b1-6)[Fuc(a1-2)Gal(b1-3)]GalNAc', 1.0)]","{'Hex': 2, 'HexNAc': 2, 'dHex': 2}",3,-1,32.64,6.0,0.17584275728579737,"[896.1813, 896.5228, 895.5851, 716.3454, 715.3438, 916.8528, 673.1301, 1195.0373, 951.2126, 981.416, 1007.8707, 777.061, 715.0224, 757.5675, 982.428, 981.7319, 999.5692, 896.7285, 862.8485, 510.1463, 833.3344, 972.8583, 1378.0317, 1271.9547, 984.4685, 831.3316, 996.6137, 960.2018, 971.191, 842.5512, 887.7048, 997.4556, 1001.4404, 407.5285, 1613.0477, 1609.0551, 564.2984, 784.946, 943.2971, 442.1078, 917.4605, 749.46, 1340.5281, 999.0242, 1126.9735, 843.5313, 1758.9474, 569.4167, 838.4525, 715.5495, 874.1364, 951.9528, 1065.3795, 723.2192, 570.1982, 874.7195, 624.4556, 983.5413, 1349.0411, 939.2093, 437.2067, 1396.5, 1728.4632, 504.046, 978.5, 908.3334, 1700.5, 973.6667, 890.2915, 1583.039, 825.5, 1293.7932, 845.3334, 409.0833, 1273.6667, 494.1667, 976.6667, 1000.5834, 370.1667, 548.1667, 938.6667, 1922.5834, 921.5, 910.3334, 1148.25, 937.3334, 774.3333, 1407.1667, 1299.4167, 1358.75, 626.6667, 709.5, 656.3333, 707.25, 987.5834, 994.4167, 801.4167, 1635.5, 792.0833, 621.3333]",strong,,,110.92822751773606,G35409SK,2/5 residues supported: Fuc(a1-2) on Gal(b1-4)GlcNAc (510.1 B3a); Gal(b1-4) on GlcNAc (510.1 B3a)
1041.549202083414,Fuc(a1-2)Gal(b1-4)GlcNAc(b1-6)[Fuc(a1-2)Gal(b1-3)]GalNAc,"[('Fuc(a1-2)Gal(b1-4)GlcNAc(b1-6)[Fuc(a1-2)Gal(b1-3)]GalNAc', 1.0)]","{'Hex': 2, 'HexNAc': 2, 'dHex': 2}",7,-1,31.55,7.0,0.2720958059544905,"[896.312, 895.8164, 715.304, 896.7809, 716.3903, 916.8735, 917.0562, 895.1688, 982.4399, 896.9802, 981.5206, 981.3071, 389.2482, 917.4434, 749.2534, 944.0254, 673.0596, 999.3575, 655.3727, 997.5332, 845.9857, 673.3826, 673.5905, 999.6219, 894.9219, 889.1536, 945.0574, 1169.9786, 715.8964, 1271.49, 1206.8052, 967.6563, 943.1754, 846.5209, 1000.5239, 1497.9832, 846.9908, 1194.4907, 825.8798, 930.7102, 1001.8478, 1438.0969, 1107.6722, 964.4574, 832.3607, 749.3833, 847.7305, 1415.6974, 1417.145, 982.668, 949.4996, 570.2674, 711.4193, 960.0892, 948.8629, 1005.0908, 367.3307, 1384.9227, 1417.9235, 918.5037, 1381.2872, 835.4104, 979.6467, 1000.2161, 996.4006, 733.4457, 667.193, 908.7343, 872.8322, 775.9996, 1271.2185, 727.778, 1011.8717, 953.543, 963.3687, 1003.6306, 1667.6946, 913.8835, 978.2076, 1362.8783, 741.693, 976.6363, 1163.4622, 1010.9457, 877.1859, 1501.5297, 1502.5353, 975.3284, 983.6934, 815.2939, 551.2458, 1335.8541, 1270.8617, 717.5231, 894.3685, 1006.3731, 990.3672, 1719.8587, 681.0378, 1293.7005]",strong,,,144.10795952567867,G35409SK,0/5 residues supported
1050.989383980074,Neu5Ac(a2-3)[GalNAc(b1-4)]Gal(b1-4)GlcNAc(b1-3)Gal(b1-4)GlcNAc(b1-6)[Neu5Ac(a2-3)[GalNAc(b1-4)]Gal(b1-3)]GalNAc,"[('Neu5Ac(a2-3)[GalNAc(b1-4)]Gal(b1-4)GlcNAc(b1-3)Gal(b1-4)GlcNAc(b1-6)[Neu5Ac(a2-3)[GalNAc(b1-4)]Gal(b1-3)]GalNAc', 1.0)]","{'Hex': 3, 'HexNAc': 5, 'Neu5Ac': 2}",2,-2,22.11,16.0,0.35917434984449015,"[1811.6813, 1812.7356, 1813.774, 1520.6693, 1608.6079, 1793.617, 949.7342, 905.6233, 939.9576, 952.7302, 1521.6279, 905.2969, 970.6233, 950.9179, 1520.1938, 1522.5882, 962.53, 759.9935, 906.2002, 1020.5408, 1792.6234, 773.943, 1318.497, 847.9671, 1224.5412, 953.0271, 878.4343, 569.424, 1083.3733, 1319.45, 1447.4131, 1021.3603, 858.3582, 1405.5308, 941.4539, 869.1094, 948.7028, 1155.43, 1183.6995, 940.2005, 1446.888, 1430.3625, 1427.7954, 1446.3758, 1064.5353, 897.034, 783.7031, 1013.5442, 747.2063, 1666.291, 1815.0, 1428.9167, 952.0436, 616.25, 768.5, 749.5833, 971.4167, 1093.5834, 839.8334, 1444.9167, 1589.0, 954.4167, 1021.9167, 822.1667, 1814.5834, 740.6667, 1735.9167, 1733.8334, 1591.8334, 1649.0, 1461.5834, 1243.5, 708.5833, 1614.9167, 915.4167, 1404.6667, 842.4167, 1020.0, 958.5834, 1854.5, 1429.3334, 1794.4167, 586.8333, 389.4167, 790.5833, 493.3333, 919.9167, 737.3333, 1285.4167]",strong,,,105.11020570860401,,3/9 residues supported: Neu5Ac(a2-3) on Gal(b1-4)GlcNAc(b1-3)Gal (1020.5 B4a); Gal(b1-4) on GlcNAc(b1-3)Gal (1020.5 B4a); GlcNAc(b1-3) on Gal(b1-4)GlcNAc(b1-6)GalNAc (1020.5 B4a)
1081.4865730192157,Neu5Ac(a2-3)[GalNAc(b1-4)]Gal(b1-3)[GlcNAc(b1-6)]GalNAc,"[('Neu5Ac(a2-3)[GalNAc(b1-4)]Gal(b1-3)[GlcNAc(b1-6)]GalNAc', 0.4121)]","{'Hex': 1, 'HexNAc': 3, 'Neu5Ac': 1}",1,-1,20.9,4.0,0.25676114610399664,"[790.3477, 567.3209, 1003.9444, 878.7091, 1037.7941, 990.4167, 789.3701, 729.5, 884.8334, 724.0833, 837.25, 448.0, 935.0, 331.9167, 840.75, 754.5]",strong,,,75.12894295839727,G67306YE,0/4 residues supported
1098.4073582942865,HexNAc(?1-?)Gal(b1-4)GlcNAc(b1-6)[Fuc(a1-2)Gal(b1-3)]GalNAc,"[('GlcNAc(a1-4)Gal(b1-4)GlcNAc(b1-6)[Fuc(a1-2)Gal(b1-3)]GalNAc', 0.3495336278841433), ('HexNAc(?1-?)Gal(b1-4)GlcNAc(b1-6)[Fuc(a1-2)Gal(b1-3)]GalNAc', 0.33578792341678937), ('Fuc(a1-2)Gal(b1-4)GlcNAc(b1-6)[GlcNAc(a1-4)Gal(b1-3)]GalNAc', 0.31467844869906725)]","{'Hex': 2, 'HexNAc': 3, 'dHex': 1}",1,-1,20.49,6.0,0.3406997621851689,"[587.2275, 772.2907, 407.1655, 724.43, 1057.9592, 588.3883, 754.8312, 557.3087, 984.3687, 1032.5355, 1038.4459, 990.2074, 1068.2834, 1054.8803, 717.3791, 569.426, 895.5443, 713.5, 785.5, 875.3334, 518.1667, 1063.5834, 835.4167, 712.3333, 672.25, 733.25, 1031.3334, 978.5834, 1010.5834, 436.5, 849.5]",strong,,,12.080878101757333,,4/4 residues supported: Gal(b1-4) on GlcNAc (772.3 Z1b); GlcNAc(b1-6) on reducing-end GalNAc (772.3 Z1b); against GlcNAc(b1-6) on reducing-end GalNAc (875.3 fits GlcNAc on Fuc); Fuc(a1-2) on Gal(b1-3)GalNAc (895.5 Y3a); Gal(b1-3) on reducing-end GalNAc (895.5 Y3a); against Gal(b1-3) on reducing-end GalNAc (875.3 fits Gal on HexNAc)
1098.481817188499,Fuc(a1-2)Gal(b1-4)GlcNAc(b1-6)[GlcNAc(?1-?)Gal(b1-3)]GalNAc,"[('Fuc(a1-2)[GalNAc(a1-3)]Gal(b1-3)[Gal(b1-4)GlcNAc(b1-6)]GalNAc', 0.24820192243059755), ('HexNAc(?1-?)Gal(b1-4)GlcNAc(b1-6)[Fuc(a1-2)Gal(b1-3)]GalNAc', 0.20740068562210123), ('Fuc(a1-2)Gal(b1-4)GlcNAc(b1-6)[GlcNAc(a1-4)Gal(b1-3)]GalNAc', 0.20595550178127311), ('Fuc(a1-2)Gal(b1-4)GlcNAc(b1-6)[GlcNAc(?1-?)Gal(b1-3)]GalNAc', 0.19963702359346638), ('Fuc(a1-2)Gal(b1-4)GlcNAc(b1-6)[GalNAc(b1-4)Gal(b1-3)]GalNAc', 0.13880486657256166)]","{'Hex': 2, 'HexNAc': 3, 'dHex': 1}",3,-1,23.43,14.0,0.7157278553968103,"[715.2974, 895.3949, 772.3341, 1038.4678, 733.304, 1056.525, 569.2612, 673.3293, 389.227, 1039.484, 570.3848, 952.0874, 1000.7285, 1060.9156, 407.2689, 716.3346, 551.2964, 896.2657, 409.1881, 952.6359, 734.33, 587.2992, 936.5036, 835.3492, 854.4163, 864.7526, 877.395, 509.2548, 365.3832, 1494.192, 366.2135, 843.7853, 631.243, 869.5257, 1356.7888, 988.885, 1909.0336, 957.2821, 510.2505, 877.1834, 868.4592, 1055.9697, 1020.2196, 1842.9677, 1057.9485, 1006.9475, 853.7244, 890.1108, 687.6177, 713.3715, 712.4688, 712.0475, 892.2906, 987.8715, 367.2071, 614.1193, 935.9731, 963.6146, 1519.3787, 1000.2778, 953.0388, 897.3696, 1001.7849, 692.7032, 918.542, 1635.8662, 1018.884, 1949.2041, 772.8716, 788.2039, 491.2391, 425.2979, 538.5492, 1039.9559, 1711.6314, 949.3748, 806.7073, 527.2959, 347.2075, 1063.8334, 805.2088, 866.4569, 711.5833, 408.3759, 887.3334, 1070.5, 1892.9167, 754.5833, 691.25, 953.4167, 683.3333, 857.4167, 1855.0834, 855.4167, 812.0833, 807.6667, 977.4167, 967.0, 571.4167, 790.0833]",strong,,,55.70635413174934,G55695AY,"4/4 residues supported: Fuc(a1-2) on Gal(b1-4)GlcNAc (895.4 Y2b); Gal(b1-4) on GlcNAc(b1-6)GalNAc (715.3 Z1b, 733.3 Y1b); GlcNAc(b1-6) on reducing-end GalNAc (715.3 Z1b, 895.4 Y2b); Gal(b1-3) on reducing-end GalNAc (772.3 Z2a)"
1169.4130918344472,Neu5Ac(a2-3)HexNAc(?1-?)Gal(b1-3)[Neu5Ac(a2-6)]GalNAc,"[('Neu5Ac(a2-3)Gal(?1-?)GalNAc(a1-3)[Neu5Ac(a2-6)]GalNAc', 0.6265710220535926), ('Neu5Ac(a2-3)[GalNAc(b1-4)]Gal(b1-3)[Neu5Ac(a2-6)]GalNAc', 0.25296419255394825), ('Neu5Ac(a2-3)HexNAc(?1-?)Gal(b1-3)[Neu5Ac(a2-6)]GalNAc', 0.12046478539245908)]","{'Hex': 1, 'HexNAc': 2, 'Neu5Ac': 2}",3,-1,18.02,6.0,1.3622516216599811,"[878.3187, 860.3407, 1125.4692, 877.3175, 878.8935, 675.3837, 876.324, 879.4457, 587.4893, 1133.5123, 676.4523, 948.3209, 1109.3034, 880.57, 770.3326, 587.0603, 800.4309, 493.2505, 656.2318, 1114.9346, 930.4148, 1124.7269, 948.7825, 859.4085, 657.083, 677.3959, 1054.2785, 657.4026, 980.863, 1132.1152, 966.181, 842.2019, 639.3768, 879.7039, 1105.7003, 567.4675, 836.5557, 1107.6189, 1047.2839, 922.3656, 1108.3003, 588.1224, 569.3215, 655.6264, 799.75, 630.0435, 1115.5834, 656.5, 494.25, 1079.25, 931.5834, 1130.5, 674.3333, 761.3333, 1064.4167, 845.5, 950.5, 936.0834, 967.25, 1134.4167, 953.3334, 1029.5834, 1019.6667, 680.3333, 702.5833, 1124.1667, 991.0, 680.75, 934.4167, 1007.25, 1017.6667, 920.25, 841.5]",strong,,,7.043095037164903,G25724FX,2/2 residues supported: Neu5Ac(a2-3) on HexNAc (493.2 B2a); against Neu5Ac(a2-3) on HexNAc (948.3 fits Neu5Ac on Gal); Neu5Ac(a2-6) on reducing-end GalNAc (675.4 Y2a)
1178.4965830670346,Fuc(a1-2)Gal(b1-4)GlcNAc6S(b1-6)[HexNAc(?1-4)Gal(b1-3)]GalNAc,"[('GalNAc(b1-4)Gal(b1-4)GlcNAc6S(b1-6)[Fuc(a1-2)Gal(b1-3)]GalNAc', 0.3645986294664709), ('Fuc(a1-2)Gal(b1-4)GlcNAc6S(b1-6)[HexNAc(?1-4)Gal(b1-3)]GalNAc', 0.3199339207048459), ('Fuc(a1-2)Gal(b1-4)GlcNAc6S(b1-6)[GlcNAc(a1-4)Gal(b1-3)]GalNAc', 0.3154674498286833)]","{'Hex': 2, 'HexNAc': 3, 'dHex': 1, 'S': 1}",1,-1,28.6,11.0,0.8761878892928374,"[1032.3302, 1033.3585, 870.3137, 975.3147, 871.3512, 829.2736, 647.1835, 667.2308, 976.3325, 830.2567, 1031.5423, 668.1975, 852.262, 444.1598, 813.2515, 648.2408, 1022.7906, 1030.7405, 505.3009, 974.432, 1081.3001, 709.5686, 886.7, 1110.159, 973.5362, 814.2571, 1015.6187, 956.1442, 811.354, 795.4559, 1148.4836, 1622.1995, 741.8603, 708.0323, 738.2741, 791.6138, 972.9629, 1773.9645, 853.4837, 1118.4528, 656.0361, 649.3698, 830.8346, 1136.6297, 1057.2966, 984.9624, 1681.4568, 1034.7798, 1041.6168, 1330.9694, 1403.705, 650.4473, 977.9574, 1137.6602, 1140.0454, 898.4631, 1567.1291, 1065.3723, 1887.7883, 534.2098, 1098.4693, 1134.9167, 488.1667, 631.25, 1059.5834, 551.4167, 1606.8334, 1228.8334, 1073.3334, 1011.3334, 1128.8334, 1020.5, 839.5, 1126.4167, 915.1667, 1292.4167, 972.0834, 611.25, 1012.0, 997.4167, 1014.4167, 1053.4167, 872.0, 1038.1667, 899.25, 1608.5834, 965.75, 629.8333, 506.3333, 897.5834, 1004.4167, 1034.0834, 1410.4167, 822.3333, 1046.1667, 1327.4167, 464.1667, 1077.9167, 794.3333, 810.5]",strong,,,101.11776090154534,,"4/4 residues supported: Fuc(a1-2) on Gal(b1-4)GlcNAc6S (975.3 Y2b, 813.2 Y1b); Gal(b1-4) on GlcNAc6S (975.3 Y2b, 813.2 Y1b); GlcNAc6S(b1-6) on reducing-end GalNAc (813.2 Y1b); Gal(b1-3) on reducing-end GalNAc (870.3 Y2a, 852.3 Z2a)"
1186.483038132416,Neu5Ac(a2-3)Gal(b1-4)GlcNAc(b1-6)[Fuc(a1-2)Gal(b1-3)]GalNAc,"[('Neu5Ac(a2-3)Gal(b1-4)GlcNAc(b1-6)[Fuc(a1-2)Gal(b1-3)]GalNAc', 1.0)]","{'Hex': 2, 'HexNAc': 2, 'Neu5Ac': 1, 'dHex': 1}",4,-1,28.63,12.0,1.4372419867304955,"[895.3295, 1108.3743, 569.2469, 1126.4244, 1109.2727, 896.3694, 733.3446, 988.4759, 1109.4776, 407.2684, 1127.4282, 715.3688, 877.2601, 389.2248, 570.3281, 1041.5009, 734.3153, 1089.5574, 527.2629, 853.3202, 877.4491, 835.348, 965.5964, 1090.3727, 1142.5978, 1040.3996, 1150.3303, 697.365, 527.3975, 512.3178, 947.3165, 989.5125, 879.4921, 965.3525, 551.1672, 878.3393, 1084.4689, 991.6452, 1089.0831, 1042.5097, 1025.3273, 714.9877, 937.5622, 1109.7994, 470.3372, 408.2048, 716.3998, 1634.9295, 891.2324, 859.3285, 1024.4778, 879.1209, 877.8061, 1125.6115, 1151.6095, 673.3931, 836.5339, 1023.4526, 1089.8949, 816.508, 1018.452, 662.3034, 528.2669, 1040.8499, 1155.3463, 1313.9838, 879.2713, 782.3482, 1088.8328, 945.3382, 963.4639, 1136.9513, 966.3472, 530.2171, 1074.4142, 1140.4023, 783.3317, 1083.2918, 1090.556, 1022.3698, 1122.1928, 1014.2356, 920.9604, 894.4288, 1150.5772, 1284.5031, 964.517, 1039.3233, 509.1112, 1088.1949, 1408.2067, 873.3322, 738.1267, 655.4255, 587.0478, 858.3, 1590.4931, 824.2942, 973.1136, 1487.8707]",strong,,,39.1170934152934,G59155GF,"1/5 residues supported: Gal(b1-3) on reducing-end GalNAc (733.3 Y2a, 715.4 Z2a)"
1235.489265920886,Man(a1-3)[Man(a1-6)]Man(a1-6)[Man(a1-3)]Man(b1-4)GlcNAc(b1-4)GlcNAc,"[('Man(a1-3)[Man(a1-6)]Man(a1-6)[Man(a1-3)]Man(b1-4)GlcNAc(b1-4)GlcNAc', 0.6316)]","{'Hex': 5, 'HexNAc': 2}",2,-1,23.17,19.0,0.44270287058695357,"[869.3569, 1193.3941, 1175.4456, 1073.3942, 1013.5485, 1012.4624, 545.2367, 707.2798, 1031.226, 850.3855, 1089.9891, 647.3636, 1089.3658, 1033.2481, 911.3707, 503.0194, 1133.7115, 870.2887, 1054.881, 1055.3811, 1115.4521, 953.3589, 893.4457, 527.287, 665.0491, 1083.6165, 944.6257, 383.0552, 1032.2824, 485.2823, 1197.7144, 1192.2802, 1032.5445, 1088.377, 467.1182, 598.7964, 1059.3334, 667.1667, 1135.5834, 989.25, 1145.6667, 1133.4167, 1034.1667, 1032.0, 883.4167, 503.5, 1090.8334, 1174.5834, 993.75, 994.3334, 997.3334, 883.6667, 809.5, 1808.4167, 1054.0, 1205.0, 1129.6667, 1887.25]",strong,,,38.478335158840956,G00028MO,0/4 residues supported
1243.517822456854,Neu5Ac(a2-3)[GalNAc(b1-4)]Gal(b1-4)GlcNAc(b1-6)[Gal(b1-3)]GalNAc,"[('Neu5Ac(a2-3)[GalNAc(b1-4)]Gal(b1-4)GlcNAc(b1-6)[Gal(b1-3)]GalNAc', 0.7290000000000001)]","{'Hex': 2, 'HexNAc': 3, 'Neu5Ac': 1}",8,-1,19.13,9.0,1.79507634430897,"[952.346, 772.3647, 1165.4845, 1183.4904, 910.4183, 749.3816, 569.2163, 1045.4353, 790.3579, 1045.3557, 934.3996, 892.4006, 730.3947, 569.3442, 567.2702, 790.2634, 587.2383, 466.1638, 910.5283, 994.3772, 1022.4306, 627.3786, 952.906, 824.399, 1075.3569, 731.3953, 389.2014, 1199.3783, 1199.6048, 748.4283, 527.0916, 1207.1241, 1183.6257, 892.5284, 791.4256, 953.535, 407.3139, 407.0965, 551.3475, 729.2416, 424.084, 994.6368, 1207.6772, 689.2695, 587.4517, 934.6371, 527.3915, 567.4817, 521.1655, 754.4496, 844.308, 712.4474, 509.4665, 936.2349, 657.1526, 670.4563, 1182.4246, 1040.65, 1083.0662, 865.3678, 388.9027, 424.3651, 1045.7782, 1075.6713, 1105.5556, 384.1086, 754.3357, 1022.7112, 1139.4009, 985.2128, 1047.9099, 1082.5438, 509.0996, 856.3229, 1003.7494, 707.1975, 1063.5574, 425.2515, 750.2746, 918.4342, 707.4158, 1083.5039, 1087.2751, 850.1684, 1087.6684, 802.4573, 832.1513, 838.3606, 1081.1608, 1147.363, 993.9442, 1157.4927, 1042.5064, 1184.5052, 641.3787, 944.4458, 1117.2681, 653.1711, 863.4412, 507.2175]",strong,,,48.00666423825079,G83261UB,"1/5 residues supported: Gal(b1-3) on reducing-end GalNAc (569.2 Z2a, 587.2 Y2a)"
1244.528207136667,Fuc(a1-2)[GalNAc(a1-3)]Gal(b1-4)GlcNAc(b1-6)[Fuc(a1-2)Gal(b1-3)]GalNAc,"[('Fuc(a1-2)[GalNAc(a1-3)]Gal(b1-4)GlcNAc(b1-6)[Fuc(a1-2)Gal(b1-3)]GalNAc', 0.5920474516695957), ('Fuc(a1-2)Gal(b1-4)GlcNAc(b1-6)[Fuc(a1-2)[GalNAc(a1-3)]Gal(b1-3)]GalNAc', 0.40795254833040423)]","{'Hex': 2, 'HexNAc': 3, 'dHex': 2}",6,-1,24.38,19.0,0.9617381580205425,"[733.3248, 715.267, 918.3855, 673.3408, 1184.5185, 1202.4231, 570.2645, 858.3405, 1098.5326, 1040.4471, 510.2725, 389.2331, 407.2639, 409.139, 592.3338, 691.3879, 1142.423, 952.5917, 936.4239, 1041.2602, 1099.2785, 1080.3202, 1202.7072, 551.3639, 1183.4453, 900.5484, 655.4653, 953.6158, 569.4092, 900.3301, 715.5419, 569.0999, 1196.8724, 612.2277, 1091.5846, 790.5222, 1166.2083, 951.8776, 828.3563, 900.0326, 587.0884, 1038.504, 528.1934, 1099.5725, 1098.1244, 1162.5753, 1031.5334, 1719.7949, 1120.3699, 628.4002, 1143.5224, 1199.122, 876.2022, 957.7795, 1175.6273, 757.0393, 1154.0231, 687.2868, 1023.4193, 1098.7733, 510.4915, 1089.4946, 1099.8714, 1041.4774, 1046.2983, 1093.5385, 1015.1227, 1039.2808, 945.3725, 1535.7967, 772.5425, 1485.5594, 1127.8744, 545.4494, 1020.7934, 532.3619, 851.3845, 952.2191, 1066.6331, 882.3667, 1600.5298, 910.4145, 1147.8643, 858.4837, 1901.862, 613.3228, 773.9617, 1164.5353, 484.6256, 1207.3832, 708.7125, 1020.4604, 1156.9167, 570.5449, 1058.7858, 1018.964, 870.7127, 509.3707, 810.2394, 789.0402]",strong,,,39.91949683515037,G89398MH,"5/6 residues supported: Fuc(a1-2) on Gal(b1-4)GlcNAc (918.4 Z1g, 510.3 B2a); Gal(b1-4) on GlcNAc (918.4 Z1g, 936.4 Y1g); GlcNAc(b1-6) on reducing-end GalNAc (918.4 Z1g, 936.4 Y1g); Fuc(a1-2) on Gal(b1-3)GalNAc (1041.3 Y3a); Gal(b1-3) on reducing-end GalNAc (1041.3 Y3a)"
1266.2843077409718,Neu5Ac(a2-3)Gal(b1-3)[Fuc(a1-3)[Gal(b1-4)]GlcNAc6S(b1-6)]GalNAc,"[('Neu5Ac(a2-3)Gal(b1-3)[Fuc(a1-3)[Gal(b1-4)]GlcNAc6S(b1-6)]GalNAc', 1.0)]","{'Hex': 2, 'HexNAc': 2, 'Neu5Ac': 1, 'dHex': 1, 'S': 1}",5,-1,30.39,5.0,0.4045782490271156,"[975.321, 1186.4421, 1222.4506, 1121.2944, 1186.6607, 974.6966, 974.2874, 1121.5022, 813.4996, 976.0399, 1185.4683, 1191.9112, 829.2695, 1120.0447, 1003.6561, 1192.7846, 1433.1266, 1162.6664, 1077.4122, 932.5427, 959.4979, 1119.468, 1505.1172, 1168.4791, 871.6941, 973.4051, 1050.0428, 736.1929, 1610.1266, 1218.6339, 1303.2997, 1233.5457, 1102.5448, 1120.7541, 1071.2897, 1206.2768, 1745.2167, 977.4738, 1165.4528, 829.4612, 1205.2102, 976.1871, 1737.887, 1183.364, 881.0494, 1120.4677, 1736.8711, 1206.7022, 1160.6268, 833.3667, 1316.2865, 1112.1199, 959.2072, 847.8333, 1072.4622, 651.3333, 1232.75, 1122.1667, 1247.3334, 1502.25, 1068.6667, 1076.1667, 1001.25, 1521.0834, 1145.0, 1181.1667, 1231.4167, 943.4167, 1155.1667, 1464.6667, 1175.4167, 995.25, 957.5, 788.5, 691.0, 1129.1667, 1708.8334, 911.0834, 1040.5834, 1627.0834, 735.3333, 667.4167, 887.5833, 1753.1667, 1306.0834, 766.75, 1470.5834, 593.4167, 754.9167, 1062.4167]",strong,,,86.16630235123476,G24371IA,0/5 residues supported
1331.4256598152258,Neu5Ac(a2-3)Gal(b1-4)GlcNAc(b1-6)[Neu5Ac(a2-3)Gal(b1-3)]GalNAc,"[('Neu5Ac(a2-3)Gal(b1-3)[Neu5Ac(a2-3)[Gal(b1-4)]GlcNAc(b1-6)]GalNAc', 0.6240000000000001)]","{'Hex': 2, 'HexNAc': 2, 'Neu5Ac': 2}",8,-1,21.6,4.0,1.5978369217424744,"[1040.3832, 1039.4218, 1038.4447, 1041.4098, 749.3433, 1041.586, 1081.4258, 1287.5626, 1041.0325, 1185.3151, 1039.6665, 1021.514, 749.6017, 1022.6578, 1274.617, 1217.5323, 1213.6151, 1020.5038, 1287.973, 1042.6816, 581.3568, 1037.3773, 493.2917, 1290.6917, 879.3683, 962.2183, 858.4442, 1052.5398, 1184.3741, 1173.1935, 746.2995, 1769.716, 1113.8791, 876.1205, 954.5491, 871.5398, 979.1346, 1020.1999, 1168.5471, 494.0402, 1139.5, 1202.25, 1016.5, 1793.6667, 1240.9167, 819.5833, 890.4167, 407.25, 1082.8334, 1166.1667, 962.5834, 704.0833, 1125.1667, 859.1667, 932.6667, 581.75, 1239.4167, 1162.9167, 932.4167, 1166.6667, 1099.4167, 1024.4167, 587.1667, 656.1667, 878.4167, 1286.25, 1082.4167, 1270.8334, 521.1667, 1071.0834, 588.0833, 874.0833, 1267.5834, 509.1667, 836.25, 637.4167, 1275.4167]",strong,,,36.40203271574797,G99244AI,0/5 residues supported
1332.4990329157188,Fuc(a1-2)Gal(b1-4)[Fuc(a1-3)]GlcNAc(b1-6)[Neu5Ac(a2-3)Gal(b1-3)]GalNAc,"[('Fuc(a1-2)[Gal(a1-3)]Gal(b1-4)[Fuc(a1-3)]GlcNAc(b1-3)[Neu5Ac(a2-6)]GalNAc', 0.0119)]","{'Hex': 2, 'HexNAc': 2, 'Neu5Ac': 1, 'dHex': 2}",1,-1,27.86,9.0,0.19934751482739424,"[1041.4229, 1040.5211, 1186.4842, 1111.5284, 715.2779, 1852.6584, 1049.7816, 1187.1281, 1138.4057, 1236.2805, 1230.5824, 1272.1728, 1235.3309, 1152.6273, 1251.2921, 1416.121, 1137.8649, 1227.723, 1369.3684, 424.2173, 1273.7224, 1112.3818, 1025.6185, 1234.7053, 803.1472, 1042.6297, 649.2117, 1257.2141, 1024.4601, 433.3333, 1175.75, 1850.6667, 835.5, 1067.3334, 1039.3334, 1708.0834, 877.5]",strong,,,3.380678586977753,G83134ZR,0/6 residues supported: against Fuc(a1-2) on Gal(b1-4)GlcNAc (1152.6 fits Fuc on Gal(b1-3)GalNAc); against Neu5Ac(a2-3) on Gal(b1-3)GalNAc (1152.6 fits Neu5Ac on Gal(b1-4)GlcNAc)
1372.5264940516574,Neu5Ac(a2-3)HexNAc(?1-?)Gal(?1-?)GalNAc(a1-3)[Neu5Ac(a2-6)]GalNAc,"[('Neu5Ac(a2-3)HexNAc(?1-?)Gal(?1-?)GalNAc(a1-3)[Neu5Ac(a2-6)]GalNAc', 0.9699), ('Neu5Ac(a2-3)[GalNAc(b1-4)]Gal(b1-3)GlcNAc(b1-3)[Neu5Ac(a2-6)]GalNAc', 0.0118)]","{'Hex': 1, 'HexNAc': 3, 'Neu5Ac': 2}",1,-1,21.92,13.0,0.39221113232372795,"[1081.3621, 1080.433, 790.3614, 1038.458, 798.1427, 1082.6281, 1312.9554, 858.4563, 1020.25, 1271.0834, 1079.5, 1151.0834, 1715.0, 1063.5, 876.6667, 1167.25, 1226.5834]",strong,,,18.772938424214903,G31901WO,1/2 residues supported: Neu5Ac(a2-3) on HexNAc (858.5 B4a); against Neu5Ac(a2-6) on reducing-end GalNAc (1167.2 fits Neu5Ac on Neu5Ac(a2-3)HexNAc)
1389.528570339515,Fuc(a1-2)Gal(b1-4)GlcNAc(b1-3)[Neu5Ac(a2-3)Gal(b1-4)GlcNAc(b1-6)]GalNAc,"[('Neu5Ac(a2-3)[GalNAc(b1-4)]Gal(b1-4)GlcNAc(b1-6)[Fuc(a1-2)Gal(b1-3)]GalNAc', 0.40134346826940076), ('Fuc(a1-2)Gal(b1-4)GlcNAc(b1-3)[Neu5Ac(a2-3)Gal(b1-4)GlcNAc(b1-6)]GalNAc', 0.30920982853102347), ('Fuc(a1-2)[GalNAc(a1-3)]Gal(b1-4)GlcNAc(b1-6)[Neu5Ac(a2-3)Gal(b1-3)]GalNAc', 0.28944670319957577)]","{'Hex': 2, 'HexNAc': 3, 'Neu5Ac': 1, 'dHex': 1}",2,-1,25.57,6.0,0.21312422732940217,"[1098.5676, 1311.5224, 587.2561, 569.3485, 1328.9963, 772.3907, 1212.1342, 733.4973, 1267.0361, 1095.8798, 1293.1349, 1859.6976, 1329.7398, 920.1265, 1108.6296, 1344.474, 900.448, 1310.6218, 869.5558, 527.1976, 1098.1267, 1228.7965, 1099.368, 1021.4638, 962.25, 740.3333, 1369.9167, 1242.5, 1185.0, 1150.25, 1023.6667, 654.8333, 1221.3334, 1185.4167, 1756.6667, 1094.5834, 814.3333, 1996.0, 1060.5, 1101.5, 1147.75, 1643.5834, 859.3333, 918.5, 1696.5, 1082.0, 1038.6667, 1345.5834, 1352.8334, 424.25, 1561.9167, 1178.5, 952.4167, 1300.0, 1587.8334, 1313.3334, 407.1667, 1242.9167, 1226.6667, 1292.0, 918.75]",strong,,,9.026279122003913,G60687DB,2/6 residues supported: Gal(b1-4) on GlcNAc(b1-3)GalNAc (733.5 Y1a); GlcNAc(b1-3) on reducing-end GalNAc (733.5 Y1a)
1389.5354041895641,Neu5Ac(a2-3)[GalNAc(b1-4)]Gal(b1-4)GlcNAc(b1-6)[Fuc(a1-2)Gal(b1-3)]GalNAc,"[('Neu5Ac(a2-3)[GalNAc(b1-4)]Gal(b1-4)GlcNAc(b1-6)[Fuc(a1-2)Gal(b1-3)]GalNAc', 1.0)]","{'Hex': 2, 'HexNAc': 3, 'Neu5Ac': 1, 'dHex': 1}",6,-1,29.18,6.0,0.41094161788059963,"[1098.4283, 772.3295, 1311.5111, 1191.4117, 1329.4195, 1329.649, 1099.3884, 895.3765, 569.4227, 1038.3281, 1056.32, 730.3294, 1243.4541, 1194.8352, 569.1356, 1312.4847, 1097.7702, 1292.6989, 1056.5546, 1292.2196, 1082.524, 1051.0646, 985.475, 790.3621, 1243.043, 1195.0751, 567.2622, 1829.1617, 1938.3862, 1328.6803, 1191.8536, 1657.6117, 924.0322, 730.5735, 832.866, 773.5722, 952.7426, 1244.5309, 1330.6324, 1000.6938, 835.3286, 1191.5827, 1041.6945, 1140.5428, 1080.5702, 1055.9214, 1346.4571, 1260.3594, 951.8744, 650.7516, 494.1537, 1151.9684, 1250.6206, 1299.2811, 856.3603, 1286.7757, 1080.2243, 1940.4649, 943.6937, 1227.0419, 1082.6986, 1339.1952, 1022.4133, 1165.7841, 773.1782, 935.4443, 587.6546, 1293.5231, 1140.2817, 1208.4474, 1153.4533, 1195.6095, 1291.7968, 1345.8556, 1291.5209, 677.4525, 799.0354, 1403.7842, 1285.4682, 876.9631, 627.2384, 1074.6214, 697.5302, 1145.5775, 996.9407, 1327.5435, 1221.9417, 1238.5258, 655.1957, 1225.7146, 1459.551, 1200.9725, 1000.2824, 512.3801, 877.359, 585.459, 1170.5273, 1793.2814, 1348.5437, 1646.3819]",strong,,,13.944430413921468,G09959BC,1/6 residues supported: GlcNAc(b1-6) on reducing-end GalNAc (1243.5 Y2g)
1389.5667814596054,Neu5Ac(a2-3)[GalNAc(b1-4)]Gal(b1-4)GlcNAc(b1-6)[Fuc(a1-2)Gal(b1-3)]GalNAc,"[('Neu5Ac(a2-3)[GalNAc(b1-4)]Gal(b1-4)GlcNAc(b1-6)[Fuc(a1-2)Gal(b1-3)]GalNAc', 0.6328974109746399), ('Fuc(a1-2)[GalNAc(a1-3)]Gal(b1-4)GlcNAc(b1-6)[Neu5Ac(a2-3)Gal(b1-3)]GalNAc', 0.3671025890253601)]","{'Hex': 2, 'HexNAc': 3, 'Neu5Ac': 1, 'dHex': 1}",2,-1,23.35,11.0,0.6421927583521431,"[1098.4416, 1311.5244, 895.4195, 715.2999, 772.3246, 1099.4543, 733.3479, 1191.4929, 569.3415, 1329.5495, 1056.3306, 853.3263, 1082.4192, 1243.6613, 389.1144, 1080.5432, 1221.5657, 1168.4393, 1140.3954, 840.4401, 934.395, 754.4535, 1170.4464, 1222.3055, 509.1299, 1233.3572, 858.4699, 1205.4546, 1064.2162, 1081.4653, 954.4517, 1322.9518, 1185.7819, 996.1355, 672.9647, 1327.3855, 1118.2915, 1220.1997, 1324.6168, 1313.8672, 859.2904, 583.25, 1146.125, 1338.0834, 1190.0, 1226.5, 1293.5, 730.4167, 1312.1667, 1145.0, 835.3333, 1263.8334, 801.75, 1032.6667, 1039.6667, 1354.5, 936.5834, 1156.1667, 570.25, 1097.1667, 1255.4167, 1185.0834, 733.9167, 691.25, 409.0833, 936.3334, 570.5, 1062.5, 1312.6667, 1187.4167, 773.6667, 510.4167, 1244.4167, 1345.4167]",strong,,,36.52586841458546,G09959BC,"4/6 residues supported: Neu5Ac(a2-3) on Gal(b1-4)GlcNAc (1168.4 Z3b); GlcNAc(b1-6) on reducing-end GalNAc (1243.7 Y2g); Fuc(a1-2) on Gal(b1-3)GalNAc (715.3 Z2a, 733.4 Y2a); Gal(b1-3) on reducing-end GalNAc (715.3 Z2a, 733.4 Y2a)"
1389.5715411387987,Neu5Ac(a2-3)[GalNAc(b1-4)]Gal(b1-4)GlcNAc(b1-6)[Fuc(a1-2)Gal(b1-3)]GalNAc,"[('Neu5Ac(a2-3)[GalNAc(b1-4)]Gal(b1-4)GlcNAc(b1-6)[Fuc(a1-2)Gal(b1-3)]GalNAc', 0.92917188338401), ('Fuc(a1-2)Gal(b1-4)GlcNAc(b1-3)[Neu5Ac(a2-3)Gal(b1-4)GlcNAc(b1-6)]GalNAc', 0.07082811661598999)]","{'Hex': 2, 'HexNAc': 3, 'Neu5Ac': 1, 'dHex': 1}",1,-1,30.82,4.0,0.0925241235707345,"[1098.6097, 772.3812, 1292.8691, 1227.9058, 1097.7469, 1167.4768, 1337.3788, 1329.4893, 1748.0515, 1191.3666, 1311.5574, 1127.7182, 835.5251, 895.6214, 1206.9481, 1038.4643, 1187.7061, 569.5441, 1062.7895, 1908.75, 1121.6667, 1938.0, 1233.75, 1080.25, 1589.75, 1178.6667, 1215.4167, 831.4167, 611.3333, 630.4167, 1354.6667, 892.3333, 970.4167]",strong,,,39.95129071757174,G09959BC,0/6 residues supported
1389.5764162613953,Neu5Ac(a2-3)[GalNAc(b1-4)]Gal(b1-4)GlcNAc(b1-6)[Fuc(a1-2)Gal(b1-3)]GalNAc,"[('Neu5Ac(a2-3)[GalNAc(b1-4)]Gal(b1-4)GlcNAc(b1-6)[Fuc(a1-2)Gal(b1-3)]GalNAc', 1.0)]","{'Hex': 2, 'HexNAc': 3, 'Neu5Ac': 1, 'dHex': 1}",8,-1,28.17,6.0,3.9164671287316466,"[1098.3992, 772.312, 1311.4307, 1329.4336, 1191.4369, 569.2198, 1056.472, 895.3161, 730.3799, 1080.4788, 1140.3831, 1038.4771, 733.3387, 627.3903, 790.3372, 715.4077, 1345.4289, 952.452, 1221.5304, 466.1814, 1311.9486, 1099.4396, 1243.4943, 1098.9914, 985.3974, 1168.5025, 1082.527, 407.2108, 970.4602, 551.3174, 567.2951, 1312.1939, 1124.4183, 934.4225, 771.8387, 1263.5345, 1142.551, 877.2826, 1062.4993, 527.2218, 1345.6022, 1233.262, 1097.7507, 1099.6033, 697.3231, 1345.8812, 773.3727, 1187.464, 527.3149, 1353.5314, 953.4729, 772.8517, 835.4497, 530.1826, 1140.5564, 754.3885, 712.2781, 567.4182, 1186.5605, 952.5262, 712.4605, 877.5876, 1243.0815, 1245.5606, 1312.6435, 1329.9317, 509.2906, 865.2725, 1056.7852, 1292.5005, 1019.4495, 673.3402, 1219.4851, 1168.6913, 424.1984, 1221.7487, 679.2898, 1330.418, 1244.5567, 570.1141, 1056.3017, 896.4792, 655.3579, 1170.8799, 1083.5007, 1167.248, 1100.4353, 1293.7498, 1293.5816, 1080.6763, 1243.9785, 1293.0969, 1188.3392, 1194.7489, 1042.5369, 1292.2792, 1340.6818, 748.5442, 389.1749, 1081.4132]",strong,,,43.45979475616447,G09959BC,"2/6 residues supported: Fuc(a1-2) on Gal(b1-3)GalNAc (733.3 Y2a, 715.4 Z2a); Gal(b1-3) on reducing-end GalNAc (733.3 Y2a, 715.4 Z2a)"
