m/z,charge,RT,top1_pred,confidence,num_spectra,candidate_mass_error,candidate_adduct,model_mode
501.0518798828125,-4,43.280395,Fuc(a1-2)[Gal(a1-3)]Gal(b1-?)[Fuc(a1-?)]GlcNAc(b1-3)Gal(b1-3)[Fuc(a1-2)[Gal(a1-3)]Gal(b1-?)[Fuc(a1-?)]GlcNAc(b1-6)]GalNAc,2.3286027328595083e-07,2,-0.6217763351935446,H-,candycrunch
501.3451232910156,-4,45.59067666666667,Neu5Ac(a2-3)[GalNAc(b1-4)]Gal(b1-?)GlcNAc(b1-3)Gal(b1-?)GlcNAc(b1-3)[Neu5Ac(a2-8)Neu5Ac(a2-6)]GalNAc,2.022228727582842e-06,3,0.5788593871783405,H-,candycrunch
502.2087097167969,-2,62.04616166666667,Neu5Gc(a2-8)Neu5Ac(a2-6)[GlcNAc(b1-3)]GalNAc,3.146926246699877e-05,1,-0.035914801587921374,H-,candycrunch
503.0283508300781,-2,29.696556666666666,Fuc(a1-?)HexNAc(?1-?)Gal(b1-3)[Neu5Ac(a2-6)]GalNAc,0.020856384187936783,7,-0.345355357919118,H-,candycrunch
505.0036315917969,-3,29.15002,Neu5Ac(a2-3)[GalNAc(b1-4)]Gal(b1-4)GlcNAc6S(b1-6)[Neu5Ac(a2-3)[GalNAc(b1-4)]Gal(b1-3)]GalNAc,0.00010250359628116712,1,-0.16082554519789483,H-,candycrunch
505.0063781738281,-3,4.5786066666666665,Neu5Ac(a2-3)Gal(b1-?)GlcNAc(b1-3)[Neu5Ac(a2-3)Gal(b1-?)GlcNAc(b1-6)]GalNAc,3.333533459226601e-05,1,-0.16357212722914483,H-,candycrunch
505.0597839355469,-3,11.765586666666668,Fuc(a1-3)HexNAc(?1-3)Gal(b1-4)[Fuc(a1-3)]GlcNAc(b1-6)[Neu5Ac(a2-3)Gal(b1-3)]GalNAc,0.0005215292330831289,1,0.12315581485216853,H-,candycrunch
505.2002868652344,-3,14.805328333333332,Fuc(a1-3)HexNAc(?1-3)Gal(b1-4)[Fuc(a1-3)]GlcNAc(b1-6)[Neu5Ac(a2-3)Gal(b1-3)]GalNAc,4.816941145691089e-05,12,-0.017347114835331467,H-,candycrunch
505.20184326171875,-3,17.882711666666665,Fuc(a1-3)HexNAc(?1-3)Gal(b1-4)[Fuc(a1-3)]GlcNAc(b1-6)[Neu5Ac(a2-3)Gal(b1-3)]GalNAc,7.795207784511149e-05,2,-0.018903511319706467,H-,candycrunch
505.2192687988281,-3,15.836285,Fuc(a1-3)HexNAc(?1-3)Gal(b1-4)[Fuc(a1-3)]GlcNAc(b1-6)[Neu5Ac(a2-3)Gal(b1-3)]GalNAc,6.889552605571225e-05,1,-0.03632904842908147,H-,candycrunch
505.2751770019531,-3,46.06973333333333,Neu5Ac(a2-3)Gal(b1-?)[Fuc(a1-?)]GlcNAc(b1-3)Gal6S(b1-?)[Fuc(a1-?)]GlcNAc(b1-3)Gal(b1-3)GalNAc,3.5710010706679896e-05,1,-0.09223725155408147,H-,candycrunch
506.0538024902344,-4,16.932158333333334,Neu5Ac(a2-3)Gal(b1-?)[Fuc(a1-?)]GlcNAc(b1-3)Gal(b1-?)GlcNAc(b1-6)[Neu5Ac(a2-3)Gal(b1-3)GlcNAc(b1-3)]GalNAc,4.796337816515006e-05,1,0.12400912143459664,H-,candycrunch
506.1820068359375,-4,14.598946666666668,Neu5Ac(a2-3)Gal(b1-?)[Fuc(a1-?)]GlcNAc(b1-3)Gal(b1-?)GlcNAc(b1-6)[Neu5Ac(a2-3)Gal(b1-?)GlcNAc(b1-3)]GalNAc,2.0484510969254188e-05,1,-0.004195224268528364,H-,candycrunch
506.2105407714844,-4,45.992415,Neu5Ac(a2-3)Gal(b1-?)[Fuc(a1-?)]GlcNAc(b1-3)Gal(b1-?)GlcNAc(b1-6)[Neu5Ac(a2-3)Gal(b1-3)GlcNAc(b1-3)]GalNAc,3.2795625770631887e-07,1,-0.032729159815403364,H-,candycrunch
506.2941589355469,-4,40.927,Neu5Ac(a2-3)Gal(b1-?)[Fuc(a1-?)]GlcNAc(b1-3)Gal(b1-?)GlcNAc(b1-6)[Neu5Ac(a2-3)Gal(b1-3)GlcNAc(b1-3)]GalNAc,6.807282488807687e-07,3,-0.11634732387790336,H-,candycrunch
506.4229431152344,-4,39.68537333333333,Neu5Ac(a2-3)Gal(b1-?)[Fuc(a1-?)]GlcNAc(b1-3)Gal(b1-?)GlcNAc(b1-6)[Neu5Ac(a2-3)Gal(b1-3)GlcNAc(b1-3)]GalNAc,1.1916713447135407e-06,5,-0.24513150356540336,H-,candycrunch
506.7718505859375,-4,6.240211666666667,Neu5Ac(a2-3)Gal(b1-?)[Fuc(a1-?)]GlcNAc(b1-3)Gal(b1-?)GlcNAc(b1-6)[Neu5Ac(a2-3)Gal(b1-3)GlcNAc(b1-3)]GalNAc,1.910520950332284e-05,1,-0.5940389742685284,H-,candycrunch
506.8495788574219,-4,4.159933333333334,Neu5Ac(a2-3)Gal(b1-?)[Fuc(a1-?)]GlcNAc(b1-3)Gal(b1-?)GlcNAc(b1-6)[Neu5Ac(a2-3)Gal(b1-?)GlcNAc(b1-3)]GalNAc,7.128049674065551e-06,11,-0.6717672457529034,H-,candycrunch
507.06866455078125,-4,2.556833333333333,Neu5Ac(a2-3)Gal(b1-?)[Fuc(a1-?)]GlcNAc(b1-3)Gal(b1-?)GlcNAc(b1-6)[Neu5Ac(a2-3)Gal(b1-3)GlcNAc(b1-3)]GalNAc,8.5833507910138e-06,1,-0.8908529391122784,H-,candycrunch
507.9751892089844,-4,3.4929816666666667,Neu5Ac(a2-3)Gal(b1-?)[Fuc(a1-?)]GlcNAc(b1-3)Gal(b1-?)GlcNAc(b1-6)[Neu5Ac(a2-3)Gal(b1-3)GlcNAc(b1-3)]GalNAc,0.0002127140760421753,1,-1.7973775973154034,H-,candycrunch
509.2834167480469,-4,21.281383333333334,Neu5Ac(a2-3)Gal(b1-?)GlcNAc(b1-?)[Gal(b1-?)GlcNAc(b1-?)]Gal(b1-?)GlcNAc(b1-6)[Neu5Ac(a2-3)Gal(b1-3)]GalNAc,9.911613597068936e-05,1,0.8931235192470695,H-,candycrunch
511.2777099609375,-1,30.029320000000002,Neu5Gc(a2-6)GalNAc,0.9470270276069641,2,-0.09963270349845743,H-,candycrunch
511.32183837890625,-2,35.96611333333334,Fuc(a1-2)Gal(b1-4)GlcNAc(b1-6)[Fuc(a1-2)Gal(b1-3)]GalNAc,0.05161382630467415,1,-0.13118503979723073,H-,candycrunch
511.34454345703125,-2,36.37512833333333,Fuc(a1-2)Gal(b1-4)GlcNAc(b1-6)[Fuc(a1-2)Gal(b1-3)]GalNAc,0.19030271470546722,7,-0.15389011792223073,H-,candycrunch
511.3965759277344,-1,44.82453666666667,Neu5Gc(a2-6)GalNAc,0.8839995861053467,1,-0.21849867029533243,H-,candycrunch
511.9637451171875,-1,0.45069,Fuc(a1-2)Gal(b1-3)GalNAc,0.5767459273338318,5,0.23473325415159252,H-,candycrunch
511.96710205078125,-1,18.902961666666666,Fuc(a1-2)Gal(b1-3)GalNAc,0.7054572105407715,17,0.23137632055784252,H-,candycrunch
511.9824523925781,-1,12.738948333333333,Gal(b1-?)GlcNAc(b1-3)Fuc,0.094244085252285,3,0.21602597876096752,H-,candycrunch
511.9875793457031,-1,8.814680000000001,Fuc(a1-2)Gal(b1-3)GalNAc,0.586572527885437,18,0.21089902563596752,H-,candycrunch
511.9901428222656,-1,16.065448333333332,Fuc(a1-2)Gal(b1-3)GalNAc,0.855574369430542,17,0.20833554907346752,H-,candycrunch
511.9912414550781,-1,6.145911666666667,Fuc(a1-2)Gal(b1-3)GalNAc,0.5154247283935547,21,0.20723691626096752,H-,candycrunch
511.99456787109375,-1,20.187573333333333,Fuc(a1-2)Gal(b1-3)GalNAc,0.1273142397403717,2,0.20391050024534252,H-,candycrunch
511.99591064453125,-1,1.9660816666666665,Fuc(a1-2)Gal(b1-3)GalNAc,0.6719423532485962,24,0.20256772680784252,H-,candycrunch
511.99639892578125,-1,7.625795,Fuc(a1-2)Gal(b1-3)GalNAc,0.8771430253982544,16,0.20207944555784252,H-,candycrunch
511.99737548828125,-1,14.131748333333334,Fuc(a1-2)Gal(b1-3)GalNAc,0.19910764694213867,20,0.20110288305784252,H-,candycrunch
512.0007934570312,-1,17.324745,Fuc(a1-2)Gal(b1-3)GalNAc,0.9668262600898743,12,0.19768491430784252,H-,candycrunch
512.0009765625,-1,12.122941666666668,Fuc(a1-2)Gal(b1-3)GalNAc,0.48844629526138306,21,0.19750180883909252,H-,candycrunch
512.0042724609375,-1,4.480451666666667,Fuc(a1-2)Gal(b1-3)GalNAc,0.27154356241226196,8,0.19420591040159252,H-,candycrunch
512.0084838867188,-1,0.8904583333333334,Fuc(a1-2)Gal(b1-3)GalNAc,0.34824109077453613,16,0.18999448462034252,H-,candycrunch
512.010986328125,-1,3.326745,Fuc(a1-2)Gal(b1-3)GalNAc,0.1468587964773178,5,0.18749204321409252,H-,candycrunch
512.0111083984375,-1,10.521514999999999,Fuc(a1-2)Gal(b1-3)GalNAc,0.1305924355983734,8,0.18736997290159252,H-,candycrunch
512.086669921875,-1,60.85746333333333,Fuc(a1-2)Gal(b1-3)GalNAc,0.9940770864486694,12,0.11180844946409252,H-,candycrunch
512.0892944335938,-1,53.182968333333335,Fuc(a1-2)Gal(b1-3)GalNAc,0.998674750328064,4,0.10918393774534252,H-,candycrunch
512.16259765625,-1,50.54396,Fuc(a1-2)Gal(b1-3)GalNAc,0.9906008243560791,2,0.03588071508909252,H-,candycrunch
513.0471801757812,-1,38.87770166666667,Gal(b1-3)GlcNAc(b1-3)Fuc,8.740357588976622e-05,5,-0.8487018044421575,H-,candycrunch
513.055419921875,-1,43.41535666666667,Gal(b1-3)GlcNAc(b1-3)Fuc,3.051886596949771e-05,5,-0.8569415505359075,H-,candycrunch
513.0776977539062,-1,38.80455,Gal(b1-4)GlcNAc(b1-3)Fuc,0.0007001160993240774,11,-0.8792193825671575,H-,candycrunch
513.1551513671875,-1,29.964190000000002,Gal(b1-?)GlcNAc(b1-3)Fuc,0.017026308923959732,1,-0.9566729958484075,H-,candycrunch
514.4154052734375,-4,51.47172166666667,Neu5Ac(a2-?)GlcNAc(b1-6)[Gal(?1-3)]Gal(b1-?)[Fuc(a1-?)]GlcNAc(b1-6)[Gal(?1-3)]Gal(b1-?)GlcNAc(b1-6)[Gal(b1-3)]GalNAc,0.00026407698169350624,2,0.014963927331450577,H-,candycrunch
514.423095703125,-4,50.2295,Neu5Ac(a2-?)GlcNAc(b1-6)[Gal(?1-3)]Gal(b1-?)[Fuc(a1-?)]GlcNAc(b1-6)[Gal(?1-3)]Gal(b1-?)GlcNAc(b1-6)[Gal(b1-3)]GalNAc,0.0004709865606855601,16,0.007273497643950577,H-,candycrunch
514.9450073242188,-4,0.3929316666666667,Fuc(a1-2)[Gal(a1-3)]Gal(b1-?)[Fuc(a1-?)]GlcNAc(b1-3)Gal(b1-4)GlcNAc(b1-6)[Fuc(a1-2)[Gal(a1-3)]Gal(b1-?)GlcNAc(b1-3)]GalNAc,1.1404704736150961e-07,1,-0.2595378455997661,H-,candycrunch
515.0567626953125,-4,38.890225,Fuc(a1-2)[Gal(a1-3)]Gal(b1-?)[Fuc(a1-?)]GlcNAc(b1-3)Gal(b1-4)GlcNAc(b1-6)[Fuc(a1-2)[Gal(a1-3)]Gal(b1-?)GlcNAc(b1-3)]GalNAc,7.002392415911274e-11,5,-0.3712932166935161,H-,candycrunch
515.2130737304688,-4,41.24328833333334,Fuc(a1-2)[Gal(a1-3)]Gal(b1-?)[Fuc(a1-?)]GlcNAc(b1-3)Gal(b1-4)GlcNAc(b1-6)[Fuc(a1-2)[Gal(a1-3)]Gal(b1-?)GlcNAc(b1-3)]GalNAc,6.2673635170540365e-09,1,-0.5276042518497661,H-,candycrunch
516.27392578125,-3,47.075045,Fuc(a1-2)Gal(b1-?)GlcNAc(b1-3)Gal(b1-3)[Fuc(a1-2)[Gal(a1-3)]Gal(b1-?)GlcNAc(b1-6)]GalNAc,0.00016260267875622958,2,-0.0875759120509656,H-,candycrunch
517.225830078125,-4,15.842501666666667,HexNAc(?1-?)Gal(b1-?)GlcNAc(b1-3)[HexNAc(?1-?)Gal(b1-?)GlcNAc(b1-6)]Gal(b1-3)[HexNAc(?1-?)Gal(b1-?)GlcNAc(b1-6)]GalNAc,8.694648568052799e-05,2,-0.28746866438098095,H-,candycrunch
518.0761108398438,-3,57.87551833333333,Neu5Ac(a2-3)HexNAc(?1-?)Gal(?1-3)[GlcNAc(b1-6)]GalNAc(a1-3)[Neu5Ac(a2-6)]GalNAc,3.693161829687597e-07,3,0.44221157392189525,H-,candycrunch
518.2822265625,-2,47.06236,Neu5Gc(a2-3)Gal(b1-4)GlcNAc(b1-6)[Gal(b1-3)]GalNAc,0.0024177830200642347,2,0.39568353090908204,H-,candycrunch
519.2269897460938,-2,47.151273333333336,Gal(a1-3)Gal(b1-?)[Fuc(a1-?)]GlcNAc(b1-6)[Gal(b1-3)]GalNAc,0.0007567640277557075,1,-0.03887909573472825,H-,candycrunch
519.718017578125,-2,22.012838333333335,Fuc(a1-2)[Gal(a1-3)]Gal(b1-3)[Gal(b1-4)GlcNAc(b1-6)]GalNAc,0.0007634236244484782,1,-0.5299069277659783,H-,candycrunch
520.1136474609375,-4,35.35646666666667,Neu5Ac(a2-3)[GalNAc(b1-4)]Gal(b1-4)GlcNAc(b1-3)Gal(b1-4)GlcNAc(b1-6)[Neu5Ac(a2-3)[GalNAc(b1-4)]Gal(b1-3)]GalNAc,3.7080085348861758e-06,3,0.3195300817315001,H-,candycrunch
520.1743774414062,-4,46.526673333333335,Neu5Ac(a2-3)[GalNAc(b1-4)]Gal(b1-4)GlcNAc(b1-3)Gal(b1-4)GlcNAc(b1-6)[Neu5Ac(a2-3)[GalNAc(b1-4)]Gal(b1-3)]GalNAc,1.5226979144244979e-07,1,0.2588001012627501,H-,candycrunch
520.9856567382812,-4,16.712558333333334,Fuc(a1-2)[GalNAc(a1-3)]Gal(b1-?)[Fuc(a1-?)]GlcNAc(b1-3)Gal(b1-3)[Fuc(a1-2)[GalNAc(a1-3)]Gal(b1-?)[Fuc(a1-?)]GlcNAc(b1-6)]GalNAc,1.2516213701019296e-06,1,-0.04227863991229697,H-,candycrunch
521.0433959960938,-4,18.762013333333332,Fuc(a1-2)[GalNAc(a1-3)]Gal(b1-?)[Fuc(a1-?)]GlcNAc(b1-3)Gal(b1-3)[Fuc(a1-2)[GalNAc(a1-3)]Gal(b1-?)[Fuc(a1-?)]GlcNAc(b1-6)]GalNAc,8.33280637380085e-07,1,-0.10001789772479697,H-,candycrunch
521.1219482421875,-3,0.757675,Neu5Gc(a2-3)Gal(b1-4)GlcNAc(b1-3)Gal(b1-3)[Gal(a1-3)Gal(b1-4)GlcNAc(b1-6)]GalNAc,2.8747734177159145e-05,1,0.05590612987816712,H-,candycrunch
521.132568359375,-3,39.52281833333333,Neu5Gc(a2-3)Gal(b1-4)GlcNAc(b1-3)Gal(b1-3)[Gal(a1-3)Gal(b1-4)GlcNAc(b1-6)]GalNAc,3.2456946428283118e-06,17,0.04528601269066712,H-,candycrunch
521.1458740234375,-3,60.29862833333333,Neu5Gc(a2-3)Gal(b1-4)GlcNAc(b1-3)Gal(b1-3)[Gal(a1-3)Gal(b1-4)GlcNAc(b1-6)]GalNAc,1.7111923398260842e-06,14,0.03198034862816712,H-,candycrunch
521.1622924804688,-3,32.21140166666667,Neu5Gc(a2-3)Gal(b1-4)GlcNAc(b1-3)Gal(b1-3)[Gal(a1-3)Gal(b1-4)GlcNAc(b1-6)]GalNAc,0.00023892804165370762,1,0.015561891596917121,H-,candycrunch
521.1719360351562,-3,61.745644999999996,Neu5Gc(a2-3)Gal(b1-4)GlcNAc(b1-3)Gal(b1-3)[Gal(a1-3)Gal(b1-4)GlcNAc(b1-6)]GalNAc,7.432892743963748e-06,1,0.005918336909417121,H-,candycrunch
521.1814575195312,-3,43.19081333333334,Neu5Gc(a2-3)Gal(b1-4)GlcNAc(b1-3)Gal(b1-3)[Gal(a1-3)Gal(b1-4)GlcNAc(b1-6)]GalNAc,6.217506324901478e-06,24,-0.003603147465582879,H-,candycrunch
521.1845092773438,-3,51.881035,Neu5Gc(a2-3)Gal(b1-4)GlcNAc(b1-3)Gal(b1-3)[Gal(a1-3)Gal(b1-4)GlcNAc(b1-6)]GalNAc,3.2387192732130643e-06,3,-0.006654905278082879,H-,candycrunch
521.1918334960938,-3,50.85742666666667,Neu5Gc(a2-3)Gal(b1-4)GlcNAc(b1-3)Gal(b1-3)[Gal(a1-3)Gal(b1-4)GlcNAc(b1-6)]GalNAc,7.2226525844598655e-06,14,-0.013979124028082879,H-,candycrunch
521.192626953125,-3,37.861113333333336,Neu5Gc(a2-3)Gal(b1-4)GlcNAc(b1-3)Gal(b1-3)[Gal(a1-3)Gal(b1-4)GlcNAc(b1-6)]GalNAc,2.0229599613230675e-06,15,-0.014772581059332879,H-,candycrunch
521.1954956054688,-3,44.889158333333334,Neu5Gc(a2-3)Gal(b1-4)GlcNAc(b1-3)Gal(b1-3)[Gal(a1-3)Gal(b1-4)GlcNAc(b1-6)]GalNAc,2.8021151592838578e-05,7,-0.01764123340308288,H-,candycrunch
521.1981201171875,-3,36.82082833333333,Neu5Gc(a2-3)Gal(b1-4)GlcNAc(b1-3)Gal(b1-3)[Gal(a1-3)Gal(b1-4)GlcNAc(b1-6)]GalNAc,0.0001483630621805787,1,-0.02026574512183288,H-,candycrunch
521.2159423828125,-3,48.68262166666667,Neu5Gc(a2-3)Gal(b1-4)GlcNAc(b1-3)Gal(b1-3)[Gal(a1-3)Gal(b1-4)GlcNAc(b1-6)]GalNAc,6.821913757448783e-06,11,-0.03808801074683288,H-,candycrunch
521.2181396484375,-3,44.96555333333333,Neu5Gc(a2-3)Gal(b1-4)GlcNAc(b1-3)Gal(b1-3)[Gal(a1-3)Gal(b1-4)GlcNAc(b1-6)]GalNAc,2.1910413124714978e-05,6,-0.04028527637183288,H-,candycrunch
521.224853515625,-3,42.188563333333335,Neu5Gc(a2-3)Gal(b1-4)GlcNAc(b1-3)Gal(b1-3)[Gal(a1-3)Gal(b1-4)GlcNAc(b1-6)]GalNAc,1.5562338376184925e-05,4,-0.04699914355933288,H-,candycrunch
521.2301025390625,-3,54.908615000000005,Neu5Gc(a2-3)Gal(b1-4)GlcNAc(b1-3)Gal(b1-3)[Gal(a1-3)Gal(b1-4)GlcNAc(b1-6)]GalNAc,1.4725536857440602e-05,4,-0.05224816699683288,H-,candycrunch
521.2310180664062,-3,53.514871666666664,Neu5Gc(a2-3)Gal(b1-4)GlcNAc(b1-3)Gal(b1-3)[Gal(a1-3)Gal(b1-4)GlcNAc(b1-6)]GalNAc,2.1628406102536246e-05,1,-0.05316369434058288,H-,candycrunch
521.2332153320312,-3,49.69605,Neu5Gc(a2-3)Gal(b1-4)GlcNAc(b1-3)Gal(b1-3)[Gal(a1-3)Gal(b1-4)GlcNAc(b1-6)]GalNAc,1.5145357792789582e-05,1,-0.05536095996558288,H-,candycrunch
521.2352905273438,-3,48.52881333333334,Neu5Gc(a2-3)Gal(b1-4)GlcNAc(b1-3)Gal(b1-3)[Gal(a1-3)Gal(b1-4)GlcNAc(b1-6)]GalNAc,1.1708626516337972e-05,16,-0.05743615527808288,H-,candycrunch
521.2645874023438,-3,40.779043333333334,Neu5Gc(a2-3)Gal(b1-4)GlcNAc(b1-3)Gal(b1-3)[Gal(a1-3)Gal(b1-4)GlcNAc(b1-6)]GalNAc,2.9295829335751478e-06,9,-0.08673303027808288,H-,candycrunch
521.325927734375,-3,48.232443333333336,Neu5Gc(a2-3)Gal(b1-4)GlcNAc(b1-3)Gal(b1-3)[Gal(a1-3)Gal(b1-4)GlcNAc(b1-6)]GalNAc,4.05179116569343e-06,29,-0.14807336230933288,H-,candycrunch
521.8261108398438,-3,3.8705083333333334,Neu5Gc(a2-3)Gal(b1-4)GlcNAc(b1-3)Gal(b1-3)[Gal(a1-3)Gal(b1-4)GlcNAc(b1-6)]GalNAc,8.925321708375122e-06,1,-0.6482564677780829,H-,candycrunch
522.1611938476562,-3,61.33538000000001,Neu5Gc(a2-3)Gal(b1-4)GlcNAc(b1-3)Gal(b1-3)[Gal(a1-3)Gal(b1-4)GlcNAc(b1-6)]GalNAc,3.626639227150008e-05,1,-0.9833394755905829,H-,candycrunch
522.29248046875,-3,39.67209166666667,Neu5Gc(a2-3)Gal(b1-4)GlcNAc(b1-3)Gal(b1-3)[Gal(a1-3)Gal(b1-4)GlcNAc(b1-6)]GalNAc,5.981527010590071e-06,2,-1.1146260966843329,H-,candycrunch
522.2964477539062,-3,40.933225,Neu5Gc(a2-3)Gal(b1-4)GlcNAc(b1-3)Gal(b1-3)[Gal(a1-3)Gal(b1-4)GlcNAc(b1-6)]GalNAc,1.0080964784719981e-05,1,-1.1185933818405829,H-,candycrunch
523.2391967773438,-3,55.77585333333333,Fuc(a1-2)[GalNAc(a1-3)]Gal(b1-?)GlcNAc(b1-3)[Neu5Ac(a2-3)Gal(b1-?)GlcNAc(b1-6)]GalNAc,0.0006191420252434909,1,0.9508975477218655,H-,candycrunch
523.2755126953125,-3,55.703271666666666,Fuc(a1-2)[GalNAc(a1-3)]Gal(b1-?)GlcNAc(b1-3)[Neu5Ac(a2-3)Gal(b1-?)GlcNAc(b1-6)]GalNAc,0.00010355738777434453,15,0.9145816297531155,H-,candycrunch
523.2880859375,-3,54.369275,Fuc(a1-2)[GalNAc(a1-3)]Gal(b1-?)GlcNAc(b1-?)[Neu5Ac(a2-3)Gal(b1-?)GlcNAc(b1-?)]GalNAc,9.947403304977342e-05,5,0.9020083875656155,H-,candycrunch
524.0228271484375,-3,4.716281666666666,Fuc(a1-2)[GalNAc(a1-3)]Gal(b1-?)GlcNAc(b1-?)[Neu5Ac(a2-3)Gal(b1-?)GlcNAc(b1-?)]GalNAc,0.001536165364086628,1,0.16726717662811552,H-,candycrunch
524.0533447265625,-3,18.684876666666668,Fuc(a1-2)[GalNAc(a1-3)]Gal(b1-?)GlcNAc(b1-3)[Fuc(a1-2)[GalNAc(a1-3)]Gal(b1-?)[Fuc(a1-?)]GlcNAc6S(b1-6)]GalNAc,0.009028039872646332,1,0.4768833023032357,H-,candycrunch
524.2637939453125,-3,59.229475,Fuc(a1-2)[GalNAc(a1-3)]Gal(b1-?)GlcNAc(b1-?)[Neu5Ac(a2-3)Gal(b1-?)GlcNAc(b1-?)]GalNAc,0.0011685980716720223,9,-0.07369962024688448,H-,candycrunch
524.9515380859375,-3,3.153458333333333,Fuc(a1-2)[GalNAc(a1-3)]Gal(b1-?)GlcNAc(b1-3)[Fuc(a1-2)[GalNAc(a1-3)]Gal(b1-?)[Fuc(a1-?)]GlcNAc6S(b1-6)]GalNAc,0.013383794575929642,1,-0.4213100570717643,H-,candycrunch
525.9854736328125,-1,1.5455966666666667,Fuc(a1-?)[GlcA(b1-?)]GalNAc,0.003715473460033536,1,0.19226927702652574,H-,candycrunch
526.02734375,-1,4.813165000000001,HexNAc(?1-?)GlcA(b1-?)Fuc,0.007717802654951811,2,0.15039915983902574,H-,candycrunch
527.1954345703125,-2,14.973526666666666,Gal(b1-?)GlcNAc(b1-3)Gal(b1-?)GlcNAc6S(b1-3)Gal(b1-?)GlcNAc6S(b1-6)[Gal(b1-3)]GalNAc,8.853121471474878e-07,5,-0.009866608703418933,H-,candycrunch
528.9999389648438,-4,0.683715,Fuc(a1-2)Gal(b1-4)GlcNAc(b1-3)[Fuc(a1-2)Gal(b1-4)GlcNAc(b1-6)]Gal(b1-3)[Gal(b1-?)GlcNAc(b1-3)Gal(b1-?)GlcNAc(b1-6)]GalNAc,0.0001993548939935863,1,-0.05910355522473765,H-,candycrunch
529.1217041015625,-4,42.16867166666667,Fuc(a1-2)Gal(b1-4)GlcNAc(b1-3)[Fuc(a1-2)Gal(b1-4)GlcNAc(b1-6)]Gal(b1-3)[Gal(b1-?)GlcNAc(b1-3)Gal(b1-4)GlcNAc(b1-6)]GalNAc,3.2093777635466836e-10,8,-0.18086869194348765,H-,candycrunch
529.1317749023438,-4,40.001459999999994,Fuc(a1-2)Gal(b1-4)GlcNAc(b1-3)[Fuc(a1-2)Gal(b1-4)GlcNAc(b1-6)]Gal(b1-3)[Gal(b1-?)GlcNAc(b1-3)Gal(b1-?)GlcNAc(b1-6)]GalNAc,5.619618150376482e-06,1,-0.19093949272473765,H-,candycrunch
529.3379516601562,-3,36.398876666666666,Neu5Ac(a2-?)Gal(b1-?)GlcNAc(b1-3)Gal(b1-4)GlcNAc(b1-3)Gal6S(b1-4)GlcNAc(b1-6)[Gal(b1-3)]GalNAc,2.4338570270288074e-08,3,0.18378087240944296,H-,candycrunch
529.9632568359375,-3,13.841785,Fuc(a1-?)[Gal(b1-?)]GlcNAc(b1-3)[Fuc(a1-?)[Gal(b1-?)]GlcNAc(b1-6)]Gal(b1-3)[GlcNAc(b1-6)]GalNAc,0.004085666500031948,1,-0.10139059957180052,H-,candycrunch
529.9920654296875,-3,8.906166666666667,Fuc(a1-2)Gal(b1-4)GlcNAc(b1-3)[Fuc(a1-2)Gal(b1-4)GlcNAc(b1-6)]Gal(b1-3)[GlcNAc(b1-6)]GalNAc,5.115639578434639e-05,2,-0.13019919332180052,H-,candycrunch
529.993408203125,-3,2.6272816666666667,Fuc(a1-2)Gal(b1-4)GlcNAc(b1-6)[Fuc(a1-?)[Gal(b1-?)]GlcNAc(b1-3)]Gal(b1-3)[GlcNAc(b1-6)]GalNAc,0.0001550952874822542,1,-0.13154196675930052,H-,candycrunch
530.0343017578125,-3,7.065296666666666,Fuc(a1-2)Gal(b1-4)GlcNAc(b1-3)[Fuc(a1-2)Gal(b1-4)GlcNAc(b1-6)]Gal(b1-3)[GlcNAc(b1-6)]GalNAc,3.2161482522496954e-05,1,-0.17243552144680052,H-,candycrunch
530.0372924804688,-3,6.008928333333333,Fuc(a1-2)Gal(b1-4)GlcNAc(b1-3)[Fuc(a1-2)Gal(b1-4)GlcNAc(b1-6)]Gal(b1-3)[GlcNAc(b1-6)]GalNAc,0.0006987450760789216,1,-0.17542624410305052,H-,candycrunch
530.1903076171875,-3,46.514003333333335,Fuc(a1-?)[GalOS(b1-?)]GlcNAc(b1-3)[Fuc(a1-?)[Gal(b1-?)]GlcNAc(b1-6)]Gal(b1-3)[Gal(b1-?)GlcNAc(b1-6)]GalNAc,6.903582772110894e-08,5,-0.3284413808218005,H-,candycrunch
530.2243041992188,-3,21.361673333333332,Fuc(a1-2)Gal(b1-4)GlcNAc(b1-3)[Fuc(a1-2)Gal(b1-4)GlcNAc(b1-6)]Gal(b1-3)[GlcNAc(b1-6)]GalNAc,3.0356595743796788e-05,2,-0.3624379628530505,H-,candycrunch
530.2507934570312,-3,15.985685,Fuc(a1-2)Gal(b1-?)[Fuc(a1-?)]GlcNAc(b1-3)Gal(b1-4)GlcNAc(b1-6)[GlcNAc(a1-4)Gal(b1-3)]GalNAc,0.00010487332474440336,3,-0.3889272206655505,H-,candycrunch
530.2664794921875,-3,47.772211666666664,Fuc(a1-?)[Gal(b1-?)]GlcNAc(b1-3)[Fuc(a1-?)[Gal(b1-?)]GlcNAc(b1-6)]Gal(b1-3)[GlcNAc(b1-6)]GalNAc,4.22591162063668e-09,2,-0.4046132558218005,H-,candycrunch
530.278564453125,-3,43.737386666666666,Fuc(a1-?)[GalOS(b1-?)]GlcNAc(b1-3)[Fuc(a1-?)[Gal(b1-?)]GlcNAc(b1-6)]Gal(b1-3)[Gal(b1-?)GlcNAc(b1-6)]GalNAc,1.5208189324766863e-05,3,-0.4166982167593005,H-,candycrunch
530.2901611328125,-3,26.761535,Fuc(a1-?)[GalOS(b1-?)]GlcNAc(b1-3)[Fuc(a1-?)[Gal(b1-?)]GlcNAc(b1-6)]Gal(b1-3)[Gal(b1-?)GlcNAc(b1-6)]GalNAc,1.909821412127144e-09,13,-0.4282948964468005,H-,candycrunch
531.037353515625,-2,12.982603333333333,GalOS(b1-4)GlcNAc(b1-3)Gal(b1-4)GlcNAc(b1-3)[Neu5Ac(a2-6)]GalNAc,6.566398224094883e-05,1,0.15637381853400711,H-,candycrunch
532.277099609375,-2,26.847343333333335,Fuc(a1-2)Gal(b1-?)[Fuc(a1-?)]GlcNAc(b1-3)[GlcNAc(b1-6)]GalNAc,1.8349657793237384e-08,4,-0.5731717195159263,H-,candycrunch
533.0908203125,-2,61.57256333333333,HexNAcOS(?1-?)HexA(?1-?)Hex(?1-?)HexNAc(?1-?)HexA(?1-?)[Fuc(a1-?)]GalNAc,4.133520997129381e-05,2,0.07655487635906866,H-,candycrunch
533.1212158203125,-2,33.308834999999995,HexNAcOS(?1-?)HexA(?1-?)Hex(?1-?)HexNAc(?1-?)HexA(?1-?)[Fuc(a1-?)]GalNAc,4.3791364987555426e-06,3,0.04615936854656866,H-,candycrunch
533.135009765625,-2,12.437673333333334,HexNAcOS(?1-?)HexA(?1-?)Hex(?1-?)HexNAc(?1-?)HexA(?1-?)[Fuc(a1-?)]GalNAc,0.00020200785365886986,1,0.03236542323406866,H-,candycrunch
533.164306640625,-2,19.15894666666667,HexNAcOS(?1-?)HexA(?1-?)Hex(?1-?)HexNAc(?1-?)HexA(?1-?)[Fuc(a1-?)]GalNAc,0.00020516460062935948,1,0.0030685482340686576,H-,candycrunch
533.1746826171875,-2,8.91356,HexNAcOS(?1-?)HexA(?1-?)Hex(?1-?)HexNAc(?1-?)HexA(?1-?)[Fuc(a1-?)]GalNAc,0.00023953088384587318,1,-0.007307428328431342,H-,candycrunch
533.1970825195312,-2,17.344051666666665,HexNAcOS(?1-?)HexA(?1-?)Hex(?1-?)HexNAc(?1-?)HexA(?1-?)[Fuc(a1-?)]GalNAc,4.822059054276906e-05,1,-0.029707330672181342,H-,candycrunch
533.2079467773438,-2,3.07934,HexNAcOS(?1-?)HexA(?1-?)Hex(?1-?)HexNAc(?1-?)HexA(?1-?)[Fuc(a1-?)]GalNAc,6.892267992952839e-05,2,-0.04057158848468134,H-,candycrunch
533.2094116210938,-2,6.094423333333333,HexNAcOS(?1-?)HexA(?1-?)Hex(?1-?)HexNAc(?1-?)HexA(?1-?)[Fuc(a1-?)]GalNAc,8.858592627802864e-05,2,-0.04203643223468134,H-,candycrunch
533.2125854492188,-2,1.47565,HexNAcOS(?1-?)HexA(?1-?)Hex(?1-?)HexNAc(?1-?)HexA(?1-?)[Fuc(a1-?)]GalNAc,7.230921619338915e-05,1,-0.04521026035968134,H-,candycrunch
533.2182006835938,-2,5.090261666666667,HexNAcOS(?1-?)HexA(?1-?)Hex(?1-?)HexNAc(?1-?)HexA(?1-?)[Fuc(a1-?)]GalNAc,0.0002520307607483119,1,-0.05082549473468134,H-,candycrunch
533.2398071289062,-2,16.322608333333335,HexNAcOS(?1-?)HexA(?1-?)Hex(?1-?)HexNAc(?1-?)HexA(?1-?)[Fuc(a1-?)]GalNAc,4.2770529944391456e-06,1,-0.07243194004718134,H-,candycrunch
534.097900390625,-3,5.4044533333333336,Neu5Ac(a2-8)Neu5Ac(a2-3)Gal(b1-3)[Neu5Ac(a2-3)Gal(b1-4)GlcNAc(b1-6)]GalNAc,4.537781569524668e-05,1,0.08358698050733437,H-,candycrunch
534.1890869140625,-3,8.842111666666668,Neu5Ac(a2-8)Neu5Ac(a2-3)Gal(b1-3)[Neu5Ac(a2-3)Gal(b1-4)GlcNAc(b1-6)]GalNAc,4.26435872213915e-06,1,-0.007599542930165626,H-,candycrunch
534.1920776367188,-3,2.4677766666666665,{Neu5Ac(a2-8)}Neu5Ac(a2-3)Gal(b1-4)GlcNAc(b1-6)[Neu5Ac(a2-3)Gal(b1-3)]GalNAc,2.1785078843095107e-06,1,-0.010590265586415626,H-,candycrunch
534.231201171875,-3,7.645193333333333,{Neu5Ac(a2-8)}Neu5Ac(a2-3)Gal(b1-4)GlcNAc(b1-6)[Neu5Ac(a2-3)Gal(b1-3)]GalNAc,1.0081680557050277e-06,1,-0.049713800742665626,H-,candycrunch
535.2095336914062,-3,5.9202433333333335,Fuc(a1-?)[Gal(b1-?)]GlcNAc(b1-3)[Gal(b1-?)GlcNAc(b1-6)]Gal(b1-3)[Gal(b1-?)GlcNAc(b1-6)]GalNAc,6.741394463460892e-05,1,-0.016029247540586766,H-,candycrunch
535.3486938476562,-3,46.050495,HexNAcOS(?1-?)HexA(?1-?)Hex(?1-?)HexNAc(?1-?)HexA(?1-?)Hex(?1-?)HexNAc(?1-?)HexA(?1-?)[Fuc(a1-?)]GalNAc,2.3755163169880689e-07,6,0.14855876754279507,H-,candycrunch
537.1320190429688,-3,61.329116666666664,HexNAcOS(?1-?)HexA(?1-?)Hex(?1-?)HexNAc(?1-?)HexA(?1-?)Hex(?1-?)HexNAc(?1-?)HexA(?1-?)[Fuc(a1-?)]GalNAc,6.76557306178438e-07,2,-1.634766427769705,H-,candycrunch
537.2271118164062,-3,48.54777,HexNAcOS(?1-?)HexA(?1-?)Hex(?1-?)HexNAc(?1-?)HexA(?1-?)Hex(?1-?)HexNAc(?1-?)HexA(?1-?)[Fuc(a1-?)]GalNAc,2.95422097451592e-07,3,-1.729859201207205,H-,candycrunch
537.2357788085938,-3,32.217641666666665,HexNAcOS(?1-?)HexA(?1-?)Hex(?1-?)HexNAc(?1-?)HexA(?1-?)Hex(?1-?)HexNAc(?1-?)HexA(?1-?)[Fuc(a1-?)]GalNAc,7.606335117316121e-08,1,-1.738526193394705,H-,candycrunch
537.3008422851562,-3,40.13075666666666,HexNAcOS(?1-?)HexA(?1-?)Hex(?1-?)HexNAc(?1-?)HexA(?1-?)Hex(?1-?)HexNAc(?1-?)HexA(?1-?)[Fuc(a1-?)]GalNAc,1.9104417958715203e-07,4,-1.803589669957205,H-,candycrunch
537.3663330078125,-2,41.85429166666667,HexNAc(?1-?)GalOS(b1-4)GlcNAc(b1-3)Gal(b1-3)[Neu5Gc(a2-6)]GalNAc,0.001604263437911868,2,1.8248516363465797,H-,candycrunch
537.3740234375,-2,45.831465,HexNAc(?1-?)GalOS(b1-4)GlcNAc(b1-3)Gal(b1-3)[Neu5Gc(a2-6)]GalNAc,0.00016532883455511183,4,1.8171612066590797,H-,candycrunch
537.37841796875,-2,40.60435666666667,HexNAc(?1-?)GalOS(b1-4)GlcNAc(b1-3)Gal(b1-3)[Neu5Gc(a2-6)]GalNAc,0.00015498501306865364,23,1.8127666754090797,H-,candycrunch
538.10888671875,-2,62.05997833333333,HexNAc(?1-?)GalOS(b1-4)GlcNAc(b1-3)Gal(b1-3)[Neu5Gc(a2-6)]GalNAc,0.0002487994497641921,1,1.0822979254090797,H-,candycrunch
538.194580078125,-2,60.85117833333333,HexNAc(?1-?)GalOS(b1-4)GlcNAc(b1-3)Gal(b1-3)[Neu5Gc(a2-6)]GalNAc,0.01557881385087967,1,0.9966045660340797,H-,candycrunch
538.2018432617188,-2,46.98493833333334,HexNAc(?1-?)GalOS(b1-4)GlcNAc(b1-3)Gal(b1-3)[Neu5Gc(a2-6)]GalNAc,9.660018258728087e-05,2,0.9893413824403297,H-,candycrunch
538.2181396484375,-2,50.17838166666667,HexNAc(?1-?)GalOS(b1-4)GlcNAc(b1-3)Gal(b1-3)[Neu5Gc(a2-6)]GalNAc,0.00354022323153913,1,0.9730449957215797,H-,candycrunch
538.2197875976562,-2,39.82716666666667,HexNAc(?1-?)GalOS(b1-4)GlcNAc(b1-3)Gal(b1-3)[Neu5Gc(a2-6)]GalNAc,0.00018652109429240227,3,0.9713970465028297,H-,candycrunch
538.2233276367188,-2,48.77218666666666,HexNAc(?1-?)GalOS(b1-4)GlcNAc(b1-3)Gal(b1-3)[Neu5Gc(a2-6)]GalNAc,0.0005787430563941598,3,0.9678570074403297,H-,candycrunch
538.2288208007812,-2,51.484321666666666,HexNAc(?1-?)GalOS(b1-4)GlcNAc(b1-3)Gal(b1-3)[Neu5Gc(a2-6)]GalNAc,0.00045547945774160326,1,0.9623638433778297,H-,candycrunch
538.2374267578125,-2,55.86746166666667,HexNAc(?1-?)GalOS(b1-4)GlcNAc(b1-3)Gal(b1-3)[Neu5Gc(a2-6)]GalNAc,0.0006080926395952702,5,0.9537578863465797,H-,candycrunch
538.2568359375,-2,42.1029,HexNAc(?1-?)GalOS(b1-4)GlcNAc(b1-3)Gal(b1-3)[Neu5Gc(a2-6)]GalNAc,0.00018381484551355243,4,0.9343487066590797,H-,candycrunch
538.2817993164062,-2,46.05675166666666,HexNAc(?1-?)GalOS(b1-4)GlcNAc(b1-3)Gal(b1-3)[Neu5Gc(a2-6)]GalNAc,0.00012774445349350572,5,0.9093853277528297,H-,candycrunch
539.12353515625,-2,0.74162,HexNAc(?1-?)GalOS(b1-4)GlcNAc(b1-3)Gal(b1-3)[Neu5Gc(a2-6)]GalNAc,0.014235486276447773,3,0.06764948790907965,H-,candycrunch
539.1306762695312,-2,16.621616666666664,HexNAc(?1-?)GalOS(b1-4)GlcNAc(b1-3)Gal(b1-3)[Neu5Gc(a2-6)]GalNAc,0.0003113076090812683,1,0.06050837462782965,H-,candycrunch
539.175537109375,-2,39.05793333333333,HexNAc(?1-?)GalOS(b1-4)GlcNAc(b1-3)Gal(b1-3)[Neu5Gc(a2-6)]GalNAc,9.730117017170414e-05,6,0.015647534784079653,H-,candycrunch
539.18408203125,-2,49.32440666666667,HexNAc(?1-?)GalOS(b1-4)GlcNAc(b1-3)Gal(b1-3)[Neu5Gc(a2-6)]GalNAc,4.242156137479469e-05,2,0.007102612909079653,H-,candycrunch
539.1939086914062,-2,38.266241666666666,HexNAc(?1-?)GalOS(b1-4)GlcNAc(b1-3)Gal(b1-3)[Neu5Gc(a2-6)]GalNAc,0.0001226672757184133,6,-0.002724047247170347,H-,candycrunch
539.1980590820312,-2,60.53440333333333,HexNAc(?1-?)GalOS(b1-4)GlcNAc(b1-3)Gal(b1-3)[Neu5Gc(a2-6)]GalNAc,0.0010257791727781296,10,-0.006874437872170347,H-,candycrunch
539.1995849609375,-2,46.82387833333333,HexNAc(?1-?)GalOS(b1-4)GlcNAc(b1-3)Gal(b1-3)[Neu5Gc(a2-6)]GalNAc,9.656596375862136e-05,15,-0.008400316778420347,H-,candycrunch
539.2009887695312,-4,44.040279999999996,GlcNAc(a1-4)Gal(b1-4)GlcNAc(b1-3)[GlcNAc(a1-4)Gal(b1-4)GlcNAc(b1-6)]Gal(b1-3)[Fuc(a1-2)Gal(b1-?)[Fuc(a1-?)]GlcNAc(b1-6)]GalNAc,2.231160351584549e-06,18,-0.003516084537295683,H-,candycrunch
539.2080078125,-2,50.697545,HexNAc(?1-?)GalOS(b1-4)GlcNAc(b1-3)Gal(b1-3)[Neu5Gc(a2-6)]GalNAc,0.00016409717500209808,19,-0.016823168340920347,H-,candycrunch
539.2177734375,-1,42.72214,GlcNAc(b1-3)[Xyl(?1-?)]GalNAc,6.040050379851891e-07,6,-0.008396028660968113,H-,candycrunch
539.2193603515625,-1,48.45842666666667,GlcNAc(b1-3)[Xyl(?1-?)]GalNAc,1.302208261222404e-06,16,-0.009982942723468113,H-,candycrunch
539.2218017578125,-1,59.312573333333326,GlcNAc(b1-3)[Xyl(?1-?)]GalNAc,3.750118366951938e-07,1,-0.012424348973468113,H-,candycrunch
539.2340698242188,-1,56.31193833333333,GlcNAc(b1-3)[Xyl(?1-?)]GalNAc,4.90299839839281e-07,4,-0.024692415379718113,H-,candycrunch
539.2439575195312,-1,46.59180833333333,GlcNAc(b1-3)[Xyl(?1-?)]GalNAc,8.762107768234273e-07,19,-0.03458011069221811,H-,candycrunch
539.246337890625,-1,54.756053333333334,GlcNAc(b1-3)[Xyl(?1-?)]GalNAc,2.4054434106801637e-06,1,-0.03696048178596811,H-,candycrunch
539.268310546875,-2,45.513313333333336,HexNAc(?1-?)GalOS(b1-4)GlcNAc(b1-3)Gal(b1-3)[Neu5Gc(a2-6)]GalNAc,0.0003921370371244848,2,-0.07712590271592035,H-,candycrunch
540.070068359375,-2,2.2664416666666667,Gal(b1-4)GlcNAc(b1-3)[Fuc(a1-?)[Gal(b1-?)]GlcNAc(b1-6)]GalNAc,0.0013268073089420795,1,-0.36868315826598064,H-,candycrunch
540.2848510742188,-3,48.160715,HexNAcOS(?1-?)HexA(?1-?)Hex(?1-?)HexNAc(?1-?)HexA(?1-?)Hex(?1-?)HexNAc(?1-?)HexA(?1-?)Gal(b1-3)GalNAc,3.744345804079785e-06,1,0.5440397484802588,H-,candycrunch
540.3984375,-3,44.113865000000004,HexNAcOS(?1-?)HexA(?1-?)Hex(?1-?)HexNAc(?1-?)HexA(?1-?)Hex(?1-?)HexNAc(?1-?)HexA(?1-?)Gal(b1-3)GalNAc,1.0389364888396813e-06,1,0.4304533226990088,H-,candycrunch
541.0756,-2,1.17659,HexNAcOS(?1-?)HexA(?1-?)Hex(?1-?)HexNAc(?1-?)HexA(?1-4)Gal(b1-3)GalNAc,6.147538442746736e-07,1,0.08923250010900574,H-,candycrunch
541.1907958984375,-2,44.908078333333336,HexNAcOS(?1-?)HexA(?1-?)Hex(?1-?)HexNAc(?1-?)HexA(?1-4)Gal(b1-3)GalNAc,4.3125851334480103e-07,1,-0.02596339832848571,H-,candycrunch
542.80419921875,-4,3.8641783333333333,Neu5Ac(a2-3)Gal(b1-?)[Fuc(a1-?)]GlcNAc(b1-3)Gal(b1-?)[Fuc(a1-?)]GlcNAc(b1-6)[Neu5Ac(a2-3)Gal(b1-3)GlcNAc(b1-3)]GalNAc,2.361604689582464e-09,11,-0.11191040483106462,H-,candycrunch
543.0328369140625,-4,11.845664999999999,Neu5Ac(a2-3)Gal(b1-?)[Fuc(a1-?)]GlcNAc(b1-3)Gal(b1-?)[Fuc(a1-?)]GlcNAc(b1-6)[Neu5Ac(a2-3)Gal(b1-3)GlcNAc(b1-3)]GalNAc,1.876424988722647e-07,5,-0.3405481001435646,H-,candycrunch
543.033447265625,-4,8.296223333333334,Neu5Ac(a2-3)Gal(b1-?)[Fuc(a1-?)]GlcNAc(b1-3)Gal(b1-?)[Fuc(a1-?)]GlcNAc(b1-6)[Neu5Ac(a2-3)Gal(b1-3)GlcNAc(b1-3)]GalNAc,6.074308771530923e-07,5,-0.3411584517060646,H-,candycrunch
543.0459594726562,-4,5.555791666666666,Neu5Ac(a2-3)Gal(b1-?)[Fuc(a1-?)]GlcNAc(b1-3)Gal(b1-?)[Fuc(a1-?)]GlcNAc(b1-6)[Neu5Ac(a2-3)Gal(b1-3)GlcNAc(b1-3)]GalNAc,1.8515679300890042e-07,3,-0.3536706587373146,H-,candycrunch
543.0584106445312,-4,10.776971666666666,Neu5Ac(a2-3)Gal(b1-?)[Fuc(a1-?)]GlcNAc(b1-3)Gal(b1-?)[Fuc(a1-?)]GlcNAc(b1-6)[Neu5Ac(a2-3)Gal(b1-3)GlcNAc(b1-3)]GalNAc,4.806546485269791e-07,5,-0.3661218306123146,H-,candycrunch
543.0585327148438,-4,7.488536666666667,Neu5Ac(a2-3)Gal(b1-?)[Fuc(a1-?)]GlcNAc(b1-3)Gal(b1-?)[Fuc(a1-?)]GlcNAc(b1-6)[Neu5Ac(a2-3)Gal(b1-3)GlcNAc(b1-3)]GalNAc,1.401116151100723e-06,10,-0.3662439009248146,H-,candycrunch
543.0648803710938,-4,17.25865,Neu5Ac(a2-3)Gal(b1-?)[Fuc(a1-?)]GlcNAc(b1-3)Gal(b1-?)[Fuc(a1-?)]GlcNAc(b1-6)[Neu5Ac(a2-3)Gal(b1-3)GlcNAc(b1-3)]GalNAc,1.6420939346062369e-06,4,-0.3725915571748146,H-,candycrunch
543.0697021484375,-4,1.6107133333333332,Neu5Ac(a2-3)Gal(b1-?)[Fuc(a1-?)]GlcNAc(b1-3)Gal(b1-?)[Fuc(a1-?)]GlcNAc(b1-6)[Neu5Ac(a2-3)Gal(b1-3)GlcNAc(b1-3)]GalNAc,1.1153777457195702e-08,5,-0.3774133345185646,H-,candycrunch
543.0718383789062,-4,9.509538333333333,Neu5Ac(a2-3)Gal(b1-?)[Fuc(a1-?)]GlcNAc(b1-3)Gal(b1-?)[Fuc(a1-?)]GlcNAc(b1-6)[Neu5Ac(a2-3)Gal(b1-3)GlcNAc(b1-3)]GalNAc,1.6273222058771353e-07,3,-0.3795495649873146,H-,candycrunch
543.0728149414062,-4,0.23119333333333333,Neu5Ac(a2-3)Gal(b1-?)[Fuc(a1-?)]GlcNAc(b1-3)Gal(b1-?)[Fuc(a1-?)]GlcNAc(b1-6)[Neu5Ac(a2-3)Gal(b1-3)GlcNAc(b1-3)]GalNAc,8.379490168408665e-08,2,-0.3805261274873146,H-,candycrunch
543.0761108398438,-4,2.828683333333333,Neu5Ac(a2-3)Gal(b1-?)[Fuc(a1-?)]GlcNAc(b1-3)Gal(b1-?)[Fuc(a1-?)]GlcNAc(b1-6)[Neu5Ac(a2-3)Gal(b1-3)GlcNAc(b1-3)]GalNAc,1.0169668485104921e-07,5,-0.3838220259248146,H-,candycrunch
543.0841674804688,-4,13.216679999999998,Neu5Ac(a2-3)Gal(b1-?)[Fuc(a1-?)]GlcNAc(b1-3)Gal(b1-?)[Fuc(a1-?)]GlcNAc(b1-6)[Neu5Ac(a2-3)Gal(b1-3)GlcNAc(b1-3)]GalNAc,3.3381428465872887e-07,3,-0.3918786665498146,H-,candycrunch
543.0862426757812,-4,14.29546,Neu5Ac(a2-3)Gal(b1-?)[Fuc(a1-?)]GlcNAc(b1-3)Gal(b1-?)[Fuc(a1-?)]GlcNAc(b1-6)[Neu5Ac(a2-3)Gal(b1-3)GlcNAc(b1-3)]GalNAc,2.2728531234861293e-07,1,-0.3939538618623146,H-,candycrunch
543.1126098632812,-4,14.979770000000002,Neu5Ac(a2-3)Gal(b1-?)[Fuc(a1-?)]GlcNAc(b1-3)Gal(b1-?)[Fuc(a1-?)]GlcNAc(b1-6)[Neu5Ac(a2-3)Gal(b1-3)GlcNAc(b1-3)]GalNAc,8.845293564263557e-07,7,-0.4203210493623146,H-,candycrunch
543.1301879882812,-3,61.725025,Fuc(a1-2)[GalNAc(a1-3)]Gal(b1-4)GlcNAc(b1-3)[Fuc(a1-2)[GalNAc(a1-3)]Gal(b1-?)GlcNAc(b1-6)]GalNAc,8.325059752678499e-05,2,0.40719461525111456,H-,candycrunch
543.1923828125,-3,44.901801666666664,Fuc(a1-2)[GalNAc(a1-3)]Gal(b1-4)GlcNAc(b1-3)[Fuc(a1-2)[GalNAc(a1-3)]Gal(b1-?)GlcNAc(b1-6)]GalNAc,2.070452865154948e-06,1,0.34499979103236456,H-,candycrunch
543.2568359375,-3,19.531175,Fuc(a1-2)[GalNAc(a1-3)]Gal(b1-4)GlcNAc(b1-3)[Fuc(a1-2)[GalNAc(a1-3)]Gal(b1-?)GlcNAc(b1-6)]GalNAc,8.49490606924519e-05,4,0.28054666603236456,H-,candycrunch
543.2888793945312,-3,26.296363333333336,Fuc(a1-2)[GalNAc(a1-3)]Gal(b1-4)GlcNAc(b1-3)[Fuc(a1-2)[GalNAc(a1-3)]Gal(b1-?)GlcNAc(b1-6)]GalNAc,5.073510237707524e-06,3,0.24850320900111456,H-,candycrunch
543.9798583984375,-3,0.9872049999999999,Fuc(a1-2)[GalNAc(a1-3)]Gal(b1-4)GlcNAc(b1-3)[Fuc(a1-2)[GalNAc(a1-3)]Gal(b1-?)GlcNAc(b1-6)]GalNAc,8.822700328892097e-05,1,-0.44247579490513544,H-,candycrunch
543.993408203125,-3,3.137103333333333,Fuc(a1-?)HexNAc(?1-?)Gal(b1-?)GlcNAc(b1-6)[Fuc(a1-?)[HexNAc(?1-?)]HexNAc(?1-?)Gal(b1-3)]GalNAc,9.074181434698403e-06,1,-0.45602559959263544,H-,candycrunch
544.0052490234375,-3,6.152415,Fuc(a1-?)HexNAc(?1-?)Gal(b1-?)GlcNAc(b1-6)[Fuc(a1-?)HexNAc(?1-?)Gal(b1-3)]GalNAc(a1-3)GalNAc,2.47335879066668e-06,4,-0.46786641990513544,H-,candycrunch
544.0197143554688,-3,4.883846666666667,Fuc(a1-?)[HexNAc(?1-?)]HexNAc(?1-?)Gal(b1-?)GlcNAc(b1-6)[Fuc(a1-?)HexNAc(?1-?)Gal(b1-3)]GalNAc,2.0335473891464062e-05,1,-0.48233175193638544,H-,candycrunch
544.0240478515625,-3,10.464248333333334,Fuc(a1-?)HexNAc(?1-?)Gal(b1-?)GlcNAc(b1-6)[Fuc(a1-?)HexNAc(?1-?)Gal(b1-3)]GalNAc(a1-3)GalNAc,1.7452568499720655e-05,3,-0.48666524803013544,H-,candycrunch
544.0504150390625,-3,17.008663333333335,Fuc(a1-?)HexNAc(?1-?)Gal(b1-?)GlcNAc(b1-6)[Fuc(a1-?)[HexNAc(?1-?)]HexNAc(?1-?)Gal(b1-3)]GalNAc,1.1903605354746105e-06,3,-0.5130324355301354,H-,candycrunch
544.0511474609375,-3,2.122271666666667,Fuc(a1-?)[HexNAc(?1-?)]HexNAc(?1-?)Gal(b1-?)GlcNAc(b1-6)[Fuc(a1-?)HexNAc(?1-?)Gal(b1-3)]GalNAc,7.84282892709598e-05,1,-0.5137648574051354,H-,candycrunch
544.0617065429688,-3,13.912196666666668,Fuc(a1-?)HexNAc(?1-?)Gal(b1-?)GlcNAc(b1-6)[Fuc(a1-?)HexNAc(?1-?)Gal(b1-3)]GalNAc(a1-3)GalNAc,4.8004039854276925e-05,2,-0.5243239394363854,H-,candycrunch
544.0621948242188,-3,11.467665,Fuc(a1-?)HexNAc(?1-?)Gal(b1-?)GlcNAc(b1-6)[Fuc(a1-?)HexNAc(?1-?)Gal(b1-3)]GalNAc(a1-3)GalNAc,2.1013918740209192e-05,1,-0.5248122206863854,H-,candycrunch
544.0741577148438,-3,61.889623333333326,Fuc(a1-2)[GalNAc(a1-3)]Gal(b1-?)GlcNAc(b1-3)[Fuc(a1-2)[GalNAc(a1-3)]Gal(b1-?)GlcNAc(b1-6)]GalNAc,1.9725318907148903e-06,1,-0.5367751113113854,H-,candycrunch
544.216064453125,-3,18.351568333333333,Fuc(a1-?)[HexNAc(?1-?)]HexNAc(?1-?)Gal(b1-?)GlcNAc(b1-6)[Fuc(a1-?)HexNAc(?1-?)Gal(b1-3)]GalNAc,1.3022799976170063e-05,3,-0.6786818495926354,H-,candycrunch
544.25048828125,-3,44.98527,Fuc(a1-?)[HexNAc(?1-?)]HexNAc(?1-?)Gal(b1-?)GlcNAc(b1-6)[Fuc(a1-?)HexNAc(?1-?)Gal(b1-3)]GalNAc,1.0795328080348554e-06,1,-0.7131056777176354,H-,candycrunch
545.0070190429688,-3,5.469751666666667,Fuc(a1-2)[GalNAc(a1-3)]Gal(b1-4)GlcNAc(b1-3)[Fuc(a1-2)[GalNAc(a1-3)]Gal(b1-?)GlcNAc(b1-6)]GalNAc,0.00040173938032239676,2,-1.4696364394363854,H-,candycrunch
545.1006469726562,-3,47.37741,Fuc(a1-2)[GalNAc(a1-3)]Gal(b1-?)GlcNAc(b1-3)[Fuc(a1-2)[GalNAc(a1-3)]Gal(b1-?)GlcNAc(b1-6)]GalNAc,1.0672456340898862e-07,3,-1.5632643691238854,H-,candycrunch
545.1370849609375,-4,15.140348333333334,Neu5Ac(a2-3)Gal(b1-?)GlcNAc(b1-3)Gal(b1-?)GlcNAc(b1-3)Gal(b1-?)[Fuc(a1-?)]GlcNAc(b1-6)[Neu5Ac(a2-3)Gal(b1-3)]GalNAc,1.6153804608620703e-05,1,1.5539325086065219,H-,candycrunch
545.3272705078125,-4,49.38808,Neu5Ac(a2-3)Gal(b1-?)GlcNAc(b1-3)Gal(b1-?)GlcNAc(b1-3)Gal(b1-?)[Fuc(a1-?)]GlcNAc(b1-6)[Neu5Ac(a2-3)Gal(b1-3)]GalNAc,1.2211938155815005e-05,4,1.3637469617315219,H-,candycrunch
545.3941650390625,-4,34.27660833333333,Neu5Ac(a2-3)Gal(b1-?)GlcNAc(b1-3)Gal(b1-?)GlcNAc(b1-3)Gal(b1-?)[Fuc(a1-?)]GlcNAc(b1-6)[Neu5Ac(a2-3)Gal(b1-3)]GalNAc,1.3774094441032503e-05,3,1.2968524304815219,H-,candycrunch
546.2431030273438,-4,16.221770000000003,Neu5Ac(a2-3)Gal(b1-?)GlcNAc(b1-3)Gal(b1-?)GlcNAc(b1-3)Gal(b1-?)[Fuc(a1-?)]GlcNAc(b1-6)[Neu5Ac(a2-3)Gal(b1-3)]GalNAc,1.7635202311794274e-06,2,0.4479144422002719,H-,candycrunch
546.8722534179688,-4,4.172533333333334,Neu5Ac(a2-3)Gal(b1-?)GlcNAc(b1-3)Gal(b1-?)GlcNAc(b1-3)Gal(b1-?)[Fuc(a1-?)]GlcNAc(b1-6)[Neu5Ac(a2-3)Gal(b1-3)]GalNAc,9.574372597853653e-06,9,-0.18123594842472812,H-,candycrunch
547.142578125,-4,36.56817,Gal(b1-4)GlcNAc(b1-3)Gal(b1-4)GlcNAc(b1-3)Gal(b1-4)GlcNAc(b1-3)Gal(b1-4)GlcNAc(b1-3)Gal(b1-4)GlcNAc(b1-3)Gal(b1-3)GalNAc,1.4013301097293152e-07,2,0.05235187124401364,H-,candycrunch
547.290771484375,-4,39.69159166666667,Fuc(a1-2)Gal(b1-?)[Fuc(a1-?)]GlcNAc(b1-3)Gal(b1-3)[Fuc(a1-?)[Gal(b1-?)]GlcNAc(b1-3)[Fuc(a1-2)]Gal(b1-4)[Fuc(a1-3)]GlcNAc(b1-6)]GalNAc,2.1182765408411797e-07,1,-0.08955345913102519,H-,candycrunch
548.759765625,-3,29.621743333333335,GalNAc(b1-4)GlcNAc(b1-3)[Gal(b1-4)GlcNAc(b1-6)]Gal(b1-3)[Fuc(a1-2)Gal(b1-4)GlcNAc(b1-6)]GalNAc,0.0010478153126314282,3,0.10925518603232831,H-,candycrunch
548.7666625976562,-3,20.107391666666665,GalNAc(b1-4)GlcNAc(b1-3)[Gal(b1-4)GlcNAc(b1-6)]Gal(b1-3)[Fuc(a1-2)Gal(b1-4)GlcNAc(b1-6)]GalNAc,3.454999387031421e-05,1,0.10235821337607831,H-,candycrunch
548.8176879882812,-3,27.486701666666665,GalNAc(b1-4)GlcNAc(b1-3)[Gal(b1-4)GlcNAc(b1-6)]Gal(b1-3)[Fuc(a1-2)Gal(b1-4)GlcNAc(b1-6)]GalNAc,9.518659680907149e-06,4,0.05133282275107831,H-,candycrunch
549.0999755859375,-3,35.36271666666667,GalNAc(b1-4)GlcNAc(b1-3)[Gal(b1-4)GlcNAc(b1-6)]Gal(b1-3)[Fuc(a1-2)Gal(b1-4)GlcNAc(b1-6)]GalNAc,2.406592102488503e-05,2,-0.2309547749051717,H-,candycrunch
549.2327270507812,-3,56.44445833333334,Fuc(a1-2)Gal(b1-?)GlcNAc(b1-3)[GlcNAc(b1-6)]Gal(b1-3)[GlcNAc(?1-?)Gal(b1-?)GlcNAc(b1-6)]GalNAc,0.00010534752072999254,2,-0.3637062397489217,H-,candycrunch
550.0330810546875,-4,6.016348333333333,HexNAc(?1-?)HexA(?1-?)Hex(?1-?)HexNAc(?1-?)HexA(?1-?)Hex(?1-?)HexNAc(?1-?)HexA(?1-?)Hex(?1-?)HexNAc(?1-?)HexA(?1-?)GalNAc,2.479020508872054e-07,1,0.8844762046815049,H-,candycrunch
550.1524047851562,-4,61.82403666666667,HexNAc(?1-?)HexA(?1-?)Hex(?1-?)HexNAc(?1-?)HexA(?1-?)Hex(?1-?)HexNAc(?1-?)HexA(?1-?)Hex(?1-?)HexNAc(?1-?)HexA(?1-?)GalNAc,3.300072535239451e-07,1,0.7651524742127549,H-,candycrunch
550.3909301757812,-4,42.50147,HexNAc(?1-?)HexA(?1-?)Hex(?1-?)HexNAc(?1-?)HexA(?1-?)Hex(?1-?)HexNAc(?1-?)HexA(?1-?)Hex(?1-?)HexNAc(?1-?)HexA(?1-?)GalNAc,5.147564024809981e-06,1,0.5266270835877549,H-,candycrunch
552.2514038085938,-4,26.775088333333336,Neu5Ac(a2-?)HexNAc(?1-?)Gal(b1-?)GlcNAc(b1-6)[Neu5Ac(a2-?)HexNAc(?1-?)Gal(?1-3)]GalNAc(a1-3)[Neu5Ac(a2-6)]GalNAc,3.439444506980749e-09,7,0.4424220028502077,H-,candycrunch
552.3619995117188,-4,45.59689166666667,Neu5Ac(a2-?)HexNAc(?1-?)Gal(b1-?)GlcNAc(b1-6)[Neu5Ac(a2-?)HexNAc(?1-?)Gal(?1-3)]GalNAc(a1-3)[Neu5Ac(a2-6)]GalNAc,4.535811797268252e-07,1,0.3318262997252077,H-,candycrunch
553.205322265625,-1,45.91472833333333,Fuc(a1-?)GlcNAc(b1-3)GalNAc,0.013261501677334309,1,0.01970520721408775,H-,candycrunch
553.4830322265625,-1,54.060775,Fuc(a1-?)GlcNAc(b1-3)GalNAc,0.04552828520536423,4,-0.25800475372341225,H-,candycrunch
554.224609375,-3,37.13744666666667,HexNAc(?1-4)Gal(b1-4)GlcNAc(b1-3)[Gal(b1-4)GlcNAc(b1-6)]Gal(b1-3)[HexNAc(?1-4)Gal(b1-4)GlcNAc6S(b1-6)]GalNAc,4.855538008996518e-06,2,-0.023950356467707934,H-,candycrunch
555.98876953125,-2,4.787823333333333,Fuc(a1-2)Gal(b1-?)[Fuc(a1-?)]GlcNAc6S(b1-6)[Neu5Ac(a2-3)Gal(b1-3)]GalNAc,0.0004291115328669548,1,-0.7900942053410063,H-,candycrunch
556.0316772460938,-2,11.694923333333334,Fuc(a1-2)Gal(b1-?)[Fuc(a1-?)]GlcNAc6S(b1-6)[Neu5Ac(a2-3)Gal(b1-3)]GalNAc,0.0004105273983441293,1,-0.8330019201847563,H-,candycrunch
556.0421752929688,-2,7.943526666666666,Fuc(a1-2)Gal(b1-?)[Fuc(a1-?)]GlcNAc6S(b1-6)[Neu5Ac(a2-3)Gal(b1-3)]GalNAc,3.139313776046038e-05,1,-0.8434999670597563,H-,candycrunch
556.337646484375,-2,19.080131666666666,Neu5Ac(a2-3)Gal(b1-4)GlcNAc6S(b1-6)[Neu5Ac(a2-3)Gal(b1-3)]GalNAc,0.021916143596172333,1,-1.6491717141659592,H-,candycrunch
558.1366577148438,-3,53.50161666666666,Neu5Ac(a2-3)Gal(b1-?)GlcNAc(b1-3)Gal(b1-3)[Neu5Ac(a2-3)Gal(b1-?)GlcNAc(b1-6)]GalNAc,0.0011100067058578134,10,0.7237561422552972,H-,candycrunch
558.3040771484375,-3,37.958216666666665,Neu5Ac(a2-3)Gal(b1-?)GlcNAc(b1-3)[Neu5Ac(a2-3)Gal(b1-?)GlcNAc(b1-6)]Gal(b1-3)GalNAc,0.00013094363384880126,2,0.5563367086615472,H-,candycrunch
559.0451049804688,-3,61.64545833333334,Fuc(a1-?)HexNAc(?1-?)Gal(?1-3)[Fuc(a1-?)[Gal(b1-?)]GlcNAc(b1-6)]Gal(b1-3)[Neu5Ac(a2-6)]GalNAc,0.003581318072974682,1,0.15544258043030368,H-,candycrunch
559.1077880859375,-3,5.2609916666666665,Fuc(a1-?)GlcNAc(b1-6)[Gal(?1-3)]Gal(b1-3)[Neu5Ac(a2-3)Gal(b1-?)[Fuc(a1-?)]GlcNAc(b1-6)]GalNAc,0.00018269740394316614,1,0.09275947496155368,H-,candycrunch
559.1133422851562,-3,40.365656666666666,Neu5Ac(a2-3)Gal(b1-?)GlcNAc(b1-3)Gal(b1-?)GlcNAc(b1-6)[Neu5Ac(a2-3)Gal(b1-3)]GalNAc,0.001917189103551209,9,-0.25292842805720284,H-,candycrunch
559.367431640625,-3,37.644596666666665,Fuc(a1-?)HexNAc(?1-?)Gal(?1-3)[Fuc(a1-?)[Gal(b1-?)]GlcNAc(b1-6)]Gal(b1-3)[Neu5Ac(a2-6)]GalNAc,0.002654814627021551,1,-0.16688407972594632,H-,candycrunch
560.1171875,-2,53.66745,Gal(b1-?)GlcNAc(b1-3)Gal6S(b1-?)[Fuc(a1-?)]GlcNAc(b1-3)Gal6S(b1-?)GlcNAc(b1-3)GalNAc,0.0013269351329654455,2,0.09747225185901698,H-,candycrunch
560.2191772460938,-2,25.825473333333335,Fuc(a1-?)[HexNAc(?1-?)]HexNAc(?1-?)Gal(?1-?)HexNAc(?1-?)GalNAc,0.0003236505435779691,1,-0.004517494234733022,H-,candycrunch
561.1123046875,-2,40.610625,HexNAc(?1-?)GlcA(b1-?)Gal(?1-?)HexNAc(?1-?)GlcA(b1-?)GalNAc,6.686694541713223e-05,3,0.5658023633590119,H-,candycrunch
561.1907348632812,-2,46.4561,HexNAc(?1-?)GlcA(b1-?)Gal(?1-?)HexNAc(?1-?)GlcA(b1-?)GalNAc,2.759098379101488e-06,1,0.4873721875777619,H-,candycrunch
562.0247802734375,-2,3.7913550000000003,HexNAc(?1-?)GlcA(b1-?)Gal(?1-?)HexNAc(?1-?)GlcA(b1-?)GalNAc,0.00010769876826088876,1,-0.3466732225784881,H-,candycrunch
562.064208984375,-2,33.69506,HexNAc(?1-?)GlcA(b1-?)Gal(?1-?)HexNAc(?1-?)GlcA(b1-?)GalNAc,3.992051915702177e-06,4,-0.3861019335159881,H-,candycrunch
562.1309204101562,-2,40.37822333333333,HexNAc(?1-?)GlcA(b1-?)Gal(?1-?)HexNAc(?1-?)GlcA(b1-?)GalNAc,1.7031445167958736e-05,3,-0.4528133592972381,H-,candycrunch
563.3563842773438,-2,5.78273,Fuc(a1-2)Gal(b1-?)[Fuc(a1-?)]GlcNAc6S(b1-6)[Neu5Gc(a2-3)Gal(b1-3)]GalNAc,2.3754735138936667e-06,1,-0.16025164143468373,H-,candycrunch
564.5335083007812,-3,56.74610833333334,Neu5Gc(a2-3)Gal(b1-3)[GalNAc(b1-4)GlcNAcOS(b1-4)]Gal(b1-3)[Fuc(a1-2)Gal(b1-?)[Fuc(a1-?)]GlcNAc(b1-6)]GalNAc,1.97246245079441e-05,3,-0.0013225332155570868,H-,candycrunch
565.1734619140625,-4,48.46469333333334,Fuc(a1-?)[Gal(b1-?)]GlcNAc(b1-3)Gal(b1-4)GlcNAc(b1-3)Gal(b1-4)GlcNAc(b1-6)[Fuc(a1-2)[Gal(a1-3)]Gal(b1-?)[Fuc(a1-?)]GlcNAc(b1-3)]GalNAc,3.782308510835719e-08,5,0.2818506978064761,H-,candycrunch
565.2283325195312,-4,36.72315,Fuc(a1-?)[Gal(b1-?)]GlcNAc(b1-3)Gal(b1-4)GlcNAc(b1-3)Gal(b1-4)GlcNAc(b1-6)[Fuc(a1-2)[Gal(a1-3)]Gal(b1-?)[Fuc(a1-?)]GlcNAc(b1-3)]GalNAc,2.9861479333703755e-07,3,0.2269800923377261,H-,candycrunch
565.409423828125,-4,50.23573333333333,Fuc(a1-?)[Gal(b1-?)]GlcNAc(b1-3)Gal(b1-4)GlcNAc(b1-3)Gal(b1-4)GlcNAc(b1-6)[Fuc(a1-2)[Gal(a1-3)]Gal(b1-?)[Fuc(a1-?)]GlcNAc(b1-3)]GalNAc,4.459527858102774e-08,3,0.04588878374397609,H-,candycrunch
566.2344970703125,-4,48.31614166666667,Fuc(a1-?)[Gal(b1-?)]GlcNAc(b1-3)Gal(b1-4)GlcNAc(b1-3)Gal(b1-4)GlcNAc(b1-6)[Fuc(a1-2)[Gal(a1-3)]Gal(b1-?)[Fuc(a1-?)]GlcNAc(b1-3)]GalNAc,6.052727741234776e-08,1,-0.7791844584435239,H-,candycrunch
566.2552490234375,-4,55.70950833333334,Fuc(a1-?)[Gal(b1-?)]GlcNAc(b1-3)Gal(b1-4)GlcNAc(b1-3)Gal(b1-4)GlcNAc(b1-6)[Fuc(a1-2)[Gal(a1-3)]Gal(b1-?)[Fuc(a1-?)]GlcNAc(b1-3)]GalNAc,1.8753398478565941e-07,6,-0.7999364115685239,H-,candycrunch
566.3546142578125,-3,35.37585,Fuc(a1-?)HexNAc(?1-?)HexNAc(?1-?)Gal(b1-?)GlcNAc(b1-3)[Neu5Ac(a2-8)Neu5Ac(a2-6)]GalNAc,3.5292996471980587e-06,3,0.8496777589531348,H-,candycrunch
567.1815185546875,-2,34.940115000000006,Fuc(a1-?)GalNAc(a1-3)[Neu5Ac(a2-8)Neu5Ac(a2-6)]GalNAc,1.2420191524142865e-05,5,0.022773455021479094,H-,candycrunch
568.2265625,-2,26.71065,Gal(b1-?)GlcNAc(b1-3)Gal6S(b1-?)GlcNAc(b1-6)[Gal(b1-?)GlcNAc(b1-3)]GalNAc,0.00030655539012514055,4,-0.014445436890923702,H-,candycrunch
568.4484252929688,-2,45.205125,Gal(b1-?)GlcNAc(b1-3)Gal6S(b1-?)GlcNAc(b1-6)[Gal(b1-?)GlcNAc(b1-3)]GalNAc,0.0005531276692636311,1,-0.2363082298596737,H-,candycrunch
568.7265014648438,-1,8.654756666666666,Gal(b1-3)[GlcNAc(b1-6)]GalNAc,0.17762503027915955,1,0.4934406304953427,H-,candycrunch
569.1102294921875,-1,45.27610833333333,Gal(b1-3)[GlcNAc(b1-6)]GalNAc,0.9686715006828308,2,0.1097126031515927,H-,candycrunch
569.1768798828125,-1,43.79575833333333,Gal(b1-3)[GlcNAc(b1-6)]GalNAc,0.46932074427604675,3,0.0430622125265927,H-,candycrunch
569.298828125,-1,23.062966666666664,Gal(b1-3)[GlcNAc(b1-6)]GalNAc,0.5687923431396484,1,-0.0788860296609073,H-,candycrunch
570.2982177734375,-3,30.09515,Neu5Gc(a2-3)Gal(b1-4)GlcNAc(b1-3)Gal(b1-3)[Neu5Gc(a2-3)Gal(b1-4)GlcNAc(b1-6)]GalNAc,0.0014372178120538592,2,-0.7745275030051744,H-,candycrunch
571.128662109375,-3,50.996388333333336,Neu5Ac(a2-3)[GalNAc(b1-4)]Gal(b1-4)GlcNAc(b1-6)[Neu5Ac(a2-3)[GalNAc(b1-4)]Gal(b1-3)]GalNAc,0.0002613846445456147,11,1.4072681148905986,H-,candycrunch
571.4583740234375,-3,39.839661666666665,Neu5Ac(a2-3)[GalNAc(b1-4)]Gal(b1-4)GlcNAc(b1-6)[Neu5Ac(a2-3)[GalNAc(b1-4)]Gal(b1-3)]GalNAc,8.511025953339413e-05,1,1.0775562008280986,H-,candycrunch
572.095947265625,-3,38.79808,Neu5Ac(a2-3)[GalNAc(b1-4)]Gal(b1-4)GlcNAc(b1-6)[Neu5Ac(a2-3)[GalNAc(b1-4)]Gal(b1-3)]GalNAc,0.00044727875501848757,3,0.43998295864059855,H-,candycrunch
572.122314453125,-3,38.555884999999996,Neu5Ac(a2-3)[GalNAc(b1-4)]Gal(b1-4)GlcNAc(b1-6)[Neu5Ac(a2-3)[GalNAc(b1-4)]Gal(b1-3)]GalNAc,0.0003495618875604123,14,0.41361577114059855,H-,candycrunch
573.0762939453125,-3,31.111286666666665,Fuc(a1-?)GalNAc(?1-?)Gal(?1-3)[Fuc(a1-?)[Gal(b1-?)]GlcNAc(b1-6)]GalNAc(a1-3)[Neu5Ac(a2-6)]GalNAc,7.633306267962325e-06,5,-0.20023001724678124,H-,candycrunch
573.139892578125,-3,51.002695,Fuc(a1-?)GalNAc(?1-?)Gal(?1-3)[Fuc(a1-?)[Gal(b1-?)]GlcNAc(b1-6)]GalNAc(a1-3)[Neu5Ac(a2-6)]GalNAc,4.866680001214263e-07,4,-0.26382865005928124,H-,candycrunch
574.1915283203125,-2,50.946178333333336,Neu5Ac(a2-3)[GalNAc(b1-4)]Gal(b1-3)[Neu5Ac(a2-6)]GalNAc,0.00010640942491590977,1,1.0102210006465384,H-,candycrunch
574.4296875,-2,44.88283833333334,Neu5Ac(a2-3)Gal(b1-3)GalNAc(a1-3)[Neu5Ac(a2-6)]GalNAc,8.748110849410295e-05,11,0.7720618209590384,H-,candycrunch
575.0601806640625,-2,31.19948333333333,Neu5Ac(a2-3)[GalNAc(b1-4)]Gal(b1-3)[Neu5Ac(a2-6)]GalNAc,0.0008994318777695298,2,0.14156865689653841,H-,candycrunch
575.103271484375,-2,40.384525,Neu5Ac(a2-3)[GalNAc(b1-4)]Gal(b1-3)[Neu5Ac(a2-6)]GalNAc,0.03559952229261398,5,0.09847783658403841,H-,candycrunch
575.106689453125,-2,33.935671666666664,Neu5Ac(a2-3)[GalNAc(b1-4)]Gal(b1-3)[Neu5Ac(a2-6)]GalNAc,0.0028429729864001274,3,0.09505986783403841,H-,candycrunch
575.1344604492188,-2,38.562198333333335,Neu5Ac(a2-3)[GalNAc(b1-4)]Gal(b1-3)[Neu5Ac(a2-6)]GalNAc,0.00036351633025333285,5,0.06728887174028841,H-,candycrunch
575.2474365234375,-2,16.004625,Neu5Ac(a2-3)[GalNAc(b1-4)]Gal(b1-3)[Neu5Ac(a2-6)]GalNAc,0.0051915692165493965,1,-0.045687202478461586,H-,candycrunch
575.3859252929688,-2,30.04329166666667,Neu5Ac(a2-3)[GalNAc(b1-4)]Gal(b1-3)[Neu5Ac(a2-6)]GalNAc,0.02172958292067051,1,-0.18417597200971159,H-,candycrunch
576.0824584960938,-2,31.141613333333336,Fuc(a1-2)Gal(?1-?)[Fuc(a1-?)]HexNAc(?1-3)[Neu5Ac(a2-6)]GalNAc,0.00016163181862793863,1,-0.37050861943475866,H-,candycrunch
576.132080078125,-2,44.83089666666667,Fuc(a1-2)Gal(b1-?)[Fuc(a1-?)]GlcNAc(b1-3)[Neu5Ac(a2-6)]GalNAc,1.5502973838010803e-05,2,-0.42013020146600866,H-,candycrunch
576.2930908203125,-2,28.312468333333335,Fuc(a1-2)Gal(?1-?)[Fuc(a1-?)]HexNAc(?1-3)[Neu5Ac(a2-6)]GalNAc,4.680693382397294e-05,3,-0.5811409436535087,H-,candycrunch
577.28466796875,-3,22.71408166666667,Fuc(a1-2)[GalNAc(a1-3)]Gal(b1-4)GlcNAc(b1-3)Gal(b1-4)GlcNAc(b1-6)[Neu5Ac(a2-3)Gal(b1-3)]GalNAc,1.4010776112627354e-06,5,0.9230341668156825,H-,candycrunch
578.052001953125,-3,1.4541183333333332,Neu5Ac(a2-?)GlcNAc(b1-6)[Gal(?1-3)]Gal(b1-?)GlcNAc(b1-6)[Fuc(a1-?)HexNAc(?1-?)Gal(b1-3)]GalNAc,1.4849129001959227e-05,1,0.1557001824406825,H-,candycrunch
578.4077758789062,-3,37.783035,Fuc(a1-2)Gal(b1-?)[Fuc(a1-?)]GlcNAc(b1-4)[Gal(b1-3)]GlcNAc(b1-6)[Fuc(a1-2)Gal(b1-3)GlcNAc(b1-3)]GalNAc,0.0005134789389558136,4,0.14005996045943903,H-,candycrunch
579.9833984375,-3,0.5350466666666667,Fuc(a1-2)Gal(b1-4)GlcNAc(b1-3)[Fuc(a1-2)]Gal(b1-4)GlcNAc(b1-6)[Fuc(a1-2)[GalNAc(a1-3)]Gal(b1-3)]GalNAc,1.5356732546933927e-05,1,-1.435562598134311,H-,candycrunch
580.1779174804688,-3,56.07398833333333,Fuc(a1-2)Gal(b1-?)[Fuc(a1-?)]GlcNAc(b1-4)[Gal(b1-3)]GlcNAc(b1-6)[Fuc(a1-2)Gal(b1-3)GlcNAc(b1-3)]GalNAc,9.327408042736351e-05,3,-1.630081641103061,H-,candycrunch
580.4703369140625,-3,61.65212333333333,Fuc(a1-2)Gal(b1-?)[Fuc(a1-?)]GlcNAc(b1-4)[Gal(b1-3)]GlcNAc(b1-6)[Fuc(a1-2)Gal(b1-3)GlcNAc(b1-3)]GalNAc,0.00020830685389228165,1,-1.922501074696811,H-,candycrunch
581.0169677734375,-4,3.2747333333333333,Neu5Ac(a2-3)Gal(b1-?)GlcNAc(b1-3)[Neu5Ac(a2-3)Gal(b1-?)GlcNAc(b1-6)]Gal(b1-3)[Neu5Ac(a2-3)Gal(b1-?)GlcNAc(b1-6)]GalNAc,1.6078594853752293e-05,1,1.9334266205064523,H-,candycrunch
581.2312622070312,-4,50.479213333333334,Neu5Ac(a2-3)Gal(b1-3)GlcNAc(b1-3)[Neu5Ac(a2-3)Gal(b1-?)GlcNAc(b1-6)]Gal(b1-3)[Neu5Ac(a2-3)Gal(b1-?)GlcNAc(b1-6)]GalNAc,9.413213774678297e-06,1,1.7191321869127023,H-,candycrunch
581.2438354492188,-4,53.018965,Neu5Ac(a2-3)Gal(b1-3)GlcNAc(b1-3)[Neu5Ac(a2-3)Gal(b1-?)GlcNAc(b1-6)]Gal(b1-3)[Neu5Ac(a2-3)Gal(b1-?)GlcNAc(b1-6)]GalNAc,8.525287739757914e-06,2,1.7065589447252023,H-,candycrunch
581.9374389648438,-4,58.0371,Neu5Ac(a2-3)Gal(b1-?)GlcNAc(b1-3)[Neu5Ac(a2-3)Gal(b1-?)GlcNAc(b1-6)]Gal(b1-3)[Neu5Ac(a2-3)Gal(b1-?)GlcNAc(b1-6)]GalNAc,0.00011351895955158398,1,1.0129554291002023,H-,candycrunch
582.473876953125,-4,46.817546666666665,Neu5Ac(a2-3)Gal(b1-3)GlcNAc(b1-3)[Neu5Ac(a2-3)Gal(b1-?)GlcNAc(b1-6)]Gal(b1-3)[Neu5Ac(a2-3)Gal(b1-?)GlcNAc(b1-6)]GalNAc,4.95653112011496e-05,7,0.4765174408189523,H-,candycrunch
583.3629150390625,-1,37.867506666666664,HexNAc(?1-?)GlcA(b1-?)GalNAc,0.058561041951179504,2,-0.16370840522347407,H-,candycrunch
583.435546875,-2,39.349983333333334,Neu5Ac(a2-3)Gal(b1-?)[Fuc(a1-?)]GlcNAc(b1-6)[Gal(b1-3)]GalNAc,0.031523190438747406,3,0.27386031290905066,H-,candycrunch
585.1265258789062,-2,54.05428166666667,Fuc(a1-2)Gal(b1-?)[Fuc(a1-?)]GlcNAc(b1-6)[Fuc(a1-2)Gal(b1-3)]GalNAc,0.0004251216887496412,6,-0.9069181352972464,H-,candycrunch
586.1240844726562,-4,41.063003333333334,Neu5Ac(a2-?)GlcNAc(b1-6)[Gal(?1-3)]Gal(b1-?)[Fuc(a1-?)]GlcNAc(b1-6)[Neu5Ac(a2-?)Gal(?1-3)]Gal(b1-?)GlcNAc(b1-6)[Gal(b1-3)]GalNAc,0.0006615033489651978,7,1.0801388547627084,H-,candycrunch
587.0818481445312,-4,46.21738166666667,Neu5Ac(a2-?)GlcNAc(b1-6)[Gal(?1-3)]Gal(b1-?)[Fuc(a1-?)]GlcNAc(b1-6)[Neu5Ac(a2-?)Gal(?1-3)]Gal(b1-?)GlcNAc(b1-6)[Gal(b1-3)]GalNAc,0.0034880421590059996,2,0.12237518288770843,H-,candycrunch
587.12109375,-4,43.71854166666667,Neu5Ac(a2-?)GlcNAc(b1-6)[Gal(?1-3)]Gal(b1-?)[Fuc(a1-?)]GlcNAc(b1-6)[Neu5Ac(a2-?)Gal(?1-3)]Gal(b1-?)GlcNAc(b1-6)[Gal(b1-3)]GalNAc,0.0004152551118750125,6,0.08312957741895843,H-,candycrunch
587.12548828125,-4,54.14861,Neu5Ac(a2-?)GlcNAc(b1-6)[Gal(?1-3)]Gal(b1-?)[Fuc(a1-?)]GlcNAc(b1-6)[Neu5Ac(a2-?)Gal(?1-3)]Gal(b1-?)GlcNAc(b1-6)[Gal(b1-3)]GalNAc,0.00015612845891155303,1,0.07873504616895843,H-,candycrunch
587.2564086914062,-4,10.279916666666667,Neu5Ac(a2-?)GlcNAc(b1-6)[Gal(?1-3)]Gal(b1-?)[Fuc(a1-?)]GlcNAc(b1-6)[Neu5Ac(a2-?)Gal(?1-3)]Gal(b1-?)GlcNAc(b1-6)[Gal(b1-3)]GalNAc,3.583948637242429e-05,6,-0.052185363987291566,H-,candycrunch
587.26025390625,-4,12.961355000000001,Neu5Ac(a2-?)GlcNAc(b1-6)[Gal(?1-3)]Gal(b1-?)[Fuc(a1-?)]GlcNAc(b1-6)[Neu5Ac(a2-?)Gal(?1-3)]Gal(b1-?)GlcNAc(b1-6)[Gal(b1-3)]GalNAc,6.053228207747452e-05,9,-0.056030578831041566,H-,candycrunch
587.2681884765625,-4,10.437415,Neu5Ac(a2-?)GlcNAc(b1-6)[Gal(?1-3)]Gal(b1-?)[Fuc(a1-?)]GlcNAc(b1-6)[Neu5Ac(a2-?)Gal(?1-3)]Gal(b1-?)GlcNAc(b1-6)[Gal(b1-3)]GalNAc,3.8857629988342524e-05,25,-0.06396514914354157,H-,candycrunch
587.2742919921875,-4,17.645061666666667,Neu5Ac(a2-?)GlcNAc(b1-6)[Gal(?1-3)]Gal(b1-?)[Fuc(a1-?)]GlcNAc(b1-6)[Neu5Ac(a2-?)Gal(?1-3)]Gal(b1-?)GlcNAc(b1-6)[Gal(b1-3)]GalNAc,0.002180531620979309,9,-0.07006866476854157,H-,candycrunch
587.28076171875,-4,16.375196666666668,Neu5Ac(a2-?)GlcNAc(b1-6)[Gal(?1-3)]Gal(b1-?)[Fuc(a1-?)]GlcNAc(b1-6)[Neu5Ac(a2-?)Gal(?1-3)]Gal(b1-?)GlcNAc(b1-6)[Gal(b1-3)]GalNAc,9.152784332400188e-05,3,-0.07653839133104157,H-,candycrunch
587.2850341796875,-4,20.572658333333333,Neu5Ac(a2-?)GlcNAc(b1-6)[Gal(?1-3)]Gal(b1-?)[Fuc(a1-?)]GlcNAc(b1-6)[Neu5Ac(a2-?)Gal(?1-3)]Gal(b1-?)GlcNAc(b1-6)[Gal(b1-3)]GalNAc,3.752385237021372e-05,1,-0.08081085226854157,H-,candycrunch
587.2858276367188,-4,11.448555,Neu5Ac(a2-?)GlcNAc(b1-6)[Gal(?1-3)]Gal(b1-?)[Fuc(a1-?)]GlcNAc(b1-6)[Neu5Ac(a2-?)Gal(?1-3)]Gal(b1-?)GlcNAc(b1-6)[Gal(b1-3)]GalNAc,9.973357373382896e-05,4,-0.08160430929979157,H-,candycrunch
587.286865234375,-4,14.275913333333333,Neu5Ac(a2-?)GlcNAc(b1-6)[Gal(?1-3)]Gal(b1-?)[Fuc(a1-?)]GlcNAc(b1-6)[Neu5Ac(a2-?)Gal(?1-3)]Gal(b1-?)GlcNAc(b1-6)[Gal(b1-3)]GalNAc,0.0005359178176149726,10,-0.08264190695604157,H-,candycrunch
587.3123779296875,-4,19.949341666666665,Neu5Ac(a2-?)GlcNAc(b1-6)[Gal(?1-3)]Gal(b1-?)[Fuc(a1-?)]GlcNAc(b1-6)[Neu5Ac(a2-?)Gal(?1-3)]Gal(b1-?)GlcNAc(b1-6)[Gal(b1-3)]GalNAc,0.00029981863917782903,2,-0.10815460226854157,H-,candycrunch
588.0692749023438,-3,33.447156666666665,Neu5Ac(a2-3)Gal(b1-?)[Fuc(a1-?)]GlcNAc6S(b1-3)Gal(b1-?)[Fuc(a1-?)]GlcNAc(b1-6)[Neu5Ac(a2-3)Gal(b1-3)]GalNAc,0.0005552470684051514,2,0.4699539830885442,H-,candycrunch
588.0797119140625,-3,38.57793,Neu5Ac(a2-3)Gal(b1-?)[Fuc(a1-?)]GlcNAc6S(b1-3)Gal(b1-?)[Fuc(a1-?)]GlcNAc(b1-6)[Neu5Ac(a2-3)Gal(b1-3)]GalNAc,0.0009267293498851359,3,0.4595169713697942,H-,candycrunch
588.1403198242188,-3,41.06933,Neu5Ac(a2-3)Gal(b1-?)[Fuc(a1-?)]GlcNAc6S(b1-3)Gal(b1-?)[Fuc(a1-?)]GlcNAc(b1-6)[Neu5Ac(a2-3)Gal(b1-3)]GalNAc,0.0018055157270282507,4,0.3989090612135442,H-,candycrunch
589.3462,-4,53.19562166666667,Neu5Ac(a2-?)HexNAc(?1-?)Gal(b1-?)[Fuc(a1-?)]GlcNAc(b1-6)[Neu5Ac(a2-?)HexNAc(?1-?)Gal(?1-3)]GalNAc(a1-3)[Neu5Ac(a2-6)]GalNAc,1.1411098057578783e-05,3,-0.13789698630603198,H-,candycrunch
590.042724609375,-4,7.638646666666666,Fuc(a1-2)[GalNAc(a1-3)]Gal(b1-4)GlcNAc(b1-3)[Fuc(a1-2)[GalNAc(a1-3)]Gal(b1-4)GlcNAc(b1-6)]Gal(b1-3)[GlcNAc(a1-4)Gal(b1-4)GlcNAc(b1-6)]GalNAc,1.7836342180999054e-07,1,-0.07540879113105348,H-,candycrunch
590.0743408203125,-4,0.9030716666666667,Fuc(a1-2)[GalNAc(a1-3)]Gal(b1-4)GlcNAc(b1-3)[Fuc(a1-2)[GalNAc(a1-3)]Gal(b1-4)GlcNAc(b1-6)]Gal(b1-3)[GlcNAc(a1-4)Gal(b1-4)GlcNAc(b1-6)]GalNAc,5.7641707826405764e-05,1,-0.10702500206855348,H-,candycrunch
590.1632080078125,-4,41.16599166666667,Fuc(a1-2)[GalNAc(a1-3)]Gal(b1-4)GlcNAc(b1-3)[Fuc(a1-2)[GalNAc(a1-3)]Gal(b1-4)GlcNAc(b1-6)]Gal(b1-3)[GlcNAc(a1-4)Gal(b1-4)GlcNAc(b1-6)]GalNAc,3.5643258797790622e-06,1,-0.19589218956855348,H-,candycrunch
591.22314453125,-2,39.75606833333333,Neu5Gc(a2-3)Gal(b1-3)[Fuc(a1-3)[Gal(b1-4)]GlcNAc(b1-6)]GalNAc,0.040990326553583145,1,0.4837199666590095,H-,candycrunch
591.3366088867188,-2,48.23881666666667,Neu5Gc(a2-3)Gal(b1-3)[Fuc(a1-3)[Gal(b1-4)]GlcNAc(b1-6)]GalNAc,0.5141900181770325,1,0.3702556111902595,H-,candycrunch
592.4144897460938,-2,40.390836666666665,Fuc(a1-2)[Gal(a1-3)]Gal(b1-?)GlcNAc(b1-6)[Fuc(a1-2)Gal(b1-3)]GalNAc,0.0012518642470240593,2,-0.1974246912346871,H-,candycrunch
592.9600830078125,-2,1.3886516666666666,Fuc(a1-?)[Gal(b1-?)]GlcNAc(b1-3)Gal(b1-?)[Fuc(a1-?)]GlcNAc6S(b1-3)Gal(b1-3)GalNAc,0.0032321999315172434,4,-0.7430179529534371,H-,candycrunch
593.00048828125,-2,17.17834,Fuc(a1-2)[Gal(a1-3)]Gal(b1-?)GlcNAc(b1-6)[Fuc(a1-2)Gal(b1-3)]GalNAc,0.005027598701417446,2,-0.7834232263909371,H-,candycrunch
593.015625,-2,9.826118333333334,Fuc(a1-2)[Gal(a1-3)]Gal(b1-3)[Fuc(a1-?)[Gal(b1-?)]GlcNAc(b1-6)]GalNAc,0.0012529902160167694,3,-0.7985599451409371,H-,candycrunch
593.055908203125,-2,13.676635000000001,Fuc(a1-2)[Gal(a1-3)]Gal(b1-3)[Fuc(a1-?)[Gal(b1-?)]GlcNAc(b1-6)]GalNAc,0.0028370660729706287,1,-0.8388431482659371,H-,candycrunch
593.06201171875,-2,6.246553333333333,Fuc(a1-2)[Gal(a1-3)]Gal(b1-?)GlcNAc(b1-6)[Fuc(a1-2)Gal(b1-3)]GalNAc,0.02032008208334446,1,-0.8449466638909371,H-,candycrunch
593.0641479492188,-2,5.104283333333334,Fuc(a1-2)[Gal(a1-3)]Gal(b1-3)[Fuc(a1-?)[Gal(b1-?)]GlcNAc(b1-6)]GalNAc,0.0010584836127236485,1,-0.8470828943596871,H-,candycrunch
593.0646362304688,-2,10.918618333333333,Fuc(a1-2)[Gal(a1-3)]Gal(b1-?)GlcNAc(b1-6)[Fuc(a1-2)Gal(b1-3)]GalNAc,0.0007763148169033229,1,-0.8475711756096871,H-,candycrunch
593.0659790039062,-2,2.7499883333333335,Fuc(a1-2)[Gal(a1-3)]Gal(b1-?)GlcNAc(b1-6)[Fuc(a1-2)Gal(b1-3)]GalNAc,0.038592711091041565,1,-0.8489139490471871,H-,candycrunch
593.1531982421875,-4,4.870915,Fuc(a1-?)[Gal(b1-?)]GlcNAc(b1-3)Gal(b1-4)GlcNAc(b1-3)Gal(b1-4)GlcNAc(b1-3)[GlcNAc(a1-4)Gal(b1-?)GlcNAc(b1-3)Gal(b1-4)GlcNAc(b1-6)]GalNAc,8.502609460947497e-08,3,0.812846231681533,H-,candycrunch
593.9760131835938,-4,0.9935266666666667,Fuc(a1-?)[Gal(b1-?)]GlcNAc(b1-3)Gal(b1-4)GlcNAc(b1-3)Gal(b1-4)GlcNAc(b1-3)[GlcNAc(a1-4)Gal(b1-?)GlcNAc(b1-3)Gal(b1-4)GlcNAc(b1-6)]GalNAc,2.5270773917895895e-08,4,-0.009968709724716973,H-,candycrunch
593.9962768554688,-4,3.629545,Fuc(a1-?)[Gal(b1-?)]GlcNAc(b1-3)Gal(b1-4)GlcNAc(b1-3)Gal(b1-4)GlcNAc(b1-3)[GlcNAc(a1-4)Gal(b1-?)GlcNAc(b1-3)Gal(b1-4)GlcNAc(b1-6)]GalNAc,2.5207835818719104e-08,1,-0.030232381599716973,H-,candycrunch
593.9979858398438,-4,5.913833333333334,Fuc(a1-?)[Gal(b1-?)]GlcNAc(b1-3)Gal(b1-4)GlcNAc(b1-3)Gal(b1-4)GlcNAc(b1-3)[GlcNAc(a1-4)Gal(b1-?)GlcNAc(b1-3)Gal(b1-4)GlcNAc(b1-6)]GalNAc,1.733281607130266e-07,4,-0.03194136597471697,H-,candycrunch
594.0015869140625,-4,61.56463333333334,Fuc(a1-?)[Gal(b1-?)]GlcNAc(b1-3)Gal(b1-4)GlcNAc(b1-3)Gal(b1-4)GlcNAc(b1-3)[GlcNAc(a1-4)Gal(b1-?)GlcNAc(b1-3)Gal(b1-4)GlcNAc(b1-6)]GalNAc,3.227234302016768e-08,1,-0.03554244019346697,H-,candycrunch
594.0037231445312,-4,8.820896666666666,Fuc(a1-?)[Gal(b1-?)]GlcNAc(b1-3)Gal(b1-4)GlcNAc(b1-3)Gal(b1-4)GlcNAc(b1-3)[GlcNAc(a1-4)Gal(b1-?)GlcNAc(b1-3)Gal(b1-4)GlcNAc(b1-6)]GalNAc,6.480216541149275e-08,3,-0.03767867066221697,H-,candycrunch
594.022705078125,-4,12.52455,Fuc(a1-?)[Gal(b1-?)]GlcNAc(b1-3)Gal(b1-4)GlcNAc(b1-3)Gal(b1-4)GlcNAc(b1-3)[GlcNAc(a1-4)Gal(b1-?)GlcNAc(b1-3)Gal(b1-4)GlcNAc(b1-6)]GalNAc,9.23334724234337e-08,1,-0.05666060425596697,H-,candycrunch
594.049560546875,-4,16.16399333333333,Fuc(a1-?)[Gal(b1-?)]GlcNAc(b1-3)Gal(b1-4)GlcNAc(b1-3)Gal(b1-4)GlcNAc(b1-3)[GlcNAc(a1-4)Gal(b1-?)GlcNAc(b1-3)Gal(b1-4)GlcNAc(b1-6)]GalNAc,6.104811234308727e-08,1,-0.08351607300596697,H-,candycrunch
594.058349609375,-4,11.389116666666666,Fuc(a1-?)[Gal(b1-?)]GlcNAc(b1-3)Gal(b1-4)GlcNAc(b1-3)Gal(b1-4)GlcNAc(b1-3)[GlcNAc(a1-4)Gal(b1-?)GlcNAc(b1-3)Gal(b1-4)GlcNAc(b1-6)]GalNAc,1.2022468354189186e-07,1,-0.09230513550596697,H-,candycrunch
594.09228515625,-4,9.979731666666666,Fuc(a1-?)[Gal(b1-?)]GlcNAc(b1-3)Gal(b1-4)GlcNAc(b1-3)Gal(b1-4)GlcNAc(b1-3)[GlcNAc(a1-4)Gal(b1-?)GlcNAc(b1-3)Gal(b1-4)GlcNAc(b1-6)]GalNAc,5.991646290226527e-09,1,-0.12624068238096697,H-,candycrunch
594.391845703125,-4,34.53919833333333,Fuc(a1-?)[Gal(b1-?)]GlcNAc(b1-3)Gal(b1-4)GlcNAc(b1-3)Gal(b1-4)GlcNAc(b1-3)[GlcNAc(a1-4)Gal(b1-?)GlcNAc(b1-3)Gal(b1-4)GlcNAc(b1-6)]GalNAc,6.903890348297637e-09,6,-0.425801229255967,H-,candycrunch
595.0086059570312,-4,0.16425166666666666,Fuc(a1-?)[Gal(b1-?)]GlcNAc(b1-3)Gal(b1-4)GlcNAc(b1-3)Gal(b1-4)GlcNAc(b1-3)[GlcNAc(a1-4)Gal(b1-?)GlcNAc(b1-3)Gal(b1-4)GlcNAc(b1-6)]GalNAc,1.0394442639949375e-08,1,-1.042561483162217,H-,candycrunch
595.4990234375,-4,57.06724166666666,Fuc(a1-?)[Gal(b1-?)]GlcNAc(b1-3)Gal(b1-4)GlcNAc(b1-3)Gal(b1-4)GlcNAc(b1-3)[GlcNAc(a1-4)Gal(b1-?)GlcNAc(b1-3)Gal(b1-4)GlcNAc(b1-6)]GalNAc,1.3971946266622126e-08,1,-1.532978963630967,H-,candycrunch
595.5182495117188,-4,60.12846333333333,Fuc(a1-?)[Gal(b1-?)]GlcNAc(b1-3)Gal(b1-4)GlcNAc(b1-3)Gal(b1-4)GlcNAc(b1-3)[GlcNAc(a1-4)Gal(b1-?)GlcNAc(b1-3)Gal(b1-4)GlcNAc(b1-6)]GalNAc,4.505179163061257e-08,1,-1.552205037849717,H-,candycrunch
596.4417114257812,-3,47.14492833333333,Neu5Ac(a2-3)[GalNAc(b1-4)]Gal(b1-?)GlcNAc(b1-3)Gal(b1-4)GlcNAc(b1-3)Gal(b1-4)GlcNAc(b1-3)GalNAc,1.3464456571909977e-07,1,0.7731452844510613,H-,candycrunch
596.4808349609375,-3,48.829935,Neu5Ac(a2-3)[GalNAc(b1-4)]Gal(b1-?)GlcNAc(b1-3)Gal(b1-4)GlcNAc(b1-3)Gal(b1-4)GlcNAc(b1-3)GalNAc,5.872146857655025e-07,1,0.7340217492948113,H-,candycrunch
596.5042114257812,-3,48.907021666666665,Neu5Ac(a2-3)[GalNAc(b1-4)]Gal(b1-?)GlcNAc(b1-3)Gal(b1-4)GlcNAc(b1-3)Gal(b1-4)GlcNAc(b1-3)GalNAc,1.5669117559014012e-08,14,0.7106452844510613,H-,candycrunch
597.4342041015625,-3,40.92046833333333,Fuc(a1-2)[GalNAc(a1-3)]Gal(b1-4)GlcNAc(b1-3)Gal(b1-3)[Fuc(a1-2)[GalNAc(a1-3)]Gal(b1-4)GlcNAc(b1-6)]GalNAc,0.0002517346874810755,7,0.12078631246981786,H-,candycrunch
597.48876953125,-3,39.90495,Fuc(a1-2)[GalNAc(a1-3)]Gal(b1-4)GlcNAc(b1-3)Gal(b1-3)[Fuc(a1-2)[GalNAc(a1-3)]Gal(b1-4)GlcNAc(b1-6)]GalNAc,0.0010952892480418086,1,0.06622088278231786,H-,candycrunch
598.4939575195312,-3,45.76027,Fuc(a1-2)[GalNAc(a1-3)]Gal(b1-4)GlcNAc(b1-3)Gal(b1-3)[Fuc(a1-2)[GalNAc(a1-3)]Gal(b1-4)GlcNAc(b1-6)]GalNAc,0.0009624143713153899,2,-0.9389671054989321,H-,candycrunch
600.3140869140625,-2,16.919565,Fuc(a1-3)[Gal(b1-4)]GlcNAc(b1-3)[Gal(b1-6)]Gal(b1-3)[Gal(b1-6)]GalNAc,1.2100094863853883e-05,3,-0.09956454795349146,H-,candycrunch
601.147705078125,-4,43.40884833333333,Neu5Ac(a2-3)Gal(b1-?)GlcNAc(b1-3)Gal(b1-?)GlcNAc(b1-3)Gal(b1-3)[Neu5Ac(a2-3)Gal(b1-?)GlcNAc(b1-3)Gal(b1-?)GlcNAc(b1-6)]GalNAc,0.00013928968110121787,8,0.3118841802939869,H-,candycrunch
601.413818359375,-4,47.999315,Neu5Ac(a2-3)Gal(b1-?)GlcNAc(b1-3)Gal(b1-?)GlcNAc(b1-3)Gal(b1-3)[Neu5Ac(a2-3)Gal(b1-?)GlcNAc(b1-3)Gal(b1-?)GlcNAc(b1-6)]GalNAc,1.2283680916880257e-05,2,0.0457708990439869,H-,candycrunch
603.0802001953125,-3,13.6896,HexNAc(?1-4)HexA(?1-?)Hex(?1-?)HexNAc(?1-?)HexA(?1-?)Hex(?1-?)HexNAc(?1-4)HexA(?1-?)[Fuc(a1-?)]GalNAc,1.1258292715865537e-06,1,0.11017659755316345,H-,candycrunch
603.2554931640625,-3,43.42784,HexNAc(?1-4)HexA(?1-?)Hex(?1-?)HexNAc(?1-?)HexA(?1-?)Hex(?1-?)HexNAc(?1-4)HexA(?1-?)[Fuc(a1-?)]GalNAc,3.879438281728653e-06,2,-0.06511637119683655,H-,candycrunch
604.1375732421875,-2,37.789355,Fuc(a1-?)HexNAc(?1-?)Gal(?1-?)GalNAc(a1-3)[Neu5Ac(a2-6)]GalNAc,0.01587117463350296,1,0.08510849647154828,H-,candycrunch
606.9913330078125,-3,0.3265616666666667,Neu5Ac(a2-3)Gal(b1-?)[Fuc(a1-?)]GlcNAc(b1-3)Gal(b1-?)GlcNAc(b1-6)[Neu5Ac(a2-3)Gal(b1-3)]GalNAc,0.0012644598027691245,1,0.5550504522865367,H-,candycrunch
607.1723022460938,-3,32.979655,Neu5Ac(a2-3)Gal(b1-?)[Fuc(a1-?)]GlcNAc(b1-3)Gal(b1-?)GlcNAc(b1-6)[Neu5Ac(a2-3)Gal(b1-3)]GalNAc,5.829945803270675e-05,1,0.3740812140052867,H-,candycrunch
607.6900024414062,-3,60.13486166666667,Neu5Ac(a2-3)Gal(b1-?)[Fuc(a1-?)]GlcNAc(b1-3)Gal(b1-?)GlcNAc(b1-6)[Neu5Ac(a2-3)Gal(b1-3)]GalNAc,0.004119914956390858,1,-0.1436189813072133,H-,candycrunch
608.1947021484375,-3,60.190553333333334,Gal(b1-4)GlcNAc(b1-3)Gal(b1-4)GlcNAc(b1-3)Gal(b1-4)GlcNAc(b1-3)Gal(b1-4)GlcNAc(b1-6)[Gal(b1-3)]GalNAc,7.028057552815881e-06,13,0.023564680594859055,H-,candycrunch
608.708251953125,-3,60.52677333333333,HexNAc(?1-?)HexA(?1-?)Hex(?1-?)HexNAc(?1-?)HexA(?1-?)Hex(?1-?)HexNAc(?1-?)HexA(?1-4)Gal(b1-3)GalNAc,7.353897672146559e-05,4,-0.1862369527593728,H-,candycrunch
609.2611083984375,-3,11.077148333333334,HexNAc(?1-?)HexA(?1-?)Hex(?1-?)HexNAc(?1-?)HexA(?1-?)Hex(?1-?)HexNAc(?1-?)HexA(?1-4)Gal(b1-3)GalNAc,1.233314719684131e-06,1,-0.7390933980718728,H-,candycrunch
609.26220703125,-1,11.155133333333334,GlcNAc(b1-3)[GlcNAc(b1-6)]GalNAc,0.013702066615223885,3,0.9842841655890879,H-,candycrunch
609.2701416015625,-1,10.443906666666667,GlcNAc(b1-3)[GlcNAc(b1-6)]GalNAc,0.47803494334220886,14,0.9763495952765879,H-,candycrunch
610.0267333984375,-1,7.420895,GlcNAc(b1-3)[GlcNAc(b1-6)]GalNAc,0.0001501469232607633,1,0.21975779840158793,H-,candycrunch
610.2757568359375,-1,16.012525,GlcNAc(b1-3)[GlcNAc(b1-6)]GalNAc,0.01037116814404726,1,-0.029265639098412066,H-,candycrunch
610.4963989257812,-1,48.00567,GlcNAc(b1-3)[GlcNAc(b1-6)]GalNAc,0.4779769480228424,1,-0.24990772894216207,H-,candycrunch
611.0428466796875,-3,1.98715,Fuc(a1-?)[HexNAc(?1-?)]HexNAc(?1-?)Gal(b1-?)GlcNAc(b1-6)[Fuc(a1-?)[HexNAc(?1-?)]HexNAc(?1-?)Gal(b1-3)]GalNAc,3.131742778350599e-05,1,0.18766010151148294,H-,candycrunch
611.0492553710938,-3,16.86148,Fuc(a1-?)HexNAc(?1-?)Gal(b1-3)[GlcNAc(b1-6)]GlcNAc(b1-6)[Fuc(a1-?)HexNAc(?1-?)Gal(b1-3)]GalNAc(a1-3)GalNAc,3.6750241179106524e-06,1,0.18125141010523294,H-,candycrunch
611.0601806640625,-3,6.381273333333333,Fuc(a1-?)[HexNAc(?1-?)]HexNAc(?1-?)Gal(b1-?)GlcNAc(b1-6)[Fuc(a1-?)[HexNAc(?1-?)]HexNAc(?1-?)Gal(b1-3)]GalNAc,2.6033914764411747e-05,1,0.17032611713648294,H-,candycrunch
611.25146484375,-3,44.19130166666667,Fuc(a1-?)[HexNAc(?1-?)]HexNAc(?1-?)Gal(b1-?)GlcNAc(b1-6)[Fuc(a1-?)[HexNAc(?1-?)]HexNAc(?1-?)Gal(b1-3)]GalNAc,1.4719460523338057e-05,1,-0.020958062551017065,H-,candycrunch
612.0302734375,-2,0.52867,Gal(?1-?)HexNAc(?1-?)[Gal(?1-?)]GalNAc(a1-3)[Neu5Ac(a2-6)]GalNAc,8.464146230835468e-05,1,0.1898656124089939,H-,candycrunch
612.0684204101562,-2,13.060908333333332,GlcNAc(a1-4)Gal(b1-4)GlcNAc6S(b1-6)[Neu5Ac(a2-3)[GalNAc(b1-4)]Gal(b1-3)]GalNAc,8.534603693988174e-05,1,0.1517186397527439,H-,candycrunch
612.510009765625,-2,47.992778333333334,Neu5Ac(a2-3)Gal(b1-?)GlcNAc(b1-3)Gal(b1-?)GlcNAc(b1-3)GalNAc,0.02215973660349846,1,-0.2898707157160061,H-,candycrunch
612.5734252929688,-2,46.830135,Neu5Ac(a2-3)Gal(b1-?)GlcNAc(b1-3)Gal(b1-?)GlcNAc(b1-3)GalNAc,0.05044960603117943,3,-0.3532862430597561,H-,candycrunch
612.86328125,-2,4.166156666666667,Fuc(a1-2)[GalNAc(a1-3)]Gal(b1-3)[Fuc(a1-?)[Gal(b1-?)]GlcNAc(b1-6)]GalNAc,0.0013834662968292832,10,-0.13294164439093947,H-,candycrunch
613.0556030273438,-2,0.6773383333333334,Fuc(a1-2)[GalNAc(a1-3)]Gal(b1-3)[Fuc(a1-?)[Gal(b1-?)]GlcNAc(b1-6)]GalNAc,0.0017843710957095027,1,-0.3252634217346895,H-,candycrunch
613.2276611328125,-2,51.175466666666665,Fuc(a1-?)[Gal(b1-?)]GlcNAc(b1-3)Gal(b1-?)[Fuc(a1-?)]GlcNAc(b1-3)GalNAc,0.023448362946510315,5,-0.4973215272034395,H-,candycrunch
613.2567138671875,-3,52.35463,Neu5Ac(a2-3)Gal(b1-?)GlcNAc(b1-3)Gal(b1-3)[Fuc(a1-2)[Gal(a1-3)]Gal(b1-?)[Fuc(a1-?)]GlcNAc(b1-6)]GalNAc,8.364662062376738e-05,4,-0.03855849578849302,H-,candycrunch
613.2818603515625,-3,55.353525,Neu5Ac(a2-3)Gal(b1-?)GlcNAc(b1-3)Gal(b1-3)[Fuc(a1-2)[Gal(a1-3)]Gal(b1-?)[Fuc(a1-?)]GlcNAc(b1-6)]GalNAc,6.1550827012979425e-06,10,-0.06370498016349302,H-,candycrunch
613.3391723632812,-3,59.75992666666667,Neu5Ac(a2-3)Gal(b1-?)GlcNAc(b1-3)Gal(b1-3)[Fuc(a1-2)[Gal(a1-3)]Gal(b1-?)[Fuc(a1-?)]GlcNAc(b1-6)]GalNAc,2.2797828933107667e-05,1,-0.12101699188224302,H-,candycrunch
614.15576171875,-3,41.528241666666666,Neu5Ac(a2-3)Gal(b1-?)GlcNAc(b1-3)Gal(b1-3)[Fuc(a1-2)[Gal(a1-3)]Gal(b1-?)[Fuc(a1-?)]GlcNAc(b1-6)]GalNAc,1.3298190424393397e-06,9,-0.937606347350993,H-,candycrunch
615.2872924804688,-1,52.341496666666664,Neu5Ac(a2-3)Gal(b1-4)GlcNAc6S(b1-3)Gal,0.0006941137835383415,9,0.9221444869702964,H-,candycrunch
615.2909545898438,-1,53.438491666666664,Gal(b1-3)[Kdn(a2-6)]GalNAc,0.0015232086880132556,1,0.9184819724953286,H-,candycrunch
615.292724609375,-1,55.407419999999995,Neu5Ac(a2-3)Gal(b1-4)GlcNAc6S(b1-3)Gal,0.0007435833103954792,9,0.9167123580640464,H-,candycrunch
615.3015747070312,-1,47.92796833333333,Gal(b1-3)[Kdn(a2-6)]GalNAc,0.0010428703390061855,2,0.9078618553078286,H-,candycrunch
615.3101196289062,-1,51.162683333333334,Gal(b1-3)[Kdn(a2-6)]GalNAc,0.0008518673130311072,2,0.8993169334328286,H-,candycrunch
615.3190307617188,-1,50.25519666666667,Neu5Ac(a2-3)Gal(b1-4)GlcNAc6S(b1-3)Gal,0.0018184821819886565,2,0.8904062057202964,H-,candycrunch
616.1713256835938,-1,41.534618333333334,Neu5Ac(a2-3)Gal(b1-4)GlcNAc6S(b1-3)Gal,0.00020430306904017925,6,0.038111283845296384,H-,candycrunch
616.3167724609375,-1,50.09157666666667,Gal(b1-3)[Kdn(a2-6)]GalNAc,0.0005125933093950152,1,-0.10733589859842141,H-,candycrunch
617.713134765625,-1,61.34167166666667,Neu5Ac(a2-3)Gal(b1-4)GlcNAc6S(b1-3)Gal,0.16958743333816528,1,-1.5036977981859536,H-,candycrunch
619.2967529296875,-2,15.694270000000001,Neu5Ac(a2-3)Gal(b1-3)[Neu5Ac(a2-8)Neu5Ac(a2-6)]GalNAc,0.0012455197283998132,2,-0.08698162192854397,H-,candycrunch
622.3516235351562,-3,25.736845000000002,HexNAc(?1-4)Gal(b1-4)GlcNAc(b1-3)[Gal(b1-4)GlcNAc(b1-6)]Gal(b1-3)[HexNAc(?1-4)Gal(b1-4)GlcNAc(b1-6)]GalNAc,2.697519084904343e-05,1,-0.45784033895722587,H-,candycrunch
625.1807250976562,-3,10.541648333333333,Neu5Ac(a2-3)Gal(b1-?)GlcNAc(b1-3)Gal(b1-?)GlcNAc(b1-3)Gal(b1-?)GlcNAc(b1-6)[Neu5Ac(a2-6)]GalNAc,1.933232624651282e-06,2,1.3728129371094155,H-,candycrunch
628.210693359375,-2,44.02764333333334,Neu5Ac(a2-3)Gal(b1-?)[Fuc(a1-?)]GlcNAc6S(b1-6)[Neu5Ac(a2-3)Gal(b1-3)]GalNAc,7.138928776839748e-05,5,-0.4932641846660317,H-,candycrunch
628.4642944335938,-2,41.541153333333334,Gal(b1-?)GlcNAc(b1-3)Gal(b1-?)GlcNAc(b1-3)Gal(b1-?)GlcNAc6S(b1-6)[Gal(b1-3)]GalNAc,6.992161615926307e-06,2,0.2609597945153155,H-,candycrunch
628.7296752929688,-2,21.35361,Gal(b1-?)GlcNAc(b1-3)Gal(b1-?)GlcNAc(b1-3)Gal(b1-?)GlcNAc6S(b1-6)[Gal(b1-3)]GalNAc,1.844573034759378e-06,2,-0.00442106485968452,H-,candycrunch
629.81689453125,-2,31.457006666666665,Gal(b1-?)GlcNAc(b1-3)Gal(b1-?)GlcNAc(b1-3)Gal(b1-?)GlcNAc6S(b1-6)[Gal(b1-3)]GalNAc,6.168382242321968e-06,3,-1.0916403031409345,H-,candycrunch
630.2536010742188,-2,43.969345000000004,Gal(b1-?)GlcNAc(b1-3)Gal(b1-?)GlcNAc(b1-3)Gal(b1-?)GlcNAc6S(b1-6)[Gal(b1-3)]GalNAc,3.48257458426815e-07,1,-1.5283468461096845,H-,candycrunch
633.4814453125,-2,55.50027666666667,Fuc(a1-2)Gal(b1-?)[Fuc(a1-?)]GlcNAc(b1-6)[GalNAc(b1-4)GlcNAc(b1-3)]GalNAc,0.00016342946037184447,1,-0.23783115614094186,H-,candycrunch
634.1226806640625,-2,51.015415000000004,HexNAc(?1-?)GlcA(b1-?)Gal(?1-?)HexNAc(?1-?)GlcA(b1-?)[Fuc(a1-?)]GalNAc,1.7312066120211966e-05,1,0.5843807912965531,H-,candycrunch
635.1124267578125,-2,49.52807166666667,HexNAc(?1-?)GlcA(b1-?)Gal(?1-?)HexNAc(?1-?)GlcA(b1-?)[Fuc(a1-?)]GalNAc,1.3229429896455258e-05,7,-0.40536530245344693,H-,candycrunch
635.2205810546875,-2,61.422755,HexNAc(?1-?)GlcA(b1-?)Gal(?1-?)HexNAc(?1-?)GlcA(b1-?)[Fuc(a1-?)]GalNAc,6.2129715843184385e-06,1,-0.5135195993284469,H-,candycrunch
635.3609619140625,-2,39.99503833333333,HexNAc(?1-?)HexA(?1-?)Hex(?1-?)HexNAc(?1-?)HexA(?1-?)[Fuc(a1-?)]GalNAc,0.0001064717725967057,1,-0.6539004587034469,H-,candycrunch
637.17578125,-3,49.62508666666666,Neu5Gc(a2-3)[GalNAc(b1-4)]Gal(b1-4)GlcNAc(b1-3)Gal(b1-3)[Neu5Gc(a2-3)Gal(b1-4)GlcNAc(b1-6)]GalNAc,3.6685400118585676e-05,2,0.04103319809894401,H-,candycrunch
638.2423095703125,-3,45.52596166666667,Fuc(a1-2)[Gal(a1-3)]Gal(b1-?)GlcNAc(b1-3)Gal(b1-4)GlcNAc(b1-6)[Fuc(a1-2)[Gal(a1-3)]Gal(b1-?)GlcNAc(b1-3)]GalNAc,2.2477108174712157e-08,1,-0.3452277129468939,H-,candycrunch
639.222900390625,-3,25.316468333333333,Neu5Ac(a2-3)[GalNAc(b1-4)]Gal(b1-4)GlcNAc(b1-3)Gal6S(b1-4)GlcNAc(b1-6)[Neu5Ac(a2-3)[GalNAc(b1-4)]Gal(b1-3)]GalNAc,2.3110183974495158e-05,2,1.0061540113073306,H-,candycrunch
640.2706298828125,-3,58.33854833333333,Neu5Ac(a2-3)[GalNAc(b1-4)]Gal(b1-4)GlcNAc(b1-3)Gal6S(b1-4)GlcNAc(b1-6)[Neu5Ac(a2-3)[GalNAc(b1-4)]Gal(b1-3)]GalNAc,4.8640260501997545e-05,3,-0.04157548088016938,H-,candycrunch
640.2886962890625,-3,59.465509999999995,Neu5Ac(a2-3)[GalNAc(b1-4)]Gal(b1-4)GlcNAc(b1-3)Gal6S(b1-4)GlcNAc(b1-6)[Neu5Ac(a2-3)[GalNAc(b1-4)]Gal(b1-3)]GalNAc,3.169851333950646e-05,8,-0.05964188713016938,H-,candycrunch
641.1334,-2,16.077913333333335,Fuc(a1-2)[GalNAc(a1-3)]Gal(b1-4)GlcNAc(b1-6)[GlcNAc(a1-4)Gal(b1-3)]GalNAc,4.0295064536621794e-05,2,0.1076714676089523,H-,candycrunch
641.1428,-2,5.712711666666667,HexNAc(?1-?)Gal(b1-?)GlcNAc(b1-6)[Fuc(a1-2)[GalNAc(a1-3)]Gal(b1-3)]GalNAc,2.180869341827929e-05,1,0.09827146760903815,H-,candycrunch
641.147,-2,11.91825,HexNAc(?1-?)Gal(b1-?)GlcNAc(b1-6)[Fuc(a1-2)[GalNAc(a1-3)]Gal(b1-3)]GalNAc,3.371013008290902e-05,1,0.09407146760895557,H-,candycrunch
641.1511,-2,10.135203333333335,Fuc(a1-2)[GalNAc(a1-3)]Gal(b1-4)GlcNAc(b1-6)[GlcNAc(a1-4)Gal(b1-3)]GalNAc,0.00011238629667786881,1,0.08997146760896158,H-,candycrunch
641.1538,-2,2.756325,GlcNAc(a1-3)Gal(b1-?)GlcNAc(b1-6)[Fuc(a1-2)[GalNAc(a1-3)]Gal(b1-3)]GalNAc,3.412980731809512e-05,1,0.08727146760895721,H-,candycrunch
641.1712,-2,7.949811666666667,Fuc(a1-?)HexNAc(?1-?)HexNAc(?1-?)Gal(b1-3)[Gal(b1-?)GlcNAc(b1-6)]GalNAc,5.5193668231368065e-06,1,0.06987146760900487,H-,candycrunch
642.0695190429688,-2,61.262031666666665,HexNAc(?1-?)HexA(?1-?)Hex(?1-?)HexNAc(?1-?)HexA(?1-4)Gal(b1-3)GalNAc,0.0006939342129044235,1,0.6349997236402487,H-,candycrunch
642.1168212890625,-2,11.623936666666667,HexNAc(?1-?)HexA(?1-?)Hex(?1-?)HexNAc(?1-?)HexA(?1-4)Gal(b1-3)GalNAc,0.0012478337157517672,4,0.5876974775464987,H-,candycrunch
642.1324462890625,-2,6.233783333333333,HexNAc(?1-?)HexA(?1-?)Hex(?1-?)HexNAc(?1-?)HexA(?1-4)Gal(b1-3)GalNAc,4.336113306635525e-06,1,0.5720724775464987,H-,candycrunch
642.1334228515625,-2,8.980256666666667,HexNAc(?1-?)HexA(?1-?)Hex(?1-?)HexNAc(?1-?)HexA(?1-4)Gal(b1-3)GalNAc,0.0005107117467559874,4,0.5710959150464987,H-,candycrunch
642.1396484375,-2,7.566915,HexNAc(?1-?)HexA(?1-?)Hex(?1-?)HexNAc(?1-?)HexA(?1-4)Gal(b1-3)GalNAc,4.489582352107391e-05,3,0.5648703291089987,H-,candycrunch
642.144287109375,-2,15.374793333333331,HexNAc(?1-?)HexA(?1-?)Hex(?1-?)HexNAc(?1-?)HexA(?1-4)Gal(b1-3)GalNAc,0.00010453455615788698,2,0.5602316572339987,H-,candycrunch
642.145751953125,-2,0.6001066666666667,HexNAc(?1-?)HexA(?1-?)Hex(?1-?)HexNAc(?1-?)HexA(?1-4)Gal(b1-3)GalNAc,0.000629508460406214,2,0.5587668134839987,H-,candycrunch
642.1522827148438,-2,16.627866666666666,HexNAc(?1-?)HexA(?1-?)Hex(?1-?)HexNAc(?1-?)HexA(?1-4)Gal(b1-3)GalNAc,1.944163341249805e-05,3,0.5522360517652487,H-,candycrunch
642.1547241210938,-2,18.134913333333333,HexNAc(?1-?)HexA(?1-?)Hex(?1-?)HexNAc(?1-?)HexA(?1-4)Gal(b1-3)GalNAc,0.00021454968373291194,1,0.5497946455152487,H-,candycrunch
642.1555786132812,-2,2.461176666666667,HexNAc(?1-?)HexA(?1-?)Hex(?1-?)HexNAc(?1-?)HexA(?1-4)Gal(b1-3)GalNAc,0.0007149395532906055,2,0.5489401533277487,H-,candycrunch
642.1629638671875,-2,12.745155,HexNAc(?1-?)HexA(?1-?)Hex(?1-?)HexNAc(?1-?)HexA(?1-4)Gal(b1-3)GalNAc,8.249940583482385e-05,1,0.5415548994214987,H-,candycrunch
642.17529296875,-2,3.7206949999999996,HexNAc(?1-?)HexA(?1-?)Hex(?1-?)HexNAc(?1-?)HexA(?1-4)Gal(b1-3)GalNAc,0.0003537203883752227,1,0.5292257978589987,H-,candycrunch
642.1757202148438,-2,10.615,HexNAc(?1-?)HexA(?1-?)Hex(?1-?)HexNAc(?1-?)HexA(?1-4)Gal(b1-3)GalNAc,4.341756721260026e-06,1,0.5287985517652487,H-,candycrunch
642.29296875,-2,58.345115,HexNAc(?1-?)GlcA(b1-?)Gal(?1-?)HexNAc(?1-?)GlcA(b1-3)Gal(b1-3)GalNAc,2.2186291062098462e-06,3,0.4115500166089987,H-,candycrunch
642.3028564453125,-2,59.458948333333325,HexNAc(?1-?)HexA(?1-?)Hex(?1-?)HexNAc(?1-?)HexA(?1-4)Gal(b1-3)GalNAc,1.0417117664474063e-05,6,0.4016623212964987,H-,candycrunch
643.021240234375,-2,10.063226666666667,HexNAc(?1-?)HexA(?1-?)Hex(?1-?)HexNAc(?1-?)HexA(?1-4)Gal(b1-3)GalNAc,0.0027733894530683756,7,-0.3167214677660013,H-,candycrunch
643.0520629882812,-2,3.8489800000000005,HexNAc(?1-?)HexA(?1-?)Hex(?1-?)HexNAc(?1-?)HexA(?1-4)Gal(b1-3)GalNAc,0.000983617501333356,1,-0.3475442216722513,H-,candycrunch
643.0596923828125,-2,4.492901666666667,HexNAc(?1-?)HexA(?1-?)Hex(?1-?)HexNAc(?1-?)HexA(?1-4)Gal(b1-3)GalNAc,2.354961725359317e-05,10,-0.3551736162035013,H-,candycrunch
643.0660400390625,-2,16.938505,HexNAc(?1-?)HexA(?1-?)Hex(?1-?)HexNAc(?1-?)HexA(?1-4)Gal(b1-3)GalNAc,1.4950388504075818e-05,1,-0.3615212724535013,H-,candycrunch
643.0760498046875,-2,2.047378333333333,HexNAc(?1-?)HexA(?1-?)Hex(?1-?)HexNAc(?1-?)HexA(?1-4)Gal(b1-3)GalNAc,5.268724271445535e-05,11,-0.3715310380785013,H-,candycrunch
643.0835571289062,-2,5.76997,HexNAc(?1-?)HexA(?1-?)Hex(?1-?)HexNAc(?1-?)HexA(?1-4)Gal(b1-3)GalNAc,0.00016226423031184822,1,-0.3790383622972513,H-,candycrunch
643.0927124023438,-2,61.804444999999994,HexNAc(?1-?)HexA(?1-?)Hex(?1-?)HexNAc(?1-?)HexA(?1-4)Gal(b1-3)GalNAc,0.00028307217871770263,3,-0.3881936357347513,H-,candycrunch
643.0927734375,-2,12.207251666666666,HexNAc(?1-?)HexA(?1-?)Hex(?1-?)HexNAc(?1-?)HexA(?1-4)Gal(b1-3)GalNAc,4.237226312397979e-05,8,-0.3882546708910013,H-,candycrunch
643.111328125,-2,0.47082333333333337,HexNAc(?1-?)HexA(?1-?)Hex(?1-?)HexNAc(?1-?)HexA(?1-4)Gal(b1-3)GalNAc,1.1427776371419895e-05,1,-0.4068093583910013,H-,candycrunch
643.1138305664062,-2,6.738311666666667,HexNAc(?1-?)HexA(?1-?)Hex(?1-?)HexNAc(?1-?)HexA(?1-4)Gal(b1-3)GalNAc,0.000837252358905971,3,-0.4093117997972513,H-,candycrunch
643.114501953125,-2,8.899531666666666,HexNAc(?1-?)HexA(?1-?)Hex(?1-?)HexNAc(?1-?)HexA(?1-4)Gal(b1-3)GalNAc,3.0296163458842784e-05,11,-0.4099831865160013,H-,candycrunch
643.1251220703125,-2,16.394795000000002,HexNAc(?1-?)HexA(?1-?)Hex(?1-?)HexNAc(?1-?)HexA(?1-4)Gal(b1-3)GalNAc,0.00021722723613493145,3,-0.4206033037035013,H-,candycrunch
643.1304321289062,-2,18.370575,HexNAc(?1-?)HexA(?1-?)Hex(?1-?)HexNAc(?1-?)HexA(?1-4)Gal(b1-3)GalNAc,0.00020257453434169292,4,-0.4259133622972513,H-,candycrunch
643.1539306640625,-2,13.899201666666666,HexNAc(?1-?)HexA(?1-?)Hex(?1-?)HexNAc(?1-?)HexA(?1-4)Gal(b1-3)GalNAc,0.0002830670273397118,5,-0.4494118974535013,H-,candycrunch
644.0640869140625,-4,12.298998333333333,Neu5Ac(a2-8)Neu5Ac(a2-3)[GalNAc(b1-4)]Gal(b1-?)GlcNAc(b1-?)[Neu5Ac(a2-3)[GalNAc(b1-4)]Gal(b1-?)GlcNAc(b1-?)]Gal(b1-3)[GlcNAc(b1-6)]GalNAc,0.0001335485721938312,1,-0.08721211149349983,H-,candycrunch
644.09423828125,-4,6.664581666666667,Neu5Ac(a2-8)Neu5Ac(a2-3)[GalNAc(b1-4)]Gal(b1-?)GlcNAc(b1-?)[Neu5Ac(a2-3)[GalNAc(b1-4)]Gal(b1-?)GlcNAc(b1-?)]Gal(b1-3)[GlcNAc(b1-6)]GalNAc,0.00011524834553711116,1,-0.11736347868099983,H-,candycrunch
644.9754028320312,-3,35.87678333333333,Neu5Ac(a2-3)Gal(b1-?)[Fuc(a1-?)]GlcNAc(b1-3)Gal(b1-4)GlcNAc(b1-3)Gal(b1-4)GlcNAc(b1-6)[GlcNAc(b1-3)]GalNAc,8.360435010956735e-09,1,0.9254234812010509,H-,candycrunch
646.114990234375,-3,14.138155,Fuc(a1-2)[GalNAc(a1-3)]Gal(b1-?)[Fuc(a1-?)]GlcNAc(b1-3)Gal(b1-4)GlcNAc(b1-6)[Fuc(a1-?)[Gal(b1-?)]GlcNAc(b1-6)]GalNAc,2.374772520852275e-06,3,0.1259697826573074,H-,candycrunch
647.3550415039062,-2,43.891995,Neu5Ac(a2-3)Gal(b1-?)[Fuc(a1-?)]GlcNAc(b1-3)[Neu5Ac(a2-6)]GalNAc,0.0032329270616173744,1,0.8756622215528296,H-,candycrunch
650.1056518554688,-2,8.523016666666667,GlcNAc(a1-4)Gal(b1-4)GlcNAc(b1-3)[GlcNAc(a1-4)Gal(b1-4)GlcNAc(b1-6)]Gal,9.39908750297036e-06,1,-0.8671230766096869,H-,candycrunch
650.310302734375,-3,26.148963333333334,Neu5Ac(a2-6)Gal(b1-4)GlcNAc(b1-3)Gal(b1-4)GlcNAc(b1-3)Gal(b1-4)GlcNAc(b1-3)Gal(b1-4)GlcNAc(b1-3)GalNAc,4.298392468626844e-06,1,0.9221617863573783,H-,candycrunch
650.3189086914062,-3,28.055948333333333,Neu5Ac(a2-6)Gal(b1-4)GlcNAc(b1-3)Gal(b1-4)GlcNAc(b1-3)Gal(b1-4)GlcNAc(b1-3)Gal(b1-4)GlcNAc(b1-3)GalNAc,2.3933696979838714e-07,5,0.9135558293261283,H-,candycrunch
650.353271484375,-3,23.210841666666667,Neu5Ac(a2-6)Gal(b1-4)GlcNAc(b1-3)Gal(b1-4)GlcNAc(b1-3)Gal(b1-4)GlcNAc(b1-3)Gal(b1-4)GlcNAc(b1-3)GalNAc,6.53400684313965e-06,2,0.8791930363573783,H-,candycrunch
651.198486328125,-3,45.14040833333333,Neu5Ac(a2-6)Gal(b1-4)GlcNAc(b1-3)Gal(b1-4)GlcNAc(b1-3)Gal(b1-4)GlcNAc(b1-3)Gal(b1-4)GlcNAc(b1-3)GalNAc,1.2283445016691985e-07,4,0.03397819260737833,H-,candycrunch
654.2191162109375,-3,60.613565,Neu5Ac(a2-?)GlcNAc(b1-6)[Gal(?1-3)]Gal(b1-?)GlcNAc(b1-6)[Neu5Ac(a2-8)Neu5Ac(a2-?)Gal(b1-3)]GalNAc,0.00016968593990895897,3,1.6731031483615197,H-,candycrunch
656.1061401367188,-2,44.44477833333333,Neu5Ac(a2-3)Gal(b1-4)GlcNAc(b1-6)[Neu5Ac(a2-3)Gal(b1-3)]GalNAc,0.04262767732143402,1,0.12202089999027521,H-,candycrunch
657.2835083007812,-1,21.61390666666667,Neu5Ac(a2-3)Gal(b1-3)GalNAc,0.013491954654455185,1,-0.047522231842208384,H-,candycrunch
657.3072509765625,-1,30.274225,Neu5Ac(a2-3)Gal(b1-3)GalNAc,0.12397162616252899,2,-0.07126490762345838,H-,candycrunch
658.310546875,-1,55.567240000000005,Fuc(a1-2)Gal(b1-3)[Fuc(a1-?)[GalOS(b1-?)]GlcNAc6S(b1-6)]GalNAc,0.01857435144484043,5,-0.05415969466093884,H-,candycrunch
658.3236694335938,-1,32.558681666666665,Fuc(a1-2)Gal(b1-3)[Fuc(a1-?)[GalOS(b1-?)]GlcNAc6S(b1-6)]GalNAc,0.01410415954887867,2,-0.06728225325468884,H-,candycrunch
660.4111328125,-4,25.743215,Fuc(a1-2)[Gal(a1-3)]Gal(b1-?)GlcNAc(b1-3)Gal(b1-4)GlcNAc(b1-3)Gal(b1-4)GlcNAc(b1-3)[Fuc(a1-2)[Gal(a1-3)]Gal(b1-?)GlcNAc(b1-3)Gal(b1-4)GlcNAc(b1-6)]GalNAc,1.169766328246169e-08,2,0.32595744611899136,H-,candycrunch
661.4142456054688,-2,35.61179333333334,Fuc(a1-?)HexNAc(?1-?)HexNAc(?1-?)Gal(?1-3)[GlcNAc(b1-6)]GalNAc(a1-3)GalNAc,1.4002739590068813e-05,2,0.3401004128902514,H-,candycrunch
662.0360107421875,-2,6.823948333333334,Fuc(a1-?)HexNAc(?1-?)HexNAc(?1-?)Gal(b1-3)[GlcNAc(b1-6)]GalNAc(a1-3)GalNAc,1.1047053703805432e-05,1,-0.2816647238284986,H-,candycrunch
662.38525390625,-2,36.982643333333336,Fuc(a1-?)[HexNAc(?1-?)]HexNAc(?1-?)Gal(?1-3)[GlcNAc(b1-6)]GalNAc(a1-3)GalNAc,1.9824685750791105e-06,2,-0.6309078878909986,H-,candycrunch
665.1309814453125,-2,53.67373833333333,Fuc(a1-2)Gal(b1-?)[Fuc(a1-?)]GlcNAc(b1-6)[Neu5Gc(a2-3)Gal(b1-3)]GalNAc,0.04571923986077309,10,-0.3951625429034493,H-,candycrunch
665.2813720703125,-2,19.791193333333332,Fuc(a1-2)[Gal(a1-3)]Gal(b1-?)[Fuc(a1-?)]GlcNAc(b1-6)[Fuc(a1-2)Gal(b1-3)]GalNAc,0.0008263849304057658,2,-0.035352610953395924,H-,candycrunch
665.29296875,-2,22.225273333333334,Fuc(a1-2)[Gal(a1-3)]Gal(b1-4)[Fuc(a1-3)]GlcNAc(b1-6)[Fuc(a1-2)Gal(b1-3)]GalNAc,0.0007308359490707517,1,-0.046949290640895924,H-,candycrunch
665.310546875,-2,39.768625,Fuc(a1-2)[Gal(a1-3)]Gal(b1-?)[Fuc(a1-?)]GlcNAc(b1-6)[Fuc(a1-2)Gal(b1-3)]GalNAc,0.00047184459981508553,1,-0.06452741564089592,H-,candycrunch
665.4090576171875,-2,37.366555,Fuc(a1-2)[Gal(a1-3)]Gal(b1-4)[Fuc(a1-3)]GlcNAc(b1-6)[Fuc(a1-2)Gal(b1-3)]GalNAc,0.0004167373408563435,8,-0.16303815782839592,H-,candycrunch
665.4232177734375,-2,34.703518333333335,Fuc(a1-2)[Gal(a1-3)]Gal(b1-4)[Fuc(a1-3)]GlcNAc(b1-6)[Fuc(a1-2)Gal(b1-3)]GalNAc,0.0001671457284828648,5,-0.17719831407839592,H-,candycrunch
665.4254760742188,-2,44.503235,Fuc(a1-2)[Gal(a1-3)]Gal(b1-4)[Fuc(a1-3)]GlcNAc(b1-6)[Fuc(a1-2)Gal(b1-3)]GalNAc,0.020820988342165947,3,-0.17945661485964592,H-,candycrunch
667.1962890625,-3,53.84411166666667,Fuc(a1-2)[Gal(a1-3)]Gal(b1-?)[Fuc(a1-?)]GlcNAc(b1-3)Gal(b1-3)[Fuc(a1-2)[Gal(a1-3)]Gal(b1-?)[Fuc(a1-?)]GlcNAc(b1-6)]GalNAc,1.8464942286300356e-07,2,0.3796078231989668,H-,candycrunch
667.2437133789062,-3,16.294995,Fuc(a1-2)[Gal(a1-3)]Gal(b1-?)[Fuc(a1-?)]GlcNAc(b1-3)Gal(b1-3)[Fuc(a1-2)[Gal(a1-3)]Gal(b1-?)[Fuc(a1-?)]GlcNAc(b1-6)]GalNAc,4.479607582652534e-07,3,0.3321835067927168,H-,candycrunch
667.2933959960938,-3,19.842936666666667,Fuc(a1-2)[Gal(a1-3)]Gal(b1-?)[Fuc(a1-?)]GlcNAc(b1-3)Gal(b1-3)[Fuc(a1-2)[Gal(a1-3)]Gal(b1-?)[Fuc(a1-?)]GlcNAc(b1-6)]GalNAc,2.4582732294220477e-06,4,0.2825008896052168,H-,candycrunch
667.3019409179688,-3,13.048168333333333,Fuc(a1-2)[Gal(a1-3)]Gal(b1-?)[Fuc(a1-?)]GlcNAc(b1-3)Gal(b1-3)[Fuc(a1-2)[Gal(a1-3)]Gal(b1-?)[Fuc(a1-?)]GlcNAc(b1-6)]GalNAc,4.6470340464566107e-08,1,0.2739559677302168,H-,candycrunch
667.3042602539062,-3,19.764545000000002,Fuc(a1-2)[Gal(a1-3)]Gal(b1-?)[Fuc(a1-?)]GlcNAc(b1-3)Gal(b1-3)[Fuc(a1-2)[Gal(a1-3)]Gal(b1-?)[Fuc(a1-?)]GlcNAc(b1-6)]GalNAc,0.00010967130219796672,13,0.2716366317927168,H-,candycrunch
667.3067016601562,-3,22.554064999999998,Fuc(a1-2)[Gal(a1-3)]Gal(b1-?)[Fuc(a1-?)]GlcNAc(b1-3)Gal(b1-3)[Fuc(a1-2)[Gal(a1-3)]Gal(b1-?)[Fuc(a1-?)]GlcNAc(b1-6)]GalNAc,4.852431175095262e-06,4,0.2691952255427168,H-,candycrunch
668.1224365234375,-3,13.989726666666666,Fuc(a1-2)[Gal(a1-3)]Gal(b1-?)[Fuc(a1-?)]GlcNAc(b1-3)Gal(b1-3)[Fuc(a1-2)[Gal(a1-3)]Gal(b1-?)[Fuc(a1-?)]GlcNAc(b1-6)]GalNAc,1.0754602953966241e-05,1,-0.5465396377385332,H-,candycrunch
669.311767578125,-3,19.778078333333333,Neu5Ac(a2-3)[GalNAc(b1-4)]Gal(b1-?)GlcNAc(b1-3)Gal(b1-?)GlcNAc(b1-3)[Neu5Ac(a2-8)Neu5Ac(a2-6)]GalNAc,0.0003365972952451557,2,0.2559681483406848,H-,candycrunch
669.7877197265625,-2,29.045746666666666,GlcNAc(a1-4)Gal(b1-4)GlcNAc(b1-3)[GlcNAc(a1-4)Gal(b1-4)GlcNAc(b1-6)]GalNAc,7.841889782866929e-06,2,-0.03591639695343929,H-,candycrunch
670.1553955078125,-2,39.91766833333333,GlcNAc(a1-4)Gal(b1-4)GlcNAc(b1-3)[GlcNAc(a1-4)Gal(b1-4)GlcNAc(b1-6)]GalNAc,1.0194696642429335e-06,1,-0.4035921782034393,H-,candycrunch
672.3377685546875,-2,20.245775,Neu5Gc(a2-3)Gal(b1-4)GlcNAc(b1-6)[Neu5Gc(a2-3)Gal(b1-3)]GalNAc,0.001252860063686967,2,-0.1146928979784434,H-,candycrunch
675.3228149414062,-3,13.346364999999999,Neu5Ac(a2-3)Gal(b1-?)[Fuc(a1-?)]GlcNAc(b1-3)Gal(b1-?)GlcNAc(b1-6)[Neu5Ac(a2-3)Gal(b1-3)GlcNAc(b1-3)]GalNAc,1.1495138778627734e-06,14,-0.08330730364059491,H-,candycrunch
675.4856567382812,-3,45.26963333333333,Neu5Ac(a2-3)Gal(b1-?)[Fuc(a1-?)]GlcNAc(b1-3)Gal(b1-?)GlcNAc(b1-6)[Neu5Ac(a2-3)Gal(b1-?)GlcNAc(b1-3)]GalNAc,2.9549137252615765e-05,6,-0.2461491005155949,H-,candycrunch
677.5402221679688,-2,55.86094,Neu5Ac(a2-3)[GalNAc(b1-4)]Gal(b1-?)GlcNAc(b1-3)[Neu5Ac(a2-6)]GalNAc,0.0007674246444366872,1,-0.7987865805097272,H-,candycrunch
677.6232299804688,-2,59.61972666666667,Neu5Ac(a2-3)[GalNAc(b1-4)]Gal(b1-?)GlcNAc(b1-3)[Neu5Ac(a2-6)]GalNAc,0.00037803692976012826,5,-0.8817943930097272,H-,candycrunch
677.6385498046875,-2,58.54895500000001,Neu5Ac(a2-3)[GalNAc(b1-4)]Gal(b1-?)GlcNAc(b1-3)[Neu5Ac(a2-6)]GalNAc,0.0005530589842237532,7,-0.8971142172284772,H-,candycrunch
677.6434936523438,-2,57.190265000000004,Neu5Ac(a2-3)[GalNAc(b1-4)]Gal(b1-?)GlcNAc(b1-3)[Neu5Ac(a2-6)]GalNAc,0.0013203888665884733,28,-0.9020580648847272,H-,candycrunch
678.4653930664062,-2,41.71117833333333,Neu5Ac(a2-3)[GalNAc(b1-4)]Gal(b1-?)GlcNAc(b1-3)[Neu5Ac(a2-6)]GalNAc,0.0003562908386811614,2,-1.7239574789472272,H-,candycrunch
678.8326416015625,-3,25.714010000000002,Neu5Ac(a2-3)Gal(b1-?)GlcNAc(b1-?)[Gal(b1-?)GlcNAc(b1-?)]Gal(b1-?)GlcNAc(b1-6)[Neu5Ac(a2-3)Gal(b1-3)]GalNAc,1.680389505054336e-05,4,1.7385042437031188,H-,candycrunch
679.6441650390625,-3,57.41669833333333,Neu5Ac(a2-3)Gal(b1-4)GlcNAc(b1-3)Gal(b1-4)GlcNAc(b1-3)Gal(b1-4)GlcNAc(b1-6)[Neu5Ac(a2-3)Gal(b1-3)]GalNAc,1.55162069859216e-05,2,0.9269808062031188,H-,candycrunch
680.3052978515625,-3,18.212136666666666,Neu5Ac(a2-3)Gal(b1-?)GlcNAc(b1-3)Gal(b1-?)GlcNAc(b1-3)Gal(b1-?)GlcNAc(b1-6)[Neu5Ac(a2-3)Gal(b1-3)]GalNAc,9.045522347150836e-06,1,0.26584799370311885,H-,candycrunch
680.638671875,-3,57.20216333333333,Neu5Ac(a2-3)Gal(b1-?)GlcNAc(b1-3)Gal(b1-?)GlcNAc(b1-3)Gal(b1-?)GlcNAc(b1-6)[Neu5Ac(a2-3)Gal(b1-3)]GalNAc,4.115187766728923e-05,4,-0.06752602973438115,H-,candycrunch
681.400634765625,-3,34.71013333333333,Neu5Ac(a2-3)Gal(b1-?)[Fuc(a1-?)]GlcNAc(b1-3)Gal(b1-4)GlcNAc(b1-6)[Fuc(a1-?)[Gal(b1-?)]GlcNAc(b1-3)Gal(b1-3)]GalNAc,0.0018114420818164945,1,-0.48935521655937464,H-,candycrunch
682.2963256835938,-3,59.76629166666666,Neu5Ac(a2-3)Gal(b1-?)[Fuc(a1-?)]GlcNAc(b1-3)Gal(b1-4)GlcNAc(b1-6)[Fuc(a1-?)[Gal(b1-?)]GlcNAc(b1-3)Gal(b1-3)]GalNAc,0.0007749533397145569,1,-1.3850461345281246,H-,candycrunch
684.3165893554688,-2,58.256165,Neu5Ac(a2-3)Gal(b1-?)[Fuc(a1-?)]GlcNAc(b1-3)Gal(b1-?)GlcNAc(b1-3)GalNAc,0.004851199220865965,4,0.9325040989402851,H-,candycrunch
684.3219604492188,-2,59.60030666666667,Neu5Ac(a2-3)Gal(b1-?)[Fuc(a1-?)]GlcNAc(b1-3)Gal(b1-?)GlcNAc(b1-3)GalNAc,0.0011084668803960085,15,0.9271330051902851,H-,candycrunch
688.359619140625,-3,16.084486666666667,HexNAc(?1-?)Gal(b1-?)GlcNAc(b1-3)[HexNAc(?1-?)Gal(b1-?)GlcNAc(b1-6)]Gal(b1-3)[HexNAc(?1-?)Gal(b1-?)GlcNAc(b1-6)]GalNAc,0.0009388479520566761,1,1.2272882332407562,H-,candycrunch
689.2667236328125,-3,16.314246666666666,HexNAc(?1-?)Gal(b1-?)GlcNAc(b1-3)[HexNAc(?1-?)Gal(b1-?)GlcNAc(b1-6)]Gal(b1-3)[HexNAc(?1-?)Gal(b1-?)GlcNAc(b1-6)]GalNAc,0.0001232372596859932,1,0.3201837410532562,H-,candycrunch
689.2903442382812,-3,19.784715,GlcNAc(a1-4)Gal(b1-4)GlcNAc(b1-3)[GlcNAc(a1-4)Gal(b1-4)GlcNAc(b1-6)]Gal(b1-3)[GlcNAc(a1-4)Gal(b1-4)GlcNAc(b1-6)]GalNAc,8.165141480276361e-05,3,0.2965631355845062,H-,candycrunch
689.4072265625,-3,32.20489666666667,HexNAc(?1-?)Gal(b1-?)GlcNAc(b1-3)[HexNAc(?1-?)Gal(b1-?)GlcNAc(b1-6)]Gal(b1-3)[HexNAc(?1-?)Gal(b1-?)GlcNAc(b1-6)]GalNAc,0.0003820008132606745,1,0.1796808113657562,H-,candycrunch
691.3482055664062,-1,21.214866666666666,Gal(b1-?)GlcNAc6S(b1-3)Gal(b1-?)GlcNAc6S(b1-6)[Gal(b1-3)]GalNAc,0.00018574258137959987,1,-1.101989141067179,H-,candycrunch
691.463134765625,-4,46.83667,Neu5Ac(a2-3)Gal(b1-?)[Fuc(a1-?)]GlcNAc(b1-3)[Neu5Ac(a2-3)Gal(b1-?)[Fuc(a1-?)]GlcNAc(b1-6)]Gal(b1-3)[Neu5Ac(a2-3)Gal(b1-?)[Fuc(a1-?)]GlcNAc(b1-6)]GalNAc,9.718914043332916e-06,1,1.0306912350689572,H-,candycrunch
692.3063354492188,-4,21.29437,Neu5Ac(a2-3)Gal(b1-?)[Fuc(a1-?)]GlcNAc(b1-3)[Neu5Ac(a2-3)Gal(b1-?)[Fuc(a1-?)]GlcNAc(b1-6)]Gal(b1-3)[Neu5Ac(a2-3)Gal(b1-?)[Fuc(a1-?)]GlcNAc(b1-6)]GalNAc,1.9983655874966644e-05,1,0.1874905514752072,H-,candycrunch
693.0146484375,-2,13.918463333333333,Neu5Gc(a2-3)[GalNAc(b1-4)]Gal(b1-4)GlcNAc(b1-6)[Fuc(a1-2)Gal(b1-3)]GalNAc,0.0022279703989624977,2,0.23190232690910761,H-,candycrunch
693.0288696289062,-2,3.7013550000000004,Gal(b1-?)GlcNAc(b1-3)Gal(b1-3)[Neu5Ac(a2-3)Gal(b1-?)GlcNAc(b1-6)]GalNAc,0.08456647396087646,4,0.2176811367528444,H-,candycrunch
693.0299682617188,-2,8.746063333333334,Gal(b1-?)GlcNAc(b1-3)Gal(b1-3)[Neu5Ac(a2-3)Gal(b1-?)GlcNAc(b1-6)]GalNAc,0.008524271659553051,4,0.2165825039403444,H-,candycrunch
693.0457763671875,-2,17.095470000000002,Gal(b1-?)GlcNAc(b1-3)Gal(b1-3)[Neu5Ac(a2-3)Gal(b1-?)GlcNAc(b1-6)]GalNAc,0.24097567796707153,1,0.2007743984715944,H-,candycrunch
693.047607421875,-2,1.8379966666666667,Gal(b1-?)GlcNAc(b1-3)Gal(b1-3)[Neu5Ac(a2-3)Gal(b1-?)GlcNAc(b1-6)]GalNAc,0.20031802356243134,4,0.1989433437840944,H-,candycrunch
693.048095703125,-2,0.3199016666666667,Gal(b1-?)GlcNAc(b1-3)Gal(b1-3)[Neu5Ac(a2-3)Gal(b1-?)GlcNAc(b1-6)]GalNAc,0.02793392911553383,2,0.1984550625340944,H-,candycrunch
693.0489501953125,-2,18.664181666666668,Gal(b1-?)GlcNAc(b1-3)Gal(b1-3)[Neu5Ac(a2-3)Gal(b1-?)GlcNAc(b1-6)]GalNAc,0.006734320428222418,1,0.1976005703465944,H-,candycrunch
693.051025390625,-2,12.292456666666666,Gal(b1-?)GlcNAc(b1-3)Gal(b1-3)[Neu5Ac(a2-3)Gal(b1-?)GlcNAc(b1-6)]GalNAc,0.003285581013187766,4,0.1955253750340944,H-,candycrunch
693.0651245117188,-2,5.927616666666666,Gal(b1-?)GlcNAc(b1-3)Gal(b1-3)[Neu5Ac(a2-3)Gal(b1-?)GlcNAc(b1-6)]GalNAc,0.012336418963968754,1,0.1814262539403444,H-,candycrunch
693.076416015625,-2,10.069645,Neu5Gc(a2-3)[GalNAc(b1-4)]Gal(b1-?)GlcNAc(b1-6)[Fuc(a1-2)Gal(b1-3)]GalNAc,0.003140130080282688,3,0.17013474878410761,H-,candycrunch
693.0775756835938,-2,6.671,Gal(b1-?)GlcNAc(b1-3)Gal(b1-3)[Neu5Ac(a2-3)Gal(b1-?)GlcNAc(b1-6)]GalNAc,0.0787215381860733,8,0.1689750820653444,H-,candycrunch
693.0977783203125,-2,15.6006,Neu5Gc(a2-3)[GalNAc(b1-4)]Gal(b1-?)GlcNAc(b1-6)[Fuc(a1-2)Gal(b1-3)]GalNAc,0.0032562229316681623,1,0.14877244409660761,H-,candycrunch
693.1950073242188,-2,22.969026666666668,Gal(b1-4)GlcNAc(b1-3)Gal(b1-4)GlcNAc(b1-6)[Neu5Ac(a2-3)Gal(b1-3)]GalNAc,0.005213672295212746,2,0.051543441440344395,H-,candycrunch
693.2207641601562,-2,24.597966666666665,Gal(b1-?)GlcNAc(b1-3)Gal(b1-3)[Neu5Ac(a2-3)Gal(b1-?)GlcNAc(b1-6)]GalNAc,0.01860249787569046,1,0.025786605502844395,H-,candycrunch
694.0783081054688,-3,3.1597,Neu5Ac(a2-3)[GalNAc(b1-4)]Gal(b1-4)GlcNAc(b1-3)Gal(b1-4)GlcNAc(b1-6)[Neu5Ac(a2-3)[GalNAc(b1-4)]Gal(b1-3)]GalNAc,4.9693757318891585e-05,1,0.1683541069636476,H-,candycrunch
696.5955810546875,-1,45.74113166666667,GlcNAc(b1-3)[Neu5Ac(a2-6)]GalNAc,0.6886551380157471,5,1.6669541157515368,H-,candycrunch
698.3642578125,-1,34.7976,GlcNAc(b1-3)[Neu5Ac(a2-6)]GalNAc,0.05259683355689049,1,-0.10172264206096315,H-,candycrunch
699.2633666992188,-3,58.561948333333326,Fuc(a1-2)Gal(b1-?)GlcNAc(b1-3)[Fuc(a1-2)Gal(b1-?)GlcNAc(b1-6)]Gal(b1-3)[Fuc(a1-2)[GalNAc(a1-3)]Gal(b1-?)GlcNAc(b1-6)]GalNAc,1.4927288248145487e-05,7,0.9952011283135107,H-,candycrunch
699.5935668945312,-3,57.29046833333334,Fuc(a1-2)Gal(b1-?)GlcNAc(b1-3)[Fuc(a1-2)Gal(b1-?)GlcNAc(b1-6)]Gal(b1-3)[Fuc(a1-2)[GalNAc(a1-3)]Gal(b1-?)GlcNAc(b1-6)]GalNAc,4.078445635968819e-05,2,0.6650009330010107,H-,candycrunch
702.865234375,-1,27.266911666666665,Gal(b1-4)GlcNAc(b1-3)[Xyl(?1-?)]GalNAc,2.9856751098122913e-06,1,-1.6030335346609945,H-,candycrunch
702.8695068359375,-1,32.69735333333333,Gal(b1-4)GlcNAc(b1-3)[Xyl(?1-?)]GalNAc,6.774397434128332e-07,3,-1.6073059955984945,H-,candycrunch
702.8701171875,-1,34.606048333333334,Gal(b1-4)GlcNAc(b1-3)[Xyl(?1-?)]GalNAc,4.651087238016771e-06,6,-1.6079163471609945,H-,candycrunch
705.411865234375,-3,28.903521666666666,Fuc(a1-2)Gal(b1-4)GlcNAc(b1-3)[Fuc(a1-2)Gal(b1-4)GlcNAc(b1-6)]Gal(b1-3)[Gal(b1-?)GlcNAc(b1-3)Gal(b1-4)GlcNAc(b1-6)]GalNAc,0.0016600224189460278,3,0.17834080065733815,H-,candycrunch
707.4073486328125,-2,35.52637333333333,Fuc(a1-?)HexNAc(?1-?)Gal(?1-3)[GlcNAc(b1-6)]GalNAc(a1-3)[Neu5Ac(a2-6)]GalNAc,0.13747836649417877,2,-1.6449806276534673,H-,candycrunch
707.5006103515625,-2,42.709381666666665,Fuc(a1-?)HexNAc(?1-?)Gal(?1-3)[GlcNAc(b1-6)]GalNAc(a1-3)[Neu5Ac(a2-6)]GalNAc,0.4811592996120453,11,-1.7382423464034673,H-,candycrunch
709.1998291015625,-2,22.962511666666668,Gal(a1-3)Gal(b1-4)GlcNAc(b1-3)Gal(b1-3)[Gal(a1-3)Gal(b1-4)GlcNAc(b1-6)]GalNAc,1.154078017862048e-05,3,0.5518368422965523,H-,candycrunch
710.1503295898438,-2,59.89577666666667,Gal(a1-3)Gal(b1-4)GlcNAc(b1-3)Gal(b1-3)[Gal(a1-3)Gal(b1-4)GlcNAc(b1-6)]GalNAc,0.00013976967602502555,6,-0.3986636459846977,H-,candycrunch
710.3994750976562,-2,36.553061666666665,Gal(a1-3)Gal(b1-4)GlcNAc(b1-3)Gal(b1-3)[Gal(a1-3)Gal(b1-4)GlcNAc(b1-6)]GalNAc,6.893384852446616e-05,1,-0.6478091537971977,H-,candycrunch
710.5726318359375,-2,47.980018333333334,Gal(a1-3)Gal(b1-4)GlcNAc(b1-3)Gal(b1-3)[Gal(a1-3)Gal(b1-4)GlcNAc(b1-6)]GalNAc,7.217727397801355e-05,6,-0.8209658920784477,H-,candycrunch
711.139892578125,-4,53.97165666666667,Fuc(a1-2)[Gal(a1-3)]Gal(b1-?)GlcNAc(b1-3)Gal(b1-4)GlcNAc(b1-3)Gal(b1-4)GlcNAc(b1-3)Gal(b1-4)GlcNAc(b1-6)[Fuc(a1-?)[Gal(b1-?)]GlcNAc(b1-3)Gal(b1-4)GlcNAc(b1-3)]GalNAc,1.5822777754692652e-08,8,0.36704081374398356,H-,candycrunch
711.2403564453125,-4,57.81351333333333,Fuc(a1-2)[Gal(a1-3)]Gal(b1-?)GlcNAc(b1-3)Gal(b1-4)GlcNAc(b1-3)Gal(b1-4)GlcNAc(b1-3)Gal(b1-4)GlcNAc(b1-6)[Fuc(a1-?)[Gal(b1-?)]GlcNAc(b1-3)Gal(b1-4)GlcNAc(b1-3)]GalNAc,4.552352717013264e-09,1,0.26657694655648356,H-,candycrunch
713.165771484375,-2,53.98445,HexNAc(?1-?)Gal(?1-?)[Gal(?1-?)HexNAc(?1-?)]GalNAc(a1-3)[Neu5Ac(a2-6)]GalNAc,3.51243056684325e-06,3,0.5940538320339783,H-,candycrunch
714.129638671875,-1,47.59137833333333,GlcNAc(b1-3)[Neu5Gc(a2-6)]GalNAc,0.9957555532455444,8,0.12781111856406824,H-,candycrunch
715.3545532226562,-1,27.33315,Fuc(a1-2)Gal(b1-4)GlcNAc(b1-3)GalNAc,0.9852098822593689,1,-0.07670231831718866,H-,candycrunch
715.376220703125,-1,28.640596666666667,Fuc(a1-2)Gal(b1-4)GlcNAc(b1-3)GalNAc,0.7692867517471313,2,-0.09836979878593866,H-,candycrunch
716.2605590820312,-1,36.5378,Fuc(a1-?)[Gal(b1-?)]HexNAc(?1-3)GalNAc,0.023710642009973526,4,-0.9827081776921887,H-,candycrunch
718.835693359375,-3,4.34162,GlcNAc(a1-4)Gal(b1-4)GlcNAc(b1-3)[GlcNAc(a1-4)Gal(b1-4)GlcNAc(b1-6)]Gal(b1-3)[Fuc(a1-2)Gal(b1-?)[Fuc(a1-?)]GlcNAc(b1-6)]GalNAc,8.119435079834147e-08,1,0.4300290428240032,H-,candycrunch
721.4044189453125,-2,29.540354999999998,Neu5Ac(a2-3)Gal(b1-?)GlcNAc(b1-3)[Neu5Ac(a2-8)Neu5Ac(a2-6)]GalNAc,0.0006040793959982693,5,-0.6549613710535596,H-,candycrunch
721.5303955078125,-2,56.215318333333336,Gal(?1-?)HexNAc(?1-?)Gal(b1-4)GlcNAc(b1-6)[Fuc(a1-?)HexNAc(?1-?)Gal(b1-3)]GalNAc,0.0006924737826921046,2,0.7370876755466043,H-,candycrunch
722.3896484375,-2,43.975746666666666,Fuc(a1-2)Gal(b1-4)GlcNAc(b1-6)[Gal(b1-?)GlcNAc(b1-3)]Gal(b1-3)[GlcNAc(b1-6)]GalNAc,0.0020036986097693443,2,-0.12216525414089574,H-,candycrunch
722.4630126953125,-2,40.07863,Fuc(a1-2)Gal(b1-4)GlcNAc(b1-3)Gal(b1-4)GlcNAc(b1-6)[HexNAc(?1-4)Gal(b1-3)]GalNAc,0.0026543575804680586,1,-0.19552951195339574,H-,candycrunch
723.1500854492188,-3,58.920535,Neu5Ac(a2-3)Gal(b1-?)[Fuc(a1-?)]GlcNAc(b1-3)Gal(b1-?)[Fuc(a1-?)]GlcNAc(b1-6)[Neu5Ac(a2-3)Gal(b1-3)GlcNAc(b1-3)]GalNAc,4.5278363813849865e-07,5,0.7753917915468946,H-,candycrunch
724.1342163085938,-3,51.85886166666666,Neu5Ac(a2-3)Gal(b1-?)[Fuc(a1-?)]GlcNAc(b1-3)Gal(b1-?)[Fuc(a1-?)]GlcNAc(b1-6)[Neu5Ac(a2-3)Gal(b1-3)GlcNAc(b1-3)]GalNAc,5.603916974905587e-07,9,-0.20873906782810536,H-,candycrunch
724.496826171875,-3,38.11443666666666,Neu5Ac(a2-3)Gal(b1-?)[Fuc(a1-?)]GlcNAc(b1-3)Gal(b1-?)[Fuc(a1-?)]GlcNAc(b1-6)[Neu5Ac(a2-3)Gal(b1-3)GlcNAc(b1-3)]GalNAc,1.2003586107312003e-06,1,-0.5713489311093554,H-,candycrunch
725.1101684570312,-3,42.94396,Neu5Ac(a2-3)Gal(b1-?)[Fuc(a1-?)]GlcNAc(b1-3)Gal(b1-?)[Fuc(a1-?)]GlcNAc(b1-6)[Neu5Ac(a2-3)Gal(b1-3)GlcNAc(b1-3)]GalNAc,1.6009726095944643e-06,7,-1.1846912162656054,H-,candycrunch
725.1478271484375,-3,58.87295833333334,Neu5Ac(a2-3)Gal(b1-?)[Fuc(a1-?)]GlcNAc(b1-3)Gal(b1-?)[Fuc(a1-?)]GlcNAc(b1-6)[Neu5Ac(a2-3)Gal(b1-3)GlcNAc(b1-3)]GalNAc,4.0844435034159687e-07,1,-1.2223499076718554,H-,candycrunch
725.1739501953125,-3,22.547526666666666,Neu5Ac(a2-3)Gal(b1-?)[Fuc(a1-?)]GlcNAc(b1-3)Gal(b1-?)[Fuc(a1-?)]GlcNAc(b1-6)[Neu5Ac(a2-3)Gal(b1-3)GlcNAc(b1-3)]GalNAc,6.79085587762529e-07,11,-1.2484729545468554,H-,candycrunch
725.182861328125,-3,21.506763333333332,Neu5Ac(a2-3)Gal(b1-?)[Fuc(a1-?)]GlcNAc(b1-3)Gal(b1-?)[Fuc(a1-?)]GlcNAc(b1-6)[Neu5Ac(a2-3)Gal(b1-3)GlcNAc(b1-3)]GalNAc,4.1614688939262123e-07,2,-1.2573840873593554,H-,candycrunch
726.1441040039062,-3,52.02995,Neu5Ac(a2-3)Gal(b1-?)[Fuc(a1-?)]GlcNAc(b1-3)Gal(b1-?)[Fuc(a1-?)]GlcNAc(b1-6)[Neu5Ac(a2-3)Gal(b1-3)GlcNAc(b1-3)]GalNAc,3.8907364796614274e-05,3,-2.2186267631406054,H-,candycrunch
727.1214599609375,-2,43.028306666666666,Gal(b1-?)[Neu5Ac(a2-?)]GlcNAc(b1-3)[Neu5Gc(a2-8)Neu5Ac(a2-6)]GalNAc,0.0003025083860848099,3,1.625454923321513,H-,candycrunch
727.1241455078125,-2,51.865406666666665,Gal(b1-?)[Neu5Ac(a2-?)]GlcNAc(b1-3)[Neu5Gc(a2-8)Neu5Ac(a2-6)]GalNAc,0.00018505605112295598,4,1.622769376446513,H-,candycrunch
727.1484375,-2,46.9134,Neu5Ac(a2-3)Gal(b1-?)[Fuc(a1-?)]GlcNAc(b1-3)Gal(b1-3)[Neu5Ac(a2-6)]GalNAc,0.0942610576748848,2,2.1086779412090664,H-,candycrunch
727.1997680664062,-2,22.574558333333336,Gal(b1-?)[Neu5Ac(a2-?)]GlcNAc(b1-3)[Neu5Gc(a2-8)Neu5Ac(a2-6)]GalNAc,3.0074054393480765e-06,1,1.547146817852763,H-,candycrunch
728.145751953125,-2,42.963265,Gal(b1-?)[Neu5Ac(a2-?)]GlcNAc(b1-3)[Neu5Gc(a2-8)Neu5Ac(a2-6)]GalNAc,0.0038494558539241552,1,0.601162931134013,H-,candycrunch
728.2254638671875,-2,52.051829999999995,Gal(b1-?)[Neu5Ac(a2-?)]GlcNAc(b1-3)[Neu5Gc(a2-8)Neu5Ac(a2-6)]GalNAc,0.0001993077457882464,1,0.521451017071513,H-,candycrunch
730.2508544921875,-2,59.251884999999994,Gal(b1-4)GlcNAc(b1-3)[Gal(b1-4)GlcNAc(b1-6)]Gal(b1-3)[Gal(b1-4)GlcNAc(b1-6)]GalNAc,0.020728634670376778,2,0.014086002421549892,H-,candycrunch
730.2931518554688,-2,19.63271,Gal(b1-4)GlcNAc(b1-3)[Gal(b1-4)GlcNAc(b1-6)]Gal(b1-3)[Gal(b1-4)GlcNAc(b1-6)]GalNAc,0.006135848350822926,1,-0.028211360859700108,H-,candycrunch
731.3622436523438,-1,31.282943333333336,Gal(b1-4)GlcNAc(b1-6)[Gal(b1-3)]GalNAc,0.00783097930252552,10,-0.0894781255046837,H-,candycrunch
731.393310546875,-1,20.494151666666667,Gal(b1-4)GlcNAc(b1-6)[Gal(b1-3)]GalNAc,0.7915372252464294,4,-0.1205450200359337,H-,candycrunch
731.3984375,-1,27.662615000000002,Gal(b1-4)GlcNAc(b1-6)[Gal(b1-3)]GalNAc,0.03324377164244652,4,-0.1256719731609337,H-,candycrunch
733.3651123046875,-3,24.670693333333332,HexNAc(?1-?)HexA(?1-?)Hex(?1-?)HexNAc(?1-?)HexA(?1-?)Hex(?1-?)HexNAc(?1-?)HexA(?1-?)Hex(?1-?)HexNAc(?1-?)HexA(?1-?)GalNAc,1.865468313155816e-08,1,1.5273895300115328,H-,candycrunch
733.3802490234375,-3,21.534341666666666,HexNAc(?1-?)HexA(?1-?)Hex(?1-?)HexNAc(?1-?)HexA(?1-?)Hex(?1-?)HexNAc(?1-?)HexA(?1-?)Hex(?1-?)HexNAc(?1-?)HexA(?1-?)GalNAc,1.1228434715349067e-07,1,1.5122528112615328,H-,candycrunch
733.385498046875,-3,27.642118333333336,HexNAc(?1-?)HexA(?1-?)Hex(?1-?)HexNAc(?1-?)HexA(?1-?)Hex(?1-?)HexNAc(?1-?)HexA(?1-?)Hex(?1-?)HexNAc(?1-?)HexA(?1-?)GalNAc,1.7072366631509794e-07,6,1.5070037878240328,H-,candycrunch
733.388427734375,-3,20.474301666666666,HexNAc(?1-?)HexA(?1-?)Hex(?1-?)HexNAc(?1-?)HexA(?1-?)Hex(?1-?)HexNAc(?1-?)HexA(?1-?)Hex(?1-?)HexNAc(?1-?)HexA(?1-?)GalNAc,2.7209205555323024e-08,11,1.5040741003240328,H-,candycrunch
733.3983764648438,-3,18.192775,HexNAc(?1-?)HexA(?1-?)Hex(?1-?)HexNAc(?1-?)HexA(?1-?)Hex(?1-?)HexNAc(?1-?)HexA(?1-?)Hex(?1-?)HexNAc(?1-?)HexA(?1-?)GalNAc,1.3525529993785312e-06,2,1.4941253698552828,H-,candycrunch
733.440185546875,-3,33.06180833333333,HexNAc(?1-?)HexA(?1-?)Hex(?1-?)HexNAc(?1-?)HexA(?1-?)Hex(?1-?)HexNAc(?1-?)HexA(?1-?)Hex(?1-?)HexNAc(?1-?)HexA(?1-?)GalNAc,3.088902689185602e-09,1,1.4523162878240328,H-,candycrunch
734.0228881835938,-3,7.799236666666667,HexNAc(?1-?)HexA(?1-?)Hex(?1-?)HexNAc(?1-?)HexA(?1-?)Hex(?1-?)HexNAc(?1-?)HexA(?1-?)Hex(?1-?)HexNAc(?1-?)HexA(?1-?)GalNAc,6.411819413187914e-07,1,0.8696136511052828,H-,candycrunch
735.388671875,-3,20.480841666666667,Fuc(a1-2)[Gal(a1-3)]Gal(b1-?)[Fuc(a1-?)]GlcNAc(b1-3)Gal(b1-4)GlcNAc(b1-6)[Fuc(a1-2)[Gal(a1-3)]Gal(b1-?)[Fuc(a1-?)]GlcNAc(b1-3)]GalNAc,2.778291818827938e-09,2,-0.11965081163441482,H-,candycrunch
735.3949584960938,-3,27.65602,Fuc(a1-2)[Gal(a1-3)]Gal(b1-?)[Fuc(a1-?)]GlcNAc(b1-3)Gal(b1-4)GlcNAc(b1-6)[Fuc(a1-2)[Gal(a1-3)]Gal(b1-?)[Fuc(a1-?)]GlcNAc(b1-3)]GalNAc,1.653616799046631e-09,3,-0.12593743272816482,H-,candycrunch
735.526611328125,-3,49.86057833333333,Fuc(a1-2)[Gal(a1-3)]Gal(b1-?)[Fuc(a1-?)]GlcNAc(b1-3)Gal(b1-4)GlcNAc(b1-6)[Fuc(a1-2)[Gal(a1-3)]Gal(b1-?)[Fuc(a1-?)]GlcNAc(b1-3)]GalNAc,2.9748433050258427e-08,1,-0.2575902647594148,H-,candycrunch
738.1621704101562,-2,54.444219999999994,Neu5Ac(a2-3)Gal(b1-?)[Fuc(a1-?)]GlcNAc6S(b1-3)Gal(b1-?)[Fuc(a1-?)]GlcNAc(b1-6)[Gal(b1-3)]GalNAc,5.1564591558417305e-05,3,-0.3973971019971714,H-,candycrunch
738.338623046875,-2,35.44264166666667,Neu5Ac(a2-3)Gal(b1-?)[Fuc(a1-?)]GlcNAc6S(b1-3)Gal(b1-?)[Fuc(a1-?)]GlcNAc(b1-6)[Gal(b1-3)]GalNAc,0.003291317028924823,1,-0.5738497387159214,H-,candycrunch
738.3469848632812,-2,34.86360333333333,Fuc(a1-2)[Gal(a1-3)]Gal(b1-4)[Fuc(a1-3)]GlcNAc(b1-6)[Neu5Ac(a2-3)Gal(b1-3)]GalNAc,0.0022597908973693848,5,-0.5822115551221714,H-,candycrunch
738.3604736328125,-2,31.953131666666664,Fuc(a1-2)[Gal(a1-3)]Gal(b1-4)[Fuc(a1-3)]GlcNAc(b1-6)[Neu5Ac(a2-3)Gal(b1-3)]GalNAc,0.001177108264528215,4,-0.5957003246534214,H-,candycrunch
739.3619384765625,-2,30.11603333333333,Fuc(a1-2)[Gal(a1-3)]Gal(b1-4)[Fuc(a1-3)]GlcNAc(b1-6)[Neu5Ac(a2-3)Gal(b1-3)]GalNAc,0.0011006788117811084,1,-1.5971651684034214,H-,candycrunch
739.5447387695312,-2,57.195418333333336,Fuc(a1-2)[Gal(a1-3)]Gal(b1-4)[Fuc(a1-3)]GlcNAc(b1-6)[Neu5Ac(a2-3)Gal(b1-3)]GalNAc,7.300583820324391e-05,4,-1.7799654613721714,H-,candycrunch
740.150634765625,-2,46.585231666666665,Fuc(a1-?)[Gal(b1-?)]GlcNAc6S(b1-3)Gal(b1-?)[Fuc(a1-?)]GlcNAc(b1-6)[Neu5Ac(a2-3)Gal(b1-3)]GalNAc,0.00015321964747272432,11,-2.3858614574659214,H-,candycrunch
740.571044921875,-2,57.34304,Fuc(a1-?)[HexNAc(?1-?)]HexNAc(?1-?)Gal(b1-4)HexNAc(?1-?)Gal(?1-?)GalNAc(a1-3)GalNAc,4.439822532731341e-06,2,2.209712812233988,H-,candycrunch
742.162841796875,-2,46.532895,Fuc(a1-2)[GalNAc(a1-3)]Gal(b1-4)GlcNAc(b1-3)Gal(b1-3)[GalNAc(b1-4)GlcNAc(b1-6)]GalNAc,0.00022356706904247403,1,0.6179159372339882,H-,candycrunch
743.0263671875,-2,0.97254,Fuc(a1-?)HexNAc(?1-?)Gal(?1-?)HexNAc(?1-?)Gal(?1-3)[GlcNAc(b1-6)]GalNAc(a1-3)GalNAc,0.002779653761535883,4,-0.2456094533910118,H-,candycrunch
743.0374755859375,-2,61.58517333333333,Fuc(a1-?)HexNAc(?1-?)Gal(?1-?)HexNAc(?1-?)Gal(?1-3)[GlcNAc(b1-6)]GalNAc(a1-3)GalNAc,0.0008653518743813038,3,-0.2567178518285118,H-,candycrunch
743.0394287109375,-2,18.600066666666667,Fuc(a1-?)HexNAc(?1-?)Gal(?1-?)HexNAc(?1-?)Gal(?1-3)[GlcNAc(b1-6)]GalNAc(a1-3)GalNAc,0.0008295798324979842,3,-0.2586709768285118,H-,candycrunch
743.0569458007812,-2,10.853968333333333,Fuc(a1-?)HexNAc(?1-?)Gal(?1-?)HexNAc(?1-?)Gal(?1-3)[GlcNAc(b1-6)]GalNAc(a1-3)GalNAc,0.015795873478055,2,-0.2761880666722618,H-,candycrunch
743.0654296875,-2,6.0745949999999995,Fuc(a1-?)HexNAc(?1-?)Gal(?1-?)HexNAc(?1-?)Gal(?1-3)[GlcNAc(b1-6)]GalNAc(a1-3)GalNAc,0.007296385243535042,3,-0.2846719533910118,H-,candycrunch
743.067138671875,-2,3.3392316666666666,Fuc(a1-?)HexNAc(?1-?)Gal(?1-?)HexNAc(?1-?)Gal(?1-3)[GlcNAc(b1-6)]GalNAc(a1-3)GalNAc,0.003930431790649891,1,-0.2863809377660118,H-,candycrunch
743.069580078125,-2,11.39669,Fuc(a1-?)HexNAc(?1-?)Gal(?1-?)HexNAc(?1-?)Gal(?1-3)[GlcNAc(b1-6)]GalNAc(a1-3)GalNAc,0.0033269282430410385,2,-0.2888223440160118,H-,candycrunch
743.0717163085938,-2,8.23023,Fuc(a1-?)HexNAc(?1-?)Gal(?1-?)HexNAc(?1-?)Gal(?1-3)[GlcNAc(b1-6)]GalNAc(a1-3)GalNAc,0.0011246958747506142,1,-0.2909585744847618,H-,candycrunch
743.07470703125,-2,2.2726966666666666,Fuc(a1-?)HexNAc(?1-?)Gal(?1-?)HexNAc(?1-?)Gal(?1-3)[GlcNAc(b1-6)]GalNAc(a1-3)GalNAc,0.0231880322098732,1,-0.2939492971410118,H-,candycrunch
743.08544921875,-2,8.431636666666666,Fuc(a1-?)HexNAc(?1-?)Gal(?1-?)HexNAc(?1-?)Gal(?1-3)[GlcNAc(b1-6)]GalNAc(a1-3)GalNAc,0.009448094293475151,5,-0.3046914846410118,H-,candycrunch
744.8377685546875,-2,61.253933333333336,Gal(b1-?)[Neu5Gc(a2-?)]GlcNAc(b1-3)[Neu5Gc(a2-8)Neu5Gc(a2-6)]GalNAc,9.941736607288476e-06,1,-0.09593905042845563,H-,candycrunch
747.1685791015625,-2,22.567983333333334,Fuc(a1-2)[Gal(a1-3)]Gal(b1-4)[Fuc(a1-3)]GlcNAc(b1-6)[Fuc(a1-2)[Gal(a1-3)]Gal(b1-3)]GalNAc,0.0001588299055583775,2,-0.8961479264534091,H-,candycrunch
747.173828125,-2,21.527785,Fuc(a1-2)[Gal(a1-3)]Gal(b1-?)[Fuc(a1-?)]GlcNAc(b1-6)[Fuc(a1-2)[Gal(a1-3)]Gal(b1-3)]GalNAc,7.818701124051586e-05,1,-0.9013969498909091,H-,candycrunch
747.2779541015625,-2,54.812876666666675,Fuc(a1-2)[Gal(a1-3)]Gal(b1-4)[Fuc(a1-3)]GlcNAc(b1-6)[Fuc(a1-2)[Gal(a1-3)]Gal(b1-3)]GalNAc,6.397302786353976e-05,2,-1.0055229264534091,H-,candycrunch
748.2608032226562,-2,49.227470000000004,Fuc(a1-3)GalNAc(?1-3)Gal(b1-3)GalNAc(a1-3)[Neu5Ac(a2-8)Neu5Ac(a2-6)]GalNAc,0.0022673390340059996,2,1.509586769302814,H-,candycrunch
748.2628173828125,-2,53.52111,Fuc(a1-3)GalNAc(?1-3)Gal(b1-3)GalNAc(a1-3)[Neu5Ac(a2-8)Neu5Ac(a2-6)]GalNAc,0.00043680830276571214,1,1.507572609146564,H-,candycrunch
749.2635498046875,-2,45.127435,Fuc(a1-3)GalNAc(?1-3)Gal(b1-3)GalNAc(a1-3)[Neu5Ac(a2-8)Neu5Ac(a2-6)]GalNAc,0.002261074725538492,2,0.506840187271564,H-,candycrunch
749.3603515625,-2,20.00057,Fuc(a1-3)GalNAc(?1-3)Gal(b1-3)GalNAc(a1-3)[Neu5Ac(a2-8)Neu5Ac(a2-6)]GalNAc,8.470758621115237e-05,4,0.410038429459064,H-,candycrunch
749.36279296875,-2,17.481955,Fuc(a1-3)GalNAc(?1-3)Gal(b1-3)GalNAc(a1-3)[Neu5Ac(a2-8)Neu5Ac(a2-6)]GalNAc,1.5656785762985237e-05,2,0.407597023209064,H-,candycrunch
749.3770751953125,-2,21.74688666666667,Fuc(a1-3)GalNAc(?1-3)Gal(b1-3)GalNAc(a1-3)[Neu5Ac(a2-8)Neu5Ac(a2-6)]GalNAc,9.949875675374642e-05,3,0.393314796646564,H-,candycrunch
751.378173828125,-2,21.76711166666667,GlcNAc(a1-4)Gal(b1-?)GlcNAc(b1-3)Gal(b1-3)[GlcNAc(a1-4)Gal(b1-?)GlcNAc(b1-6)]GalNAc,1.056120879638911e-07,1,-0.5999587827659525,H-,candycrunch
751.8909912109375,-4,24.01534,Fuc(a1-2)[Gal(a1-3)]Gal(b1-?)GlcNAc(b1-3)Gal(b1-4)GlcNAc(b1-3)Gal(b1-4)GlcNAc(b1-6)[Fuc(a1-2)[Gal(a1-3)]Gal(b1-?)GlcNAc(b1-3)Gal(b1-4)GlcNAc(b1-3)Gal(b1-4)GlcNAc(b1-3)]GalNAc,5.23328935742029e-07,5,0.1291480388065338,H-,candycrunch
755.349365234375,-1,20.48757,Fuc(a1-3)[GalNAc(b1-4)]GlcNAc(b1-3)GalNAc,5.7266948715550825e-05,3,0.9550347714640566,H-,candycrunch
755.3726196289062,-1,31.795820000000003,Fuc(a1-3)[GalNAc(b1-4)]GlcNAc(b1-3)GalNAc,0.0015553816920146346,2,0.9317803769328066,H-,candycrunch
756.4786376953125,-1,18.82936,Fuc(a1-3)[GalNAc(b1-4)]GlcNAc(b1-3)GalNAc,1.073921248462284e-05,1,-0.17423768947344342,H-,candycrunch
758.8841552734375,-2,22.728815,Fuc(a1-2)Gal(b1-?)[Fuc(a1-?)]GlcNAc(b1-3)[Fuc(a1-2)Gal(b1-?)[Fuc(a1-?)]GlcNAc(b1-6)]GalNAc,2.8419644877430983e-05,2,-0.09590685882847083,H-,candycrunch
759.890625,-3,28.89535833333333,Fuc(a1-2)[Gal(a1-3)]Gal(b1-?)GlcNAc(b1-3)Gal(b1-4)GlcNAc(b1-3)Gal(b1-4)GlcNAc(b1-6)[Fuc(a1-2)[Gal(a1-3)]Gal(b1-?)GlcNAc(b1-3)]GalNAc,3.0898483771579777e-08,4,-0.28281115446770855,H-,candycrunch
760.3597412109375,-3,18.60663166666667,Fuc(a1-2)[Gal(a1-3)]Gal(b1-?)GlcNAc(b1-3)Gal(b1-4)GlcNAc(b1-3)[Fuc(a1-2)[Gal(a1-3)]Gal(b1-?)GlcNAc(b1-3)Gal(b1-4)GlcNAc(b1-6)]GalNAc,7.511425081929701e-08,1,-0.7519273654052085,H-,candycrunch
762.4119262695312,-3,22.152070000000002,Fuc(a1-2)[Gal(a1-3)]Gal(b1-?)GlcNAc(b1-3)Gal(b1-4)GlcNAc(b1-3)[Fuc(a1-2)[Gal(a1-3)]Gal(b1-?)GlcNAc(b1-3)Gal(b1-4)GlcNAc(b1-6)]GalNAc,8.665107031902153e-08,2,-2.8041124239989585,H-,candycrunch
765.1826171875,-2,52.688915,Fuc(a1-2)Gal(b1-3)[Fuc(a1-4)]GlcNAc(b1-3)[Neu5Gc(a2-3)Gal(b1-3)[GlcNAcOS(b1-4)]GlcNAc(b1-6)]GalNAc,0.0030564628541469574,1,1.092887981409035,H-,candycrunch
765.460205078125,-2,37.55795333333333,Fuc(a1-?)[Gal(b1-?)]GlcNAc(b1-3)Gal(b1-3)[Neu5Ac(a2-3)Gal(b1-4)GlcNAc(b1-6)]GalNAc,0.0005988622433505952,1,0.8153000920340219,H-,candycrunch
766.189697265625,-2,43.57621833333334,Neu5Ac(a2-3)[GalNAc(b1-4)]Gal(b1-?)GlcNAc(b1-6)[Fuc(a1-2)[Gal(a1-3)]Gal(b1-3)]GalNAc,0.0010718031553551555,3,0.08580790453402187,H-,candycrunch
766.6259155273438,-2,61.895934999999994,Fuc(a1-2)Gal(b1-4)GlcNAc(b1-3)[Fuc(a1-2)]Gal(b1-4)GlcNAc(b1-6)[Fuc(a1-2)Gal(b1-3)]GalNAc,1.2905433322885074e-05,1,0.1597901985153385,H-,candycrunch
767.2906494140625,-2,56.66354333333334,Fuc(a1-2)Gal(b1-4)GlcNAc(b1-3)[Fuc(a1-2)]Gal(b1-3)[Fuc(a1-2)Gal(b1-4)GlcNAc(b1-6)]GalNAc,0.0016638047527521849,7,-0.5049436882034115,H-,candycrunch
768.2601318359375,-2,56.35885,Fuc(a1-2)[Gal(a1-3)]Gal(b1-?)[Fuc(a1-?)]GlcNAc(b1-6)[Fuc(a1-2)[GalNAc(a1-3)]Gal(b1-3)]GalNAc,5.565692617892637e-07,4,-1.4744261100784115,H-,candycrunch
769.4125366210938,-2,23.873381666666667,Gal(b1-?)GlcNAc(b1-3)[Fuc(a1-2)]Gal(b1-?)[Fuc(a1-?)]GlcNAc(b1-6)[Fuc(a1-2)Gal(b1-3)]GalNAc,0.0005345316021703184,1,-2.6268308952346615,H-,candycrunch
770.3509521484375,-1,40.694853333333334,HexNAc(?1-?)Gal(b1-3)[GlcNAc(b1-3)]GalNAc,0.018690291792154312,1,1.9483624799015615,H-,candycrunch
771.3255615234375,-1,20.028025,GlcNAc(?1-?)Gal(b1-?)GlcNAc(b1-3)GalNAc,4.1073712054640055e-05,1,0.9737531049015615,H-,candycrunch
771.3533325195312,-1,55.18693833333333,GlcNAc(?1-?)Gal(b1-?)GlcNAc(b1-3)GalNAc,0.0006371390190906823,2,0.9459821088078115,H-,candycrunch
772.3253173828125,-1,16.995816666666666,Gal(b1-?)GlcNAc(b1-?)[GlcNAc(b1-?)]GalNAc,0.4626346528530121,2,-0.026002754473438472,H-,candycrunch
772.379150390625,-1,24.268433333333334,Gal(b1-4)GalNAc(b1-4)GlcNAc(b1-3)GalNAc,0.07708600163459778,3,-0.07983576228593847,H-,candycrunch
773.98291015625,-2,57.820240000000005,Neu5Gc(a2-3)[GalNAc(b1-4)]Gal(b1-?)GlcNAc(b1-6)[Fuc(a1-2)[Gal(a1-3)]Gal(b1-3)]GalNAc,0.00022480401094071567,1,0.2900523239090944,H-,candycrunch
776.4918212890625,-3,38.02932666666667,Neu5Ac(a2-3)Gal(b1-?)GlcNAc(b1-3)[Neu5Ac(a2-3)Gal(b1-?)GlcNAc(b1-6)]Gal(b1-3)[Neu5Ac(a2-3)Gal(b1-?)GlcNAc(b1-6)]GalNAc,1.574945963511709e-05,1,1.1111300584030914,H-,candycrunch
777.8758544921875,-3,42.33242833333333,Neu5Ac(a2-3)Gal(b1-?)GlcNAc(b1-3)[Neu5Ac(a2-3)Gal(b1-?)GlcNAc(b1-6)]Gal(b1-3)[Neu5Ac(a2-3)Gal(b1-?)GlcNAc(b1-6)]GalNAc,7.134203769965097e-06,1,-0.2729031447219086,H-,candycrunch
778.4959716796875,-3,38.08808166666667,Gal(b1-?)GlcNAc(b1-3)Gal(b1-4)GlcNAc(b1-3)Gal(b1-4)GlcNAc(b1-6)[Fuc(a1-2)[Gal(a1-3)]Gal(b1-?)GlcNAc(b1-3)Gal(b1-4)GlcNAc(b1-3)]GalNAc,5.652446688486634e-08,15,0.11899674051153397,H-,candycrunch
779.4743041992188,-3,41.86055,Fuc(a1-2)Gal(b1-?)[Fuc(a1-?)]GlcNAc(b1-3)[Fuc(a1-2)]Gal(b1-3)[Fuc(a1-?)[Gal(b1-?)]GlcNAc(b1-3)[Fuc(a1-2)]Gal(b1-4)[Fuc(a1-3)]GlcNAc(b1-6)]GalNAc,1.0866886441363022e-05,1,-0.850951740353139,H-,candycrunch
779.9798583984375,-3,10.226466666666667,Fuc(a1-2)Gal(b1-?)[Fuc(a1-?)]GlcNAc(b1-3)[Fuc(a1-2)]Gal(b1-4)[Fuc(a1-3)]GlcNAc(b1-6)[Fuc(a1-2)Gal(b1-?)[Fuc(a1-?)]GlcNAc(b1-3)Gal(b1-3)]GalNAc,1.9329267161083408e-05,1,-1.356505939571889,H-,candycrunch
780.048828125,-3,17.168646666666667,Fuc(a1-2)Gal(b1-?)[Fuc(a1-?)]GlcNAc(b1-3)[Fuc(a1-2)]Gal(b1-4)[Fuc(a1-3)]GlcNAc(b1-6)[Fuc(a1-2)Gal(b1-?)[Fuc(a1-?)]GlcNAc(b1-3)Gal(b1-3)]GalNAc,1.5748771886592294e-07,1,-1.425475666134389,H-,candycrunch
780.504150390625,-2,38.10135666666667,Neu5Gc(a2-3)Gal(b1-4)GlcNAc(b1-3)Gal(b1-3)[Gal(a1-3)Gal(b1-4)GlcNAc(b1-6)]GalNAc,0.0008960534469224513,1,1.76626940078404,H-,candycrunch
780.80126953125,-2,58.194255000000005,Neu5Gc(a2-3)Gal(b1-4)GlcNAc(b1-3)Gal(b1-3)[Gal(a1-3)Gal(b1-4)GlcNAc(b1-6)]GalNAc,1.8129381714970805e-05,1,1.46915026015904,H-,candycrunch
783.0629272460938,-3,7.056735000000001,Neu5Ac(a2-?)GlcNAc(b1-6)[Gal(?1-3)]Gal(b1-?)[Fuc(a1-?)]GlcNAc(b1-6)[Neu5Ac(a2-?)Gal(?1-3)]Gal(b1-?)GlcNAc(b1-6)[Gal(b1-3)]GalNAc,0.00040967261884361506,1,0.21179601267192538,H-,candycrunch
783.0939331054688,-3,57.89533333333334,Neu5Ac(a2-?)GlcNAc(b1-6)[Gal(?1-3)]Gal(b1-?)[Fuc(a1-?)]GlcNAc(b1-6)[Neu5Ac(a2-?)Gal(?1-3)]Gal(b1-?)GlcNAc(b1-6)[Gal(b1-3)]GalNAc,2.843620859493967e-05,1,0.18079015329692538,H-,candycrunch
783.4642333984375,-3,37.54970833333333,Neu5Ac(a2-?)GlcNAc(b1-6)[Gal(?1-3)]Gal(b1-?)[Fuc(a1-?)]GlcNAc(b1-6)[Neu5Ac(a2-?)Gal(?1-3)]Gal(b1-?)GlcNAc(b1-6)[Gal(b1-3)]GalNAc,0.000665101280901581,2,-0.18951013967182462,H-,candycrunch
785.256103515625,-3,60.038066666666666,Neu5Ac(a2-?)HexNAc(?1-?)Gal(b1-?)[Fuc(a1-?)]GlcNAc(b1-6)[Neu5Ac(a2-?)HexNAc(?1-?)Gal(?1-3)]GalNAc(a1-3)[Neu5Ac(a2-6)]GalNAc,3.490207589607053e-08,2,0.6907259915072927,H-,candycrunch
785.269287109375,-3,56.600526666666674,Neu5Ac(a2-?)HexNAc(?1-?)Gal(b1-?)[Fuc(a1-?)]GlcNAc(b1-6)[Neu5Ac(a2-?)HexNAc(?1-?)Gal(?1-3)]GalNAc(a1-3)[Neu5Ac(a2-6)]GalNAc,1.731601884102929e-07,13,0.6775423977572927,H-,candycrunch
785.2772216796875,-3,58.11228833333333,Neu5Ac(a2-?)HexNAc(?1-?)Gal(b1-?)[Fuc(a1-?)]GlcNAc(b1-6)[Neu5Ac(a2-?)HexNAc(?1-?)Gal(?1-3)]GalNAc(a1-3)[Neu5Ac(a2-6)]GalNAc,4.7152926896387726e-08,3,0.6696078274447927,H-,candycrunch
785.2838134765625,-3,55.69643333333334,Neu5Ac(a2-?)HexNAc(?1-?)Gal(b1-?)[Fuc(a1-?)]GlcNAc(b1-6)[Neu5Ac(a2-?)HexNAc(?1-?)Gal(?1-3)]GalNAc(a1-3)[Neu5Ac(a2-6)]GalNAc,9.227352393281762e-08,13,0.6630160305697927,H-,candycrunch
785.336181640625,-3,19.06082,Neu5Ac(a2-?)HexNAc(?1-?)Gal(b1-?)[Fuc(a1-?)]GlcNAc(b1-6)[Neu5Ac(a2-?)HexNAc(?1-?)Gal(?1-3)]GalNAc(a1-3)[Neu5Ac(a2-6)]GalNAc,3.038421425571869e-07,2,0.6106478665072927,H-,candycrunch
786.2310791015625,-1,55.18011333333333,Neu5Ac(a2-8)Neu5Ac(a2-6)GalNAc,0.004618767648935318,18,0.04750004247648576,H-,candycrunch
786.2440795898438,-1,60.600469999999994,Neu5Ac(a2-3)Gal6S(b1-3)[Neu5Ac(a2-6)]GalNAc,0.0009499568259343505,8,0.03449955419523576,H-,candycrunch
787.2198486328125,-2,48.4452,Fuc(a1-2)[GalNAc(a1-3)]Gal(b1-?)GlcNAc(b1-?)[Neu5Ac(a2-3)Gal(b1-?)GlcNAc(b1-?)]GalNAc,0.220711812376976,12,-0.4310689119034805,H-,candycrunch
788.28173828125,-2,55.126463333333334,Fuc(a1-2)Gal(b1-4)GlcNAc(b1-3)[Fuc(a1-2)[GalNAc(a1-3)]Gal(b1-?)[Fuc(a1-?)]GlcNAc(b1-6)]GalNAc,0.08116662502288818,8,-0.9827580046409139,H-,candycrunch
790.40087890625,-2,21.200991666666667,Fuc(a1-2)[GalNAc(a1-3)]Gal(b1-?)GlcNAc(b1-3)[Fuc(a1-2)[GalNAc(a1-3)]Gal(b1-?)[Fuc(a1-?)]GlcNAc6S(b1-6)]GalNAc,0.08319012075662613,2,-3.101898629640914,H-,candycrunch
790.4027099609375,-3,20.716526666666667,HexNAc(?1-?)HexA(?1-?)Hex(?1-?)HexNAc(?1-?)HexA(?1-?)Hex(?1-?)HexNAc(?1-?)HexA(?1-?)Hex(?1-?)HexNAc(?1-?)HexA(?1-?)Gal(b1-3)GalNAc,2.6261034236085834e-08,10,-1.492600315738514,H-,candycrunch
790.406005859375,-3,19.446163333333335,HexNAc(?1-?)HexA(?1-?)Hex(?1-?)HexNAc(?1-?)HexA(?1-?)Hex(?1-?)HexNAc(?1-?)HexA(?1-?)Hex(?1-?)HexNAc(?1-?)HexA(?1-?)Gal(b1-3)GalNAc,3.729561512955115e-07,1,-1.495896214176014,H-,candycrunch
790.4150390625,-3,17.631551666666667,HexNAc(?1-?)HexA(?1-?)Hex(?1-?)HexNAc(?1-?)HexA(?1-?)Hex(?1-?)HexNAc(?1-?)HexA(?1-?)Hex(?1-?)HexNAc(?1-?)HexA(?1-?)Gal(b1-3)GalNAc,8.379981153439076e-08,14,-1.504929417301014,H-,candycrunch
790.4156494140625,-3,19.054,HexNAc(?1-?)HexA(?1-?)Hex(?1-?)HexNAc(?1-?)HexA(?1-?)Hex(?1-?)HexNAc(?1-?)HexA(?1-?)Hex(?1-?)HexNAc(?1-?)HexA(?1-?)Gal(b1-3)GalNAc,6.095191196209271e-08,5,-1.505539768863514,H-,candycrunch
790.4993286132812,-3,44.74760166666667,HexNAc(?1-?)HexA(?1-?)Hex(?1-?)HexNAc(?1-?)HexA(?1-?)Hex(?1-?)HexNAc(?1-?)HexA(?1-?)Hex(?1-?)HexNAc(?1-?)HexA(?1-?)Gal(b1-3)GalNAc,1.6779898714958108e-06,1,-1.589218968082264,H-,candycrunch
792.4237670898438,-3,17.724046666666666,Fuc(a1-?)[Gal(b1-?)]GlcNAc(b1-3)Gal(b1-4)GlcNAc(b1-3)Gal(b1-4)GlcNAc(b1-3)[GlcNAc(a1-4)Gal(b1-?)GlcNAc(b1-3)Gal(b1-4)GlcNAc(b1-6)]GalNAc,2.0655532839697344e-09,2,-0.13328230247805095,H-,candycrunch
793.0361328125,-3,13.135656666666668,Fuc(a1-?)[Gal(b1-?)]GlcNAc(b1-3)Gal(b1-4)GlcNAc(b1-3)Gal(b1-4)GlcNAc(b1-3)[GlcNAc(a1-4)Gal(b1-?)GlcNAc(b1-3)Gal(b1-4)GlcNAc(b1-6)]GalNAc,2.610771154820668e-09,1,-0.745648025134301,H-,candycrunch
793.048583984375,-3,11.852123333333333,Fuc(a1-?)[Gal(b1-?)]GlcNAc(b1-3)Gal(b1-4)GlcNAc(b1-3)Gal(b1-4)GlcNAc(b1-3)[GlcNAc(a1-4)Gal(b1-?)GlcNAc(b1-3)Gal(b1-4)GlcNAc(b1-6)]GalNAc,8.53762482933007e-09,1,-0.758099197009301,H-,candycrunch
793.0618896484375,-3,6.087766666666666,Fuc(a1-?)[Gal(b1-?)]GlcNAc(b1-3)Gal(b1-4)GlcNAc(b1-3)Gal(b1-4)GlcNAc(b1-3)[GlcNAc(a1-4)Gal(b1-?)GlcNAc(b1-3)Gal(b1-4)GlcNAc(b1-6)]GalNAc,1.3036276946820635e-08,2,-0.771404861071801,H-,candycrunch
793.0779418945312,-3,16.155706666666667,Fuc(a1-?)[Gal(b1-?)]GlcNAc(b1-3)Gal(b1-4)GlcNAc(b1-3)Gal(b1-4)GlcNAc(b1-3)[GlcNAc(a1-4)Gal(b1-?)GlcNAc(b1-3)Gal(b1-4)GlcNAc(b1-6)]GalNAc,1.42788110224501e-08,1,-0.787457107165551,H-,candycrunch
793.089111328125,-3,8.588006666666667,Fuc(a1-?)[Gal(b1-?)]GlcNAc(b1-3)Gal(b1-4)GlcNAc(b1-3)Gal(b1-4)GlcNAc(b1-3)[GlcNAc(a1-4)Gal(b1-?)GlcNAc(b1-3)Gal(b1-4)GlcNAc(b1-6)]GalNAc,4.003811504560417e-09,1,-0.798626540759301,H-,candycrunch
793.0975341796875,-3,1.695325,Fuc(a1-?)[Gal(b1-?)]GlcNAc(b1-3)Gal(b1-4)GlcNAc(b1-3)Gal(b1-4)GlcNAc(b1-3)[GlcNAc(a1-4)Gal(b1-?)GlcNAc(b1-3)Gal(b1-4)GlcNAc(b1-6)]GalNAc,2.7987120176931057e-08,1,-0.807049392321801,H-,candycrunch
793.4293823242188,-3,17.651386666666667,Fuc(a1-?)[Gal(b1-?)]GlcNAc(b1-3)Gal(b1-4)GlcNAc(b1-3)Gal(b1-4)GlcNAc(b1-3)[GlcNAc(a1-4)Gal(b1-?)GlcNAc(b1-3)Gal(b1-4)GlcNAc(b1-6)]GalNAc,2.32687966672529e-08,2,-1.138897536853051,H-,candycrunch
793.4993896484375,-3,43.434185,Fuc(a1-?)[Gal(b1-?)]GlcNAc(b1-3)Gal(b1-4)GlcNAc(b1-3)Gal(b1-4)GlcNAc(b1-3)[GlcNAc(a1-4)Gal(b1-?)GlcNAc(b1-3)Gal(b1-4)GlcNAc(b1-6)]GalNAc,8.142791330101318e-08,1,-1.208904861071801,H-,candycrunch
794.4798583984375,-2,29.23,Neu5Ac(a2-3)Gal(b1-4)GlcNAc(b1-6)[Gal(b1-4)GlcNAc(b1-3)]Gal(b1-3)[GlcNAc(b1-6)]GalNAc,0.000436645932495594,2,0.3063786337215788,H-,candycrunch
795.3165283203125,-2,56.73945333333333,Fuc(a1-2)Gal(b1-4)GlcNAc(b1-6)[Fuc(a1-?)[Gal(b1-?)]GlcNAc(b1-3)]Gal(b1-3)[GlcNAc(b1-6)]GalNAc,0.00016587927530054003,3,-0.020090732453468263,H-,candycrunch
797.3236083984375,-2,56.752433333333336,Fuc(a1-?)[Gal(b1-?)]GlcNAc(b1-3)[Fuc(a1-?)[Gal(b1-?)]GlcNAc(b1-6)]Gal(b1-3)[GlcNAc(b1-6)]GalNAc,2.4404467694694176e-05,1,-2.0271708105784683,H-,candycrunch
800.986328125,-2,44.046575,{Neu5Ac(a2-8)}Neu5Ac(a2-3)Gal(b1-4)GlcNAc(b1-6)[Neu5Ac(a2-3)Gal(b1-3)]GalNAc,1.6229141692747362e-05,1,0.7895411650090409,H-,candycrunch
804.4017333984375,-2,32.95690666666667,HexNAcOS(?1-?)HexA(?1-?)Hex(?1-?)HexNAc(?1-?)HexA(?1-?)Hex(?1-?)HexNAc(?1-?)HexA(?1-?)[Fuc(a1-?)]GalNAc,3.131181927074067e-07,7,-0.6522162423284499,H-,candycrunch
804.40625,-2,24.201005,HexNAcOS(?1-?)HexA(?1-?)Hex(?1-?)HexNAc(?1-?)HexA(?1-?)Hex(?1-?)HexNAc(?1-?)HexA(?1-?)[Fuc(a1-?)]GalNAc,4.2020994328595407e-07,1,-0.6567328438909499,H-,candycrunch
804.4158325195312,-2,31.214354999999998,HexNAcOS(?1-?)HexA(?1-?)Hex(?1-?)HexNAc(?1-?)HexA(?1-?)Hex(?1-?)HexNAc(?1-?)HexA(?1-?)[Fuc(a1-?)]GalNAc,5.19000832355232e-06,1,-0.6663153634221999,H-,candycrunch
804.4189453125,-2,35.01539833333334,HexNAcOS(?1-?)HexA(?1-?)Hex(?1-?)HexNAc(?1-?)HexA(?1-?)Hex(?1-?)HexNAc(?1-?)HexA(?1-?)[Fuc(a1-?)]GalNAc,1.7304461152889417e-07,2,-0.6694281563909499,H-,candycrunch
804.43212890625,-2,35.10008666666666,HexNAcOS(?1-?)HexA(?1-?)Hex(?1-?)HexNAc(?1-?)HexA(?1-?)Hex(?1-?)HexNAc(?1-?)HexA(?1-?)[Fuc(a1-?)]GalNAc,4.873840566688159e-07,5,-0.6826117501409499,H-,candycrunch
806.0198974609375,-2,6.918539999999999,HexNAcOS(?1-?)HexA(?1-?)Hex(?1-?)HexNAc(?1-?)HexA(?1-?)Hex(?1-?)HexNAc(?1-?)HexA(?1-?)[Fuc(a1-?)]GalNAc,2.1507812562049367e-06,1,-2.27038030482845,H-,candycrunch
806.1272583007812,-2,2.337091666666667,HexNAcOS(?1-?)HexA(?1-?)Hex(?1-?)HexNAc(?1-?)HexA(?1-?)Hex(?1-?)HexNAc(?1-?)HexA(?1-?)[Fuc(a1-?)]GalNAc,7.868027751101181e-06,1,-2.3777411446722,H-,candycrunch
807.4310302734375,-2,32.05291,HexNAcOS(?1-?)HexA(?1-?)Hex(?1-?)HexNAc(?1-?)HexA(?1-?)Hex(?1-?)HexNAc(?1-?)HexA(?1-?)[Fuc(a1-?)]GalNAc,1.5042126051412197e-06,2,-3.68151311732845,H-,candycrunch
809.6044921875,-2,57.20861333333333,HexNAcOS(?1-?)HexA(?1-?)Hex(?1-?)HexNAc(?1-?)HexA(?1-?)Hex(?1-?)HexNAc(?1-?)HexA(?1-?)Gal(b1-3)GalNAc,2.2604153855354525e-06,1,2.1424822798589958,H-,candycrunch
811.373046875,-2,24.426115,HexNAcOS(?1-?)HexA(?1-?)Hex(?1-?)HexNAc(?1-?)HexA(?1-?)Hex(?1-?)HexNAc(?1-?)HexA(?1-?)Gal(b1-3)GalNAc,1.2588763809162629e-07,4,0.37392759235899575,H-,candycrunch
812.383056640625,-1,17.638176666666666,GalNAc(b1-4)GlcNAc(b1-6)[GlcNAc(b1-3)]GalNAc,0.004083811305463314,4,0.9428070892140568,H-,candycrunch
812.405029296875,-2,32.895981666666664,HexNAcOS(?1-?)HexA(?1-?)Hex(?1-?)HexNAc(?1-?)HexA(?1-?)Hex(?1-?)HexNAc(?1-?)HexA(?1-?)Gal(b1-3)GalNAc,3.2114610803546384e-05,1,-0.6580548295160042,H-,candycrunch
812.42724609375,-2,39.50774666666667,HexNAcOS(?1-?)HexA(?1-?)Hex(?1-?)HexNAc(?1-?)HexA(?1-?)Hex(?1-?)HexNAc(?1-?)HexA(?1-?)Gal(b1-3)GalNAc,7.430642654071562e-06,4,-0.6802716263910042,H-,candycrunch
813.1605224609375,-1,35.26695,GalNAc(b1-4)GlcNAc(b1-6)[GlcNAc(b1-3)]GalNAc,0.002041436266154051,3,0.16534126890155676,H-,candycrunch
813.3785400390625,-1,24.412801666666667,GalNAc(b1-4)GlcNAc(b1-6)[GlcNAc(b1-3)]GalNAc,0.00010081037908094004,8,-0.05267630922344324,H-,candycrunch
813.4567260742188,-1,33.88174,GalNAc(b1-4)GlcNAc(b1-6)[GlcNAc(b1-3)]GalNAc,0.012646847404539585,1,-0.13086234437969324,H-,candycrunch
815.35791015625,-2,24.347283333333333,Fuc(a1-2)[GalNAc(a1-3)]Gal(b1-4)GlcNAc(b1-3)[Fuc(a1-2)[GalNAc(a1-3)]Gal(b1-?)GlcNAc(b1-6)]GalNAc,6.110062531661242e-05,3,0.45180198235902935,H-,candycrunch
816.374755859375,-2,24.432763333333334,Fuc(a1-2)[GalNAc(a1-3)]Gal(b1-4)GlcNAc(b1-3)[Fuc(a1-2)[GalNAc(a1-3)]Gal(b1-?)GlcNAc(b1-6)]GalNAc,7.228364120237529e-05,2,-0.5650437207659706,H-,candycrunch
818.9754638671875,-1,56.365471666666664,Neu5Ac(a2-3)Gal(b1-?)GlcNAc6S(b1-6)[Gal(b1-3)]GalNAc,0.005048880819231272,1,0.3133456332515152,H-,candycrunch
819.381591796875,-1,36.21425333333333,Neu5Ac(a2-3)Gal(b1-?)GlcNAc6S(b1-6)[Gal(b1-3)]GalNAc,2.650612805155106e-05,13,-0.09278229643598479,H-,candycrunch
819.3883056640625,-1,33.859755,Neu5Ac(a2-3)Gal(b1-?)GlcNAc6S(b1-6)[Gal(b1-3)]GalNAc,9.849492198554799e-05,3,-0.09949616362348479,H-,candycrunch
819.406982421875,-1,35.12598166666667,Neu5Ac(a2-3)Gal(b1-3)[Gal(b1-4)GlcNAc6S(b1-6)]GalNAc,0.0001092938327929005,1,-0.11817292143598479,H-,candycrunch
821.401123046875,-1,24.254898333333333,Fuc(a1-2)Gal(b1-4)GlcNAc6S(b1-6)[Fuc(a1-2)Gal(b1-3)]GalNAc,0.009958182461559772,4,-1.0919124350359652,H-,candycrunch
822.3223876953125,-2,56.208645,Neu5Ac(a2-?)GlcNAc(?1-?)[Gal(b1-?)]GlcNAc(b1-3)[Neu5Ac(a2-8)Neu5Ac(a2-6)]GalNAc,6.626542017329484e-05,2,-0.03324385455346146,H-,candycrunch
822.462890625,-2,37.93895666666666,Neu5Ac(a2-?)GlcNAc(?1-?)[Gal(b1-?)]GlcNAc(b1-3)[Neu5Ac(a2-8)Neu5Ac(a2-6)]GalNAc,0.0005952557548880577,9,-0.17374678424096146,H-,candycrunch
823.3642578125,-2,56.68333833333333,GalNAc(b1-4)GlcNAc(b1-3)[Gal(b1-4)GlcNAc(b1-6)]Gal(b1-3)[Fuc(a1-2)Gal(b1-4)GlcNAc(b1-6)]GalNAc,0.10190504789352417,1,0.4429116373590887,H-,candycrunch
823.4058837890625,-2,24.275023333333333,GalNAc(b1-4)GlcNAc(b1-3)[Gal(b1-4)GlcNAc(b1-6)]Gal(b1-3)[Fuc(a1-2)Gal(b1-4)GlcNAc(b1-6)]GalNAc,0.09694225341081619,1,0.4012856607965887,H-,candycrunch
823.5521240234375,-2,44.269729999999996,GalNAc(b1-4)GlcNAc(b1-3)[Gal(b1-4)GlcNAc(b1-6)]Gal(b1-3)[Fuc(a1-2)Gal(b1-4)GlcNAc(b1-6)]GalNAc,0.017938833683729172,2,0.2550454264215887,H-,candycrunch
824.8161010742188,-2,4.178788333333333,Fuc(a1-?)[Gal(b1-?)]GlcNAc(b1-3)Gal(b1-4)GlcNAc(b1-3)[GlcNAc(a1-4)Gal(b1-4)GlcNAc(b1-6)]GalNAc,1.3122325981385075e-05,5,-1.0089316243596613,H-,candycrunch
825.4618530273438,-3,36.05918333333333,Neu5Ac(a2-3)Gal(b1-4)[Fuc(a1-3)]GlcNAc(b1-3)[Neu5Ac(a2-3)Gal(b1-4)GlcNAc(b1-6)]Gal(b1-3)[Neu5Ac(a2-3)Gal(b1-4)GlcNAc(b1-6)]GalNAc,1.1820848158095032e-05,2,0.827067923121831,H-,candycrunch
825.4767456054688,-3,40.23686166666666,Neu5Ac(a2-3)Gal(b1-?)[Fuc(a1-?)]GlcNAc(b1-?)[Neu5Ac(a2-3)Gal(b1-?)GlcNAc(b1-?)]Gal(b1-3)[Neu5Ac(a2-3)Gal(b1-?)GlcNAc(b1-6)]GalNAc,3.3016181077982765e-06,1,0.812175344996831,H-,candycrunch
827.3873291015625,-3,23.29238833333333,Fuc(a1-?)[Gal(b1-?)]GlcNAc(b1-3)Gal(b1-4)GlcNAc(b1-3)Gal(b1-4)GlcNAc(b1-6)[Fuc(a1-2)[Gal(a1-3)]Gal(b1-?)GlcNAc(b1-3)Gal(b1-4)GlcNAc(b1-3)]GalNAc,3.0524820004984576e-08,2,-0.0863910783633628,H-,candycrunch
828.3781127929688,-3,17.65801,Fuc(a1-?)[Gal(b1-?)]GlcNAc(b1-3)Gal(b1-4)GlcNAc(b1-3)Gal(b1-4)GlcNAc(b1-6)[Fuc(a1-2)[Gal(a1-3)]Gal(b1-?)GlcNAc(b1-3)Gal(b1-4)GlcNAc(b1-3)]GalNAc,9.999940857596812e-07,1,-1.0771747697696128,H-,candycrunch
829.331298828125,-2,18.49938,Neu5Ac(a2-?)GlcNAc(?1-?)[Gal(b1-?)]GlcNAc(b1-3)[Neu5Gc(a2-8)Neu5Ac(a2-6)]GalNAc,6.275177497627737e-07,2,0.9553023226339974,H-,candycrunch
829.3777465820312,-2,20.500676666666667,Neu5Ac(a2-?)GlcNAc(?1-?)[Gal(b1-?)]GlcNAc(b1-3)[Neu5Gc(a2-8)Neu5Ac(a2-6)]GalNAc,2.1549651592067676e-06,1,0.9088545687277474,H-,candycrunch
829.3895874023438,-2,26.52658,Neu5Ac(a2-?)GlcNAc(?1-?)[Gal(b1-?)]GlcNAc(b1-3)[Neu5Gc(a2-8)Neu5Ac(a2-6)]GalNAc,1.4053804079594556e-05,3,0.8970137484152474,H-,candycrunch
829.4254150390625,-2,23.19639,Neu5Ac(a2-?)GlcNAc(?1-?)[Gal(b1-?)]GlcNAc(b1-3)[Neu5Gc(a2-8)Neu5Ac(a2-6)]GalNAc,9.347063496534247e-06,11,0.8611861116964974,H-,candycrunch
829.4534912109375,-2,25.980158333333335,Neu5Ac(a2-?)GlcNAc(?1-?)[Gal(b1-?)]GlcNAc(b1-3)[Neu5Gc(a2-8)Neu5Ac(a2-6)]GalNAc,0.0001116794373956509,12,0.8331099398214974,H-,candycrunch
831.3945922851562,-2,23.372516666666666,HexNAc(?1-?)Gal(b1-4)GlcNAc(b1-?)[Gal(b1-4)GlcNAc(b1-?)]Gal(b1-3)[Gal(b1-4)GlcNAc(b1-6)]GalNAc,4.347985304775648e-05,1,0.4100344759527843,H-,candycrunch
832.5350341796875,-2,44.67632833333333,HexNAc(?1-?)GlcA(b1-?)Gal(?1-?)HexNAc(?1-?)GlcA(b1-?)Gal(?1-?)HexNAc(?1-?)GlcA(b1-?)GalNAc,2.052133368124487e-06,1,-0.27478516157850663,H-,candycrunch
832.9193115234375,-2,27.090359999999997,HexNAc(?1-?)GlcA(b1-?)Gal(?1-?)HexNAc(?1-?)GlcA(b1-?)Gal(?1-?)HexNAc(?1-?)GlcA(b1-?)GalNAc,1.2430332390067633e-05,2,-0.6590625053285066,H-,candycrunch
832.9229125976562,-2,32.62794166666667,HexNAc(?1-?)GlcA(b1-?)Gal(?1-?)HexNAc(?1-?)GlcA(b1-?)Gal(?1-?)HexNAc(?1-?)GlcA(b1-?)GalNAc,8.395947952521965e-05,2,-0.6626635795472566,H-,candycrunch
832.9236450195312,-2,31.440904999999997,HexNAc(?1-?)GlcA(b1-?)Gal(?1-?)HexNAc(?1-?)GlcA(b1-?)Gal(?1-?)HexNAc(?1-?)GlcA(b1-?)GalNAc,5.154026803211309e-05,10,-0.6633960014222566,H-,candycrunch
835.19189453125,-1,35.288668333333334,Neu5Gc(a2-6)Gal(b1-4)GlcNAc(b1-3)Gal,1.5405221347464249e-06,1,0.0918295891890466,H-,candycrunch
837.4265747070312,-1,18.042138333333334,Fuc(a1-2)[Gal(a1-3)]Gal(b1-3)[Gal(b1-4)GlcNAc6S(b1-6)]GalNAc,1.627842902962584e-05,2,-1.1224494726922103,H-,candycrunch
839.1416015625,-2,33.36067166666667,Neu5Ac(a2-3)Gal(b1-?)GlcNAc(b1-3)Gal(b1-?)GlcNAc(b1-6)[Neu5Ac(a2-3)Gal(b1-3)]GalNAc,0.008228256367146969,3,-0.3473425435408899,H-,candycrunch
839.629638671875,-2,60.452241666666666,Fuc(a1-?)[Gal(b1-?)]GlcNAc(b1-3)[Fuc(a1-2)]Gal(b1-3)[Fuc(a1-2)Gal(b1-?)[Fuc(a1-?)]GlcNAc(b1-6)]GalNAc,0.0004698120756074786,1,0.18502145848401597,H-,candycrunch
841.1571044921875,-2,33.38829333333334,Fuc(a1-?)[Gal(b1-?)]GlcNAc(b1-3)[Fuc(a1-2)]Gal(b1-3)[Fuc(a1-2)Gal(b1-?)[Fuc(a1-?)]GlcNAc(b1-6)]GalNAc,0.012850172817707062,1,-1.342444361828484,H-,candycrunch
841.4531860351562,-2,40.15622166666667,Fuc(a1-?)[Gal(b1-?)]GlcNAc(b1-3)[Fuc(a1-2)]Gal(b1-3)[Fuc(a1-2)Gal(b1-?)[Fuc(a1-?)]GlcNAc(b1-6)]GalNAc,0.0013102199882268906,1,-1.638525904797234,H-,candycrunch
841.5569458007812,-2,47.45522833333333,Fuc(a1-?)[Gal(b1-?)]GlcNAc(b1-3)[Fuc(a1-2)]Gal(b1-3)[Fuc(a1-2)Gal(b1-?)[Fuc(a1-?)]GlcNAc(b1-6)]GalNAc,0.00043695143540389836,1,-1.742285670422234,H-,candycrunch
843.0355224609375,-1,3.5701416666666663,Fuc(a1-?)GalNAc(a1-3)[Neu5Ac(a2-6)]GalNAc,0.02791689895093441,1,1.2849215185015055,H-,candycrunch
843.052978515625,-1,6.460023333333333,Fuc(a1-?)GalNAc(a1-3)[Neu5Ac(a2-6)]GalNAc,0.007863044738769531,1,1.2674654638140055,H-,candycrunch
843.1160888671875,-1,12.974075,Fuc(a1-?)GalNAc(a1-3)[Neu5Ac(a2-6)]GalNAc,0.00033686289680190384,1,1.2043551122515055,H-,candycrunch
844.3992919921875,-1,30.426985,Fuc(a1-?)HexNAc(?1-3)[Neu5Ac(a2-6)]GalNAc,0.0017908589215949178,2,-0.07884801274849451,H-,candycrunch
844.4185791015625,-1,32.355293333333336,Fuc(a1-?)HexNAc(?1-3)[Neu5Ac(a2-6)]GalNAc,0.004022425971925259,3,-0.09813512212349451,H-,candycrunch
845.32763671875,-1,24.511883333333333,Fuc(a1-?)GalNAc(a1-3)[Neu5Ac(a2-6)]GalNAc,0.040624961256980896,1,-1.0071927393109945,H-,candycrunch
851.3460693359375,-2,23.306685,Fuc(a1-?)HexNAc(?1-?)HexNAc(?1-?)Gal(b1-?)GlcNAc(b1-3)[Neu5Ac(a2-8)Neu5Ac(a2-6)]GalNAc,0.0002160766744054854,1,-0.035993077478451596,H-,candycrunch
852.3831176757812,-2,36.290825,GlcNAc(a1-4)Gal(b1-4)GlcNAc(b1-3)[GlcNAc(b1-6)]Gal(b1-3)[GlcNAc(a1-4)Gal(b1-4)GlcNAc(b1-6)]GalNAc,0.03620382770895958,5,-0.06521636392221808,H-,candycrunch
852.4781494140625,-2,47.532635,HexNAc(?1-?)Gal(b1-4)GlcNAc(b1-3)[HexNAc(?1-?)Gal(b1-4)GlcNAc(b1-6)]Gal(b1-3)[GlcNAc(b1-6)]GalNAc,0.001375606982037425,1,-0.16024810220346808,H-,candycrunch
856.3504028320312,-2,59.325208333333336,Neu5Gc(a2-3)Gal(b1-4)GlcNAc(b1-3)Gal(b1-3)[Neu5Gc(a2-3)Gal(b1-4)GlcNAc(b1-6)]GalNAc,4.16893744841218e-05,2,-1.5612291930722222,H-,candycrunch
856.635009765625,-2,45.44898166666667,Neu5Gc(a2-3)Gal(b1-4)GlcNAc(b1-3)Gal(b1-3)[Neu5Gc(a2-3)Gal(b1-4)GlcNAc(b1-6)]GalNAc,0.0002990816719830036,1,-1.8458361266659722,H-,candycrunch
857.2483520507812,-3,56.58699,Neu5Ac(a2-8)Neu5Ac(a2-3)[GalNAc(b1-4)]Gal(b1-?)GlcNAc(b1-?)[Neu5Ac(a2-3)[GalNAc(b1-4)]Gal(b1-?)GlcNAc(b1-?)]Gal(b1-3)[GlcNAc(b1-6)]GalNAc,5.960233693258488e-07,2,1.7232398415177386,H-,candycrunch
857.3805541992188,-3,58.269025,Neu5Ac(a2-8)Neu5Ac(a2-3)[GalNAc(b1-4)]Gal(b1-?)GlcNAc(b1-?)[Neu5Ac(a2-3)[GalNAc(b1-4)]Gal(b1-?)GlcNAc(b1-?)]Gal(b1-3)[GlcNAc(b1-6)]GalNAc,1.6779098359620548e-06,1,1.5910376930802386,H-,candycrunch
859.2542724609375,-2,56.67012333333333,Neu5Ac(a2-3)[GalNAc(b1-4)]Gal(b1-4)GlcNAc(b1-6)[Neu5Ac(a2-3)[GalNAc(b1-4)]Gal(b1-3)]GalNAc,9.122738265432417e-05,5,0.05326110877149404,H-,candycrunch
859.2884521484375,-2,59.37271666666666,Neu5Ac(a2-3)[GalNAc(b1-4)]Gal(b1-?)GlcNAc(b1-6)[Neu5Ac(a2-3)[GalNAc(b1-4)]Gal(b1-3)]GalNAc,0.0002530131605453789,6,0.019081421271494037,H-,candycrunch
859.3027954101562,-2,59.44575833333334,Neu5Ac(a2-3)[GalNAc(b1-4)]Gal(b1-4)GlcNAc(b1-6)[Neu5Ac(a2-3)[GalNAc(b1-4)]Gal(b1-3)]GalNAc,0.0001734028774080798,13,0.004738159552744037,H-,candycrunch
860.27490234375,-1,57.42987666666667,Neu5Ac(a2-3)Gal(b1-3)[GlcNAc(b1-6)]GalNAc,0.017230158671736717,1,0.04045625818901044,H-,candycrunch
860.2763671875,-1,58.316425,Neu5Ac(a2-3)Gal(b1-3)[GlcNAc(b1-6)]GalNAc,0.09264551103115082,9,0.03899141443901044,H-,candycrunch
860.2933349609375,-1,59.813631666666666,Neu5Ac(a2-3)Gal(b1-3)[GlcNAc(b1-6)]GalNAc,0.09172306209802628,8,0.02202364100151044,H-,candycrunch
860.299560546875,-1,56.61663833333333,Neu5Ac(a2-3)Gal(b1-3)[GlcNAc(b1-6)]GalNAc,0.029085587710142136,2,0.01579805506401044,H-,candycrunch
860.4509887695312,-1,48.77856666666667,Neu5Ac(a2-3)Gal(b1-3)[GlcNAc(b1-6)]GalNAc,0.21788886189460754,1,-0.13563016759223956,H-,candycrunch
861.2451171875,-1,59.222681666666666,Fuc(a1-2)Gal(b1-4)[Fuc(a1-3)]GlcNAc(b1-6)[GalOS(b1-3)]GalNAc,0.0019546900875866413,5,0.09064252583902999,H-,candycrunch
861.4764404296875,-1,28.796318333333335,Fuc(a1-2)Gal(b1-?)[Fuc(a1-?)]GlcNAc(b1-3)GalNAc,0.000613565556704998,6,-0.14068071634847001,H-,candycrunch
862.26318359375,-1,59.47190500000001,Fuc(a1-2)Gal(b1-4)[Fuc(a1-3)]GlcNAc(b1-3)GalNAc,2.1803898562211543e-05,2,-0.92742388041097,H-,candycrunch
870.3861083984375,-2,16.38797166666667,Fuc(a1-2)Gal(b1-4)GlcNAc(b1-3)[Fuc(a1-2)]Gal(b1-4)GlcNAc(b1-6)[Fuc(a1-2)[GalNAc(a1-3)]Gal(b1-3)]GalNAc,0.0009160339832305908,3,-2.060716406078427,H-,candycrunch
870.3927612304688,-2,19.466246666666667,Fuc(a1-2)Gal(b1-4)GlcNAc(b1-3)[Fuc(a1-2)]Gal(b1-4)GlcNAc(b1-6)[Fuc(a1-2)[GalNAc(a1-3)]Gal(b1-3)]GalNAc,0.0011737067252397537,1,-2.067369238109677,H-,candycrunch
872.0280151367188,-3,60.776465,Neu5Ac(a2-3)Gal(b1-4)[Fuc(a1-3)]GlcNAc(b1-3)[Neu5Ac(a2-3)Gal(b1-4)[Fuc(a1-3)]GlcNAc(b1-6)]Gal(b1-3)[Neu5Ac(a2-3)Gal(b1-4)GlcNAc(b1-6)]GalNAc,9.866497748589609e-06,1,2.946875416746934,H-,candycrunch
872.4944458007812,-3,17.416073333333333,Neu5Ac(a2-3)Gal(b1-4)[Fuc(a1-3)]GlcNAc(b1-3)[Neu5Ac(a2-3)Gal(b1-4)[Fuc(a1-3)]GlcNAc(b1-6)]Gal(b1-3)[Neu5Ac(a2-3)Gal(b1-4)GlcNAc(b1-6)]GalNAc,3.1512859095528256e-06,1,2.480444752684434,H-,candycrunch
876.1605224609375,-1,56.14103000000001,Neu5Gc(a2-3)[GalNAc(b1-4)]Gal(b1-3)GalNAc,0.43762272596359253,1,0.14975076100154183,H-,candycrunch
877.3133544921875,-1,55.40064666666667,Fuc(a1-?)[Gal(b1-?)]GlcNAc(b1-3)Gal(b1-3)GalNAc,0.0304865799844265,6,0.01731984365153494,H-,candycrunch
877.3150634765625,-1,52.519226666666675,Fuc(a1-2)Gal(b1-3)[Gal(b1-4)GlcNAc(b1-6)]GalNAc,0.004078896250575781,1,0.015610859276534939,H-,candycrunch
878.279296875,-1,55.32716833333333,Fuc(a1-2)Gal(b1-4)GlcNAc(b1-3)Gal(b1-3)GalNAc,7.796987483743578e-05,9,-0.9486225391609651,H-,candycrunch
878.2794189453125,-1,47.293441666666666,Fuc(a1-2)Gal(b1-4)GlcNAc(b1-3)Gal(b1-3)GalNAc,0.00016707504983060062,1,-0.9487446094734651,H-,candycrunch
878.2818603515625,-1,49.838521666666665,Fuc(a1-2)Gal(b1-4)GlcNAc(b1-3)Gal(b1-3)GalNAc,1.4238919902709313e-05,18,-0.9511860157234651,H-,candycrunch
878.2952880859375,-1,53.68955833333334,Fuc(a1-2)Gal(b1-4)GlcNAc(b1-3)Gal(b1-3)GalNAc,0.00010687566827982664,8,-0.9646137500984651,H-,candycrunch
878.3038330078125,-1,52.61150166666667,Fuc(a1-2)Gal(b1-4)GlcNAc(b1-3)Gal(b1-3)GalNAc,1.808084562071599e-06,4,-0.9731586719734651,H-,candycrunch
878.315185546875,-1,48.22567333333333,Fuc(a1-2)Gal(b1-4)GlcNAc(b1-3)Gal(b1-3)GalNAc,0.00018056741100735962,10,-0.9845112110359651,H-,candycrunch
878.32861328125,-1,51.54079333333333,Fuc(a1-2)Gal(b1-4)GlcNAc(b1-3)Gal(b1-3)GalNAc,1.9696242361533223e-06,4,-0.9979389454109651,H-,candycrunch
878.427490234375,-1,14.269155,Fuc(a1-2)Gal(b1-4)GlcNAc(b1-3)Gal(b1-3)GalNAc,1.0177785043197218e-05,11,-1.096815898535965,H-,candycrunch
878.4332885742188,-1,19.288331666666668,Fuc(a1-2)Gal(b1-3)[Gal(b1-?)GlcNAc(b1-6)]GalNAc,3.426825060159899e-05,3,-1.102614238379715,H-,candycrunch
879.2669677734375,-1,51.15591333333334,Fuc(a1-2)Gal(b1-?)GlcNAc6S(b1-6)[Gal(b1-4)GlcNAc(b1-3)]GalNAc,2.0695084401722852e-07,10,-1.936293437598465,H-,candycrunch
879.2726440429688,-1,52.34786,Fuc(a1-2)Gal(b1-?)GlcNAc6S(b1-6)[Gal(b1-4)GlcNAc(b1-3)]GalNAc,5.60766068247176e-07,4,-1.941969707129715,H-,candycrunch
879.5074462890625,-3,40.62323666666666,Fuc(a1-2)[Gal(a1-3)]Gal(b1-?)GlcNAc(b1-3)Gal(b1-4)GlcNAc(b1-3)Gal(b1-4)GlcNAc(b1-3)[Fuc(a1-2)[Gal(a1-3)]Gal(b1-?)GlcNAc(b1-3)Gal(b1-4)GlcNAc(b1-6)]GalNAc,4.176031520586321e-09,2,1.8110995446364768,H-,candycrunch
879.5126953125,-3,54.68004166666666,Fuc(a1-2)[Gal(a1-3)]Gal(b1-?)GlcNAc(b1-3)Gal(b1-4)GlcNAc(b1-3)Gal(b1-4)GlcNAc(b1-3)[Fuc(a1-2)[Gal(a1-3)]Gal(b1-?)GlcNAc(b1-3)Gal(b1-4)GlcNAc(b1-6)]GalNAc,1.3737811999092742e-09,1,1.8058505211989768,H-,candycrunch
880.2689208984375,-3,55.42698166666666,Fuc(a1-2)[Gal(a1-3)]Gal(b1-?)GlcNAc(b1-3)Gal(b1-4)GlcNAc(b1-3)Gal(b1-4)GlcNAc(b1-3)[Fuc(a1-2)[Gal(a1-3)]Gal(b1-?)GlcNAc(b1-3)Gal(b1-4)GlcNAc(b1-6)]GalNAc,2.679112265369099e-09,1,1.0496249352614768,H-,candycrunch
880.441162109375,-1,14.449988333333334,Gal(b1-4)GlcNAc(b1-3)[Fuc(a1-2)]Gal(b1-3)GalNAc,0.05631110072135925,2,-3.110487773535965,H-,candycrunch
884.3536376953125,-2,29.384455,Neu5Gc(a2-3)[GalNAc(b1-4)]Gal(b1-4)GlcNAc(b1-3)Gal(b1-3)[Gal(a1-3)Gal(b1-4)GlcNAc(b1-6)]GalNAc,0.004219462163746357,2,-0.5435316374034755,H-,candycrunch
884.37548828125,-2,25.163943333333332,Neu5Gc(a2-3)[GalNAc(b1-4)]Gal(b1-4)GlcNAc(b1-3)Gal(b1-3)[Gal(a1-3)Gal(b1-4)GlcNAc(b1-6)]GalNAc,0.017377251759171486,1,-0.5653822233409755,H-,candycrunch
884.8922119140625,-2,58.85104666666667,Neu5Gc(a2-3)[GalNAc(b1-4)]Gal(b1-4)GlcNAc(b1-3)Gal(b1-3)[Gal(a1-3)Gal(b1-4)GlcNAc(b1-6)]GalNAc,0.000937016389798373,1,-1.0821058561534755,H-,candycrunch
885.1595458984375,-2,56.82018166666666,Neu5Gc(a2-3)[GalNAc(b1-4)]Gal(b1-4)GlcNAc(b1-3)Gal(b1-3)[Gal(a1-3)Gal(b1-4)GlcNAc(b1-6)]GalNAc,0.0003315818903502077,3,-1.3494398405284755,H-,candycrunch
885.4478759765625,-2,33.52943833333334,Neu5Gc(a2-3)[GalNAc(b1-4)]Gal(b1-4)GlcNAc(b1-3)Gal(b1-3)[Gal(a1-3)Gal(b1-4)GlcNAc(b1-6)]GalNAc,0.03189032897353172,2,-1.6377699186534755,H-,candycrunch
885.4561767578125,-2,36.6197,Neu5Gc(a2-3)[GalNAc(b1-4)]Gal(b1-4)GlcNAc(b1-3)Gal(b1-3)[Gal(a1-3)Gal(b1-4)GlcNAc(b1-6)]GalNAc,0.001467610476538539,9,-1.6460706999034755,H-,candycrunch
885.4797973632812,-2,32.379615,Neu5Gc(a2-3)[GalNAc(b1-4)]Gal(b1-4)GlcNAc(b1-3)Gal(b1-3)[Gal(a1-3)Gal(b1-4)GlcNAc(b1-6)]GalNAc,0.05200270563364029,1,-1.6696913053722255,H-,candycrunch
885.4892,-2,35.34735333333333,Neu5Gc(a2-3)[GalNAc(b1-4)]Gal(b1-4)GlcNAc(b1-3)Gal(b1-3)[Gal(a1-3)Gal(b1-4)GlcNAc(b1-6)]GalNAc,0.0027454469818621874,3,-1.679093942090958,H-,candycrunch
887.0111083984375,-2,57.65867666666667,Fuc(a1-?)[HexNAc(?1-?)]HexNAc(?1-?)Gal(?1-3)[Gal(b1-?)GlcNAc(b1-6)]GalNAc(a1-3)[Neu5Ac(a2-6)]GalNAc,0.00021890868083573878,1,1.317357588971504,H-,candycrunch
888.321044921875,-2,60.445206666666664,Fuc(a1-?)[HexNAc(?1-?)]HexNAc(?1-?)Gal(?1-3)[Gal(b1-?)GlcNAc(b1-6)]GalNAc(a1-3)[Neu5Ac(a2-6)]GalNAc,3.7256839277688414e-05,1,0.007421065534003901,H-,candycrunch
893.2955322265625,-1,44.20406333333334,Gal(b1-?)Gal(b1-?)GlcNAc(b1-6)[Gal(b1-3)]GalNAc,0.0029836439061909914,1,0.030056731776653578,H-,candycrunch
893.3209838867188,-1,46.60444666666667,Gal(b1-?)Gal(b1-?)GlcNAc(b1-6)[Gal(b1-3)]GalNAc,0.0010009922552853823,1,0.004605071620403578,H-,candycrunch
893.4482421875,-1,24.82328,Gal(a1-3)Gal(b1-4)GlcNAc(b1-6)[Gal(b1-3)]GalNAc,0.014615651220083237,2,-0.12265322916084642,H-,candycrunch
894.2919921875,-1,44.13276333333334,Gal(a1-3)Gal(b1-4)GlcNAc(b1-6)[Gal(b1-3)]GalNAc,0.005345842335373163,1,-0.9664032291608464,H-,candycrunch
894.3013916015625,-1,46.68877333333334,Gal(a1-3)Gal(b1-4)GlcNAc(b1-6)[Gal(b1-3)]GalNAc,0.00017231384117621928,2,-0.9758026432233464,H-,candycrunch
894.6923828125,-1,57.65002166666667,Gal(a1-3)Gal(b1-4)GlcNAc(b1-6)[Gal(b1-3)]GalNAc,0.00018510117661207914,1,-1.3667938541608464,H-,candycrunch
895.4412231445312,-2,17.802596666666666,Neu5Ac(a2-3)[GalNAc(b1-4)]Gal(b1-?)GlcNAc(b1-3)Gal(b1-4)GlcNAc(b1-3)Gal(b1-4)GlcNAc(b1-3)GalNAc,2.1175575071197272e-08,2,0.8847001541278132,H-,candycrunch
895.4474487304688,-2,20.415754999999997,Neu5Ac(a2-3)[GalNAc(b1-4)]Gal(b1-?)GlcNAc(b1-3)Gal(b1-4)GlcNAc(b1-3)Gal(b1-4)GlcNAc(b1-3)GalNAc,7.571081539481384e-08,1,0.8784745681903132,H-,candycrunch
895.45068359375,-2,23.438708333333334,Neu5Ac(a2-3)[GalNAc(b1-4)]Gal(b1-?)GlcNAc(b1-3)Gal(b1-4)GlcNAc(b1-3)Gal(b1-4)GlcNAc(b1-3)GalNAc,1.4928160396721069e-07,3,0.8752397049090632,H-,candycrunch
895.4661865234375,-2,24.808854999999998,Neu5Ac(a2-3)[GalNAc(b1-4)]Gal(b1-?)GlcNAc(b1-3)Gal(b1-4)GlcNAc(b1-3)Gal(b1-4)GlcNAc(b1-3)GalNAc,8.554238206670561e-08,11,0.8597367752215632,H-,candycrunch
895.4688720703125,-2,28.789493333333336,Neu5Ac(a2-3)[GalNAc(b1-4)]Gal(b1-?)GlcNAc(b1-3)Gal(b1-4)GlcNAc(b1-3)Gal(b1-4)GlcNAc(b1-3)GalNAc,8.135581097690192e-09,6,0.8570512283465632,H-,candycrunch
897.4495849609375,-2,24.903985000000002,Fuc(a1-2)[GalNAc(a1-3)]Gal(b1-4)GlcNAc(b1-3)Gal(b1-3)[Fuc(a1-2)[GalNAc(a1-3)]Gal(b1-4)GlcNAc(b1-6)]GalNAc,0.0006791453924961388,1,-0.6134611065784839,H-,candycrunch
897.4591064453125,-2,23.459786666666666,Fuc(a1-2)[GalNAc(a1-3)]Gal(b1-4)GlcNAc(b1-3)Gal(b1-3)[Fuc(a1-2)[GalNAc(a1-3)]Gal(b1-4)GlcNAc(b1-6)]GalNAc,0.0002756217436399311,1,-0.6229825909534839,H-,candycrunch
897.47705078125,-2,28.812226666666668,Fuc(a1-2)[GalNAc(a1-3)]Gal(b1-4)GlcNAc(b1-3)Gal(b1-3)[Fuc(a1-2)[GalNAc(a1-3)]Gal(b1-4)GlcNAc(b1-6)]GalNAc,9.738766675582156e-05,1,-0.6409269268909839,H-,candycrunch
899.4166870117188,-3,40.830715000000005,Fuc(a1-2)[Gal(a1-3)]Gal(b1-?)GlcNAc(b1-3)Gal(b1-4)GlcNAc(b1-3)Gal(b1-4)GlcNAc(b1-6)[Gal(b1-?)GlcNAc(b1-3)Gal(b1-4)GlcNAc(b1-3)Gal(b1-4)GlcNAc(b1-3)]GalNAc,1.5098653705081233e-07,5,0.9090133966469693,H-,candycrunch
899.4270629882812,-3,39.665285,Fuc(a1-2)[Gal(a1-3)]Gal(b1-?)GlcNAc(b1-3)Gal(b1-4)GlcNAc(b1-3)Gal(b1-4)GlcNAc(b1-6)[Gal(b1-?)GlcNAc(b1-3)Gal(b1-4)GlcNAc(b1-3)Gal(b1-4)GlcNAc(b1-3)]GalNAc,1.523277717296878e-07,2,0.8986374200844693,H-,candycrunch
900.402587890625,-3,37.53418,Fuc(a1-2)[Gal(a1-3)]Gal(b1-?)GlcNAc(b1-3)Gal(b1-4)GlcNAc(b1-3)Gal(b1-4)GlcNAc(b1-6)[Gal(b1-?)GlcNAc(b1-3)Gal(b1-4)GlcNAc(b1-3)Gal(b1-4)GlcNAc(b1-3)]GalNAc,1.7787851902539842e-07,10,-0.07688748225928066,H-,candycrunch
900.4119873046875,-3,36.066113333333334,Fuc(a1-2)[Gal(a1-3)]Gal(b1-?)GlcNAc(b1-3)Gal(b1-4)GlcNAc(b1-3)Gal(b1-4)GlcNAc(b1-6)[Gal(b1-?)GlcNAc(b1-3)Gal(b1-4)GlcNAc(b1-3)Gal(b1-4)GlcNAc(b1-3)]GalNAc,2.1567892360963015e-07,3,-0.08628689632178066,H-,candycrunch
903.47265625,-2,34.21438666666666,Neu5Ac(a2-3)Gal(b1-?)[Fuc(a1-?)]GlcNAc(b1-3)[Neu5Ac(a2-3)Gal(b1-?)[Fuc(a1-?)]GlcNAc(b1-6)]GalNAc,5.414751758081593e-09,1,0.35309986220909195,H-,candycrunch
903.7578735351562,-2,60.68756833333333,Neu5Ac(a2-3)Gal(b1-?)[Fuc(a1-?)]GlcNAc(b1-3)[Neu5Ac(a2-3)Gal(b1-?)[Fuc(a1-?)]GlcNAc(b1-6)]GalNAc,7.138267221762362e-08,1,0.06788257705284195,H-,candycrunch
905.9581298828125,-2,34.30475666666666,Fuc(a1-2)[GalNAc(a1-3)]Gal(b1-4)GlcNAc(b1-3)[Gal(b1-4)GlcNAc(b1-6)]Gal(b1-3)[Gal(b1-4)GlcNAc(b1-6)]GalNAc,0.021116720512509346,1,-1.1245487172034245,H-,candycrunch
905.967041015625,-2,25.561001666666666,Fuc(a1-2)[GalNAc(a1-3)]Gal(b1-4)GlcNAc(b1-3)[Gal(b1-4)GlcNAc(b1-6)]Gal(b1-3)[Gal(b1-4)GlcNAc(b1-6)]GalNAc,0.005146059673279524,3,-1.1334598500159245,H-,candycrunch
906.00341796875,-2,35.79573833333333,Fuc(a1-2)[GalNAc(a1-3)]Gal(b1-4)GlcNAc(b1-3)[Gal(b1-4)GlcNAc(b1-6)]Gal(b1-3)[Gal(b1-4)GlcNAc(b1-6)]GalNAc,0.015036205761134624,2,-1.1698368031409245,H-,candycrunch
906.46484375,-1,24.19206833333333,Gal(?1-?)HexNAc(?1-?)GlcA(b1-3)Gal(b1-3)GalNAc,4.142449324717745e-05,1,0.8400097468390868,H-,candycrunch
906.4886474609375,-1,29.140811666666664,Gal(?1-?)HexNAc(?1-?)GlcA(b1-3)Gal(b1-3)GalNAc,0.00016307159967254847,1,0.8162060359015868,H-,candycrunch
909.9195556640625,-2,56.99078000000001,Neu5Ac(a2-3)Gal(b1-?)GlcNAc(b1-3)Gal(b1-?)[Fuc(a1-?)]GlcNAc(b1-6)[Neu5Ac(a2-3)Gal(b1-3)]GalNAc,0.01649191416800022,1,1.9036577593965376,H-,candycrunch
910.4742431640625,-2,25.322855,Neu5Ac(a2-3)Gal(b1-?)GlcNAc(b1-3)Gal(b1-?)[Fuc(a1-?)]GlcNAc(b1-6)[Neu5Ac(a2-3)Gal(b1-3)]GalNAc,0.0012145265936851501,2,1.3489702593965376,H-,candycrunch
911.083740234375,-2,57.95668833333333,Neu5Ac(a2-3)Gal(b1-?)[Fuc(a1-?)]GlcNAc(b1-3)Gal(b1-?)GlcNAc(b1-6)[Neu5Ac(a2-3)Gal(b1-3)]GalNAc,0.011847518384456635,2,0.7394731890840376,H-,candycrunch
913.972412109375,-2,33.95926333333334,Gal(b1-4)GlcNAc(b1-3)Gal(b1-4)GlcNAc(b1-3)Gal(b1-4)GlcNAc(b1-3)Gal(b1-4)GlcNAc(b1-6)[Gal(b1-3)]GalNAc,0.011317254044115543,1,-1.141373632515979,H-,candycrunch
913.9758911132812,-2,35.116725,HexNAc(?1-?)HexA(?1-?)Hex(?1-?)HexNAc(?1-?)HexA(?1-?)Hex(?1-?)HexNAc(?1-?)HexA(?1-4)Gal(b1-3)GalNAc,9.800001134863123e-05,2,-0.6892303794222698,H-,candycrunch
915.43701171875,-2,39.678315000000005,Fuc(a1-?)HexNAc(?1-?)Gal(b1-3)[GlcNAc(b1-6)]GlcNAc(b1-6)[Fuc(a1-?)HexNAc(?1-?)Gal(b1-3)]GalNAc(a1-3)GalNAc,4.513289968599565e-05,2,1.9123866863590138,H-,candycrunch
917.4705810546875,-2,24.756583333333335,Fuc(a1-?)[HexNAc(?1-?)]HexNAc(?1-?)Gal(b1-?)GlcNAc(b1-6)[Fuc(a1-?)[HexNAc(?1-?)]HexNAc(?1-?)Gal(b1-3)]GalNAc,2.6594391329126665e-06,1,-0.12118264957848623,H-,candycrunch
923.564453125,-3,32.30271666666667,Neu5Ac(a2-3)Gal(b1-?)[Fuc(a1-?)]GlcNAc(b1-3)[Neu5Ac(a2-3)Gal(b1-?)[Fuc(a1-?)]GlcNAc(b1-6)]Gal(b1-3)[Neu5Ac(a2-3)Gal(b1-?)[Fuc(a1-?)]GlcNAc(b1-6)]GalNAc,2.6300715489924187e-06,1,0.09640703146567375,H-,candycrunch
930.617431640625,-2,45.66200333333333,Neu5Ac(a2-?)HexNAc(?1-?)Gal(?1-3)[Fuc(a1-?)[Gal(b1-?)]GlcNAc(b1-6)]GalNAc(a1-3)[Neu5Ac(a2-6)]GalNAc,0.020068369805812836,2,1.7190563335840352,H-,candycrunch
930.8206176757812,-2,4.18567,Neu5Ac(a2-?)HexNAc(?1-?)Gal(?1-3)[Fuc(a1-?)[Gal(b1-?)]GlcNAc(b1-6)]GalNAc(a1-3)[Neu5Ac(a2-6)]GalNAc,3.624271266744472e-05,3,1.5158702984277852,H-,candycrunch
931.4846801757812,-2,56.305085,Neu5Ac(a2-?)HexNAc(?1-?)Gal(?1-3)[Fuc(a1-?)[Gal(b1-?)]GlcNAc(b1-6)]GalNAc(a1-3)[Neu5Ac(a2-6)]GalNAc,0.0001912923762574792,1,0.8518077984277852,H-,candycrunch
931.6597900390625,-2,57.804743333333334,Neu5Ac(a2-?)HexNAc(?1-?)Gal(?1-3)[Fuc(a1-?)[Gal(b1-?)]GlcNAc(b1-6)]GalNAc(a1-3)[Neu5Ac(a2-6)]GalNAc,0.004064603708684444,1,0.6766979351465352,H-,candycrunch
932.4388427734375,-2,22.820923333333333,Neu5Ac(a2-?)HexNAc(?1-?)Gal(?1-3)[Fuc(a1-?)[Gal(b1-?)]GlcNAc(b1-6)]GalNAc(a1-3)[Neu5Ac(a2-6)]GalNAc,5.748475814471021e-06,1,-0.1023547992284648,H-,candycrunch
934.505615234375,-1,26.302809999999997,Gal(b1-?)GlcNAc(b1-3)[Gal(b1-?)GlcNAc(b1-6)]GalNAc,0.0067638223990798,1,-0.1534771745358512,H-,candycrunch
934.50732421875,-1,32.27851166666667,GalOS(b1-?)GlcNAc(b1-3)Gal(b1-3)[Gal(b1-?)GlcNAc(b1-6)]GalNAc,0.00453103706240654,1,-0.1551861589108512,H-,candycrunch
936.5166015625,-1,21.839425,HexNAc(?1-?)Gal(b1-3)[Gal(b1-?)GlcNAc(b1-6)]GalNAc,2.4101146323118883e-07,2,-2.164463502660851,H-,candycrunch
936.5236206054688,-1,28.387053333333334,GlcNAc(a1-4)GalOS(b1-4)GlcNAc(b1-3)Gal(b1-4)GlcNAc6S(b1-6)[Gal(b1-3)]GalNAc,5.194972345634596e-06,4,-2.171482545629601,H-,candycrunch
936.5474853515625,-1,42.572565000000004,GlcNAc(a1-4)GalOS(b1-4)GlcNAc(b1-3)Gal(b1-4)GlcNAc6S(b1-6)[Gal(b1-3)]GalNAc,9.102154763240833e-06,1,-2.195347291723351,H-,candycrunch
941.7408447265625,-2,58.70685,Fuc(a1-?)GlcNAc(b1-6)[Gal(?1-3)]Gal(b1-?)[Fuc(a1-?)]GlcNAc(b1-6)[Neu5Ac(a2-?)HexNAc(?1-?)Gal(b1-3)]GalNAc,8.133285155054182e-05,1,-0.8966988854034526,H-,candycrunch
942.4903564453125,-2,30.702501666666667,Fuc(a1-?)GlcNAc(b1-6)[Gal(?1-3)]Gal(b1-4)[Fuc(a1-3)]GlcNAc(b1-6)[Neu5Ac(a2-?)HexNAc(?1-?)Gal(b1-3)]GalNAc,0.00010866329830605537,3,-1.6462106041534526,H-,candycrunch
943.9150390625,-1,55.646953333333336,Neu5Ac(a2-3)Gal(b1-3)[Neu5Ac(a2-6)]GalNAc,0.835747241973877,1,4.416363513039073,H-,candycrunch
948.3827514648438,-1,56.16133000000001,Neu5Ac(a2-3)Gal(b1-3)[Neu5Ac(a2-6)]GalNAc,0.03471122309565544,3,-0.05134888930467696,H-,candycrunch
948.6061401367188,-1,41.77593666666667,Neu5Ac(a2-3)Gal(b1-3)[Neu5Ac(a2-6)]GalNAc,0.7734390497207642,4,-0.27473756117967696,H-,candycrunch
949.2554931640625,-2,57.281115,Neu5Ac(a2-3)Gal(b1-?)[Fuc(a1-?)]GlcNAc(b1-6)[Gal(b1-?)GlcNAc(b1-3)]Gal(b1-3)[Gal(b1-?)GlcNAc(b1-6)]GalNAc,0.043019261211156845,1,-0.4138900116535069,H-,candycrunch
949.5676879882812,-2,41.946623333333335,Fuc(a1-2)Gal(b1-?)[Fuc(a1-?)]GlcNAc(b1-3)[Gal(b1-?)GlcNAc(b1-6)]Gal(b1-3)[Fuc(a1-2)Gal(b1-4)GlcNAc(b1-6)]GalNAc,0.00459239212796092,1,-0.2158842801721903,H-,candycrunch
950.444580078125,-2,21.694628333333334,Fuc(a1-?)[Gal(b1-?)]GlcNAc(b1-3)[Fuc(a1-?)[Gal(b1-?)]GlcNAc(b1-6)]Gal(b1-3)[Fuc(a1-?)[Gal(b1-?)]GlcNAc(b1-6)]GalNAc,0.0020591330248862505,1,-1.0927763700159403,H-,candycrunch
952.465576171875,-2,17.955053333333332,Fuc(a1-2)Gal(b1-?)[Fuc(a1-?)]GlcNAc(b1-3)[Gal(b1-?)GlcNAc(b1-6)]Gal(b1-3)[Fuc(a1-2)Gal(b1-4)GlcNAc(b1-6)]GalNAc,0.0005509889451786876,2,-3.1137724637659403,H-,candycrunch
952.4794921875,-2,20.868125,Fuc(a1-?)[Gal(b1-?)]GlcNAc(b1-3)[Fuc(a1-?)[Gal(b1-?)]GlcNAc(b1-6)]Gal(b1-3)[Fuc(a1-?)[Gal(b1-?)]GlcNAc(b1-6)]GalNAc,0.006018782500177622,1,-3.1276884793909403,H-,candycrunch
952.4932861328125,-2,23.4668,Fuc(a1-2)Gal(b1-?)[Fuc(a1-?)]GlcNAc(b1-3)[Gal(b1-?)GlcNAc(b1-6)]Gal(b1-3)[Fuc(a1-2)Gal(b1-4)GlcNAc(b1-6)]GalNAc,0.0067600528709590435,5,-3.1414824247034403,H-,candycrunch
952.49462890625,-2,21.667514999999998,Fuc(a1-2)Gal(b1-?)[Fuc(a1-?)]GlcNAc(b1-3)[Gal(b1-?)GlcNAc(b1-6)]Gal(b1-3)[Fuc(a1-2)Gal(b1-4)GlcNAc(b1-6)]GalNAc,0.004779885523021221,15,-3.1428251981409403,H-,candycrunch
952.5137329101562,-2,24.91778,Fuc(a1-2)Gal(b1-?)[Fuc(a1-?)]GlcNAc(b1-3)[Gal(b1-?)GlcNAc(b1-6)]Gal(b1-3)[Fuc(a1-2)Gal(b1-4)GlcNAc(b1-6)]GalNAc,0.016520043835043907,1,-3.1619292020471903,H-,candycrunch
954.501953125,-2,21.600033333333336,Neu5Gc(a2-3)[GalNAc(b1-4)]Gal(b1-4)GlcNAc(b1-3)Gal(b1-3)[Neu5Gc(a2-3)Gal(b1-4)GlcNAc(b1-6)]GalNAc,8.732832793612033e-05,5,1.8269067804590122,H-,candycrunch
954.6436767578125,-2,50.402206666666665,Neu5Gc(a2-3)[GalNAc(b1-4)]Gal(b1-4)GlcNAc(b1-3)Gal(b1-3)[Neu5Gc(a2-3)Gal(b1-4)GlcNAc(b1-6)]GalNAc,0.00125251361168921,3,1.6851831476465122,H-,candycrunch
958.4984130859375,-2,35.68130333333333,Fuc(a1-2)[Gal(a1-3)]Gal(b1-?)GlcNAc(b1-3)Gal(b1-4)GlcNAc(b1-6)[Fuc(a1-2)[Gal(a1-3)]Gal(b1-?)GlcNAc(b1-3)]GalNAc,1.1998730542472913e-07,5,-1.1491520665784947,H-,candycrunch
958.522705078125,-2,38.72297666666667,Fuc(a1-2)[Gal(a1-3)]Gal(b1-?)GlcNAc(b1-3)Gal(b1-4)GlcNAc(b1-6)[Fuc(a1-2)[Gal(a1-3)]Gal(b1-?)GlcNAc(b1-3)]GalNAc,1.784446546082563e-08,5,-1.1734440587659947,H-,candycrunch
958.8134155273438,-2,58.71374833333333,Fuc(a1-2)[Gal(a1-3)]Gal(b1-?)GlcNAc(b1-3)Gal(b1-4)GlcNAc(b1-6)[Fuc(a1-2)[Gal(a1-3)]Gal(b1-?)GlcNAc(b1-3)]GalNAc,3.895971900647055e-08,1,-1.4641545079847447,H-,candycrunch
960.5285034179688,-2,35.71428,Neu5Ac(a2-3)[GalNAc(b1-4)]Gal(b1-4)GlcNAc(b1-3)Gal6S(b1-4)GlcNAc(b1-6)[Neu5Ac(a2-3)[GalNAc(b1-4)]Gal(b1-3)]GalNAc,0.0012016519904136658,1,0.31871641824022845,H-,candycrunch
963.4279174804688,-1,31.30530333333333,Neu5Gc(a2-3)Gal(b1-3)[Neu5Ac(a2-6)]GalNAc,0.0007089768187142909,1,0.8983997150702407,H-,candycrunch
964.6041259765625,-1,31.615909999999996,Neu5Gc(a2-3)Gal(b1-3)[Neu5Ac(a2-6)]GalNAc,0.02162322774529457,4,-0.27780878102350925,H-,candycrunch
966.4501342773438,-1,15.277521666666667,Fuc(a1-2)Gal(b1-?)[Fuc(a1-?)]GlcNAc6S(b1-6)[Fuc(a1-2)Gal(b1-3)]GalNAc,2.37946619563445e-06,6,-0.08301485650463292,H-,candycrunch
966.53955078125,-1,39.84596833333333,Fuc(a1-2)Gal(b1-4)[Fuc(a1-3)]GlcNAc6S(b1-6)[Fuc(a1-2)Gal(b1-3)]GalNAc,0.0025929028633981943,1,-0.17243136041088292,H-,candycrunch
975.424560546875,-1,19.60588166666667,HexNAc(?1-?)Gal(b1-?)GlcNAc(b1-3)[GlcNAc(b1-6)]GalNAc,0.011176115833222866,3,-0.045873385535969646,H-,candycrunch
975.440673828125,-1,18.344638333333332,HexNAc(?1-?)Gal(b1-?)GlcNAc(b1-3)[GlcNAc(b1-6)]GalNAc,0.008880079723894596,3,-0.061986666785969646,H-,candycrunch
977.4476318359375,-2,19.625731666666667,Neu5Ac(a2-6)Gal(b1-4)GlcNAc(b1-3)Gal(b1-4)GlcNAc(b1-3)Gal(b1-4)GlcNAc(b1-3)Gal(b1-4)GlcNAc(b1-3)GalNAc,4.584706232435565e-07,1,-0.09529682152844998,H-,candycrunch
987.0067749023438,-2,35.76888833333334,Fuc(a1-2)Gal(b1-?)GlcNAc(b1-?)[Gal(b1-?)GlcNAc(b1-?)]Gal(b1-3)[Gal(b1-?)GlcNAc(b1-3)Gal(b1-?)GlcNAc(b1-6)]GalNAc,0.01604652591049671,1,-1.1467820209846877,H-,candycrunch
987.0184936523438,-2,35.85849833333334,Fuc(a1-2)Gal(b1-4)GlcNAc(b1-3)Gal(b1-4)GlcNAc(b1-3)Gal(b1-4)GlcNAc(b1-3)Gal(b1-4)GlcNAc(b1-3)Gal(b1-3)GalNAc,0.00463956268504262,9,-1.1585007709846877,H-,candycrunch
987.5490112304688,-2,37.386604999999996,Fuc(a1-2)Gal(b1-4)GlcNAc(b1-3)Gal(b1-4)GlcNAc(b1-3)Gal(b1-4)GlcNAc(b1-3)Gal(b1-4)GlcNAc(b1-3)Gal(b1-3)GalNAc,0.012489925138652325,1,-1.6890183491096877,H-,candycrunch
989.4908447265625,-1,25.96603,Neu5Ac(a2-8)Neu5Ac(a2-6)[GalNAc(a1-3)]GalNAc,0.00042416161159053445,4,-0.13289304952343173,H-,candycrunch
991.4766845703125,-2,28.8053,Fuc(a1-?)[HexNAc(?1-?)]HexNAc(?1-?)Gal(b1-?)[Fuc(a1-?)]GlcNAc(b1-6)[Fuc(a1-?)[HexNAc(?1-?)]HexNAc(?1-?)Gal(b1-3)]GalNAc,1.018534749164246e-05,11,-1.098331760703445,H-,candycrunch
991.5386962890625,-2,25.95885,Fuc(a1-?)[HexNAc(?1-?)]HexNAc(?1-?)Gal(b1-?)[Fuc(a1-?)]GlcNAc(b1-6)[Fuc(a1-?)[HexNAc(?1-?)]HexNAc(?1-?)Gal(b1-3)]GalNAc,1.6768819477874786e-05,14,-1.160343479453445,H-,candycrunch
993.4810791015625,-1,29.393043333333335,Neu5Ac(a2-8)Neu5Ac(a2-6)[GalNAc(a1-3)]GalNAc,0.011518554762005806,1,-4.123127424523432,H-,candycrunch
993.5009765625,-2,26.23013,Fuc(a1-?)[HexNAc(?1-?)]HexNAc(?1-?)Gal(b1-?)[Fuc(a1-?)]GlcNAc(b1-6)[Fuc(a1-?)[HexNAc(?1-?)]HexNAc(?1-?)Gal(b1-3)]GalNAc,4.986310614185641e-06,1,-3.122623752890945,H-,candycrunch
993.5157470703125,-2,21.107746666666667,Fuc(a1-?)[HexNAc(?1-?)]HexNAc(?1-?)Gal(b1-?)[Fuc(a1-?)]GlcNAc(b1-6)[Fuc(a1-?)[HexNAc(?1-?)]HexNAc(?1-?)Gal(b1-3)]GalNAc,7.272027602311937e-08,8,-3.137394260703445,H-,candycrunch
994.4925537109375,-2,25.986831666666667,Fuc(a1-?)[HexNAc(?1-?)]HexNAc(?1-?)Gal(b1-?)[Fuc(a1-?)]GlcNAc(b1-6)[Fuc(a1-?)[HexNAc(?1-?)]HexNAc(?1-?)Gal(b1-3)]GalNAc,2.485531695128884e-06,2,-4.114200901328445,H-,candycrunch
995.5196533203125,-2,21.11466833333333,Fuc(a1-?)[HexNAc(?1-?)]HexNAc(?1-?)Gal(b1-?)[Fuc(a1-?)]GlcNAc(b1-6)[Fuc(a1-?)[HexNAc(?1-?)]HexNAc(?1-?)Gal(b1-3)]GalNAc,1.943626784850494e-06,2,-5.141300510703445,H-,candycrunch
998.5028076171875,-2,31.05738333333333,Fuc(a1-2)[Gal(a1-3)]Gal(b1-?)[Fuc(a1-?)]GlcNAc(b1-3)Gal(b1-3)[Fuc(a1-2)[Gal(a1-3)]Gal(b1-?)[Fuc(a1-?)]GlcNAc(b1-6)]GalNAc,0.005347779020667076,2,3.3646759446714896,H-,candycrunch
999.55810546875,-2,34.54552666666667,Fuc(a1-2)[Gal(a1-3)]Gal(b1-?)[Fuc(a1-?)]GlcNAc(b1-3)Gal(b1-3)[Fuc(a1-2)[Gal(a1-3)]Gal(b1-?)[Fuc(a1-?)]GlcNAc(b1-6)]GalNAc,9.581053745932877e-05,3,2.3093780931089896,H-,candycrunch
1007.5401611328125,-1,25.300255,Fuc(a1-2)Gal(b1-?)[Fuc(a1-?)]GlcNAc(b1-3)[GalOS(b1-?)[Fuc(a1-?)]GlcNAc6S(b1-6)]GalNAc,0.00028175109764561057,4,-0.14649261047338769,H-,candycrunch
1013.466064453125,-2,26.053371666666667,Neu5Ac(a2-3)Gal(b1-?)[Fuc(a1-?)]GlcNAc(b1-3)Gal(b1-?)GlcNAc(b1-6)[Neu5Ac(a2-3)Gal(b1-?)GlcNAc(b1-3)]GalNAc,2.6050986434711376e-06,2,-0.103164763165978,H-,candycrunch
1015.4930419921875,-2,21.121853333333334,Neu5Ac(a2-3)Gal(b1-?)[Fuc(a1-?)]GlcNAc(b1-3)Gal(b1-?)GlcNAc(b1-6)[Neu5Ac(a2-3)Gal(b1-?)GlcNAc(b1-3)]GalNAc,3.6770031783817103e-06,2,-2.130142302228478,H-,candycrunch
1015.6204833984375,-2,33.141329999999996,Neu5Ac(a2-3)Gal(b1-?)[Fuc(a1-?)]GlcNAc(b1-3)Gal(b1-?)GlcNAc(b1-6)[Neu5Ac(a2-3)Gal(b1-3)GlcNAc(b1-3)]GalNAc,0.0007799541344866157,5,-2.257583708478478,H-,candycrunch
1016.464111328125,-2,19.93526333333333,Neu5Ac(a2-3)Gal(b1-?)[Fuc(a1-?)]GlcNAc(b1-3)Gal(b1-?)GlcNAc(b1-6)[Neu5Ac(a2-3)Gal(b1-3)GlcNAc(b1-3)]GalNAc,4.0615611851535505e-07,7,-3.101211638165978,H-,candycrunch
1017.847900390625,-2,57.36274,Neu5Ac(a2-3)Gal(b1-?)GlcNAc(b1-3)Gal(b1-?)GlcNAc(b1-3)Gal(b1-?)GlcNAc(b1-6)[Neu5Ac(a2-3)Gal(b1-3)]GalNAc,0.001330225495621562,1,3.5124566105839676,H-,candycrunch
1018.494873046875,-1,19.381006666666668,Neu5Gc(a2-8)Neu5Gc(a2-6)[GlcNAc(b1-3)]GalNAc,1.4414026736631058e-05,2,2.852907870164131,H-,candycrunch
1023.6702880859375,-1,42.109145,Fuc(a1-2)Gal(b1-?)GlcNAc(b1-6)[Fuc(a1-2)Gal(b1-3)]GalNAc,0.4475964307785034,2,-0.28170494109838273,H-,candycrunch
1026.5194091796875,-1,17.42304,Fuc(a1-2)Gal(b1-?)GlcNAc(b1-6)[Fuc(a1-2)Gal(b1-3)]GalNAc,4.634599463315681e-06,1,-3.1308260348483827,H-,candycrunch
1027.4046630859375,-2,60.051444999999994,Neu5Ac(a2-?)GlcNAc(b1-6)[Gal(?1-3)]Gal(b1-?)[Fuc(a1-?)]GlcNAc(b1-6)[Gal(?1-3)]Gal(b1-?)GlcNAc(b1-6)[Gal(b1-3)]GalNAc,0.0029193516820669174,1,2.4633517822212525,H-,candycrunch
1034.3037109375,-2,56.228675,HexNAc(?1-?)Gal(b1-?)GlcNAc(b1-3)[HexNAc(?1-?)Gal(b1-?)GlcNAc(b1-6)]Gal(b1-3)[HexNAc(?1-?)Gal(b1-?)GlcNAc(b1-6)]GalNAc,0.004082959145307541,1,0.5802883566088894,H-,candycrunch
1035.0357666015625,-2,42.09336,HexNAc(?1-?)Gal(b1-?)GlcNAc(b1-3)[HexNAc(?1-?)Gal(b1-?)GlcNAc(b1-6)]Gal(b1-3)[HexNAc(?1-?)Gal(b1-?)GlcNAc(b1-6)]GalNAc,0.12119656801223755,1,-0.15176730745361056,H-,candycrunch
1039.594970703125,-1,33.12001333333333,Fuc(a1-2)[Gal(a1-3)]Gal(b1-?)GlcNAc(b1-6)[Gal(b1-3)]GalNAc,0.1171133741736412,2,-0.21147293578610515,H-,candycrunch
1040.5628662109375,-1,21.992115,Gal(a1-3)Gal(b1-4)GlcNAc(b1-6)[Fuc(a1-2)Gal(b1-3)]GalNAc,0.0025283824652433395,4,-1.1793684435986052,H-,candycrunch
1041.5601806640625,-2,31.46505,Neu5Ac(a2-3)[GalNAc(b1-4)]Gal(b1-4)GlcNAc(b1-3)Gal(b1-4)GlcNAc(b1-6)[Neu5Ac(a2-3)[GalNAc(b1-4)]Gal(b1-3)]GalNAc,1.975600525838672e-06,3,0.31345088789635156,H-,candycrunch
1041.5809326171875,-2,25.00007,Neu5Ac(a2-3)[GalNAc(b1-4)]Gal(b1-4)GlcNAc(b1-3)Gal(b1-4)GlcNAc(b1-6)[Neu5Ac(a2-3)[GalNAc(b1-4)]Gal(b1-3)]GalNAc,3.899307193933055e-05,2,0.29269893477135156,H-,candycrunch
1041.6402587890625,-2,33.113013333333335,Neu5Ac(a2-3)[GalNAc(b1-4)]Gal(b1-4)GlcNAc(b1-3)Gal(b1-4)GlcNAc(b1-6)[Neu5Ac(a2-3)[GalNAc(b1-4)]Gal(b1-3)]GalNAc,0.00039383521652780473,12,0.23337276289635156,H-,candycrunch
1042.574462890625,-2,22.086261666666665,Fuc(a1-2)[GalNAc(a1-3)]Gal(b1-?)[Fuc(a1-?)]GlcNAc(b1-3)Gal(b1-3)[Fuc(a1-2)[GalNAc(a1-3)]Gal(b1-?)[Fuc(a1-?)]GlcNAc(b1-6)]GalNAc,2.440040589135606e-06,1,0.3195697727337574,H-,candycrunch
1043.56298828125,-2,33.301559999999995,Fuc(a1-2)[GalNAc(a1-3)]Gal(b1-?)[Fuc(a1-?)]GlcNAc(b1-3)Gal(b1-3)[Fuc(a1-2)[GalNAc(a1-3)]Gal(b1-?)[Fuc(a1-?)]GlcNAc(b1-6)]GalNAc,2.5106150491893686e-10,2,-0.6689556178912426,H-,candycrunch
1044.071044921875,-2,30.77952833333333,Fuc(a1-2)[GalNAc(a1-3)]Gal(b1-?)[Fuc(a1-?)]GlcNAc(b1-3)Gal(b1-3)[Fuc(a1-2)[GalNAc(a1-3)]Gal(b1-?)[Fuc(a1-?)]GlcNAc(b1-6)]GalNAc,2.898142838603235e-06,3,-1.1770122585162426,H-,candycrunch
1044.587158203125,-2,33.12726,Fuc(a1-2)[GalNAc(a1-3)]Gal(b1-?)[Fuc(a1-?)]GlcNAc(b1-3)Gal(b1-3)[Fuc(a1-2)[GalNAc(a1-3)]Gal(b1-?)[Fuc(a1-?)]GlcNAc(b1-6)]GalNAc,8.259981032487929e-10,3,-1.6931255397662426,H-,candycrunch
1061.5828857421875,-1,26.76777166666667,Neu5Ac(a2-3)HexNAc(?1-?)Gal(b1-3)[GlcNAc(b1-6)]GalNAc,2.6524741770117544e-05,3,1.8118453927513656,H-,candycrunch
1063.5628662109375,-1,33.13426666666667,Gal(?1-?)[GlcNAc(?1-?)]GalNAc(a1-3)[Neu5Ac(a2-6)]GalNAc,0.019388267770409584,2,-0.16813507599863442,H-,candycrunch
1063.591064453125,-1,26.78136,GalOS(b1-4)GlcNAc(b1-3)Gal(b1-4)GlcNAc(b1-3)[Neu5Ac(a2-6)]GalNAc,1.0151663445867598e-05,1,-0.19633331818613442,H-,candycrunch
1073.2098388671875,-2,57.579885,Fuc(a1-?)HexNAc(?1-?)Gal(b1-?)GlcNAc(b1-6)[Fuc(a1-?)HexNAc(?1-?)Gal(a1-3)]GlcNAc(b1-6)[Fuc(a1-?)HexNAc(?1-?)Gal(b1-3)]GalNAc,4.448963954928331e-05,1,-1.8050743418286856,H-,candycrunch
1076.9146728515625,-1,56.607169999999996,HexNAc(?1-?)HexNAc(?1-?)Gal(b1-3)[Neu5Gc(a2-6)]GalNAc,0.00022807276400271803,2,2.4749729033765107,H-,candycrunch
1078.4864501953125,-1,44.35352666666667,Neu5Gc(a2-3)Gal(b1-4)GlcNAc(b1-3)[GlcNAc(b1-6)]GalNAc,0.01956813596189022,3,0.9031955596265107,H-,candycrunch
1081.594970703125,-1,20.888918333333333,HexNAc(?1-?)Gal(b1-3)[Fuc(a1-3)[Gal(b1-4)]GlcNAc(b1-6)]GalNAc,4.7010244088596664e-06,2,-1.18492383428611,H-,candycrunch
1081.59716796875,-1,22.165985,Fuc(a1-?)[Gal(b1-?)]GlcNAc(b1-3)Gal(b1-3)[GlcNAc(b1-6)]GalNAc,0.00010394316632300615,2,-1.18712109991111,H-,candycrunch
1082.4427490234375,-1,52.45277166666667,HexNAcOS(?1-?)HexA(?1-?)Hex(?1-?)HexNAc(?1-?)HexA(?1-4)Gal(b1-3)GalNAc,5.571258725467487e-07,1,0.8941924434013799,H-,candycrunch
1090.113037109375,-2,52.86407666666667,Neu5Ac(a2-3)Gal(b1-?)[Fuc(a1-?)]GlcNAc(b1-3)Gal(b1-?)[Fuc(a1-?)]GlcNAc(b1-6)[Neu5Ac(a2-3)Gal(b1-3)GlcNAc(b1-3)]GalNAc,2.927355922111019e-07,1,-3.721183014916278,H-,candycrunch
1095.232666015625,-2,61.17176666666666,Gal(b1-4)GlcNAc(b1-3)Gal(b1-4)GlcNAc(b1-3)Gal(b1-4)GlcNAc(b1-3)Gal(b1-4)GlcNAc(b1-3)Gal(b1-4)GlcNAc(b1-3)Gal(b1-3)GalNAc,3.9793427220047306e-08,1,0.16447044348387863,H-,candycrunch
1095.2535400390625,-2,52.854594999999996,Gal(b1-4)GlcNAc(b1-3)Gal(b1-4)GlcNAc(b1-3)Gal(b1-4)GlcNAc(b1-3)Gal(b1-4)GlcNAc(b1-3)Gal(b1-4)GlcNAc(b1-3)Gal(b1-3)GalNAc,3.7375329497990606e-07,1,0.14359642004637863,H-,candycrunch
1096.0042724609375,-1,52.202754999999996,Gal(b1-?)GlcNAc(b1-3)Gal(b1-3)[Gal(b1-?)GlcNAc(b1-6)]GalNAc,0.007926585152745247,1,0.4006890304015087,H-,candycrunch
1096.3465576171875,-1,56.91401,Gal(b1-?)GlcNAc(b1-3)Gal(b1-?)GlcNAc(b1-6)[Gal(b1-3)]GalNAc,0.3251810371875763,1,0.05840387415150872,H-,candycrunch
1096.5045166015625,-1,27.508646666666667,Gal(b1-?)GlcNAc(b1-3)Gal(b1-3)[Gal(b1-?)GlcNAc(b1-6)]GalNAc,0.007190740201622248,2,-0.09955511022349128,H-,candycrunch
1096.55712890625,-1,29.717638333333337,Gal(b1-?)GlcNAc(b1-3)Gal(b1-3)[Gal(b1-?)GlcNAc(b1-6)]GalNAc,0.0021601698826998472,1,-0.15216741491099128,H-,candycrunch
1097.4751,-1,55.940025,Gal(b1-?)GlcNAc(b1-3)Gal(b1-3)[Gal(b1-?)GlcNAc(b1-6)]GalNAc,0.01676843874156475,1,-1.0701385086611026,H-,candycrunch
1097.8565673828125,-1,52.122818333333335,Gal(b1-?)GlcNAc(b1-3)Gal(b1-3)[Gal(b1-?)GlcNAc(b1-6)]GalNAc,0.0008597698179073632,1,-1.4516058914734913,H-,candycrunch
1098.6021728515625,-1,19.770991666666667,Gal(b1-4)GlcNAc(b1-3)Gal(b1-3)[Gal(b1-4)GlcNAc(b1-6)]GalNAc,0.007399146910756826,4,-2.1972113602234913,H-,candycrunch
1098.6075439453125,-1,29.607278333333333,Gal(b1-?)GlcNAc(b1-3)[Gal(b1-?)GlcNAc(b1-6)]Gal(b1-3)GalNAc,0.0004052666190546006,9,-2.2025824539734913,H-,candycrunch
1098.60791015625,-1,31.04999,Gal(?1-?)HexNAc(?1-?)Gal(b1-3)[Gal(b1-?)GlcNAc(b1-6)]GalNAc,0.00015652773436158895,2,-2.2029486649109913,H-,candycrunch
1098.613525390625,-1,20.875,Gal(b1-4)GlcNAc(b1-3)Gal(b1-3)[Gal(b1-4)GlcNAc(b1-6)]GalNAc,0.0040010795928537846,9,-2.2085638992859913,H-,candycrunch
1098.66064453125,-1,27.479543333333336,Gal(b1-4)GlcNAc(b1-3)Gal(b1-3)[Gal(b1-4)GlcNAc(b1-6)]GalNAc,0.0018182764761149883,17,-2.2556830399109913,H-,candycrunch
1100.599609375,-2,27.186905,HexNAc(?1-?)HexA(?1-?)Hex(?1-?)HexNAc(?1-?)HexA(?1-?)Hex(?1-?)HexNAc(?1-?)HexA(?1-?)Hex(?1-?)HexNAc(?1-?)HexA(?1-?)GalNAc,2.3716577288723784e-06,1,2.242781610358861,H-,candycrunch
1100.62109375,-2,19.86309,HexNAc(?1-?)HexA(?1-?)Hex(?1-?)HexNAc(?1-?)HexA(?1-?)Hex(?1-?)HexNAc(?1-?)HexA(?1-?)Hex(?1-?)HexNAc(?1-?)HexA(?1-?)GalNAc,2.964787313430861e-07,2,2.221297235358861,H-,candycrunch
1100.6212158203125,-2,20.975495000000002,HexNAc(?1-?)HexA(?1-?)Hex(?1-?)HexNAc(?1-?)HexA(?1-?)Hex(?1-?)HexNAc(?1-?)HexA(?1-?)Hex(?1-?)HexNAc(?1-?)HexA(?1-?)GalNAc,2.71558320719123e-07,1,2.221175165046361,H-,candycrunch
1101.5914306640625,-2,29.629453333333334,HexNAc(?1-?)HexA(?1-?)Hex(?1-?)HexNAc(?1-?)HexA(?1-?)Hex(?1-?)HexNAc(?1-?)HexA(?1-?)Hex(?1-?)HexNAc(?1-?)HexA(?1-?)GalNAc,2.3396083292936964e-07,3,1.2509603212963611,H-,candycrunch
1101.6129150390625,-2,27.413378333333334,HexNAc(?1-?)HexA(?1-?)Hex(?1-?)HexNAc(?1-?)HexA(?1-?)Hex(?1-?)HexNAc(?1-?)HexA(?1-?)Hex(?1-?)HexNAc(?1-?)HexA(?1-?)GalNAc,2.850267755150071e-08,1,1.2294759462963611,H-,candycrunch
1111.6300048828125,-1,56.38761333333333,Fuc(a1-2)Gal(b1-?)[Fuc(a1-?)]GlcNAc6S(b1-6)[Neu5Ac(a2-3)Gal(b1-3)]GalNAc,0.0031601220835000277,1,-0.2253777643736612,H-,candycrunch
1111.6500244140625,-1,31.788705,Neu5Ac(a2-3)Gal(b1-?)[Fuc(a1-?)]GlcNAc6S(b1-6)[Fuc(a1-2)Gal(b1-3)]GalNAc,0.047815073281526566,2,-0.2453972956236612,H-,candycrunch
1112.5274658203125,-1,21.773696666666666,Neu5Ac(a2-3)Gal(b1-?)GlcNAc6S(b1-6)[Neu5Ac(a2-3)Gal(b1-3)]GalNAc,0.03365525230765343,1,-2.143239813273567,H-,candycrunch
1112.6104736328125,-1,38.97822,Neu5Ac(a2-3)Gal(b1-?)[Fuc(a1-?)]GlcNAc6S(b1-6)[Fuc(a1-2)Gal(b1-3)]GalNAc,0.178699791431427,1,-1.2058465143736612,H-,candycrunch
1113.6151123046875,-1,25.075115,Fuc(a1-2)Gal(b1-?)[Fuc(a1-?)]GlcNAc6S(b1-6)[Neu5Ac(a2-3)Gal(b1-3)]GalNAc,0.009274146519601345,4,-2.210485186248661,H-,candycrunch
1113.6334228515625,-1,22.495585000000002,Neu5Ac(a2-3)Gal(b1-?)[Fuc(a1-?)]GlcNAc6S(b1-6)[Fuc(a1-2)Gal(b1-3)]GalNAc,0.0072190770879387856,5,-2.228795733123661,H-,candycrunch
1114.5897216796875,-1,27.995723333333334,Neu5Ac(a2-3)Gal(b1-?)[Fuc(a1-?)]GlcNAc6S(b1-6)[Fuc(a1-2)Gal(b1-3)]GalNAc,0.02067336067557335,2,-3.185094561248661,H-,candycrunch
1117.0985,-1,29.947625,Fuc(a1-2)[GalNAc(a1-3)]Gal(b1-3)[GalNAc(b1-4)GlcNAc(b1-6)]GalNAc,0.001086344476789236,1,4.338095970338827,H-,candycrunch
1117.6268310546875,-1,29.864736666666666,Fuc(a1-2)[GalNAc(a1-3)]Gal(b1-3)[GalNAc(b1-4)GlcNAc(b1-6)]GalNAc,0.0001312796084675938,1,3.8097649156513853,H-,candycrunch
1120.5791015625,-1,27.501520000000003,Fuc(a1-2)[GalNAc(a1-3)]Gal(b1-3)[GalNAc(b1-4)GlcNAc(b1-6)]GalNAc,0.009982168674468994,2,0.8574944078388853,H-,candycrunch
1120.581787109375,-1,29.63655,Fuc(a1-2)[GalNAc(a1-3)]Gal(b1-3)[GalNAc(b1-4)GlcNAc(b1-6)]GalNAc,0.003151033306494355,1,0.8548088609638853,H-,candycrunch
1120.9599609375,-1,51.79022166666667,Fuc(a1-2)[GalNAc(a1-3)]Gal(b1-3)[GalNAc(b1-4)GlcNAc(b1-6)]GalNAc,0.004240029491484165,1,0.4766350328388853,H-,candycrunch
1121.5413818359375,-1,25.79513,Fuc(a1-?)[HexNAc(?1-?)]HexNAc(?1-?)Gal(b1-3)[GlcNAc(b1-6)]GalNAc,0.00026190010248683393,3,-0.10478586559861469,H-,candycrunch
1123.54150390625,-1,25.802258333333334,HexNAc(?1-?)GlcA(b1-?)Gal(?1-?)HexNAc(?1-?)GlcA(b1-?)GalNAc,4.1564664570614696e-05,2,0.8219866620888752,H-,candycrunch
1127.729736328125,-1,52.03649,Fuc(a1-2)Gal(b1-?)[Fuc(a1-?)]GlcNAc6S(b1-6)[Neu5Gc(a2-3)Gal(b1-3)]GalNAc,0.0001357311848551035,1,-0.3301945896860161,H-,candycrunch
1135.5181884765625,-1,44.210834999999996,Fuc(a1-?)GalNAc(a1-3)[Neu5Ac(a2-8)Neu5Ac(a2-6)]GalNAc,3.420914708840428e-06,1,-0.10232799052369046,H-,candycrunch
1139.6180419921875,-2,21.05529,Fuc(a1-2)[Gal(a1-3)]Gal(b1-?)GlcNAc(b1-3)Gal(b1-4)GlcNAc(b1-3)Gal(b1-4)GlcNAc(b1-6)[Fuc(a1-2)[Gal(a1-3)]Gal(b1-?)GlcNAc(b1-3)]GalNAc,1.500514343888426e-07,1,0.29731700942124917,H-,candycrunch
1139.634033203125,-2,23.68949333333333,Fuc(a1-2)[Gal(a1-3)]Gal(b1-?)GlcNAc(b1-3)Gal(b1-4)GlcNAc(b1-3)Gal(b1-4)GlcNAc(b1-6)[Fuc(a1-2)[Gal(a1-3)]Gal(b1-?)GlcNAc(b1-3)]GalNAc,1.0625890389803772e-08,3,0.28132579848374917,H-,candycrunch
1141.889892578125,-1,52.60433666666667,GlcNAc(?1-?)Gal(b1-4)GlcNAc(b1-6)[GlcNAc(?1-?)Gal(b1-3)]GalNAc,0.027366403490304947,1,-4.458381985285996,H-,candycrunch
1150.435791015625,-1,51.872121666666665,Neu5Ac(a2-3)[GalNAc(b1-4)]Gal(b1-3)[Neu5Ac(a2-6)]GalNAc,0.000407429994083941,1,0.9749840929139282,H-,candycrunch
1151.602783203125,-1,28.319963333333337,Neu5Ac(a2-3)Gal(b1-?)GlcNAc(b1-3)[Neu5Ac(a2-6)]GalNAc,0.006962864194065332,3,-0.19200809458607182,H-,candycrunch
1153.5709228515625,-1,31.945906666666666,Fuc(a1-2)Gal(b1-?)[Fuc(a1-?)]GlcNAc(b1-3)[Neu5Ac(a2-6)]GalNAc,0.002642541192471981,5,-1.139746631623666,H-,candycrunch
1153.580078125,-1,30.772325,Fuc(a1-2)Gal(b1-?)[Fuc(a1-?)]GlcNAc(b1-3)[Neu5Ac(a2-6)]GalNAc,0.003436452941969037,7,-1.148901905061166,H-,candycrunch
1153.5880126953125,-1,29.222818333333336,Fuc(a1-2)Gal(b1-?)[Fuc(a1-?)]GlcNAc(b1-3)[Neu5Ac(a2-6)]GalNAc,0.00032112252665683627,1,-1.156836475373666,H-,candycrunch
1153.627197265625,-1,28.298148333333334,Fuc(a1-2)Gal(b1-?)[Fuc(a1-?)]GlcNAc(b1-3)[Neu5Ac(a2-6)]GalNAc,0.008844488300383091,13,-1.196021045686166,H-,candycrunch
1153.62744140625,-1,22.737385,Fuc(a1-2)Gal(b1-?)[Fuc(a1-?)]GlcNAc(b1-3)[Neu5Ac(a2-6)]GalNAc,2.684894934645854e-05,1,-1.196265186311166,H-,candycrunch
1155.6260986328125,-1,24.023458333333334,Fuc(a1-2)Gal(b1-?)[Fuc(a1-?)]GlcNAc(b1-3)[Neu5Ac(a2-6)]GalNAc,0.0010624410351738334,1,-3.194922412873666,H-,candycrunch
1155.6383056640625,-1,22.706531666666667,Fuc(a1-2)Gal(b1-?)[Fuc(a1-?)]GlcNAc(b1-3)[Neu5Ac(a2-6)]GalNAc,0.00032867127447389066,11,-3.207129444123666,H-,candycrunch
1155.6475830078125,-1,25.134858333333334,Fuc(a1-2)Gal(b1-?)[Fuc(a1-?)]GlcNAc(b1-3)[Neu5Ac(a2-6)]GalNAc,0.0029137677047401667,7,-3.216406787873666,H-,candycrunch
1156.5882568359375,-1,28.32712833333333,Fuc(a1-2)Gal(b1-?)[Fuc(a1-?)]GlcNAc(b1-3)[Neu5Ac(a2-6)]GalNAc,0.01397670153528452,2,-4.157080615998666,H-,candycrunch
1157.6578369140625,-1,22.880354999999998,Fuc(a1-2)Gal(b1-?)[Fuc(a1-?)]GlcNAc(b1-3)[Neu5Ac(a2-6)]GalNAc,0.002146589569747448,3,-5.226660694123666,H-,candycrunch
1157.7491455078125,-1,52.59491,Fuc(a1-2)Gal(b1-?)[Fuc(a1-?)]GlcNAc(b1-3)[Neu5Ac(a2-6)]GalNAc,0.0005029890453442931,1,-5.317969287873666,H-,candycrunch
1158.6199951171875,-1,22.72158166666667,Fuc(a1-2)Gal(b1-?)[Fuc(a1-?)]GlcNAc(b1-3)[Neu5Ac(a2-6)]GalNAc,0.0018770823953673244,2,-6.188818897248666,H-,candycrunch
1162.3524169921875,-1,53.28765500000001,Neu5Ac(a2-3)Gal(b1-?)[Fuc(a1-?)]GlcNAc(b1-6)[Gal(b1-3)]GalNAc,0.1504286229610443,1,6.073673850251453,H-,candycrunch
1168.96044921875,-1,49.70229166666667,Fuc(a1-2)Gal(b1-?)[Fuc(a1-?)]GlcNAc(b1-6)[Fuc(a1-2)Gal(b1-3)]GalNAc,0.00639835000038147,1,0.48604273508885854,H-,candycrunch
1169.266357421875,-1,57.72148333333334,Fuc(a1-2)Gal(b1-?)GlcNAc6S(b1-3)[Fuc(a1-2)Gal(b1-?)[Fuc(a1-?)]GlcNAc(b1-6)]GalNAc,0.006231804843991995,1,0.18013453196385854,H-,candycrunch
1175.5614013671875,-2,28.245396666666668,Neu5Ac(a2-?)GlcNAc(b1-6)[Gal(?1-3)]Gal(b1-?)[Fuc(a1-?)]GlcNAc(b1-6)[Neu5Ac(a2-?)Gal(?1-3)]Gal(b1-?)GlcNAc(b1-6)[Gal(b1-3)]GalNAc,5.276938827591948e-05,1,-0.14567824572873178,H-,candycrunch
1178.552734375,-2,18.92223,Neu5Ac(a2-?)HexNAc(?1-?)Gal(b1-?)[Fuc(a1-?)]GlcNAc(b1-6)[Neu5Ac(a2-?)HexNAc(?1-?)Gal(?1-3)]GalNAc(a1-3)[Neu5Ac(a2-6)]GalNAc,2.2535361949849175e-06,2,0.8711481190086943,H-,candycrunch
1178.5643310546875,-2,23.844545,Neu5Ac(a2-?)HexNAc(?1-?)Gal(b1-?)[Fuc(a1-?)]GlcNAc(b1-6)[Neu5Ac(a2-?)HexNAc(?1-?)Gal(?1-3)]GalNAc(a1-3)[Neu5Ac(a2-6)]GalNAc,1.7022827023538412e-06,3,0.8595514393211943,H-,candycrunch
1178.5682373046875,-2,17.795381666666668,Neu5Ac(a2-?)HexNAc(?1-?)Gal(b1-?)[Fuc(a1-?)]GlcNAc(b1-6)[Neu5Ac(a2-?)HexNAc(?1-?)Gal(?1-3)]GalNAc(a1-3)[Neu5Ac(a2-6)]GalNAc,4.831035766983405e-07,3,0.8556451893211943,H-,candycrunch
1178.5716552734375,-2,22.481616666666667,Neu5Ac(a2-?)HexNAc(?1-?)Gal(b1-?)[Fuc(a1-?)]GlcNAc(b1-6)[Neu5Ac(a2-?)HexNAc(?1-?)Gal(?1-3)]GalNAc(a1-3)[Neu5Ac(a2-6)]GalNAc,9.478858373768162e-07,2,0.8522272205711943,H-,candycrunch
1179.104248046875,-2,53.048235,Neu5Ac(a2-?)HexNAc(?1-?)Gal(b1-?)[Fuc(a1-?)]GlcNAc(b1-6)[Neu5Ac(a2-?)HexNAc(?1-?)Gal(?1-3)]GalNAc(a1-3)[Neu5Ac(a2-6)]GalNAc,7.279202804966189e-07,1,0.31963444713369427,H-,candycrunch
1180.5687255859375,-2,23.858443333333334,Fuc(a1-2)[GalNAc(a1-3)]Gal(b1-4)GlcNAc(b1-3)[Fuc(a1-2)[GalNAc(a1-3)]Gal(b1-4)GlcNAc(b1-6)]Gal(b1-3)[GlcNAc(a1-4)Gal(b1-4)GlcNAc(b1-6)]GalNAc,5.684112238668604e-07,1,0.3731825171712444,H-,candycrunch
1180.57080078125,-2,17.809595,Fuc(a1-2)[GalNAc(a1-3)]Gal(b1-4)GlcNAc(b1-3)[Fuc(a1-2)[GalNAc(a1-3)]Gal(b1-4)GlcNAc(b1-6)]Gal(b1-3)[GlcNAc(a1-4)Gal(b1-4)GlcNAc(b1-6)]GalNAc,2.1040821707174473e-07,2,0.3711073218587444,H-,candycrunch
1181.7503662109375,-2,50.16299,Fuc(a1-2)[GalNAc(a1-3)]Gal(b1-4)GlcNAc(b1-3)[Fuc(a1-2)[GalNAc(a1-3)]Gal(b1-4)GlcNAc(b1-6)]Gal(b1-3)[GlcNAc(a1-4)Gal(b1-4)GlcNAc(b1-6)]GalNAc,8.131715730996802e-05,1,-0.8084581078287556,H-,candycrunch
1182.2457275390625,-1,52.695698333333326,Neu5Gc(a2-3)[GalNAc(b1-4)]Gal(b1-3)[Neu5Gc(a2-6)]GalNAc,8.357579162066031e-08,1,1.154876809476491,H-,candycrunch
1182.462646484375,-1,51.61562166666667,Neu5Gc(a2-3)[GalNAc(b1-4)]Gal(b1-3)[Neu5Gc(a2-6)]GalNAc,2.7129522095492575e-07,1,0.937957864163991,H-,candycrunch
1186.622802734375,-1,23.682275,Fuc(a1-2)[Gal(a1-3)]Gal(b1-4)GlcNAc(b1-6)[Fuc(a1-2)Gal(b1-3)]GalNAc,0.001046667224727571,3,-1.1813961580360228,H-,candycrunch
1186.6280517578125,-1,25.972945000000003,Fuc(a1-2)[Gal(a1-3)]Gal(b1-4)GlcNAc(b1-6)[Fuc(a1-2)Gal(b1-3)]GalNAc,0.003582952544093132,3,-1.1866451814735228,H-,candycrunch
1188.417236328125,-1,52.288855,Fuc(a1-2)[Gal(a1-3)]Gal(b1-?)GlcNAc(b1-6)[Fuc(a1-2)Gal(b1-3)]GalNAc,0.14051324129104614,1,-2.975829751786023,H-,candycrunch
1196.400634765625,-1,51.96098333333333,Neu5Gc(a2-3)Gal(b1-4)GlcNAc(b1-6)[Gal(a1-3)Gal(b1-3)]GalNAc,0.0055549838580191135,1,4.015285319313989,H-,candycrunch
1199.4739990234375,-1,60.694375,Gal(a1-3)Gal(b1-4)GlcNAc(b1-6)[Neu5Gc(a2-3)Gal(b1-3)]GalNAc,0.0006396621465682983,1,0.941921061501489,H-,candycrunch
1203.6397705078125,-2,32.86501833333333,Neu5Ac(a2-3)Gal(b1-?)GlcNAc(b1-3)Gal(b1-?)GlcNAc(b1-3)Gal(b1-3)[Neu5Ac(a2-3)Gal(b1-?)GlcNAc(b1-3)Gal(b1-?)GlcNAc(b1-6)]GalNAc,0.0020104232244193554,3,0.28668447564632515,H-,candycrunch
1203.6478271484375,-2,30.608351666666668,Neu5Ac(a2-3)Gal(b1-?)GlcNAc(b1-3)Gal(b1-?)GlcNAc(b1-3)Gal(b1-3)[Neu5Ac(a2-3)Gal(b1-?)GlcNAc(b1-3)Gal(b1-?)GlcNAc(b1-6)]GalNAc,0.0001546892017358914,2,0.27862783502132515,H-,candycrunch
1203.9537353515625,-2,52.532734999999995,Neu5Ac(a2-3)Gal(b1-?)GlcNAc(b1-3)Gal(b1-?)GlcNAc(b1-3)Gal(b1-3)[Neu5Ac(a2-3)Gal(b1-?)GlcNAc(b1-3)Gal(b1-?)GlcNAc(b1-6)]GalNAc,0.00018083777104038745,1,-0.027280368103674846,H-,candycrunch
1205.0030517578125,-2,60.510668333333335,Neu5Ac(a2-3)Gal(b1-?)GlcNAc(b1-3)Gal(b1-?)GlcNAc(b1-3)Gal(b1-3)[Neu5Ac(a2-3)Gal(b1-?)GlcNAc(b1-3)Gal(b1-?)GlcNAc(b1-6)]GalNAc,0.0007210563053376973,1,-1.0765967743536748,H-,candycrunch
1212.2349853515625,-1,43.34480833333333,Fuc(a1-2)Gal(b1-?)[Fuc(a1-?)]GlcNAc(b1-3)Gal6S(b1-3)[Fuc(a1-?)[Gal6S(b1-?)]GlcNAc(b1-6)]GalNAc,5.8780988183571026e-06,1,-1.7619442962234189,H-,candycrunch
1213.381591796875,-1,52.61826166666667,Fuc(a1-2)Gal(b1-?)[Fuc(a1-?)]GlcNAc(b1-3)Gal6S(b1-3)[Fuc(a1-?)[Gal6S(b1-?)]GlcNAc(b1-6)]GalNAc,5.580488868872635e-05,1,-2.908550741535919,H-,candycrunch
1213.9393310546875,-1,52.434583333333336,Fuc(a1-2)Gal(b1-?)[Fuc(a1-?)]GlcNAc(b1-3)Gal6S(b1-3)[Fuc(a1-?)[Gal6S(b1-?)]GlcNAc(b1-6)]GalNAc,2.214469759564963e-06,1,-3.466289999348419,H-,candycrunch
1216.69384765625,-1,36.72942666666667,Neu5Ac(a2-3)Gal(b1-?)[Fuc(a1-?)]GlcNAc(b1-3)[GlcNAc(b1-6)]GalNAc,0.08113132417201996,2,-7.241207712311052,H-,candycrunch
1216.7041015625,-1,42.07950833333333,Fuc(a1-2)Gal(b1-?)[Fuc(a1-?)]GlcNAc(b1-3)Gal6S(b1-3)[Fuc(a1-?)[Gal6S(b1-?)]GlcNAc(b1-6)]GalNAc,0.0004717152041848749,8,-6.231060507160919,H-,candycrunch
1218.6280517578125,-1,26.553601666666665,Neu5Ac(a2-3)[GalNAc(b1-4)]Gal(b1-4)GlcNAc(b1-6)[Gal(a1-3)]GalNAc,0.002708001993596554,1,6.819502808626339,H-,candycrunch
1218.6929931640625,-1,42.181286666666665,Neu5Ac(a2-3)[GalNAc(b1-4)]Gal(b1-4)GlcNAc(b1-6)[Gal(a1-3)]GalNAc,0.005668224301189184,2,6.754561402376339,H-,candycrunch
1219.607666015625,-1,18.5781,Neu5Ac(a2-3)[GalNAc(b1-4)]Gal(b1-4)GlcNAc(b1-6)[Gal(b1-3)]GalNAc,0.003251067828387022,2,5.839888550813839,H-,candycrunch
1219.77197265625,-1,53.347228333333334,Neu5Ac(a2-3)[GalNAc(b1-4)]Gal(b1-4)GlcNAc(b1-6)[Gal(b1-3)]GalNAc,0.0051219952292740345,1,5.675581910188839,H-,candycrunch
1221.4462890625,-1,52.36099333333333,GlcNAc(b1-3)Gal(b1-4)GlcNAc(b1-6)[Neu5Ac(a2-3)Gal(b1-3)]GalNAc,0.014060466550290585,1,4.001265503938839,H-,candycrunch
1229.5706787109375,-1,51.642675,Fuc(a1-?)GalNAc(?1-?)Gal(b1-3)[Fuc(a1-?)[Gal(b1-?)]GlcNAc(b1-6)]GalNAc,0.00031071348348632455,1,-3.1027230330985276,H-,candycrunch
1232.8074951171875,-1,60.217905,Fuc(a1-?)[Gal(b1-?)]GlcNAc(b1-3)Gal(b1-?)[Fuc(a1-?)]GlcNAc(b1-3)GalNAc,0.0002818887878675014,1,-6.339539439348528,H-,candycrunch
1240.68408203125,-1,30.632993333333335,Neu5Gc(a2-3)[GalNAc(b1-4)]Gal(b1-4)GlcNAc(b1-6)[Gal(a1-3)]GalNAc,0.00142211327329278,1,0.7583871551889843,H-,candycrunch
1241.00927734375,-1,53.04091833333334,Neu5Gc(a2-3)[GalNAc(b1-4)]Gal(b1-4)GlcNAc(b1-6)[Gal(a1-3)]GalNAc,0.007412992417812347,1,0.43319184268898425,H-,candycrunch
1243.647705078125,-1,21.433866666666667,Fuc(a1-2)Gal(b1-4)GlcNAc(b1-3)Gal(b1-4)GlcNAc(b1-3)Gal(b1-3)GalNAc,0.00045679096365347505,3,-1.184834777785909,H-,candycrunch
1243.65478515625,-1,24.007988333333333,Fuc(a1-2)Gal(b1-4)GlcNAc(b1-3)Gal(b1-4)GlcNAc(b1-3)Gal(b1-3)GalNAc,0.0006378674879670143,3,-1.191914855910909,H-,candycrunch
1244.6572265625,-1,20.258838333333333,Fuc(a1-2)Gal(b1-4)GlcNAc(b1-3)Gal(b1-4)GlcNAc(b1-3)Gal(b1-3)GalNAc,0.00023274515115190297,1,-2.194356262160909,H-,candycrunch
1244.6734619140625,-1,36.045561666666664,Fuc(a1-2)Gal(b1-4)GlcNAc(b1-3)Gal(b1-4)GlcNAc(b1-3)Gal(b1-3)GalNAc,0.0004326234629843384,2,-2.210591613723409,H-,candycrunch
1244.69384765625,-1,29.53272833333333,Fuc(a1-2)[Gal(a1-3)]Gal(b1-4)GlcNAc(b1-6)[GlcNAc(a1-4)Gal(b1-3)]GalNAc,0.0056125810369849205,5,-2.230977355910909,H-,candycrunch
1245.6514892578125,-1,21.447895000000003,Gal(b1-?)GlcNAc(b1-3)Gal(b1-4)GlcNAc(b1-6)[Fuc(a1-2)Gal(b1-3)]GalNAc,0.0005448670708574355,1,-3.188618957473409,H-,candycrunch
1246.215576171875,-1,53.36289166666666,Fuc(a1-?)[Gal(b1-?)]GlcNAc(b1-3)Gal(b1-3)[Gal(b1-3)GlcNAc(b1-6)]GalNAc,0.000321763422107324,1,-3.752705871535909,H-,candycrunch
1246.7125244140625,-1,29.4599,Gal(b1-?)GlcNAc(b1-3)Gal(b1-4)GlcNAc(b1-6)[Fuc(a1-2)Gal(b1-3)]GalNAc,0.0003691784804686904,1,-4.249654113723409,H-,candycrunch
1249.71923828125,-1,51.969875,Neu5Ac(a2-3)Gal(b1-3)[Neu5Gc(a2-8)Neu5Ac(a2-6)]GalNAc,3.0058474294492044e-05,1,5.7024954208889085,H-,candycrunch
1250.08154296875,-1,35.981525,Neu5Ac(a2-3)Gal(b1-3)[Neu5Gc(a2-8)Neu5Ac(a2-6)]GalNAc,8.612861165602226e-06,1,5.3401907333889085,H-,candycrunch
1254.30810546875,-1,52.94244166666666,Neu5Ac(a2-3)Gal(b1-3)[Neu5Gc(a2-8)Neu5Ac(a2-6)]GalNAc,5.821805189043516e-06,1,1.1136282333889085,H-,candycrunch
1259.7042236328125,-1,23.71092,Neu5Ac(a2-3)Gal(b1-4)[Fuc(a1-3)]GlcNAc6S(b1-6)[Neu5Ac(a2-3)Gal(b1-3)]GalNAc,0.03643715754151344,1,-3.262088816773712,H-,candycrunch
1260.664306640625,-1,34.131345,Gal(b1-?)GlcNAc(b1-3)Gal(b1-?)GlcNAc(b1-3)Gal(b1-?)GlcNAc6S(b1-6)[Gal(b1-3)]GalNAc,3.714538934218581e-06,2,-2.2065217177860177,H-,candycrunch
1260.6663818359375,-1,32.72797833333333,Gal(b1-?)GlcNAc(b1-3)Gal(b1-?)GlcNAc(b1-3)Gal(b1-?)GlcNAc6S(b1-6)[Gal(b1-3)]GalNAc,1.6802175650809659e-06,1,-2.2085969130985177,H-,candycrunch
1260.6749267578125,-1,29.850106666666665,Gal(b1-?)GlcNAc(b1-3)Gal(b1-?)GlcNAc(b1-3)Gal(b1-?)GlcNAc6S(b1-6)[Gal(b1-3)]GalNAc,2.222805733254063e-06,4,-2.2171418349735177,H-,candycrunch
1260.6763916015625,-1,31.449611666666662,Gal(b1-?)GlcNAc(b1-3)Gal(b1-?)GlcNAc(b1-3)Gal(b1-?)GlcNAc6S(b1-6)[Gal(b1-3)]GalNAc,1.896607136586681e-05,7,-2.2186066787235177,H-,candycrunch
1260.994140625,-1,60.34609666666667,Gal(b1-?)GlcNAc(b1-3)Gal(b1-?)GlcNAc(b1-3)Gal(b1-?)GlcNAc6S(b1-6)[Gal(b1-3)]GalNAc,4.415937655721791e-05,1,-2.5363557021610177,H-,candycrunch
1262.7034912109375,-1,31.472056666666663,HexNAc(?1-?)Gal(?1-3)[GlcNAc(b1-6)]GalNAc(a1-3)[Neu5Ac(a2-6)]GalNAc,3.642222873168066e-05,1,3.7706124570013344,H-,candycrunch
1262.7073974609375,-1,29.881375,HexNAc(?1-?)Gal(?1-3)[GlcNAc(b1-6)]GalNAc(a1-3)[Neu5Ac(a2-6)]GalNAc,1.3292935364006553e-05,1,3.7667062070013344,H-,candycrunch
1270.35595703125,-1,53.68019666666667,HexNAc(?1-?)GlcA(b1-?)Gal(?1-?)HexNAc(?1-?)GlcA(b1-?)[Fuc(a1-?)]GalNAc,1.1985966921201907e-05,1,0.06544234608895749,H-,candycrunch
1270.623779296875,-1,52.586059999999996,HexNAc(?1-?)GlcA(b1-?)Gal(?1-?)HexNAc(?1-?)GlcA(b1-?)[Fuc(a1-?)]GalNAc,2.734672989390674e-06,1,-0.2023799195360425,H-,candycrunch
1275.7900390625,-1,53.52767166666667,HexNAc(?1-?)GlcA(b1-?)Gal(?1-?)HexNAc(?1-?)GlcA(b1-?)[Fuc(a1-?)]GalNAc,2.520832458685618e-05,1,-5.3686396851610425,H-,candycrunch
1279.304443359375,-1,57.046344999999995,Fuc(a1-2)[GalNAc(a1-3)]Gal(b1-4)GlcNAc(b1-6)[GlcNAc(a1-4)Gal(b1-3)]GalNAc,6.246988050406799e-05,1,4.184976042463859,H-,candycrunch
1283.393798828125,-1,56.69000833333334,Fuc(a1-2)[GalNAc(a1-3)]Gal(b1-4)GlcNAc(b1-6)[GlcNAc(a1-4)Gal(b1-3)]GalNAc,0.0020400143694132566,1,0.0956205737138589,H-,candycrunch
1285.76806640625,-1,52.95196333333333,HexNAc(?1-?)HexA(?1-?)Hex(?1-?)HexNAc(?1-?)HexA(?1-4)Gal(b1-3)GalNAc,2.09134286706103e-05,1,0.6482475935888488,H-,candycrunch
1287.2598876953125,-1,52.882348333333326,HexNAc(?1-?)HexA(?1-?)Hex(?1-?)HexNAc(?1-?)HexA(?1-4)Gal(b1-3)GalNAc,0.0002030764298979193,1,-0.8435736954736512,H-,candycrunch
1290.629638671875,-2,58.47239666666667,Neu5Ac(a2-8)Neu5Ac(a2-3)[GalNAc(b1-4)]Gal(b1-?)GlcNAc(b1-?)[Neu5Ac(a2-3)[GalNAc(b1-4)]Gal(b1-?)GlcNAc(b1-?)]Gal(b1-3)[GlcNAc(b1-6)]GalNAc,0.0002881727705243975,1,-1.6686126001161483,H-,candycrunch
1301.713134765625,-1,28.048311666666663,Gal(b1-?)GlcNAc(b1-3)Gal(b1-?)GlcNAc(b1-6)[GlcNAc(b1-?)Gal(b1-3)]GalNAc,3.759589162655175e-05,6,-2.2288007412860225,H-,candycrunch
1301.71337890625,-1,24.896585,GlcNAc(a1-4)Gal(b1-?)GlcNAc(b1-3)Gal(b1-4)GlcNAc(b1-6)[Gal(b1-3)]GalNAc,1.4852656931907404e-05,3,-2.2290448819110225,H-,candycrunch
1301.741455078125,-1,23.20306833333333,Gal(b1-?)GlcNAc(b1-3)Gal(b1-?)GlcNAc(b1-6)[GlcNAc(b1-?)Gal(b1-3)]GalNAc,4.590890239342116e-05,11,-2.2571210537860225,H-,candycrunch
1303.12451171875,-1,53.10861,Gal(b1-?)GlcNAc(b1-3)Gal(b1-3)[GlcNAc(?1-?)Gal(b1-?)GlcNAc(b1-6)]GalNAc,0.0005669005331583321,1,-3.6401776944110225,H-,candycrunch
1303.7115478515625,-1,23.299285,GlcNAc(a1-4)Gal(b1-4)GlcNAc(b1-3)[GlcNAc(a1-4)Gal(b1-4)GlcNAc(b1-6)]Gal,0.00038439282798208296,1,-4.2272138272235225,H-,candycrunch
1304.7171630859375,-1,23.225505,Gal(b1-4)GlcNAc(b1-3)[GlcNAc(b1-6)]Gal(b1-3)[Gal(b1-4)GlcNAc(b1-6)]GalNAc,0.00015402620192617178,2,-5.2328290615985225,H-,candycrunch
1312.704833984375,-2,39.04374,Neu5Ac(a2-3)Gal(b1-4)[Fuc(a1-3)]GlcNAc(b1-3)[Neu5Ac(a2-3)Gal(b1-4)[Fuc(a1-3)]GlcNAc(b1-6)]Gal(b1-3)[Neu5Ac(a2-3)Gal(b1-4)GlcNAc(b1-6)]GalNAc,2.314107518941455e-07,4,0.2611400791338383,H-,candycrunch
1313.560302734375,-1,53.60918833333333,Neu5Ac(a2-3)Gal(b1-4)GlcNAc(b1-6)[Neu5Ac(a2-3)Gal(b1-3)]GalNAc,0.11196155101060867,1,-0.09670419433609823,H-,candycrunch
1313.61279296875,-1,30.282003333333332,Neu5Ac(a2-3)Gal(b1-4)GlcNAc(b1-6)[Neu5Ac(a2-3)Gal(b1-3)]GalNAc,0.056074369698762894,1,-0.14919442871109823,H-,candycrunch
1315.627685546875,-1,33.380876666666666,Fuc(a1-2)Gal(b1-?)[Fuc(a1-?)]GlcNAc(b1-3)[Fuc(a1-2)Gal(b1-?)[Fuc(a1-?)]GlcNAc6S(b1-6)]GalNAc,0.0002504248986952007,1,-0.12328478403605914,H-,candycrunch
1315.646240234375,-1,31.706223333333334,Fuc(a1-2)Gal(b1-?)[Fuc(a1-?)]GlcNAc(b1-3)[Fuc(a1-2)Gal(b1-?)[Fuc(a1-?)]GlcNAc6S(b1-6)]GalNAc,7.79743495513685e-05,4,-0.14183947153605914,H-,candycrunch
1315.6572265625,-1,32.880788333333335,Fuc(a1-2)Gal(b1-?)[Fuc(a1-?)]GlcNAc(b1-3)[Fuc(a1-2)Gal(b1-?)[Fuc(a1-?)]GlcNAc6S(b1-6)]GalNAc,0.00012912193778902292,17,-0.15282579966105914,H-,candycrunch
1315.667724609375,-1,30.259285,Fuc(a1-2)Gal(b1-?)[Fuc(a1-?)]GlcNAc(b1-3)[Fuc(a1-2)Gal(b1-?)[Fuc(a1-?)]GlcNAc6S(b1-6)]GalNAc,0.00011717226880136877,7,-0.16332384653605914,H-,candycrunch
1316.11962890625,-1,52.67335833333334,Fuc(a1-2)Gal(b1-?)[Fuc(a1-?)]GlcNAc(b1-3)[Fuc(a1-2)Gal(b1-?)[Fuc(a1-?)]GlcNAc6S(b1-6)]GalNAc,0.0001176808582386002,1,-0.6152281434110591,H-,candycrunch
1317.550537109375,-1,53.208396666666665,Fuc(a1-2)Gal(b1-?)[Fuc(a1-?)]GlcNAc(b1-3)[Fuc(a1-2)Gal(b1-?)[Fuc(a1-?)]GlcNAc6S(b1-6)]GalNAc,0.0001727831258904189,1,-2.046136346536059,H-,candycrunch
1317.6575927734375,-1,30.19223,Fuc(a1-2)Gal(b1-4)[Fuc(a1-3)]GlcNAc(b1-6)[Neu5Ac(a2-3)Gal(b1-3)]GalNAc,0.030661284923553467,2,-3.173593121998465,H-,candycrunch
1317.6903076171875,-1,32.88820833333333,Fuc(a1-2)Gal(b1-?)[Fuc(a1-?)]GlcNAc(b1-3)[Fuc(a1-2)Gal(b1-?)[Fuc(a1-?)]GlcNAc6S(b1-6)]GalNAc,3.887483035214245e-05,7,-2.185906854348559,H-,candycrunch
1317.71484375,-1,28.393896666666667,Fuc(a1-2)Gal(b1-?)[Fuc(a1-?)]GlcNAc(b1-3)[Fuc(a1-2)Gal(b1-?)[Fuc(a1-?)]GlcNAc6S(b1-6)]GalNAc,2.8615399060072377e-05,2,-2.210442987161059,H-,candycrunch
1317.7296142578125,-1,26.208793333333332,Fuc(a1-2)Gal(b1-4)[Fuc(a1-3)]GlcNAc(b1-6)[Neu5Ac(a2-3)Gal(b1-3)]GalNAc,0.01637457311153412,3,-3.245614606373465,H-,candycrunch
1318.705322265625,-1,30.289409999999997,Fuc(a1-2)Gal(b1-?)[Fuc(a1-?)]GlcNAc(b1-3)[Fuc(a1-2)Gal(b1-?)[Fuc(a1-?)]GlcNAc6S(b1-6)]GalNAc,0.00037712379707954824,1,-3.200921502786059,H-,candycrunch
1324.6553955078125,-1,26.127254999999998,Fuc(a1-?)[HexNAc(?1-?)]HexNAc(?1-?)Gal(b1-3)[GlcNAc(b1-6)]GalNAc(a1-3)GalNAc,3.071102128160419e-06,1,-0.13942700447364587,H-,candycrunch
1324.695068359375,-1,24.83691333333333,Fuc(a1-?)[HexNAc(?1-?)]HexNAc(?1-?)Gal(?1-3)[GlcNAc(b1-6)]GalNAc(a1-3)GalNAc,4.74863691124483e-06,1,-0.17909985603614587,H-,candycrunch
1326.68017578125,-1,42.72853166666666,Fuc(a1-?)HexNAc(?1-?)HexNAc(?1-?)Gal(b1-3)[GlcNAc(b1-6)]GalNAc(a1-3)GalNAc,3.6607583751901984e-05,2,-2.164207277911146,H-,candycrunch
1328.5797119140625,-1,53.371745,Neu5Gc(a2-3)Gal(b1-4)GlcNAc(b1-6)[Neu5Ac(a2-3)Gal(b1-3)]GalNAc,5.2344214054755867e-05,1,0.8788012459765469,H-,candycrunch
1328.693603515625,-1,52.108513333333335,Neu5Gc(a2-3)Gal(b1-4)GlcNAc(b1-6)[Neu5Ac(a2-3)Gal(b1-3)]GalNAc,0.0016033449210226536,1,0.7649096444140469,H-,candycrunch
1330.754150390625,-1,30.975925,Fuc(a1-2)Gal(b1-?)[Fuc(a1-?)]GlcNAc(b1-6)[Neu5Gc(a2-3)Gal(b1-3)]GalNAc,0.001005438738502562,1,-0.2752361191860473,H-,candycrunch
1331.710693359375,-1,22.327638333333333,Fuc(a1-2)[Gal(a1-3)]Gal(b1-4)[Fuc(a1-3)]GlcNAc(b1-6)[Fuc(a1-2)Gal(b1-3)]GalNAc,8.055091166170314e-05,2,-0.2113779740359405,H-,candycrunch
1347.0343017578125,-1,51.951685,Fuc(a1-2)[Gal(a1-3)]Gal(b1-4)GlcNAc(b1-6)[Fuc(a1-2)[Gal(a1-3)]Gal(b1-3)]GalNAc,4.795323548023589e-05,1,0.45992825002645077,H-,candycrunch
1348.0155029296875,-1,51.72430666666666,Fuc(a1-2)[Gal(a1-3)]Gal(b1-4)GlcNAc(b1-6)[Fuc(a1-2)[Gal(a1-3)]Gal(b1-3)]GalNAc,0.00030925715691410005,1,-0.5212729218485492,H-,candycrunch
1355.031982421875,-1,52.84579166666666,Neu5Ac(a2-3)[GalNAc(b1-4)]Gal(b1-?)GlcNAc(b1-3)[Neu5Ac(a2-6)]GalNAc,0.0008738731266930699,1,-0.541834780336103,H-,candycrunch
1358.74658203125,-1,25.81759333333333,Neu5Ac(a2-8)Neu5Ac(a2-?)Gal(?1-?)[HexNAc(?1-?)]GlcNAc(b1-3)GalNAc,0.00031066263909451663,2,-4.256434389711103,H-,candycrunch
1358.7509765625,-1,26.281945,Neu5Ac(a2-3)HexNAc(?1-?)Gal(?1-?)GalNAc(a1-3)[Neu5Ac(a2-6)]GalNAc,0.0005737519823014736,7,-4.260828920961103,H-,candycrunch
1360.75146484375,-1,26.31158,Neu5Ac(a2-8)Neu5Ac(a2-?)Gal(?1-?)[HexNAc(?1-?)]GlcNAc(b1-3)GalNAc,0.00025916227605193853,1,-6.261317202211103,H-,candycrunch
1362.3336181640625,-1,53.130644999999994,Neu5Ac(a2-3)[GalNAc(b1-4)]Gal(b1-?)GlcNAc(b1-3)[Neu5Ac(a2-6)]GalNAc,0.03111317567527294,2,-7.843470522523603,H-,candycrunch
1366.3875732421875,-1,52.87301333333333,Neu5Ac(a2-3)Gal(b1-?)[Fuc(a1-?)]GlcNAc(b1-3)Gal(b1-?)GlcNAc(b1-3)GalNAc,1.5175824955804273e-05,1,5.1178901332514215,H-,candycrunch
1368.902099609375,-1,60.28976,Neu5Ac(a2-3)Gal(b1-?)[Fuc(a1-?)]GlcNAc(b1-6)[Gal(b1-?)GlcNAc(b1-3)]GalNAc,0.040860265493392944,1,2.6033637660639215,H-,candycrunch
1372.4122314453125,-1,52.77429333333333,Fuc(a1-2)Gal(b1-?)GlcNAc(b1-3)[Fuc(a1-2)Gal(b1-?)[Fuc(a1-?)]GlcNAc(b1-6)]GalNAc,3.5936311178375036e-05,1,0.11363304152655473,H-,candycrunch
1381.696044921875,-2,26.216201666666667,Neu5Ac(a2-3)Gal(b1-?)[Fuc(a1-?)]GlcNAc(b1-3)[Neu5Ac(a2-3)Gal(b1-?)[Fuc(a1-?)]GlcNAc(b1-6)]Gal(b1-3)[Neu5Ac(a2-3)Gal(b1-?)[Fuc(a1-?)]GlcNAc(b1-6)]GalNAc,5.334376692189835e-05,1,4.298883546133766,H-,candycrunch
1381.7054443359375,-2,20.650158333333334,Neu5Ac(a2-3)Gal(b1-?)[Fuc(a1-?)]GlcNAc(b1-3)[Neu5Ac(a2-3)Gal(b1-?)[Fuc(a1-?)]GlcNAc(b1-6)]Gal(b1-3)[Neu5Ac(a2-3)Gal(b1-?)[Fuc(a1-?)]GlcNAc(b1-6)]GalNAc,4.5184137889009435e-06,2,4.289484132071266,H-,candycrunch
1383.478515625,-2,52.756785,Neu5Ac(a2-3)Gal(b1-?)[Fuc(a1-?)]GlcNAc(b1-3)[Neu5Ac(a2-3)Gal(b1-?)[Fuc(a1-?)]GlcNAc(b1-6)]Gal(b1-3)[Neu5Ac(a2-3)Gal(b1-?)[Fuc(a1-?)]GlcNAc(b1-6)]GalNAc,0.0007174297934398055,1,2.5164128430087658,H-,candycrunch
1389.739013671875,-1,19.544263333333333,Fuc(a1-2)[GalNAc(a1-3)]Gal(b1-?)GlcNAc(b1-6)[Fuc(a1-2)[Gal(a1-3)]Gal(b1-3)]GalNAc,0.00011535702651599422,1,-1.218234562536054,H-,candycrunch
1390.756591796875,-1,52.78310833333334,Fuc(a1-2)Gal(b1-?)GlcNAc(b1-3)Gal(b1-3)[Fuc(a1-2)Gal(b1-?)GlcNAc(b1-6)]GalNAc,0.0009116253932006657,2,-2.235812687536054,H-,candycrunch
1397.70751953125,-1,49.089585,Gal(b1-3)[Fuc(a1-4)]GlcNAc(b1-3)Gal(b1-4)[Fuc(a1-3)]GlcNAc(b1-3)Gal(b1-3)GalNAc,9.540976316202432e-05,1,-9.186740421911054,H-,candycrunch
1399.10888671875,-1,58.32333166666667,Gal(b1-3)[Fuc(a1-4)]GlcNAc(b1-3)Gal(b1-4)[Fuc(a1-3)]GlcNAc(b1-3)Gal(b1-3)GalNAc,0.0013205683790147305,1,-10.588107609411054,H-,candycrunch
1404.234619140625,-1,49.85182833333333,Fuc(a1-?)HexNAc(?1-?)Gal(?1-3)[GlcNAc(b1-6)]GalNAc(a1-3)[Neu5Ac(a2-6)]GalNAc,0.023673275485634804,1,8.297393336313917,H-,candycrunch
1405.0799560546875,-1,51.56312833333333,Fuc(a1-?)HexNAc(?1-?)Gal(?1-3)[GlcNAc(b1-6)]GalNAc(a1-3)[Neu5Ac(a2-6)]GalNAc,0.0001746586785884574,1,7.452056422251417,H-,candycrunch
1406.7447509765625,-1,36.40509333333333,Fuc(a1-?)HexNAc(?1-?)Gal(?1-3)[GlcNAc(b1-6)]GalNAc(a1-3)[Neu5Ac(a2-6)]GalNAc,0.002252263482660055,1,5.787261500376417,H-,candycrunch
1406.7503662109375,-1,34.613995,Fuc(a1-?)HexNAc(?1-?)Gal(?1-?)[HexNAc(?1-?)]GalNAc(a1-3)[Neu5Ac(a2-6)]GalNAc,0.0030605001375079155,9,5.781646266001417,H-,candycrunch
1406.755615234375,-1,32.712718333333335,Fuc(a1-?)HexNAc(?1-?)Gal(?1-?)[HexNAc(?1-?)]GalNAc(a1-3)[Neu5Ac(a2-6)]GalNAc,0.0013345414772629738,2,5.776397242563917,H-,candycrunch
1408.77392578125,-1,34.621875,Fuc(a1-?)HexNAc(?1-?)Gal(?1-?)[HexNAc(?1-?)]GalNAc(a1-3)[Neu5Ac(a2-6)]GalNAc,0.000485631957417354,2,3.7580866956889167,H-,candycrunch
1408.9429931640625,-1,50.716388333333335,Fuc(a1-?)HexNAc(?1-?)Gal(?1-3)[GlcNAc(b1-6)]GalNAc(a1-3)[Neu5Ac(a2-6)]GalNAc,0.0031669617164880037,1,3.5890193128764167,H-,candycrunch
1421.9326171875,-1,48.93262,Gal(a1-3)Gal(b1-4)GlcNAc(b1-3)Gal(b1-3)[Gal(a1-3)Gal(b1-4)GlcNAc(b1-6)]GalNAc,0.00013424723874777555,1,-1.422008833161044,H-,candycrunch
1432.64501953125,-1,52.79192,Fuc(a1-2)[GalNAc(a1-3)]Gal(b1-4)GlcNAc(b1-6)[Fuc(a1-2)[GalNAc(a1-3)]Gal(b1-3)]GalNAc,0.7622921466827393,1,-3.0976913204110588,H-,candycrunch
1434.3702392578125,-1,51.79914333333333,Fuc(a1-2)[GalNAc(a1-3)]Gal(b1-4)GlcNAc(b1-6)[Fuc(a1-2)[GalNAc(a1-3)]Gal(b1-3)]GalNAc,0.10037295520305634,1,-4.822911046973559,H-,candycrunch
1447.79638671875,-1,24.976948333333333,Fuc(a1-?)[Gal(b1-?)]GlcNAc(b1-3)Gal(b1-3)[HexNAc(?1-4)Gal(b1-4)GlcNAc(b1-6)]GalNAc,3.2729624308558414e-06,3,-2.25414388541094,H-,candycrunch
1447.80615234375,-1,26.465995,Fuc(a1-?)[Gal(b1-?)]GlcNAc(b1-3)Gal(b1-3)[HexNAc(?1-4)Gal(b1-4)GlcNAc(b1-6)]GalNAc,4.108921530132648e-06,1,-2.26390951041094,H-,candycrunch
1449.808349609375,-1,24.992455,Fuc(a1-2)Gal(b1-4)GlcNAc(b1-3)Gal(b1-4)GlcNAc(b1-6)[HexNAc(?1-4)Gal(b1-3)]GalNAc,0.0001839131145970896,2,-4.26610677603594,H-,candycrunch
1450.17724609375,-1,52.76555333333333,Fuc(a1-2)Gal(b1-4)GlcNAc(b1-3)Gal(b1-4)GlcNAc(b1-6)[HexNAc(?1-4)Gal(b1-3)]GalNAc,7.664553413633257e-05,1,-4.63500326041094,H-,candycrunch
1457.7430419921875,-1,52.195105,Gal(b1-?)[Neu5Ac(a2-?)]GlcNAc(b1-3)[Neu5Gc(a2-8)Neu5Ac(a2-6)]GalNAc,7.72887324274052e-06,2,0.7580642429513773,H-,candycrunch
1463.80029296875,-1,33.951584999999994,HexNAcOS(?1-?)HexA(?1-?)Hex(?1-?)HexNAc(?1-?)HexA(?1-?)Hex(?1-?)HexNAc(?1-4)HexA(?1-?)GalNAc,7.54137943204114e-07,1,-1.3518909989111307,H-,candycrunch
1463.8135986328125,-1,30.788821666666667,HexNAcOS(?1-?)HexA(?1-?)Hex(?1-?)HexNAc(?1-?)HexA(?1-?)Hex(?1-?)HexNAc(?1-4)HexA(?1-?)GalNAc,8.538313522876706e-07,7,-1.3651966629736307,H-,candycrunch
1473.7818603515625,-1,53.599955,Gal(b1-?)[Neu5Gc(a2-?)]GlcNAc(b1-3)[Neu5Gc(a2-8)Neu5Ac(a2-6)]GalNAc,6.039644517841225e-07,1,0.7141605035765224,H-,candycrunch
1477.74267578125,-1,34.84944166666667,Fuc(a1-3)[Gal(b1-4)]GlcNAc6S(b1-3)Gal(b1-3)[Neu5Ac(a2-3)Gal(b1-4)[Fuc(a1-3)]GlcNAc(b1-6)]GalNAc,0.0007835747674107552,13,-1.2058526983109914,H-,candycrunch
1477.7462158203125,-1,31.93790333333333,Fuc(a1-3)[Gal(b1-4)]GlcNAc6S(b1-3)Gal(b1-3)[Neu5Ac(a2-3)Gal(b1-4)[Fuc(a1-3)]GlcNAc(b1-6)]GalNAc,0.0007305043400265276,7,-1.2093927373734914,H-,candycrunch
1479.763427734375,-1,34.87964166666667,Fuc(a1-3)[Gal(b1-4)]GlcNAc6S(b1-3)Gal(b1-3)[Neu5Ac(a2-3)Gal(b1-4)[Fuc(a1-3)]GlcNAc(b1-6)]GalNAc,0.0003209547430742532,1,-3.2266046514359914,H-,candycrunch
1479.78466796875,-1,31.961201666666668,Neu5Ac(a2-3)Gal(b1-?)[Fuc(a1-?)]GlcNAc6S(b1-3)Gal(b1-?)[Fuc(a1-?)]GlcNAc(b1-6)[Gal(b1-3)]GalNAc,8.877877553459257e-05,1,-3.2478448858109914,H-,candycrunch
1479.8128662109375,-1,30.206106666666667,Neu5Ac(a2-3)Gal(b1-?)[Fuc(a1-?)]GlcNAc6S(b1-3)Gal(b1-?)[Fuc(a1-?)]GlcNAc(b1-6)[Gal(b1-3)]GalNAc,0.0005120746791362762,2,-3.2760431279984914,H-,candycrunch
1486.7196044921875,-1,25.395711666666667,Fuc(a1-?)HexNAc(?1-?)Gal(?1-?)HexNAc(?1-?)Gal(?1-3)[GlcNAc(b1-6)]GalNAc(a1-3)GalNAc,0.000260132277617231,1,-0.15081255734867227,H-,candycrunch
1486.719970703125,-1,31.71375833333333,Fuc(a1-?)HexNAc(?1-?)Gal(?1-?)HexNAc(?1-?)Gal(?1-3)[GlcNAc(b1-6)]GalNAc(a1-3)GalNAc,0.0002554684760980308,1,-0.15117876828617227,H-,candycrunch
1491.0147705078125,-1,56.51801666666666,Gal(b1-?)[Neu5Gc(a2-?)]GlcNAc(b1-3)[Neu5Gc(a2-8)Neu5Gc(a2-6)]GalNAc,9.16067510843277e-05,1,-0.5238350326735599,H-,candycrunch
1502.760986328125,-1,22.90193166666667,GalNAc(b1-4)Gal(b1-4)GlcNAc(b1-3)Gal(b1-3)[GalNAc(b1-4)Gal(b1-4)GlcNAc(b1-6)]GalNAc,0.0004026457609143108,1,-0.19727977078605363,H-,candycrunch
1520.84912109375,-1,27.57521,Fuc(a1-2)Gal(b1-?)[Fuc(a1-?)]GlcNAc(b1-3)[Fuc(a1-2)Gal(b1-?)[Fuc(a1-?)]GlcNAc(b1-6)]GalNAc,0.014017418958246708,2,-2.2653477979110903,H-,candycrunch
1520.8665771484375,-1,32.804073333333335,Fuc(a1-2)Gal(b1-?)[Fuc(a1-?)]GlcNAc(b1-3)[Fuc(a1-2)Gal(b1-?)[Fuc(a1-?)]GlcNAc(b1-6)]GalNAc,0.002000831300392747,2,-2.2828038525985903,H-,candycrunch
1525.8128662109375,-1,53.02525833333334,Fuc(a1-2)Gal(b1-3)[Fuc(a1-4)]GlcNAc(b1-3)[Neu5Gc(a2-3)Gal(b1-3)[GlcNAcOS(b1-4)]GlcNAc(b1-6)]GalNAc,0.5972803831100464,1,7.7454205935014215,H-,candycrunch
1609.9141845703125,-1,35.10883333333333,HexNAcOS(?1-?)HexA(?1-?)Hex(?1-?)HexNAc(?1-?)HexA(?1-?)Hex(?1-?)HexNAc(?1-?)HexA(?1-?)[Fuc(a1-?)]GalNAc,2.9236371119623072e-06,3,-1.4078737914735484,H-,candycrunch
1639.8380126953125,-1,36.23764666666667,Neu5Ac(a2-?)GlcNAc(b1-6)[Gal(?1-3)]GalNAc(a1-3)[Neu5Ac(a2-8)Neu5Ac(a2-6)]GalNAc,0.00013788910291623324,2,5.747551452826428,H-,candycrunch
1689.877685546875,-1,32.364195,Neu5Gc(a2-3)Gal(b1-3)[GalNAc(b1-4)GlcNAcOS(b1-4)]Gal(b1-3)[Fuc(a1-2)Gal(b1-?)[Fuc(a1-?)]GlcNAc(b1-6)]GalNAc,0.872245192527771,2,5.733424689063895,H-,candycrunch
1689.897216796875,-1,30.538723333333333,Neu5Gc(a2-3)Gal(b1-3)[GalNAc(b1-4)GlcNAcOS(b1-4)]Gal(b1-3)[Fuc(a1-2)Gal(b1-?)[Fuc(a1-?)]GlcNAc(b1-6)]GalNAc,0.7744534015655518,1,5.713893439063895,H-,candycrunch
1918.1834716796875,-1,38.744885,Fuc(a1-2)[Gal(a1-3)]Gal(b1-?)GlcNAc(b1-3)Gal(b1-4)GlcNAc(b1-6)[Fuc(a1-2)[Gal(a1-3)]Gal(b1-?)GlcNAc(b1-3)]GalNAc,8.063828005333562e-08,1,-2.477673174348638,H-,candycrunch
