m/z,charge,RT,top1_pred,confidence,num_spectra,candidate_mass_error,candidate_adduct,model_mode
380.9490661621094,-4,2.7461933333333333,Neu5Ac(a2-3)Gal(b1-4)[Fuc(a1-3)]GlcNAc(b1-2)Man(a1-6)Man(b1-4)GlcNAc(b1-4)GlcNAc,4.4163834900246e-06,2,1.6850481896595966,H-,candycrunch
381.21356201171875,-4,43.95269666666667,Neu5Ac(a2-3)Gal(b1-4)[Fuc(a1-3)]GlcNAc(b1-2)Man(a1-3)Man(b1-4)GlcNAc(b1-4)GlcNAc,1.2301895822020015e-06,3,1.4205523400502216,H-,candycrunch
381.2701416015625,-4,36.96987333333333,Neu5Ac(a2-3)Gal(b1-4)[Fuc(a1-3)]GlcNAc(b1-2)Man(a1-6)Man(b1-4)GlcNAc(b1-4)GlcNAc,4.960024284628162e-07,2,1.3639727502064716,H-,candycrunch
382.6584167480469,-4,45.93586166666666,Neu5Ac(a2-3)Gal(b1-4)[Fuc(a1-3)]GlcNAc(b1-2)Man(a1-6)Man(b1-4)GlcNAc(b1-4)GlcNAc,2.007004241022514e-06,1,-0.024302396277903426,H-,candycrunch
383.3208312988281,-4,42.23702,Neu5Ac(a2-3)Gal(b1-4)[Fuc(a1-3)]GlcNAc(b1-2)Man(a1-3)Man(b1-4)GlcNAc(b1-4)GlcNAc,4.463690856937319e-07,1,-0.6867169470591534,H-,candycrunch
383.42822265625,-4,27.987556666666666,Man(a1-2)Man(a1-2)Man(a1-3)[Man(a1-3)[Man(a1-6)]Man(a1-6)]Man(b1-4)GlcNAc(b1-4)GlcNAc,0.006229144986718893,3,1.2005406648689814,H-,candycrunch
383.450439453125,-4,41.0992,Neu5Ac(a2-3)Gal(b1-4)[Fuc(a1-3)]GlcNAc(b1-2)Man(a1-3)Man(b1-4)GlcNAc(b1-4)GlcNAc,1.4294482753030024e-06,1,-0.8163251013560284,H-,candycrunch
384.2286376953125,-4,9.800998333333334,Man(a1-2)Man(a1-6)[Man(a1-3)]Man(a1-6)[Man(a1-2)Man(a1-3)]Man(b1-4)GlcNAc(b1-4)GlcNAc,0.05063311755657196,26,0.40012562580648137,H-,candycrunch
384.2314453125,-4,10.913185,Man(a1-2)Man(a1-2)Man(a1-3)[Man(a1-3)[Man(a1-6)]Man(a1-6)]Man(b1-4)GlcNAc(b1-4)GlcNAc,0.003955367021262646,9,0.39731800861898137,H-,candycrunch
384.2350158691406,-4,39.115701666666666,Man(a1-2)Man(a1-6)[Man(a1-3)]Man(a1-6)[Man(a1-2)Man(a1-3)]Man(b1-4)GlcNAc(b1-4)GlcNAc,0.045914869755506516,1,0.39374745197835637,H-,candycrunch
385.25177001953125,-4,37.85345833333333,Man(a1-2)Man(a1-6)[Man(a1-3)]Man(a1-6)[Man(a1-2)Man(a1-3)]Man(b1-4)GlcNAc(b1-4)GlcNAc,0.1521233171224594,2,-0.6230066984122686,H-,candycrunch
385.2961730957031,-4,27.139591666666668,Man(a1-2)Man(a1-6)[Man(a1-3)]Man(a1-6)[Man(a1-2)Man(a1-3)]Man(b1-4)GlcNAc(b1-4)GlcNAc,0.0011006741551682353,1,-0.6674097745841436,H-,candycrunch
385.36846923828125,-4,43.651225,Man(a1-2)Man(a1-2)Man(a1-3)[Man(a1-3)[Man(a1-6)]Man(a1-6)]Man(b1-4)GlcNAc(b1-4)GlcNAc,0.07669030874967575,1,-0.7397059171622686,H-,candycrunch
385.4076843261719,-4,40.845346666666664,Man(a1-2)Man(a1-6)[Man(a1-3)]Man(a1-6)[Man(a1-2)Man(a1-3)]Man(b1-4)GlcNAc(b1-4)GlcNAc,0.00792816560715437,1,-0.7789210050528936,H-,candycrunch
385.4325866699219,-4,39.34303833333334,Man(a1-2)Man(a1-6)[Man(a1-3)]Man(a1-6)[Man(a1-2)Man(a1-3)]Man(b1-4)GlcNAc(b1-4)GlcNAc,0.07894862443208694,1,-0.8038233488028936,H-,candycrunch
385.4544372558594,-4,45.05744166666667,Man(a1-2)Man(a1-6)[Man(a1-3)]Man(a1-6)[Man(a1-2)Man(a1-3)]Man(b1-4)GlcNAc(b1-4)GlcNAc,0.013053981587290764,2,-0.8256739347403936,H-,candycrunch
386.6289978027344,-4,42.958665,Neu5Ac(a2-?)Gal(b1-4)GlcNAc(b1-2)Man(a1-3)[Man(a1-6)]Man(b1-4)GlcNAc(b1-4)GlcNAc,0.04174833744764328,2,0.0038452046596262335,H-,candycrunch
387.19091796875,-4,41.456446666666665,Neu5Ac(a2-6)Gal(b1-4)GlcNAc(b1-2)Man(a1-3)[Man(a1-6)]Man(b1-4)GlcNAc(b1-4)GlcNAc,4.746854301629355e-06,14,-0.5580749613559988,H-,candycrunch
387.4098815917969,-4,39.13956833333334,Neu5Ac(a2-6)Gal(b1-4)GlcNAc(b1-2)Man(a1-3)[Man(a1-6)]Man(b1-4)GlcNAc(b1-4)GlcNAc,0.0011415112530812621,1,-0.7770385844028738,H-,candycrunch
387.46990966796875,-4,42.945335,Neu5Ac(a2-6)Gal(b1-4)GlcNAc(b1-2)Man(a1-?)[Man(a1-?)]Man(b1-4)GlcNAc(b1-4)GlcNAc,0.00024109179503284395,2,-0.8370666605747488,H-,candycrunch
391.2705993652344,-4,45.26277,Fuc(a1-3)[GalNAcOS(b1-4)]GlcNAc(b1-2)Man(a1-3)[Man(a1-3)[Man(a1-6)]Man(a1-6)]Man(b1-4)GlcNAc(b1-4)GlcNAc,0.0002203043841291219,41,-0.38392742436536764,H-,candycrunch
391.3217468261719,-4,43.920334999999994,Fuc(a1-3)[GalNAcOS(b1-4)]GlcNAc(b1-2)Man(a1-3)[Man(a1-3)[Man(a1-6)]Man(a1-6)]Man(b1-4)GlcNAc(b1-4)GlcNAc,8.895104110706598e-05,5,-0.43507488530286764,H-,candycrunch
391.3851318359375,-4,34.78430833333333,Fuc(a1-3)[GalNAcOS(b1-4)]GlcNAc(b1-2)Man(a1-3)[Man(a1-3)[Man(a1-6)]Man(a1-6)]Man(b1-4)GlcNAc(b1-4)GlcNAc,0.0009382635471411049,2,-0.49845989506849264,H-,candycrunch
391.4427795410156,-4,42.11403333333333,Fuc(a1-3)[Gal(b1-4)]GlcNAc(b1-2)Man(a1-3)[Man(a1-?)Man(a1-6)]Man(b1-4)GlcNAc(b1-4)GlcNAc,0.00033924117451533675,17,-0.5561076001466176,H-,candycrunch
391.4745788574219,-4,43.869126666666666,Fuc(a1-3)[Gal(b1-4)]GlcNAc(b1-2)Man(a1-3)[Man(a1-?)Man(a1-6)]Man(b1-4)GlcNAc(b1-4)GlcNAc,0.00012397821410559118,44,-0.5879069165528676,H-,candycrunch
391.4950866699219,-4,36.911190000000005,Fuc(a1-3)[Gal(b1-4)]GlcNAc(b1-2)Man(a1-3)[Man(a1-?)Man(a1-6)]Man(b1-4)GlcNAc(b1-4)GlcNAc,0.00011841473315143958,1,-0.6084147290528676,H-,candycrunch
392.4770202636719,-4,43.637746666666665,Gal(b1-4)GlcNAc(b1-2)Man(a1-3)[Man(a1-3)[Man(a1-6)]Man(a1-6)]Man(b1-4)GlcNAc(b1-4)GlcNAc,0.008704133331775665,1,2.408380332822162,H-,candycrunch
392.54681396484375,-4,33.39913833333333,Fuc(a1-3)[Gal(b1-4)]GlcNAc(b1-2)Man(a1-3)[Man(a1-?)Man(a1-6)]Man(b1-4)GlcNAc(b1-4)GlcNAc,0.0002661349717527628,1,-1.6601420239747426,H-,candycrunch
393.040771484375,-4,2.6444349999999996,Gal(b1-4)GlcNAc(b1-2)Man(a1-3)[Man(a1-3)[Man(a1-6)]Man(a1-6)]Man(b1-4)GlcNAc(b1-4)GlcNAc,0.04024780914187431,2,1.844629112119037,H-,candycrunch
393.2012634277344,-4,45.69719333333334,Gal(b1-4)GlcNAc(b1-2)Man(a1-3)[Man(a1-3)[Man(a1-6)]Man(a1-6)]Man(b1-4)GlcNAc(b1-4)GlcNAc,0.005113168153911829,2,1.684137168759662,H-,candycrunch
393.37701416015625,-4,35.985798333333335,Gal(b1-4)GlcNAc(b1-2)Man(a1-3)[Man(a1-3)[Man(a1-6)]Man(a1-6)]Man(b1-4)GlcNAc(b1-4)GlcNAc,0.0059580691158771515,1,1.508386436337787,H-,candycrunch
393.50006103515625,-4,43.789265,Gal(b1-4)GlcNAc(b1-2)Man(a1-3)[Man(a1-3)[Man(a1-6)]Man(a1-6)]Man(b1-4)GlcNAc(b1-4)GlcNAc,0.0032584755681455135,2,1.385339561337787,H-,candycrunch
393.66143798828125,-4,37.379738333333336,Gal(b1-4)GlcNAc(b1-2)Man(a1-3)[Man(a1-3)[Man(a1-6)]Man(a1-6)]Man(b1-4)GlcNAc(b1-4)GlcNAc,0.00014564479351975024,2,1.223962608212787,H-,candycrunch
394.5472412109375,-4,42.614465,Gal(b1-4)GlcNAc(b1-2)Man(a1-3)[Man(a1-3)[Man(a1-6)]Man(a1-6)]Man(b1-4)GlcNAc(b1-4)GlcNAc,0.003037316258996725,1,0.338159385556537,H-,candycrunch
395.00994873046875,-4,39.77906333333333,Gal(b1-4)GlcNAc(b1-2)Man(a1-3)[Man(a1-3)[Man(a1-6)]Man(a1-6)]Man(b1-4)GlcNAc(b1-4)GlcNAc,0.005766517017036676,1,-0.12454813397471298,H-,candycrunch
395.1603698730469,-4,12.453678333333334,Gal(b1-4)GlcNAc(b1-2)Man(a1-3)[Man(a1-3)[Man(a1-6)]Man(a1-6)]Man(b1-4)GlcNAc(b1-4)GlcNAc,0.002180760493502021,5,-0.274969276552838,H-,candycrunch
395.40728759765625,-4,37.616965,Gal(b1-4)GlcNAc(b1-2)Man(a1-3)[Man(a1-3)[Man(a1-6)]Man(a1-6)]Man(b1-4)GlcNAc(b1-4)GlcNAc,0.006549600977450609,1,-0.521887001162213,H-,candycrunch
399.3380126953125,-4,35.66585333333333,Fuc(a1-3)[Gal(b1-4)]GlcNAc(b1-2)Man(a1-3)[GlcNAc(b1-2)Man(a1-6)]Man(b1-4)GlcNAc(b1-4)GlcNAc,2.537317868700484e-06,1,1.8052965209315062,H-,candycrunch
401.6220397949219,-4,45.771184999999996,Fuc(a1-3)[Gal(b1-4)]GlcNAc(b1-2)Man(a1-3)[GlcNAc(b1-2)Man(a1-6)]Man(b1-4)GlcNAc(b1-4)GlcNAc,1.6020416296669282e-05,1,-0.47873057867786883,H-,candycrunch
402.78692626953125,-4,37.32747666666667,Fuc(a1-3)[Gal(b1-4)]GlcNAc(b1-2)Man(a1-3)[GlcNAc(b1-2)Man(a1-6)]Man(b1-4)GlcNAc(b1-4)GlcNAc,2.6538507427176228e-06,1,-1.6436170532872438,H-,candycrunch
402.9910888671875,-4,35.347411666666666,Fuc(a1-3)[Gal(b1-4)]GlcNAc(b1-2)Man(a1-3)[GlcNAc(b1-2)Man(a1-6)]Man(b1-4)GlcNAc(b1-4)GlcNAc,3.8008176943549188e-06,1,-1.8477796509434938,H-,candycrunch
403.22467041015625,-3,43.290773333333334,Man(a1-2)Man6P(a1-6)[Man(a1-3)]Man(a1-6)[Man(a1-3)]Man(b1-4)GlcNAc(b1-4)GlcNAc,0.0003217365010641515,7,1.9142238858760834,H-,candycrunch
403.31866455078125,-3,45.04401166666666,Man(a1-2)Man6P(a1-6)[Man(a1-3)]Man(a1-6)[Man(a1-3)]Man(b1-4)GlcNAc(b1-4)GlcNAc,0.0005803193198516965,4,1.8202297452510834,H-,candycrunch
405.52679443359375,-4,39.096718333333335,Gal(b1-4)GlcNAc(b1-2)Man(a1-3)[Gal(b1-4)GlcNAc(b1-2)Man(a1-6)]Man(b1-4)GlcNAc(b1-4)GlcNAc,0.08952366560697556,1,-0.384756561724771,H-,candycrunch
408.263427734375,-4,35.385353333333335,GlcA(b1-4)GalNAc(b1-4)GlcNAc(b1-2)Man(a1-3)[Man(a1-3)Man(a1-6)]Man(b1-4)GlcNAc(b1-4)GlcNAc,2.5884752119509358e-09,1,0.3734262721189907,H-,candycrunch
410.2548522949219,-4,36.58491333333333,GalNAc(b1-4)GlcNAc(b1-4)GlcNAc(b1-2)Man(a1-6)[Man(a1-3)]Man(b1-4)GlcNAc(b1-4)[Fuc(a1-6)]GlcNAc,5.730877461473938e-08,1,1.14509419669713,H-,candycrunch
411.0415954589844,-4,2.603675,GalNAc(b1-4)GlcNAc(b1-4)GlcNAc(b1-2)Man(a1-6)[Man(a1-3)]Man(b1-4)GlcNAc(b1-4)[Fuc(a1-6)]GlcNAc,3.6601358033294673e-07,1,0.35835103263463,H-,candycrunch
411.3759765625,-4,41.876090000000005,GalNAc(b1-4)GlcNAc(b1-4)GlcNAc(b1-2)Man(a1-6)[Man(a1-3)]Man(b1-4)GlcNAc(b1-4)[Fuc(a1-6)]GlcNAc,6.363272575526935e-09,1,0.023969929119004973,H-,candycrunch
411.4366149902344,-4,43.775855,GalNAc(b1-4)GlcNAc(b1-4)GlcNAc(b1-2)Man(a1-6)[Man(a1-3)]Man(b1-4)GlcNAc(b1-4)[Fuc(a1-6)]GlcNAc,1.2576840013878154e-08,1,-0.036668498615370027,H-,candycrunch
411.6109619140625,-4,39.64117666666667,GalNAc(b1-4)GlcNAc(b1-4)GlcNAc(b1-2)Man(a1-6)[Man(a1-3)]Man(b1-4)GlcNAc(b1-4)[Fuc(a1-6)]GlcNAc,1.936557083581647e-07,1,-0.21101542244349503,H-,candycrunch
412.26800537109375,-4,12.161938333333334,GalNAc(b1-4)GlcNAc(b1-4)GlcNAc(b1-2)Man(a1-6)[Man(a1-3)]Man(b1-4)GlcNAc(b1-4)[Fuc(a1-6)]GlcNAc,9.021244196105727e-09,1,-0.868058879474745,H-,candycrunch
412.401611328125,-4,28.099611666666664,Fuc(a1-3)[GalNAcOPCho(b1-4)]GlcNAc(b1-2)Man(a1-3)[GalNAc(b1-4)GlcNAc(b1-2)Man(a1-6)]Man(b1-4)GlcNAc(b1-4)GlcNAc,4.449559298791428e-08,1,-1.001664836505995,H-,candycrunch
412.8925476074219,-3,35.40423,Fuc(a1-3)[Gal(b1-4)]GlcNAc(b1-2)Man(a1-3)Man(b1-4)GlcNAc(b1-4)GlcNAc,1.1988300684606656e-05,1,0.5902248482771597,H-,candycrunch
412.916748046875,-3,2.6172233333333335,Fuc(a1-3)[Gal(b1-4)]GlcNAc(b1-2)Man(a1-3)Man(b1-4)GlcNAc(b1-4)GlcNAc,1.11611780084786e-05,2,0.5660244088240347,H-,candycrunch
412.97552490234375,-3,13.871381666666668,Fuc(a1-3)[Gal(b1-4)]GlcNAc(b1-2)Man(a1-3)Man(b1-4)GlcNAc(b1-4)GlcNAc,1.974369297386147e-06,1,0.5072475533552847,H-,candycrunch
413.0073547363281,-3,26.474173333333333,Fuc(a1-3)[Gal(b1-4)]GlcNAc(b1-2)Man(a1-6)Man(b1-4)GlcNAc(b1-4)GlcNAc,7.611894943693187e-06,2,0.4754177193709097,H-,candycrunch
413.078125,-3,6.663305,Fuc(a1-3)[Gal(b1-4)]GlcNAc(b1-2)Man(a1-6)Man(b1-4)GlcNAc(b1-4)GlcNAc,5.879552645637887e-06,1,0.4046474556990347,H-,candycrunch
413.1231384277344,-3,45.54061333333333,Fuc(a1-3)[Gal(b1-4)]GlcNAc(b1-2)Man(a1-6)Man(b1-4)GlcNAc(b1-4)GlcNAc,2.568948957559769e-06,4,0.3596340279646597,H-,candycrunch
413.6327209472656,-3,43.190554999999996,Fuc(a1-3)[Gal(b1-4)]GlcNAc(b1-2)Man(a1-6)Man(b1-4)GlcNAc(b1-4)GlcNAc,2.929770289483713e-06,1,-0.1499484915665903,H-,candycrunch
414.68133544921875,-4,40.968628333333335,Gal(b1-4)GlcNAc(b1-2)Man(a1-3)[GlcNAc(b1-2)Man(a1-6)][GlcNAc(b1-4)]Man(b1-4)GlcNAc(b1-4)GlcNAc,0.030367471277713776,2,0.7173396980252278,H-,candycrunch
414.8448791503906,-4,36.330016666666666,GlcNAc(b1-2)[GlcNAc(b1-4)]Man(a1-3)[Man(a1-?)Man(a1-6)][GlcNAc(b1-4)]Man(b1-4)GlcNAc(b1-4)GlcNAc,0.00163426308427006,2,0.5537959968533528,H-,candycrunch
416.7474365234375,-4,35.36626833333334,Gal(b1-4)GlcNAc(b1-2)Man(a1-3)[GlcNAc(b1-2)Man(a1-6)][GlcNAc(b1-4)]Man(b1-4)GlcNAc(b1-4)GlcNAc,0.007535681128501892,1,-1.3487613761935222,H-,candycrunch
418.5204772949219,-3,39.494643333333336,GlcNAc(b1-2)Man(a1-3)[Man(a1-?)Man(a1-6)]Man(b1-4)GlcNAc(b1-4)GlcNAc,0.0051170215010643005,1,0.29393336827712346,H-,candycrunch
418.63531494140625,-3,33.59061333333334,GlcNAc(b1-2)Man(a1-3)[Man(a1-?)Man(a1-6)]Man(b1-4)GlcNAc(b1-4)GlcNAc,0.0017907960573211312,1,0.17909572179274846,H-,candycrunch
420.3079833984375,-3,35.29445833333333,Gal(b1-4)GlcNAc(b1-2)Man(a1-3)[Man(a1-6)]Man(b1-4)GlcNAc(b1-4)GlcNAc,0.012538405135273933,6,-1.4935727352385015,H-,candycrunch
421.3502197265625,-4,45.101198333333336,Neu5Ac(a2-3)Gal(b1-4)[Fuc(a1-3)]GlcNAc(b1-2)Man(a1-3)[Man(a1-6)]Man(b1-4)GlcNAc(b1-4)GlcNAc,4.118698416277766e-05,1,1.797100483081465,H-,candycrunch
421.41064453125,-4,37.40847166666667,Neu5Ac(a2-3)Gal(b1-4)[Fuc(a1-3)]GlcNAc(b1-2)Man(a1-3)[Man(a1-6)]Man(b1-4)GlcNAc(b1-4)GlcNAc,0.0005325256497599185,1,1.736675678393965,H-,candycrunch
423.50341796875,-4,41.284785,Neu5Ac(a2-3)Gal(b1-4)[Fuc(a1-3)]GlcNAc(b1-2)Man(a1-6)[Man(a1-3)]Man(b1-4)GlcNAc(b1-4)GlcNAc,6.563131319126114e-05,1,-0.35609775910603503,H-,candycrunch
424.1545104980469,-4,38.963915,Man(a1-2)Man(a1-2)Man(a1-3)[Man(a1-2)Man(a1-3)[Man(a1-6)]Man(a1-6)]Man(b1-4)GlcNAc(b1-4)GlcNAc,0.025646695867180824,1,0.9874586809470998,H-,candycrunch
425.04449462890625,-4,44.45343333333333,Man(a1-2)Man(a1-2)Man(a1-3)[Man(a1-2)Man(a1-?)[Man(a1-?)]Man(a1-6)]Man(b1-4)GlcNAc(b1-4)GlcNAc,0.1548006385564804,1,0.09747455008772477,H-,candycrunch
425.26202392578125,-4,11.217938333333333,GalNAc(b1-4)GlcNAc(b1-2)Man(a1-3)[GalNAc(b1-4)GlcNAc(b1-2)Man(a1-6)]Man(b1-4)GlcNAc(b1-4)GlcNAc,0.11463045328855515,1,0.3932884968377266,H-,candycrunch
425.2763366699219,-4,14.714126666666667,Man(a1-2)Man(a1-2)Man(a1-3)[Man(a1-2)Man(a1-?)[Man(a1-?)]Man(a1-6)]Man(b1-4)GlcNAc(b1-4)GlcNAc,0.1489013284444809,12,-0.13436749092790023,H-,candycrunch
425.322265625,-4,37.34085666666667,Man(a1-2)Man(a1-2)Man(a1-3)[Man(a1-2)Man(a1-?)[Man(a1-?)]Man(a1-6)]Man(b1-4)GlcNAc(b1-4)GlcNAc,0.06021219864487648,1,-0.18029644600602523,H-,candycrunch
425.3951416015625,-4,12.941980000000001,Man(a1-2)Man(a1-2)Man(a1-3)[Man(a1-2)Man(a1-?)[Man(a1-?)]Man(a1-6)]Man(b1-4)GlcNAc(b1-4)GlcNAc,0.010501044802367687,14,-0.25317242256852523,H-,candycrunch
426.33642578125,-4,14.74146,GalNAc(b1-4)GlcNAc(b1-2)Man(a1-3)[GalNAc(b1-4)GlcNAc(b1-2)Man(a1-6)]Man(b1-4)GlcNAc(b1-4)GlcNAc,0.0015311219030991197,3,-0.6811133586310234,H-,candycrunch
426.9998779296875,-4,39.371905,Neu5Ac(a2-?)Gal(b1-4)GlcNAc(b1-2)Man(a1-3)[Man(a1-?)Man(a1-6)]Man(b1-4)GlcNAc(b1-4)GlcNAc,0.006768821272999048,1,0.14617093558149463,H-,candycrunch
427.2224426269531,-4,27.120471666666667,Neu5Ac(a2-?)Gal(b1-4)GlcNAc(b1-2)Man(a1-3)[Man(a1-?)Man(a1-6)]Man(b1-4)GlcNAc(b1-4)GlcNAc,0.03831469267606735,1,-0.07639376168413037,H-,candycrunch
427.2837829589844,-4,43.490566666666666,Neu5Ac(a2-?)Gal(b1-4)GlcNAc(b1-2)Man(a1-3)[Man(a1-?)Man(a1-6)]Man(b1-4)GlcNAc(b1-4)GlcNAc,0.01378197968006134,3,-0.13773409371538037,H-,candycrunch
427.3752746582031,-4,31.240981666666666,Neu5Ac(a2-?)Gal(b1-4)GlcNAc(b1-2)Man(a1-3)[Man(a1-?)Man(a1-6)]Man(b1-4)GlcNAc(b1-4)GlcNAc,0.03557239845395088,5,-0.22922579293413037,H-,candycrunch
429.3867492675781,-4,43.835575,Fuc(a1-3)[Gal(b1-4)]GlcNAc(b1-2)Man(a1-3)[Man(a1-3)[Man(a1-6)]Man(a1-6)]Man(b1-4)GlcNAc(b1-4)GlcNAc,0.1253308653831482,1,2.0131285311658758,H-,candycrunch
431.12786865234375,-4,26.401543333333336,Fuc(a1-3)[Gal(b1-4)]GlcNAc(b1-2)Man(a1-3)[Man(a1-3)[Man(a1-6)]Man(a1-6)]Man(b1-4)GlcNAc(b1-4)GlcNAc,0.010446804575622082,1,0.27200914640025076,H-,candycrunch
431.27142333984375,-4,41.615786666666665,Fuc(a1-3)[Gal(b1-4)]GlcNAc(b1-2)Man(a1-3)[Man(a1-3)[Man(a1-6)]Man(a1-6)]Man(b1-4)GlcNAc(b1-4)GlcNAc,0.005987508688122034,1,0.12845445890025076,H-,candycrunch
431.3348388671875,-4,45.527121666666666,Fuc(a1-3)[Gal(b1-4)]GlcNAc(b1-2)Man(a1-3)[Man(a1-3)[Man(a1-6)]Man(a1-6)]Man(b1-4)GlcNAc(b1-4)GlcNAc,0.028926679864525795,2,0.06503893155650076,H-,candycrunch
431.3587646484375,-4,39.19144,Fuc(a1-3)[Gal(b1-4)]GlcNAc(b1-2)Man(a1-3)[Man(a1-3)[Man(a1-6)]Man(a1-6)]Man(b1-4)GlcNAc(b1-4)GlcNAc,0.013396797701716423,1,0.041113150306500756,H-,candycrunch
432.57220458984375,-3,39.15293,GlcNAc(b1-2)Man(a1-3)[GlcNAc(b1-2)Man(a1-6)]Man(b1-4)GlcNAc(b1-4)GlcNAc,0.013134600594639778,1,-0.08227755947808646,H-,candycrunch
433.33978271484375,-4,44.098935,Neu5Ac(a2-?)GalNAc(b1-4)[Fuc(a1-3)]GlcNAc(b1-2)Man(a1-?)[Man(a1-?)]Man(b1-4)GlcNAc(b1-4)GlcNAc,0.0001518875506008044,1,0.06417477017521378,H-,candycrunch
433.3916931152344,-4,39.91847,Neu5Ac(a2-?)GalNAc(b1-4)[Fuc(a1-3)]GlcNAc(b1-2)Man(a1-?)[Man(a1-?)]Man(b1-4)GlcNAc(b1-4)GlcNAc,0.0031799355056136847,2,0.01226436978458878,H-,candycrunch
433.4630126953125,-4,38.795253333333335,Neu5Ac(a2-?)GalNAc(b1-4)[Fuc(a1-3)]GlcNAc(b1-2)Man(a1-?)[Man(a1-?)]Man(b1-4)GlcNAc(b1-4)GlcNAc,0.0001698469859547913,1,-0.05905521029353622,H-,candycrunch
437.28515625,-4,45.710545,Neu5Ac(a2-3)[GalNAc(b1-4)]Gal(b1-4)GlcNAc(b1-2)Man(a1-3)[Man(a1-6)]Man(b1-4)GlcNAc(b1-4)GlcNAc,0.0036181749310344458,2,0.11752989064399344,H-,candycrunch
439.0277404785156,-4,43.006195,Fuc(a1-3)[GalNAcOS(b1-4)]GlcNAc(b1-2)Man(a1-?)[Fuc(a1-3)[Gal(b1-4)]GlcNAc(b1-2)Man(a1-?)]Man(b1-4)GlcNAc(b1-4)GlcNAc,0.000491124636027962,1,-1.369954060021655,H-,candycrunch
440.7331237792969,-4,40.795161666666665,Neu5Gc(a2-3)Gal(b1-4)GlcNAc(b1-2)Man(a1-3)[GlcNAc(b1-2)Man(a1-6)]Man(b1-4)GlcNAc(b1-4)GlcNAc,0.0029896656051278114,1,0.6682910163470979,H-,candycrunch
441.1291809082031,-4,2.51677,Neu5Gc(a2-?)Gal(b1-4)GlcNAc(b1-2)Man(a1-?)[GlcNAc(b1-2)Man(a1-?)]Man(b1-4)GlcNAc(b1-4)GlcNAc,0.022875161841511726,1,0.27223388744084787,H-,candycrunch
441.54449462890625,-4,39.45556833333333,Gal(b1-4)GlcNAc(b1-2)Man(a1-3)[Fuc(a1-3)[Gal(b1-4)]GlcNAc(b1-2)Man(a1-6)]Man(b1-4)GlcNAc(b1-4)GlcNAc,0.009869016706943512,1,0.11202044521274956,H-,candycrunch
443.3135681152344,-4,43.624179999999996,Fuc(a1-3)[Gal(b1-4)]GlcNAc(b1-2)Man(a1-3)[Man(a1-?)Man(a1-6)][GlcNAc(b1-4)]Man(b1-4)GlcNAc(b1-4)GlcNAc,0.021088864654302597,1,-1.6570530411153754,H-,candycrunch
444.061767578125,-4,9.691625,Gal(b1-4)GlcNAc(b1-2)Man(a1-3)[Man(a1-3)[Man(a1-6)]Man(a1-6)][GlcNAc(b1-4)]Man(b1-4)GlcNAc(b1-4)GlcNAc,0.008868031203746796,6,1.5934761516190292,H-,candycrunch
444.53497314453125,-4,33.412531666666666,Gal(a1-3)Gal(b1-4)GlcNAc(b1-2)Man(a1-6)[Gal(b1-4)GlcNAc(b1-2)Man(a1-3)]Man(b1-4)GlcNAc(b1-4)GlcNAc,0.001211933558806777,1,1.1202705852127792,H-,candycrunch
449.3275146484375,-4,38.06055833333333,GlcA(b1-4)GalNAc(b1-4)GlcNAc(b1-2)Man(a1-3)[Man(a1-3)[Man(a1-6)]Man(a1-6)]Man(b1-4)GlcNAc(b1-4)GlcNAc,1.6561390037139745e-09,1,-0.1774547840685159,H-,candycrunch
449.42230224609375,-4,42.354868333333336,GlcA(b1-4)GalNAc(b1-4)GlcNAc(b1-2)Man(a1-3)[Man(a1-3)[Man(a1-6)]Man(a1-6)]Man(b1-4)GlcNAc(b1-4)GlcNAc,1.0876354927802367e-08,1,-0.2722423817247659,H-,candycrunch
449.47637939453125,-4,34.87936666666667,GlcA(b1-4)GalNAc(b1-4)GlcNAc(b1-2)Man(a1-3)[Man(a1-3)[Man(a1-6)]Man(a1-6)]Man(b1-4)GlcNAc(b1-4)GlcNAc,1.1151846113222064e-09,2,-0.3263195301622659,H-,candycrunch
450.1510925292969,-4,33.208290000000005,GlcA(b1-4)GalNAc(b1-4)GlcNAc(b1-2)Man(a1-3)[Man(a1-3)[Man(a1-6)]Man(a1-6)]Man(b1-4)GlcNAc(b1-4)GlcNAc,1.007218042303748e-08,1,-1.001032664927891,H-,candycrunch
450.28045654296875,-4,40.09189833333333,GlcA(b1-4)GalNAc(b1-4)GlcNAc(b1-2)Man(a1-3)[Man(a1-3)[Man(a1-6)]Man(a1-6)]Man(b1-4)GlcNAc(b1-4)GlcNAc,8.671319218223061e-10,1,-1.130396678599766,H-,candycrunch
451.62591552734375,-4,35.83562666666666,Fuc(a1-3)[Gal(b1-4)]GlcNAc(b1-2)Man(a1-6)[GlcNAc(b1-2)Man(a1-3)][GlcNAc(b1-4)]Man(b1-4)GlcNAc(b1-4)GlcNAc,2.2653672203887254e-05,1,0.28723682215024837,H-,candycrunch
452.7131042480469,-4,43.99952833333333,Fuc(a1-3)[Gal(b1-4)]GlcNAc(b1-2)Man(a1-6)[GlcNAc(b1-2)Man(a1-3)][GlcNAc(b1-4)]Man(b1-4)GlcNAc(b1-4)GlcNAc,0.00042984250467270613,2,-0.7999518985528766,H-,candycrunch
452.75091552734375,-4,41.432201666666664,Fuc(a1-3)[GalNAc(b1-4)]GlcNAc(b1-2)Man(a1-?)[Gal(b1-4)GlcNAc(b1-2)Man(a1-?)]Man(b1-4)GlcNAc(b1-4)GlcNAc,1.3685260455531534e-05,1,-0.8377631778497516,H-,candycrunch
457.0113525390625,-4,2.6771266666666667,Gal(b1-4)GlcNAc(b1-2)Man(a1-3)[Gal(b1-4)GlcNAc(b1-2)Man(a1-6)][GlcNAc(b1-4)]Man(b1-4)GlcNAc(b1-4)GlcNAc,0.0020884962286800146,2,-1.0994715339435288,H-,candycrunch
457.1580810546875,-4,37.68611,Gal(b1-?)GlcNAc(b1-2)Man(a1-3)[Gal(b1-?)GlcNAc(b1-2)Man(a1-6)][GlcNAc(b1-4)]Man(b1-4)GlcNAc(b1-4)GlcNAc,0.015802642330527306,1,-1.2462000495685288,H-,candycrunch
458.822265625,-3,27.88469166666667,Man(a1-2)Man(a1-3)[Man(a1-3)[Man(a1-6)]Man(a1-6)]Man(b1-4)GlcNAc(b1-4)GlcNAc,0.004944376647472382,1,0.33423648153234353,H-,candycrunch
459.0406494140625,-3,2.590066666666667,Man(a1-2)Man(a1-3)[Man(a1-3)[Man(a1-6)]Man(a1-6)]Man(b1-4)GlcNAc(b1-4)GlcNAc,0.12629607319831848,2,0.11585269246984353,H-,candycrunch
460.4771728515625,-3,32.69697166666667,Man(a1-2)Man(a1-6)[Man(a1-3)]Man(a1-6)[Man(a1-3)]Man(b1-4)GlcNAc(b1-4)GlcNAc,0.0005772215081378818,1,-1.3206707450301565,H-,candycrunch
461.13385009765625,-3,37.829391666666666,Neu5Ac(a2-?)GlcNAc(b1-2)Man(a1-3)[Man(a1-6)]Man(b1-4)GlcNAc(b1-4)GlcNAc,0.00011462469410616904,1,0.6947582572427677,H-,candycrunch
461.22857666015625,-3,33.75447666666667,Neu5Ac(a2-?)GlcNAc(b1-2)Man(a1-3)[Man(a1-6)]Man(b1-4)GlcNAc(b1-4)GlcNAc,0.0005491826450452209,1,0.6000316947427677,H-,candycrunch
461.81536865234375,-3,39.28465166666667,Neu5Ac(a2-?)Gal(b1-?)GlcNAc(b1-2)Man(a1-6)Man(b1-4)GlcNAc(b1-4)GlcNAc,0.0003625744138844311,1,0.01323970255526774,H-,candycrunch
463.52117919921875,-4,33.158546666666666,Neu5Ac(a2-6)Gal(b1-4)[Fuc(a1-3)]GlcNAc(b1-2)Man(a1-3)[Man(a1-?)Man(a1-6)]Man(b1-4)GlcNAc(b1-4)GlcNAc,5.0758217184920795e-06,1,0.13934686830020837,H-,candycrunch
465.1396789550781,-4,44.04653,Man(a1-2)Man(a1-2)Man(a1-3)[Man(a1-2)Man(a1-3)[Man(a1-2)Man(a1-6)]Man(a1-6)]Man(b1-4)GlcNAc(b1-4)GlcNAc,0.014445044100284576,1,0.5154960817908432,H-,candycrunch
467.20892333984375,-4,2.15085,Neu5Ac(a2-?)Gal(b1-4)GlcNAc(b1-2)Man(a1-3)[Man(a1-3)[Man(a1-6)]Man(a1-6)]Man(b1-4)GlcNAc(b1-4)GlcNAc,0.0045489477925002575,1,0.45033138330023803,H-,candycrunch
468.76800537109375,-4,34.75026833333334,Fuc(a1-2)Gal(b1-4)[Fuc(a1-3)]GlcNAc(b1-2)Man(a1-3)[Man(a1-3)[Man(a1-6)]Man(a1-6)]Man(b1-4)GlcNAc(b1-4)GlcNAc,2.0320567273302004e-06,1,-0.8536503700997287,H-,candycrunch
469.79986572265625,-4,38.62301166666666,Neu5Gc(a2-6)Gal(b1-4)GlcNAc(b1-2)Man(a1-3)[Man(a1-3)[Man(a1-6)]Man(a1-6)]Man(b1-4)GlcNAc(b1-4)GlcNAc,0.00011058396194130182,1,1.8581176554877743,H-,candycrunch
470.12640380859375,-4,32.81240666666667,Neu5Gc(a2-6)Gal(b1-4)GlcNAc(b1-2)Man(a1-3)[Man(a1-3)[Man(a1-6)]Man(a1-6)]Man(b1-4)GlcNAc(b1-4)GlcNAc,0.000133716210257262,1,1.5315795695502743,H-,candycrunch
471.31494140625,-4,37.921995,Neu5Gc(a2-6)Gal(b1-4)GlcNAc(b1-2)Man(a1-3)[Man(a1-3)[Man(a1-6)]Man(a1-6)]Man(b1-4)GlcNAc(b1-4)GlcNAc,5.306261300574988e-05,1,0.3430419718940243,H-,candycrunch
471.50201416015625,-4,34.310851666666665,Neu5Gc(a2-6)Gal(b1-4)GlcNAc(b1-2)Man(a1-3)[Man(a1-3)[Man(a1-6)]Man(a1-6)]Man(b1-4)GlcNAc(b1-4)GlcNAc,0.0007473057485185564,3,0.1559692179877743,H-,candycrunch
472.2021484375,-3,29.55091666666667,GlcNAc(b1-2)Man(a1-3)[Man(a1-3)[Man(a1-6)]Man(a1-6)]Man(b1-4)GlcNAc(b1-4)GlcNAc,0.0019401590107008815,1,0.6298700361990086,H-,candycrunch
472.9988098144531,-3,2.7184816666666665,Gal(b1-4)GlcNAc(b1-2)Man(a1-3)[Man(a1-?)Man(a1-6)]Man(b1-4)GlcNAc(b1-4)GlcNAc,0.014337949454784393,2,-0.1667913407541164,H-,candycrunch
473.18365478515625,-3,43.1291,Gal(b1-4)GlcNAc(b1-2)Man(a1-3)[Man(a1-?)Man(a1-6)]Man(b1-4)GlcNAc(b1-4)GlcNAc,0.002493298612535,1,-0.3516363114572414,H-,candycrunch
473.2111511230469,-3,41.212115000000004,Gal(b1-4)GlcNAc(b1-2)Man(a1-3)[Man(a1-?)Man(a1-6)]Man(b1-4)GlcNAc(b1-4)GlcNAc,0.0023722935002297163,1,-0.3791326493478664,H-,candycrunch
473.6280212402344,-4,39.61713333333333,Neu5Ac(a2-3)Gal(b1-4)[Fuc(a1-3)]GlcNAc(b1-2)Man(a1-3)[GlcNAc(b1-2)Man(a1-6)]Man(b1-4)GlcNAc(b1-4)GlcNAc,4.959360921930056e-06,1,0.2891421026595822,H-,candycrunch
475.3963317871094,-4,33.90483833333334,Gal(b1-4)GlcNAc(b1-2)Man(a1-3)[Man(a1-2)Man(a1-3)[Man(a1-2)Man(a1-6)]Man(a1-6)]Man(b1-4)GlcNAc(b1-4)GlcNAc,1.8426098904456012e-06,1,0.5154805251346488,H-,candycrunch
476.7762756347656,-4,7.735208333333333,GalNAc(b1-4)GlcNAc(b1-4)GlcNAc(b1-2)Man(a1-6)[GalNAc(b1-4)GlcNAc(b1-2)Man(a1-3)]Man(b1-4)GlcNAc(b1-4)GlcNAc,5.925383739224799e-09,1,-0.3511200788966562,H-,candycrunch
478.7525329589844,-4,31.99411666666667,Fuc(a1-2)Gal(b1-4)[Fuc(a1-3)]GlcNAc(b1-2)Man(a1-6)[Gal(b1-4)GlcNAc(b1-2)Man(a1-3)]Man(b1-4)GlcNAc(b1-4)GlcNAc,0.004522058647125959,1,-0.5815406826154117,H-,candycrunch
478.98504638671875,-4,2.704695,Fuc(a1-2)Gal(b1-4)[Fuc(a1-3)]GlcNAc(b1-2)Man(a1-6)[Gal(b1-4)GlcNAc(b1-2)Man(a1-3)]Man(b1-4)GlcNAc(b1-4)GlcNAc,0.0048554809764027596,2,-0.8140541103497867,H-,candycrunch
482.69769287109375,-4,37.951085,Fuc(a1-3)[Gal(b1-4)]GlcNAc(b1-?)[Gal(b1-4)GlcNAc(b1-?)]Man(a1-3)[Man(a1-?)Man(a1-6)]Man(b1-4)GlcNAc(b1-4)GlcNAc,0.24857456982135773,1,-0.527971939099757,H-,candycrunch
484.88739013671875,-4,2.5440099999999997,Gal(a1-3)Gal(b1-?)GlcNAc(b1-2)Man(a1-3)[Gal(a1-3)Gal(b1-?)GlcNAc(b1-2)Man(a1-6)]Man(b1-4)GlcNAc(b1-4)GlcNAc,0.002399066463112831,1,1.2810594509002158,H-,candycrunch
485.75665283203125,-4,33.57141,Gal(a1-3)Gal(b1-?)GlcNAc(b1-2)Man(a1-3)[Gal(a1-3)Gal(b1-?)GlcNAc(b1-2)Man(a1-6)]Man(b1-4)GlcNAc(b1-4)GlcNAc,0.00040758412797003984,1,0.4117967555877158,H-,candycrunch
487.20758056640625,-3,34.38382333333333,GlcNAc(b1-2)Man(a1-3)[Man(a1-?)Man(a1-6)][GlcNAc(b1-4)]Man(b1-4)GlcNAc(b1-4)GlcNAc,0.08331965655088425,1,-0.7000457255405763,H-,candycrunch
490.88775634765625,-3,39.255448333333334,GlcA(b1-4)GalNAc(b1-4)GlcNAc(b1-2)Man(a1-6)[Man(a1-3)]Man(b1-4)GlcNAc(b1-4)GlcNAc,2.3792731340677165e-08,1,0.27953333937608704,H-,candycrunch
491.3026123046875,-3,36.04521833333334,GlcA(b1-4)GalNAc(b1-4)GlcNAc(b1-2)Man(a1-6)[Man(a1-3)]Man(b1-4)GlcNAc(b1-4)GlcNAc,2.8039524480050204e-08,1,-0.13532261765516296,H-,candycrunch
491.4980773925781,-3,38.890031666666665,GlcA(b1-4)GalNAc(b1-4)GlcNAc(b1-2)Man(a1-6)[Man(a1-3)]Man(b1-4)GlcNAc(b1-4)GlcNAc,6.947334263429639e-09,1,-0.33078770554578796,H-,candycrunch
494.27239990234375,-3,41.133095000000004,GalNAc(b1-4)GlcNAc(b1-4)GlcNAc(b1-2)Man(a1-6)Man(b1-4)GlcNAc(b1-4)[Fuc(a1-6)]GlcNAc,6.533320373591778e-08,1,0.5790130981885682,H-,candycrunch
495.3301696777344,-3,33.52229666666667,GalNAc(b1-4)GlcNAc(b1-4)GlcNAc(b1-2)Man(a1-6)Man(b1-4)GlcNAc(b1-4)[Fuc(a1-6)]GlcNAc,2.623886530273012e-08,1,-0.47875667720205684,H-,candycrunch
497.13726806640625,-4,34.685431666666666,Gal(b1-4)GlcNAc(b1-2)[Gal(b1-4)GlcNAc(b1-4)]Man(a1-3)[Gal(b1-4)GlcNAc(b1-2)Man(a1-6)]Man(b1-4)GlcNAc(b1-4)GlcNAc,0.05867459997534752,1,-0.7121812034122286,H-,candycrunch
499.03485107421875,-3,39.724795,GlcNAc(b1-2)Man(a1-3)[GlcNAc(b1-2)Man(a1-6)][GlcNAc(b1-4)]Man(b1-4)GlcNAc(b1-4)GlcNAc,0.048362791538238525,1,1.1482001338135888,H-,candycrunch
502.9519348144531,-3,32.901961666666665,GlcNAc(b1-2)[GlcNAc(b1-4)]Man(a1-3)[GlcNAc(b1-2)Man(a1-6)]Man(b1-4)GlcNAc(b1-4)GlcNAc,0.02803630195558071,1,-2.7688836064207862,H-,candycrunch
503.4234619140625,-4,43.22410333333333,Neu5Ac(a2-?)Gal(b1-4)[Fuc(a1-3)]GlcNAc(b1-2)Man(a1-3)[Man(a1-3)[Man(a1-6)]Man(a1-6)]Man(b1-4)GlcNAc(b1-4)GlcNAc,4.3253232433926314e-05,1,0.7502700113315086,H-,candycrunch
505.26007080078125,-4,14.727698333333334,Glc(a1-3)Man(a1-2)Man(a1-2)Man(a1-3)[Man(a1-2)Man(a1-3)[Man(a1-2)Man(a1-6)]Man(a1-6)]Man(b1-4)GlcNAc(b1-4)GlcNAc,0.0019251315388828516,5,0.9083100939627116,H-,candycrunch
506.298583984375,-4,14.754931666666668,Glc(a1-3)Man(a1-2)Man(a1-2)Man(a1-3)[Man(a1-2)Man(a1-3)[Man(a1-2)Man(a1-6)]Man(a1-6)]Man(b1-4)GlcNAc(b1-4)GlcNAc,0.0016372468089684844,1,-0.13020308963103844,H-,candycrunch
506.73797607421875,-4,41.76305833333333,Gal(b1-4)GlcNAc(b1-2)[Gal(b1-4)GlcNAc(b1-4)]Man(a1-3)[GlcNAc(b1-2)Man(a1-6)][GlcNAc(b1-4)]Man(b1-4)GlcNAc(b1-4)GlcNAc,6.674196750822148e-09,1,-0.056251935849786605,H-,candycrunch
506.97607421875,-4,2.65777,Gal(b1-4)GlcNAc(b1-2)[Gal(b1-4)GlcNAc(b1-4)]Man(a1-3)[GlcNAc(b1-2)Man(a1-6)][GlcNAc(b1-4)]Man(b1-4)GlcNAc(b1-4)GlcNAc,7.856348460677509e-09,2,-0.2943500803810366,H-,candycrunch
507.729736328125,-4,37.19262166666667,Neu5Gc(a2-3)Gal(b1-4)[Fuc(a1-3)]GlcNAc(b1-2)Man(a1-3)[Man(a1-3)[Man(a1-6)]Man(a1-6)]Man(b1-4)GlcNAc(b1-4)GlcNAc,5.957386974841938e-07,1,0.44272425226898804,H-,candycrunch
508.5887145996094,-4,45.55401,Neu5Ac(a2-?)Gal(b1-4)GlcNAc(b1-2)Man(a1-3)[Man(a1-2)Man(a1-6)[Man(a1-3)]Man(a1-6)]Man(b1-4)GlcNAc(b1-4)GlcNAc,6.5320195972162765e-06,1,-0.41625401859039357,H-,candycrunch
509.1038818359375,-4,26.359983333333332,Neu5Ac(a2-?)Gal(b1-4)GlcNAc(b1-2)Man(a1-3)[Neu5Ac(a2-?)GalOS(b1-4)GlcNAc(b1-2)Man(a1-6)]Man(b1-4)GlcNAc(b1-4)GlcNAc,0.0016521186335012317,2,1.0726584313564445,H-,candycrunch
512.57568359375,-4,29.620663333333336,GlcNAc(b1-4)GlcNAc(b1-4)GlcNAc(b1-4)GlcNAc(b1-?)[GlcNAc(b1-?)]Man(a1-6)[Man(a1-3)]Man(b1-4)GlcNAc(b1-4)[Fuc(a1-6)]GlcNAc,5.6762946343269505e-08,1,0.36394916436904623,H-,candycrunch
513.2866821289062,-3,12.6863,Man(a1-2)Man(a1-6)[Man(a1-3)]Man(a1-6)[Man(a1-2)Man(a1-3)]Man(b1-4)GlcNAc(b1-4)GlcNAc,0.03870550915598869,9,-0.11257221187395317,H-,candycrunch
513.3278198242188,-3,39.40098,Man(a1-2)Man(a1-6)[Man(a1-3)]Man(a1-6)[Man(a1-2)Man(a1-3)]Man(b1-4)GlcNAc(b1-4)GlcNAc,0.06648292392492294,1,-0.15370990718645317,H-,candycrunch
513.5604248046875,-3,34.110535,Man(a1-2)Man(a1-6)[Man(a1-3)]Man(a1-6)[Man(a1-2)Man(a1-3)]Man(b1-4)GlcNAc(b1-4)GlcNAc,0.002219326328486204,1,-0.38631488765520317,H-,candycrunch
516.9478759765625,-4,2.630621666666667,GalNAc(b1-4)GlcNAc(b1-2)[Gal(b1-4)GlcNAc(b1-4)]Man(a1-3)[GalNAc(b1-4)GlcNAc(b1-2)Man(a1-6)]Man(b1-4)GlcNAc(b1-4)GlcNAc,1.077972569873964e-06,1,-0.009514562818480954,H-,candycrunch
519.0232543945312,-4,7.8285,Neu5Ac(a2-?)Gal(b1-4)GlcNAc(b1-2)[Gal(b1-4)GlcNAc(b1-4)]Man(a1-3)[Man(a1-?)Man(a1-6)]Man(b1-4)GlcNAc(b1-4)GlcNAc,3.4542044886620715e-05,1,-0.5941565381372129,H-,candycrunch
519.5270385742188,-4,39.86919,GlcA(b1-4)GalNAc(b1-4)GlcNAc(b1-4)GlcNAc(b1-2)Man(a1-6)[GalNAc(b1-4)GlcNAc(b1-2)Man(a1-3)]Man(b1-4)GlcNAc(b1-4)GlcNAc,7.67496111109267e-09,1,0.9061389741502808,H-,candycrunch
519.6150512695312,-4,34.071090000000005,GlcA(b1-4)GalNAc(b1-4)GlcNAc(b1-4)GlcNAc(b1-2)Man(a1-6)[GalNAc(b1-4)GlcNAc(b1-2)Man(a1-3)]Man(b1-4)GlcNAc(b1-4)GlcNAc,6.76642075703171e-09,1,0.8181262788377808,H-,candycrunch
524.6029052734375,-4,30.445890000000002,Neu5Ac(a2-?)Gal(b1-4)[Fuc(a1-3)]GlcNAc(b1-2)Man(a1-6)[GlcNAc(b1-2)Man(a1-3)][GlcNAc(b1-4)]Man(b1-4)GlcNAc(b1-4)GlcNAc,3.642569978978827e-08,1,0.08410120270650623,H-,candycrunch
525.0986938476562,-4,39.00312833333333,Neu5Ac(a2-?)Gal(b1-4)[Fuc(a1-3)]GlcNAc(b1-2)Man(a1-6)[GlcNAc(b1-2)Man(a1-3)][GlcNAc(b1-4)]Man(b1-4)GlcNAc(b1-4)GlcNAc,1.7155825560166704e-07,1,-0.41168737151224377,H-,candycrunch
529.072021484375,-4,38.903706666666665,Fuc(a1-3)[Gal(b1-4)]GlcNAc(b1-2)Man(a1-3)[Fuc(a1-3)[Gal(b1-4)]GlcNAc(b1-2)Man(a1-6)][GlcNAc(b1-4)]Man(b1-4)GlcNAc(b1-4)GlcNAc,2.2610700398217887e-05,1,-0.13118607475598765,H-,candycrunch
530.3048706054688,-3,25.260891666666666,Neu5Ac(a2-?)GalNAc(b1-4)GlcNAc(b1-2)Man(a1-3)[Man(a1-6)]Man(b1-4)GlcNAc(b1-4)GlcNAc,0.0013420195318758488,10,-0.783138072903057,H-,candycrunch
531.3484497070312,-3,25.274735,Neu5Ac(a2-?)[GalNAc(b1-4)]GlcNAc(b1-2)Man(a1-3)[Man(a1-6)]Man(b1-4)GlcNAc(b1-4)GlcNAc,0.00928907934576273,3,-1.826717174465557,H-,candycrunch
532.674072265625,-2,37.063048333333334,GlcNAc(b1-2)Man(a1-6)[Xyl(b1-2)]Man(b1-4)GlcNAc(b1-4)GlcNAc,0.00046373080112971365,1,0.019487903484105118,H-,candycrunch
532.880126953125,-2,23.119135,GlcNAc(b1-2)Man(a1-6)[Xyl(b1-2)]Man(b1-4)GlcNAc(b1-4)GlcNAc,0.0006501699099317193,1,-0.18656678401589488,H-,candycrunch
536.91455078125,-4,30.245688333333337,Gal(b1-4)GlcNAc(b1-2)[Gal(b1-4)GlcNAc(b1-4)]Man(a1-3)[Man(a1-3)[Man(a1-6)]Man(a1-6)][GlcNAc(b1-4)]Man(b1-4)GlcNAc(b1-4)GlcNAc,1.0342522216433281e-07,1,0.023741939618957986,H-,candycrunch
537.7479248046875,-4,39.94744,Gal(b1-4)GlcNAc(b1-2)[Gal(b1-4)GlcNAc(b1-4)]Man(a1-3)[Man(a1-3)[Man(a1-6)]Man(a1-6)][GlcNAc(b1-4)]Man(b1-4)GlcNAc(b1-4)GlcNAc,1.7384095940542466e-08,3,-0.809632083818542,H-,candycrunch
543.0294189453125,-4,26.961795000000002,GlcA(b1-4)GalNAc(b1-4)GlcNAc(b1-4)GlcNAc(b1-2)Man(a1-6)[Fuc(a1-3)GlcNAc(b1-2)Man(a1-3)]Man(b1-4)GlcNAc(b1-4)[Fuc(a1-6)]GlcNAc,4.562854982737008e-09,1,-0.33713012569353396,H-,candycrunch
543.5076293945312,-4,38.34648333333333,GlcA(b1-4)GalNAc(b1-4)GlcNAc(b1-4)GlcNAc(b1-2)Man(a1-6)[Fuc(a1-3)GlcNAc(b1-2)Man(a1-3)]Man(b1-4)GlcNAc(b1-4)[Fuc(a1-6)]GlcNAc,1.8967845960560226e-08,1,-0.815340574912284,H-,candycrunch
544.8507080078125,-3,41.54257166666667,GlcA(b1-4)GalNAc(b1-4)GlcNAc(b1-2)Man(a1-3)[Man(a1-3)Man(a1-6)]Man(b1-4)GlcNAc(b1-4)GlcNAc,8.908589421707802e-10,1,0.3341894897198472,H-,candycrunch
545.3578491210938,-3,38.677231666666664,GlcA(b1-4)GalNAc(b1-4)GlcNAc(b1-2)Man(a1-3)[Man(a1-3)Man(a1-6)]Man(b1-4)GlcNAc(b1-4)GlcNAc,1.0071776301856517e-08,1,-0.1729516235614028,H-,candycrunch
548.1881103515625,-2,37.804885,GlcNAc(b1-2)Man(a1-?)[Man(a1-?)]Man(b1-4)GlcNAc(b1-4)GlcNAc,0.0008463850826956332,2,-0.4892678392034213,H-,candycrunch
550.913818359375,-4,26.46007,Neu5Ac(a2-?)Gal(b1-4)GlcNAc(b1-2)Man(a1-3)[Neu5Ac(a2-?)Gal(b1-4)GlcNAc(b1-2)Man(a1-6)]Man(b1-4)GlcNAc(b1-4)GlcNAc,0.302033007144928,2,-0.2240722342060053,H-,candycrunch
550.9803466796875,-4,45.43208833333333,Neu5Ac(a2-6)Gal(b1-4)GlcNAc(b1-2)Man(a1-3)[Neu5Ac(a2-6)Gal(b1-4)GlcNAc(b1-2)Man(a1-6)]Man(b1-4)GlcNAc(b1-4)GlcNAc,0.0719391331076622,1,-0.2906005545185053,H-,candycrunch
551.2000122070312,-4,15.764163333333332,Neu5Ac(a2-?)Gal(b1-4)[Fuc(a1-3)]GlcNAc(b1-2)Man(a1-?)[Fuc(a1-3)[Gal(b1-4)]GlcNAc(b1-2)Man(a1-?)]Man(b1-4)GlcNAc(b1-4)GlcNAc,0.013223552145063877,1,-0.2551658040123357,H-,candycrunch
551.2135009765625,-4,33.634415000000004,Neu5Ac(a2-?)Gal(b1-4)[Fuc(a1-3)]GlcNAc(b1-2)Man(a1-?)[Fuc(a1-3)[Gal(b1-4)]GlcNAc(b1-2)Man(a1-?)]Man(b1-4)GlcNAc(b1-4)GlcNAc,0.010088937357068062,1,-0.2686545735435857,H-,candycrunch
551.7193603515625,-4,24.506696666666667,Neu5Ac(a2-?)Gal(b1-4)[Fuc(a1-3)]GlcNAc(b1-2)Man(a1-?)[Fuc(a1-3)[Gal(b1-4)]GlcNAc(b1-2)Man(a1-?)]Man(b1-4)GlcNAc(b1-4)GlcNAc,0.01881803572177887,1,-0.7745139485435857,H-,candycrunch
551.8875732421875,-4,16.423351666666665,Neu5Ac(a2-?)Gal(b1-4)GlcNAc(b1-2)Man(a1-3)[Neu5Ac(a2-?)Gal(b1-4)GlcNAc(b1-2)Man(a1-6)]Man(b1-4)GlcNAc(b1-4)GlcNAc,0.14241333305835724,4,-1.1978271170185053,H-,candycrunch
552.59765625,-3,29.834375,Gal(b1-4)GlcNAc(b1-2)Man(a1-?)[GlcNAc(b1-2)Man(a1-?)][GlcNAc(b1-4)]Man(b1-4)GlcNAc(b1-4)GlcNAc,3.346425364725292e-05,1,1.603002768532292,H-,candycrunch
553.4462890625,-3,31.432523333333332,Gal(b1-4)GlcNAc(b1-?)[GlcNAc(b1-?)]Man(a1-?)[GlcNAc(b1-2)Man(a1-?)]Man(b1-4)GlcNAc(b1-4)GlcNAc,0.01132938638329506,4,0.7543699560322921,H-,candycrunch
554.5795288085938,-4,37.511158333333334,Neu5Ac(a2-6)Gal(b1-4)GlcNAc(b1-2)Man(a1-3)[Neu5Gc(a2-6)Gal(b1-4)GlcNAc(b1-2)Man(a1-6)]Man(b1-4)GlcNAc(b1-4)GlcNAc,0.001007228041999042,1,0.10894597157528096,H-,candycrunch
556.697265625,-4,31.017215000000004,GlcA(b1-4)GalNAc(b1-4)GlcNAc(b1-2)Man(a1-3)[GalNAc(b1-4)GlcNAc(b1-4)GlcNAc(b1-2)Man(a1-6)]Man(b1-4)GlcNAc(b1-4)[Fuc(a1-6)]GlcNAc,2.3042556751562415e-09,1,0.2503891256189945,H-,candycrunch
557.1527099609375,-4,32.41193333333333,GlcA(b1-4)GalNAc(b1-4)GlcNAc(b1-2)Man(a1-3)[GalNAc(b1-4)GlcNAc(b1-4)GlcNAc(b1-2)Man(a1-6)]Man(b1-4)GlcNAc(b1-4)[Fuc(a1-6)]GlcNAc,1.6065884178573242e-09,1,-0.2050552103185055,H-,candycrunch
563.3474731445312,-4,38.12547,GalNAcOPCho(b1-4)GlcNAc(b1-4)GlcNAc(b1-?)[GalNAc(b1-4)GlcNAc(b1-?)]Man(a1-6)[GalNAc(b1-4)GlcNAc(b1-2)Man(a1-3)]Man(b1-4)GlcNAc(b1-4)[Fuc(a1-6)]GlcNAc,2.3623192291211126e-09,1,0.36200274683778844,H-,candycrunch
563.56494140625,-4,45.858718333333336,GalNAcOPCho(b1-4)GlcNAc(b1-4)GlcNAc(b1-?)[GalNAc(b1-4)GlcNAc(b1-?)]Man(a1-6)[GalNAc(b1-4)GlcNAc(b1-2)Man(a1-3)]Man(b1-4)GlcNAc(b1-4)[Fuc(a1-6)]GlcNAc,3.8777880212448324e-11,1,0.14453448511903844,H-,candycrunch
564.2662353515625,-4,20.691705,GlcA(b1-4)GalNAc(b1-4)GlcNAc(b1-4)GlcNAc(b1-2)Man(a1-6)[GlcA(b1-4)GalNAc(b1-4)GlcNAc(b1-2)Man(a1-3)]Man(b1-4)GlcNAc(b1-4)GlcNAc,4.207762138719318e-09,1,0.17496418930647906,H-,candycrunch
564.3733520507812,-4,28.040175,GlcA(b1-4)GalNAc(b1-4)GlcNAc(b1-4)GlcNAc(b1-2)Man(a1-6)[GlcA(b1-4)GalNAc(b1-4)GlcNAc(b1-2)Man(a1-3)]Man(b1-4)GlcNAc(b1-4)GlcNAc,3.6697070271429766e-08,1,0.06784749008772906,H-,candycrunch
565.8910522460938,-4,42.45916833333334,Neu5Ac(a2-6)Gal(b1-4)GlcNAc(b1-2)Man(a1-3)[Fuc(a1-3)[Gal(b1-4)]GlcNAc(b1-2)Man(a1-6)][GlcNAc(b1-4)]Man(b1-4)GlcNAc(b1-4)GlcNAc,3.1379274787468603e-06,1,-0.6908399120748072,H-,candycrunch
568.934814453125,-1,23.228138333333334,Man(b1-4)GlcNAc(b1-4)GlcNAc,0.8804342746734619,1,0.2851276422140927,H-,candycrunch
570.0516967773438,-3,22.884988333333332,Neu5Ac(a2-?)Gal(b1-4)GlcNAc(b1-2)Man(a1-3)[Man(a1-?)Man(a1-6)]Man(b1-4)GlcNAc(b1-4)GlcNAc,0.004292046185582876,1,-0.1878728014447688,H-,candycrunch
570.11181640625,-3,36.25563333333333,Neu5Ac(a2-?)Gal(b1-4)GlcNAc(b1-2)Man(a1-3)[Man(a1-?)Man(a1-6)]Man(b1-4)GlcNAc(b1-4)GlcNAc,0.016730764880776405,1,-0.2479924303510188,H-,candycrunch
570.94482421875,-4,35.443220000000004,Neu5Ac(a2-?)GalNAc(b1-4)GlcNAc(b1-2)Man(a1-3)[Neu5Ac(a2-?)GalNAc(b1-4)GlcNAc(b1-2)Man(a1-6)]Man(b1-4)GlcNAc(b1-4)GlcNAc,8.598578278906643e-05,1,0.2581964571689923,H-,candycrunch
571.3031005859375,-4,15.591585,Neu5Ac(a2-?)GalNAc(b1-4)GlcNAc(b1-2)Man(a1-3)[Neu5Ac(a2-?)GalNAc(b1-4)GlcNAc(b1-2)Man(a1-6)]Man(b1-4)GlcNAc(b1-4)GlcNAc,7.479007763322443e-06,8,-0.10007991001850769,H-,candycrunch
571.387939453125,-4,18.191679999999998,Neu5Ac(a2-?)GalNAc(b1-4)GlcNAc(b1-2)Man(a1-3)[Neu5Ac(a2-?)GalNAc(b1-4)GlcNAc(b1-2)Man(a1-6)]Man(b1-4)GlcNAc(b1-4)GlcNAc,1.0830895007529762e-05,8,-0.1849187772060077,H-,candycrunch
572.4542236328125,-4,18.205665,Neu5Ac(a2-?)GalNAc(b1-4)GlcNAc(b1-2)Man(a1-3)[Neu5Ac(a2-?)GalNAc(b1-4)GlcNAc(b1-2)Man(a1-6)]Man(b1-4)GlcNAc(b1-4)GlcNAc,1.5594139767927118e-05,4,-1.2512029568935077,H-,candycrunch
573.6300048828125,-3,39.695275,Fuc(a1-3)[Gal(b1-4)]GlcNAc(b1-2)Man(a1-3)[Man(a1-3)[Man(a1-6)]Man(a1-6)]Man(b1-4)GlcNAc(b1-4)GlcNAc,0.006360448896884918,1,1.9055910043865651,H-,candycrunch
574.8282470703125,-3,2.18489,Neu5Gc(a2-3)Gal(b1-4)GlcNAc(b1-2)Man(a1-3)[Man(a1-?)Man(a1-6)]Man(b1-4)GlcNAc(b1-4)GlcNAc,0.005824425257742405,1,0.3672151122531204,H-,candycrunch
575.0599365234375,-3,26.871855,Fuc(a1-3)[Gal(b1-4)]GlcNAc(b1-2)Man(a1-3)[Man(a1-3)[Man(a1-6)]Man(a1-6)]Man(b1-4)GlcNAc(b1-4)GlcNAc,0.003905954072251916,1,0.47565936376156515,H-,candycrunch
576.0802001953125,-3,25.701453333333333,Fuc(a1-3)[Gal(b1-4)]GlcNAc(b1-2)Man(a1-3)[Man(a1-3)[Man(a1-6)]Man(a1-6)]Man(b1-4)GlcNAc(b1-4)GlcNAc,0.00027315804618410766,1,-0.5446043081134349,H-,candycrunch
576.87451171875,-3,2.6907099999999997,Fuc(a1-3)[Gal(b1-4)]GlcNAc(b1-2)Man(a1-3)[Man(a1-3)[Man(a1-6)]Man(a1-6)]Man(b1-4)GlcNAc(b1-4)GlcNAc,0.0038512374740093946,2,-1.3389158315509349,H-,candycrunch
586.845458984375,-4,41.68864166666667,Neu5Ac(a2-6)Gal(b1-4)GlcNAc(b1-2)Man(a1-3)[Neu5Ac(a2-3)Gal(b1-4)[Fuc(a1-3)]GlcNAc(b1-2)Man(a1-6)]Man(b1-4)GlcNAc(b1-4)GlcNAc,0.0034721216652542353,1,0.35876434304395843,H-,candycrunch
586.997802734375,-4,29.049770000000002,Neu5Ac(a2-?)Gal(b1-4)[Fuc(a1-3)]GlcNAc(b1-2)Man(a1-3)[Neu5Ac(a2-6)Gal(b1-4)GlcNAc(b1-2)Man(a1-6)]Man(b1-4)GlcNAc(b1-4)GlcNAc,0.0011825407855212688,1,0.20642059304395843,H-,candycrunch
587.3397216796875,-4,17.147881666666667,Neu5Ac(a2-?)Gal(b1-4)[Fuc(a1-3)]GlcNAc(b1-2)Man(a1-3)[Neu5Ac(a2-6)Gal(b1-4)GlcNAc(b1-2)Man(a1-6)]Man(b1-4)GlcNAc(b1-4)GlcNAc,0.00015696023183409125,1,-0.13549835226854157,H-,candycrunch
587.3582763671875,-4,13.766028333333333,Neu5Ac(a2-?)Gal(b1-4)[Fuc(a1-3)]GlcNAc(b1-2)Man(a1-3)[Neu5Ac(a2-6)Gal(b1-4)GlcNAc(b1-2)Man(a1-6)]Man(b1-4)GlcNAc(b1-4)GlcNAc,5.291757042868994e-05,7,-0.15405303976854157,H-,candycrunch
588.3788452148438,-3,13.794505,Neu5Gc(a2-?)Gal(b1-4)GlcNAc(b1-2)Man(a1-?)[GlcNAc(b1-2)Man(a1-?)]Man(b1-4)GlcNAc(b1-4)GlcNAc,2.9281700335559435e-05,3,0.4921333348885355,H-,candycrunch
588.5310668945312,-3,12.782796666666666,Neu5Gc(a2-3)Gal(b1-4)GlcNAc(b1-2)Man(a1-3)[GlcNAc(b1-2)Man(a1-6)]Man(b1-4)GlcNAc(b1-4)GlcNAc,0.0036902844440191984,1,0.3399116552010355,H-,candycrunch
589.3875122070312,-3,45.878438333333335,Fuc(a1-3)[Gal(b1-4)]GlcNAc(b1-2)Man(a1-3)[Man(a1-?)Man(a1-6)][GlcNAc(b1-4)]Man(b1-4)GlcNAc(b1-4)GlcNAc,0.008878975175321102,1,-0.17639995266551978,H-,candycrunch
592.7988891601562,-4,2.7321216666666666,Neu5Ac(a2-?)Gal(b1-4)GlcNAc(b1-2)[Neu5Ac(a2-?)Gal(b1-4)GlcNAc(b1-4)]Man(a1-3)[Man(a1-?)Man(a1-6)]Man(b1-4)GlcNAc(b1-4)GlcNAc,0.0021984048653393984,1,-1.595937177112205,H-,candycrunch
593.6549072265625,-3,40.42373166666667,Gal(b1-4)GlcNAc(b1-2)[Gal(b1-4)GlcNAc(b1-4)]Man(a1-3)[Man(a1-?)Man(a1-6)]Man(b1-4)GlcNAc(b1-4)GlcNAc,0.00011852686293423176,1,0.887843235303194,H-,candycrunch
594.2925415039062,-3,27.021121666666666,Gal(b1-4)GlcNAc(b1-2)Man(a1-3)[Man(a1-3)[Man(a1-6)]Man(a1-6)][GlcNAc(b1-4)]Man(b1-4)GlcNAc(b1-4)GlcNAc,7.218190876301378e-05,1,0.250208957959444,H-,candycrunch
603.6251220703125,-3,43.82147666666667,Fuc(a1-3)[Gal(b1-4)]GlcNAc(b1-2)Man(a1-6)[GlcNAc(b1-2)Man(a1-3)][GlcNAc(b1-4)]Man(b1-4)GlcNAc(b1-4)GlcNAc,0.003171383636072278,1,-0.7384934487801047,H-,candycrunch
607.0797119140625,-3,36.21593166666666,GlcA(b1-4)GalNAc(b1-4)GlcNAc(b1-4)[Fuc(a1-3)]GlcNAc(b1-2)Man(a1-3)[Man(a1-6)]Man(b1-4)GlcNAc(b1-4)GlcNAc,2.063251097750296e-10,1,0.4666715536365018,H-,candycrunch
608.8438110351562,-2,30.98252833333333,Man(a1-2)Man(a1-3)[Man(a1-?)Man(a1-6)]Man(b1-4)GlcNAc(b1-4)GlcNAc,0.0015560509636998177,1,-0.6318313577971821,H-,candycrunch
614.0440673828125,-2,12.330535000000001,GlcNAc(b1-2)Man(a1-6)[Xyl(b1-2)][Man(a1-3)]Man(b1-4)GlcNAc(b1-4)GlcNAc,3.406940959393978e-05,1,-0.3240954979534081,H-,candycrunch
615.9120483398438,-3,37.12244166666667,GalNAc(b1-4)GlcNAc(b1-4)GlcNAc(b1-2)Man(a1-6)[GlcNAc(b1-2)Man(a1-3)]Man(b1-4)GlcNAc(b1-4)[Fuc(a1-6)]GlcNAc,2.4965463030213186e-09,1,0.6500966488553104,H-,candycrunch
617.5604248046875,-4,21.879241666666665,Gal(a1-4)Gal(b1-4)GlcNAc(b1-2)[Gal(a1-4)Gal(b1-4)GlcNAc(b1-4)]Man(a1-3)[Gal(a1-4)Gal(b1-4)GlcNAc(b1-2)Man(a1-6)]Man(b1-4)GlcNAc(b1-4)GlcNAc,1.1008597766704042e-06,2,0.4042796319314448,H-,candycrunch
618.8577270507812,-3,41.318646666666666,Neu5Ac(a2-3)Gal(b1-4)[Fuc(a1-3)]GlcNAc(b1-2)Man(a1-3)[Man(a1-?)Man(a1-6)]Man(b1-4)GlcNAc(b1-4)GlcNAc,4.3104900981916217e-08,1,-0.30793347188227926,H-,candycrunch
628.9520874023438,-2,45.58225833333333,GlcNAc(b1-2)Man(a1-3)[Man(a1-?)Man(a1-6)]Man(b1-4)GlcNAc(b1-4)GlcNAc,0.06478698551654816,1,-0.22683317423468452,H-,candycrunch
629.0305786132812,-3,26.502361666666665,Neu5Gc(a2-6)Gal(b1-4)GlcNAc(b1-2)Man(a1-3)[Man(a1-3)[Man(a1-6)]Man(a1-6)]Man(b1-4)GlcNAc(b1-4)GlcNAc,0.005202518776059151,2,0.1824913797844374,H-,candycrunch
632.1959228515625,-3,7.01969,Neu5Ac(a2-3)Gal(b1-4)[Fuc(a1-3)]GlcNAc(b1-2)Man(a1-3)[GlcNAc(b1-2)Man(a1-6)]Man(b1-4)GlcNAc(b1-4)GlcNAc,3.0266933208622504e-06,13,0.029387094503135813,H-,candycrunch
638.1301879882812,-3,38.59325,Fuc(a1-2)Gal(b1-4)[Fuc(a1-3)]GlcNAc(b1-2)Man(a1-6)[Gal(b1-4)GlcNAc(b1-2)Man(a1-3)]Man(b1-4)GlcNAc(b1-4)GlcNAc,0.008721420541405678,1,-0.23310613091564392,H-,candycrunch
643.347900390625,-3,33.123705,Fuc(a1-3)[Gal(b1-4)]GlcNAc(b1-?)[Gal(b1-4)GlcNAc(b1-?)]Man(a1-3)[Man(a1-?)Man(a1-6)]Man(b1-4)GlcNAc(b1-4)GlcNAc,9.508809307590127e-05,1,-0.11918032575931647,H-,candycrunch
643.5528564453125,-3,36.44935833333333,Fuc(a1-3)[Gal(b1-4)]GlcNAc(b1-?)[Gal(b1-4)GlcNAc(b1-?)]Man(a1-3)[Man(a1-?)Man(a1-6)]Man(b1-4)GlcNAc(b1-4)GlcNAc,0.003938500303775072,1,-0.3241363804468165,H-,candycrunch
646.8935546875,-3,15.635563333333334,Gal(a1-3)Gal(b1-?)GlcNAc(b1-2)Man(a1-3)[Gal(a1-3)Gal(b1-?)GlcNAc(b1-2)Man(a1-6)]Man(b1-4)GlcNAc(b1-4)GlcNAc,0.0005529099726118147,1,1.6668035848656473,H-,candycrunch
648.0892333984375,-3,40.493515,Gal(a1-4)Gal(b1-4)GlcNAc(b1-2)[Gal(b1-4)GlcNAc(b1-4)]Man(a1-3)[Man(a1-?)Man(a1-6)]Man(b1-4)GlcNAc(b1-4)GlcNAc,0.0023565259762108326,1,0.4711248739281473,H-,candycrunch
651.1964721679688,-3,6.925738333333333,Neu5Ac(a2-?)Gal(b1-4)GlcNAc(b1-2)Man(a1-6)[GalNAc(b1-4)GlcNAc(b1-2)Man(a1-3)]Man(b1-4)GlcNAc(b1-4)GlcNAc,0.002926579210907221,1,0.03599235276362833,H-,candycrunch
653.878662109375,-4,10.760646666666666,Neu5Ac(a2-?)Gal(b1-4)GlcNAc(b1-2)[Neu5Ac(a2-?)Gal(b1-4)GlcNAc(b1-4)]Man(a1-3)[GalOS(b1-4)GlcNAc(b1-2)[GalOS(b1-4)GlcNAc(b1-6)]Man(a1-6)]Man(b1-4)GlcNAc(b1-4)GlcNAc,1.1402511518099345e-05,1,-1.649229717706021,H-,candycrunch
656.221435546875,-3,31.865965000000003,GlcA(b1-4)GalNAc(b1-4)GlcNAc(b1-4)GlcNAc(b1-2)Man(a1-6)[Fuc(a1-3)[GalNAcOPCho(b1-4)]Man(a1-3)]Man(b1-4)GlcNAc(b1-4)[Fuc(a1-6)]GlcNAc,1.9708579657162772e-08,1,0.01091752382399136,H-,candycrunch
662.0550537109375,-3,24.314245,Gal(b1-4)GlcNAc(b1-2)Man(a1-3)[Gal(b1-4)GlcNAc(b1-2)[Gal(b1-4)GlcNAc(b1-6)]Man(a1-6)]Man(b1-4)GlcNAc(b1-4)GlcNAc,0.0026763223577290773,1,0.18082092859492604,H-,candycrunch
665.4293212890625,-3,7.813963333333333,Neu5Ac(a2-?)GalNAc(b1-4)GlcNAc(b1-2)Man(a1-3)[GalNAc(b1-4)GlcNAc(b1-2)Man(a1-6)]Man(b1-4)GlcNAc(b1-4)GlcNAc,0.00022361268929671496,1,-0.5213404011634566,H-,candycrunch
666.0098266601562,-3,42.808515,Neu5Ac(a2-?)GalNAc(b1-4)GlcNAc(b1-2)Man(a1-3)[GalNAc(b1-4)GlcNAc(b1-2)Man(a1-6)]Man(b1-4)GlcNAc(b1-4)GlcNAc,0.0004878391628153622,1,-1.1018457722572066,H-,candycrunch
666.1861572265625,-3,45.56775833333333,Neu5Ac(a2-?)GalNAc(b1-4)GlcNAc(b1-2)Man(a1-3)[GalNAc(b1-4)GlcNAc(b1-2)Man(a1-6)]Man(b1-4)GlcNAc(b1-4)GlcNAc,0.0007167390431277454,4,-1.2781763386634566,H-,candycrunch
666.20263671875,-3,27.152881666666666,Neu5Ac(a2-?)GalNAc(b1-4)GlcNAc(b1-2)Man(a1-3)[GalNAc(b1-4)GlcNAc(b1-2)Man(a1-6)]Man(b1-4)GlcNAc(b1-4)GlcNAc,0.00018703735258895904,1,-1.2946558308509566,H-,candycrunch
667.3380126953125,-3,14.815736666666666,Neu5Ac(a2-?)GalNAc(b1-4)GlcNAc(b1-2)Man(a1-3)[GalNAc(b1-4)GlcNAc(b1-2)Man(a1-6)]Man(b1-4)GlcNAc(b1-4)GlcNAc,0.0007579046650789678,6,-2.4300318074134566,H-,candycrunch
667.3887939453125,-3,17.335783333333335,Neu5Ac(a2-?)GalNAc(b1-4)GlcNAc(b1-2)Man(a1-3)[GalNAc(b1-4)GlcNAc(b1-2)Man(a1-6)]Man(b1-4)GlcNAc(b1-4)GlcNAc,0.0007655927911400795,7,-2.4808130574134566,H-,candycrunch
669.1708984375,-3,7.347101666666666,Neu5Ac(a2-?)Gal(b1-4)[Fuc(a1-3)]GlcNAc(b1-2)Man(a1-3)[Man(a1-3)[Man(a1-6)]Man(a1-6)]Man(b1-4)GlcNAc(b1-4)GlcNAc,1.0336907507735305e-05,2,3.3965029518990377,H-,candycrunch
671.71630859375,-3,35.945813333333334,Neu5Ac(a2-?)Gal(b1-4)[Fuc(a1-3)]GlcNAc(b1-2)Man(a1-3)[Man(a1-3)[Man(a1-6)]Man(a1-6)]Man(b1-4)GlcNAc(b1-4)GlcNAc,1.7565349480719306e-05,1,0.8510927956490377,H-,candycrunch
675.3529052734375,-3,41.64485333333333,GlcA(b1-4)GalNAc(b1-4)GlcNAc(b1-4)GlcNAc(b1-2)Man(a1-6)[GlcNAc(b1-2)Man(a1-3)]Man(b1-4)GlcNAc(b1-4)[Fuc(a1-6)]GlcNAc,6.228214388670494e-09,1,-0.11339762807176612,H-,candycrunch
675.408447265625,-3,15.200163333333332,Glc(a1-3)Man(a1-2)Man(a1-2)Man(a1-3)[Man(a1-2)Man(a1-3)[Man(a1-2)Man(a1-6)]Man(a1-6)]Man(b1-4)GlcNAc(b1-4)GlcNAc,0.011361374519765377,8,-0.18151391709272957,H-,candycrunch
675.4485473632812,-3,13.5876,Glc(a1-3)Man(a1-2)Man(a1-2)Man(a1-3)[Man(a1-2)Man(a1-3)[Man(a1-2)Man(a1-6)]Man(a1-6)]Man(b1-4)GlcNAc(b1-4)GlcNAc,0.0038459952920675278,5,-0.22161401474897957,H-,candycrunch
676.244873046875,-3,15.2147,Gal(b1-4)GlcNAc(b1-2)[Gal(b1-4)GlcNAc(b1-4)]Man(a1-3)[GlcNAc(b1-2)Man(a1-6)][GlcNAc(b1-4)]Man(b1-4)GlcNAc(b1-4)GlcNAc,1.0611803880067328e-08,1,-0.33348204017602256,H-,candycrunch
678.382568359375,-3,31.73438333333333,Neu5Gc(a2-3)Gal(b1-4)[Fuc(a1-3)]GlcNAc(b1-2)Man(a1-3)[Man(a1-3)[Man(a1-6)]Man(a1-6)]Man(b1-4)GlcNAc(b1-4)GlcNAc,6.329471489152638e-07,1,-0.48352876330932304,H-,candycrunch
680.958251953125,-3,41.528225,Neu5Ac(a2-?)Gal(b1-4)GlcNAc(b1-2)Man(a1-3)[Neu5Ac(a2-?)GalOS(b1-4)GlcNAc(b1-2)Man(a1-6)]Man(b1-4)GlcNAc(b1-4)GlcNAc,0.0003200756327714771,1,-0.38710610785938115,H-,candycrunch
681.3229370117188,-3,35.7758,Neu5Ac(a2-?)Gal(b1-4)GlcNAc(b1-2)Man(a1-3)[Neu5Ac(a2-?)GalOS(b1-4)GlcNAc(b1-2)Man(a1-6)]Man(b1-4)GlcNAc(b1-4)GlcNAc,7.885001105023548e-05,1,-0.7517911664531312,H-,candycrunch
685.8653564453125,-3,17.624838333333333,Neu5Ac(a2-?)Gal(b1-4)[Fuc(a1-3)]GlcNAc(b1-2)Man(a1-?)[Gal(b1-4)GlcNAc(b1-2)Man(a1-?)]Man(b1-4)GlcNAc(b1-4)GlcNAc,0.0022465186193585396,1,0.3775613112530891,H-,candycrunch
689.08984375,-2,9.725158333333333,Man(a1-2)Man(a1-6)[Man(a1-3)]Man(a1-6)[Man(a1-3)]Man(b1-4)GlcNAc(b1-4)GlcNAc,0.00924722570925951,20,0.14854764310905466,H-,candycrunch
689.3826904296875,-2,45.72964,Man(a1-2)Man(a1-3)[Man(a1-3)[Man(a1-6)]Man(a1-6)]Man(b1-4)GlcNAc(b1-4)GlcNAc,0.07366608828306198,5,-0.14429903657844534,H-,candycrunch
689.440673828125,-2,35.684801666666665,Man(a1-2)Man(a1-3)[Man(a1-3)[Man(a1-6)]Man(a1-6)]Man(b1-4)GlcNAc(b1-4)GlcNAc,0.025367693975567818,1,-0.20228243501594534,H-,candycrunch
689.7095947265625,-2,39.06724833333333,Man(a1-2)Man(a1-3)[Man(a1-3)[Man(a1-6)]Man(a1-6)]Man(b1-4)GlcNAc(b1-4)GlcNAc,0.01113069150596857,1,-0.47120333345344534,H-,candycrunch
690.0616455078125,-3,9.753003333333334,GalNAc(b1-4)GlcNAc(b1-2)[Gal(b1-4)GlcNAc(b1-4)]Man(a1-3)[GalNAc(b1-4)GlcNAc(b1-2)Man(a1-6)]Man(b1-4)GlcNAc(b1-4)GlcNAc,2.4254918074007037e-08,10,-0.4747381339467438,H-,candycrunch
691.261474609375,-3,13.54775,Neu5Ac(a2-?)Gal(b1-4)GlcNAc(b1-?)[Gal(b1-4)GlcNAc(b1-?)]Man(a1-3)[Man(a1-?)Man(a1-6)]Man(b1-4)GlcNAc(b1-4)GlcNAc,0.008454975672066212,2,0.31308135469078024,H-,candycrunch
692.80908203125,-4,3.7193300000000002,Neu5Ac(a2-?)Gal(b1-4)GlcNAc(b1-2)[Neu5Ac(a2-?)Gal(b1-4)GlcNAc(b1-4)]Man(a1-3)[GalOS(b1-4)GlcNAc(b1-?)[Gal(b1-4)GlcNAc(b1-?)]Man(a1-6)]Man(b1-4)GlcNAc(b1-4)GlcNAc,0.0001716440310701728,1,-0.06644378170597065,H-,candycrunch
694.5928955078125,-3,40.171796666666665,GlcA(b1-4)GalNAc(b1-4)GlcNAc(b1-4)GlcNAc(b1-2)Man(a1-6)[GalNAc(b1-4)GlcNAc(b1-2)Man(a1-3)]Man(b1-4)GlcNAc(b1-4)GlcNAc,8.680747232148178e-10,1,-0.3462332877801373,H-,candycrunch
696.8114013671875,-3,42.646611666666665,Neu5Gc(a2-?)Gal(b1-4)GlcNAc(b1-2)Man(a1-3)[Gal(a1-3)Gal(b1-4)GlcNAc(b1-2)Man(a1-6)]Man(b1-4)GlcNAc(b1-4)GlcNAc,5.029405201639747e-06,1,0.09479280354480579,H-,candycrunch
697.80859375,-3,41.835701666666665,Fuc(a1-3)[Gal(b1-4)]GlcNAc(b1-?)[Gal(b1-4)GlcNAc(b1-?)]Man(a1-3)[Man(a1-3)[Man(a1-6)]Man(a1-6)]Man(b1-4)GlcNAc(b1-4)GlcNAc,5.837891308146936e-07,2,-0.5622658746342495,H-,candycrunch
698.656494140625,-3,19.207988333333333,Neu5Ac(a2-?)Gal(b1-4)[Fuc(a1-3)]GlcNAc(b1-2)Man(a1-6)[GlcNAc(b1-2)Man(a1-3)][GlcNAc(b1-4)]Man(b1-4)GlcNAc(b1-4)GlcNAc,6.612744130052306e-08,11,1.2619399831073679,H-,candycrunch
698.6837158203125,-3,17.674645,Neu5Ac(a2-?)Gal(b1-4)[Fuc(a1-3)]GlcNAc(b1-2)Man(a1-6)[GlcNAc(b1-2)Man(a1-3)][GlcNAc(b1-4)]Man(b1-4)GlcNAc(b1-4)GlcNAc,3.544309095104836e-07,1,1.2347183034198679,H-,candycrunch
699.8763427734375,-3,12.865066666666667,Neu5Ac(a2-?)Gal(b1-4)[Fuc(a1-3)]GlcNAc(b1-2)Man(a1-6)[GlcNAc(b1-2)Man(a1-3)][GlcNAc(b1-4)]Man(b1-4)GlcNAc(b1-4)GlcNAc,2.66268034465611e-06,1,0.04209135029486788,H-,candycrunch
700.0260009765625,-3,38.159985,Neu5Ac(a2-?)Gal(b1-4)[Fuc(a1-3)]GlcNAc(b1-2)Man(a1-6)[GlcNAc(b1-2)Man(a1-3)][GlcNAc(b1-4)]Man(b1-4)GlcNAc(b1-4)GlcNAc,1.0961903029738096e-07,1,-0.10756685283013212,H-,candycrunch
705.144775390625,-3,38.98296166666666,Neu5Ac(a2-?)Gal(b1-4)GlcNAc(b1-2)Man(a1-3)[Gal(b1-4)GlcNAc(b1-2)Man(a1-6)][GlcNAc(b1-4)]Man(b1-4)GlcNAc(b1-4)GlcNAc,0.00103006639983505,13,0.10529694060733163,H-,candycrunch
705.1636962890625,-3,40.23804333333334,Neu5Ac(a2-?)Gal(b1-4)GlcNAc(b1-2)Man(a1-3)[Gal(b1-4)GlcNAc(b1-2)Man(a1-6)][GlcNAc(b1-4)]Man(b1-4)GlcNAc(b1-4)GlcNAc,0.0009442592854611576,7,0.08637604216983163,H-,candycrunch
705.2955322265625,-3,36.489266666666666,Neu5Ac(a2-?)Gal(b1-4)GlcNAc(b1-2)Man(a1-3)[Gal(b1-4)GlcNAc(b1-2)Man(a1-6)][GlcNAc(b1-4)]Man(b1-4)GlcNAc(b1-4)GlcNAc,0.0012068465584889054,5,-0.045459895330168365,H-,candycrunch
705.3053588867188,-3,45.40333,Neu5Ac(a2-?)Gal(b1-4)GlcNAc(b1-2)Man(a1-3)[Gal(b1-4)GlcNAc(b1-2)Man(a1-6)][GlcNAc(b1-4)]Man(b1-4)GlcNAc(b1-4)GlcNAc,0.00011001066741300747,1,-0.055286555486418365,H-,candycrunch
705.3138427734375,-3,43.723675,Neu5Ac(a2-?)Gal(b1-4)GlcNAc(b1-2)Man(a1-3)[Gal(b1-4)GlcNAc(b1-2)Man(a1-6)][GlcNAc(b1-4)]Man(b1-4)GlcNAc(b1-4)GlcNAc,0.0004727430350612849,4,-0.06377044220516837,H-,candycrunch
705.3170166015625,-3,41.72783833333334,Neu5Ac(a2-?)Gal(b1-4)GlcNAc(b1-2)Man(a1-3)[Gal(b1-4)GlcNAc(b1-2)Man(a1-6)][GlcNAc(b1-4)]Man(b1-4)GlcNAc(b1-4)GlcNAc,0.001580681768245995,5,-0.06694427033016837,H-,candycrunch
706.5792236328125,-3,39.654720000000005,Fuc(a1-3)[Gal(b1-4)]GlcNAc(b1-2)Man(a1-3)[Fuc(a1-3)[Gal(b1-4)]GlcNAc(b1-2)Man(a1-6)][GlcNAc(b1-4)]Man(b1-4)GlcNAc(b1-4)GlcNAc,6.684559821223957e-07,1,-0.9890175977801619,H-,candycrunch
708.30908203125,-2,15.689523333333334,Gal(b1-4)GlcNAc(b1-2)Man(a1-3)[Man(a1-?)Man(a1-6)]Man(b1-4)GlcNAc(b1-4)GlcNAc,0.01014344859868288,5,1.4425839126090523,H-,candycrunch
710.505126953125,-4,30.957443333333334,Neu5Ac(a2-6)Gal(b1-4)GlcNAc(b1-?)[Gal(b1-4)GlcNAc(b1-?)]Man(a1-3)[Gal(b1-4)GlcNAc(b1-2)[Gal(b1-4)GlcNAc(b1-6)]Man(a1-6)][GlcNAc(b1-4)]Man(b1-4)GlcNAc(b1-4)GlcNAc,7.230249252643262e-07,1,0.7467061608939503,H-,candycrunch
710.6513671875,-4,41.713406666666664,Neu5Ac(a2-6)Gal(b1-4)GlcNAc(b1-?)[Gal(b1-4)GlcNAc(b1-?)]Man(a1-3)[Gal(b1-4)GlcNAc(b1-2)[Gal(b1-4)GlcNAc(b1-6)]Man(a1-6)][GlcNAc(b1-4)]Man(b1-4)GlcNAc(b1-4)GlcNAc,9.478708875576558e-07,1,0.6004659265189503,H-,candycrunch
716.3297119140625,-3,15.988353333333333,Gal(b1-4)GlcNAc(b1-2)[Gal(b1-4)GlcNAc(b1-4)]Man(a1-3)[Man(a1-3)[Man(a1-6)]Man(a1-6)][GlcNAc(b1-4)]Man(b1-4)GlcNAc(b1-4)GlcNAc,2.0255464860952088e-08,11,-0.07622946403023434,H-,candycrunch
716.423828125,-3,13.78004,Gal(b1-4)GlcNAc(b1-2)[Gal(b1-4)GlcNAc(b1-4)]Man(a1-3)[Man(a1-3)[Man(a1-6)]Man(a1-6)][GlcNAc(b1-4)]Man(b1-4)GlcNAc(b1-4)GlcNAc,4.820714383235725e-10,3,-0.17034567496773434,H-,candycrunch
717.3048095703125,-3,37.66601,Gal(b1-4)GlcNAc(b1-2)[Gal(b1-4)GlcNAc(b1-4)]Man(a1-3)[Man(a1-3)[Man(a1-6)]Man(a1-6)][GlcNAc(b1-4)]Man(b1-4)GlcNAc(b1-4)GlcNAc,1.4467253173222616e-08,1,-1.0513271202802343,H-,candycrunch
717.4544677734375,-3,13.808573333333333,Gal(b1-4)GlcNAc(b1-2)[Gal(b1-4)GlcNAc(b1-4)]Man(a1-3)[Man(a1-3)[Man(a1-6)]Man(a1-6)][GlcNAc(b1-4)]Man(b1-4)GlcNAc(b1-4)GlcNAc,7.504889154574812e-09,1,-1.2009853234052343,H-,candycrunch
721.1551513671875,-3,40.894205,Kdn(a2-3)Gal(b1-4)GlcNAc(b1-2)Man(a1-?)[Neu5Ac(a2-?)Gal(b1-4)GlcNAc(b1-2)Man(a1-?)]Man(b1-4)GlcNAc(b1-4)GlcNAc,3.158337236186526e-08,1,-0.24191421362183974,H-,candycrunch
721.1702880859375,-3,44.03198833333334,Kdn(a2-3)Gal(b1-4)GlcNAc(b1-2)Man(a1-?)[Neu5Ac(a2-?)Gal(b1-4)GlcNAc(b1-2)Man(a1-?)]Man(b1-4)GlcNAc(b1-4)GlcNAc,1.0578039777442427e-08,1,-0.25705093237183974,H-,candycrunch
724.3278198242188,-3,8.851635,GlcA(b1-4)GalNAc(b1-4)GlcNAc(b1-4)GlcNAc(b1-2)Man(a1-6)[Fuc(a1-3)GlcNAc(b1-2)Man(a1-3)]Man(b1-4)GlcNAc(b1-4)[Fuc(a1-6)]GlcNAc,3.6660785518449757e-09,1,-0.40234257585314026,H-,candycrunch
726.298583984375,-4,33.87972666666666,Neu5Gc(a2-6)Gal(b1-4)GlcNAc(b1-2)[Neu5Gc(a2-6)Gal(b1-4)GlcNAc(b1-6)]Man(a1-3)[Neu5Gc(a2-6)Gal(b1-4)GlcNAc(b1-2)Man(a1-6)]Man(b1-4)GlcNAc(b1-4)GlcNAc,3.43770329891413e-06,1,0.4442512235690401,H-,candycrunch
729.5791015625,-3,26.300963333333335,Glc(a1-3)Glc(a1-3)Man(a1-2)Man(a1-2)Man(a1-3)[Man(a1-2)Man(a1-3)[Man(a1-2)Man(a1-6)]Man(a1-6)]Man(b1-4)GlcNAc(b1-4)GlcNAc,0.00011198870924999937,1,-0.3345604034676626,H-,candycrunch
731.5855712890625,-1,21.266948333333335,Man(a1-?)Man(b1-4)GlcNAc(b1-4)GlcNAc,0.023546406999230385,11,-0.3128057622234337,H-,candycrunch
731.75,-1,43.30411333333333,Man(a1-?)Man(b1-4)GlcNAc(b1-4)GlcNAc,0.3977607786655426,1,-0.4772344731609337,H-,candycrunch
733.4190673828125,-4,17.28119333333333,Neu5Ac(a2-?)Gal(b1-4)GlcNAc(b1-2)[Neu5Ac(a2-?)Gal(b1-4)GlcNAc(b1-4)]Man(a1-3)[Gal(b1-4)GlcNAc(b1-2)[Gal(b1-4)GlcNAc(b1-6)]Man(a1-6)]Man(b1-4)GlcNAc(b1-4)GlcNAc,0.004708539694547653,5,-0.1632232753935341,H-,candycrunch
733.5347290039062,-4,20.22261333333333,Neu5Ac(a2-3)Gal(b1-4)[Fuc(a1-3)]GlcNAc(b1-3)Gal(b1-4)[Fuc(a1-3)]GlcNAc(b1-3)Gal(b1-4)GlcNAc(b1-2)Man(a1-6)[Gal(b1-4)GlcNAc(b1-2)Man(a1-3)]Man(b1-4)GlcNAc(b1-4)GlcNAc,4.238746669216198e-07,5,-0.023784618637250787,H-,candycrunch
749.3755493164062,-4,16.643193333333333,Gal(a1-4)Gal(b1-4)GlcNAc(b1-2)[Gal(a1-4)Gal(b1-4)GlcNAc(b1-4)]Man(a1-3)[Gal(a1-4)Gal(b1-4)GlcNAc(b1-2)[Gal(a1-4)Gal(b1-4)GlcNAc(b1-6)]Man(a1-6)]Man(b1-4)GlcNAc(b1-4)GlcNAc,1.3716962676824096e-08,11,0.3854099692126738,H-,candycrunch
749.4307250976562,-4,18.57218166666667,Gal(a1-4)Gal(b1-4)GlcNAc(b1-2)[Gal(a1-4)Gal(b1-4)GlcNAc(b1-4)]Man(a1-3)[Gal(a1-4)Gal(b1-4)GlcNAc(b1-2)[Gal(a1-4)Gal(b1-4)GlcNAc(b1-6)]Man(a1-6)]Man(b1-4)GlcNAc(b1-4)GlcNAc,1.2821931072437565e-08,5,0.3302341879626738,H-,candycrunch
750.4306030273438,-2,18.617525,GlcNAc(b1-2)Man(a1-3)[GlcNAc(b1-2)Man(a1-6)][GlcNAc(b1-4)]Man(b1-4)GlcNAc(b1-4)GlcNAc,0.005104306153953075,3,0.3476120180152975,H-,candycrunch
761.5321044921875,-3,41.146745,Neu5Ac(a2-?)GalNAc(b1-4)GlcNAc(b1-2)Man(a1-3)[Neu5Ac(a2-?)GalNAc(b1-4)GlcNAc(b1-2)Man(a1-6)]Man(b1-4)GlcNAc(b1-4)GlcNAc,3.122565249213949e-05,1,0.407681897911516,H-,candycrunch
763.2890625,-4,39.532673333333335,Neu5Ac(a2-?)[Gal(b1-?)]Gal(b1-4)GlcNAc(b1-2)[Gal(b1-?)Gal(b1-4)GlcNAc(b1-4)]Man(a1-3)[Neu5Ac(a2-?)[Gal(b1-?)]Gal(b1-4)GlcNAc(b1-2)Man(a1-6)]Man(b1-4)GlcNAc(b1-4)GlcNAc,2.369799403822981e-06,1,0.2233501899189605,H-,candycrunch
764.793701171875,-4,41.595398333333335,Neu5Ac(a2-?)Gal(b1-4)GlcNAc(b1-2)[Neu5Ac(a2-?)Gal(b1-4)GlcNAc(b1-4)]Man(a1-3)[Neu5Ac(a2-3)[GalNAc(b1-4)]Gal(b1-4)GlcNAc(b1-2)Man(a1-6)]Man(b1-4)GlcNAc(b1-4)GlcNAc,0.0020978173706680536,1,0.7227912043189235,H-,candycrunch
767.91162109375,-2,38.81422666666666,Neu5Ac(a2-3)Gal(b1-4)[Fuc(a1-3)]GlcNAc(b1-2)Man(a1-6)Man(b1-4)GlcNAc(b1-4)GlcNAc,5.981602271276643e-07,1,-1.6361159235909781,H-,candycrunch
769.7313842773438,-4,25.082311666666666,{Fuc(a1-?)}{Neu5Ac(a2-?)}{Neu5Ac(a2-?)}Gal(b1-4)GlcNAc(b1-2)[Gal(b1-4)GlcNAc(b1-?)]Man(a1-?)[Gal(b1-4)GlcNAc(b1-2)[Gal(b1-4)GlcNAc(b1-?)]Man(a1-?)]Man(b1-4)GlcNAc(b1-4)GlcNAc,0.00019247829914093018,1,0.03893703232529333,H-,candycrunch
769.8623046875,-2,38.49694,Man(a1-2)Man(a1-6)[Man(a1-3)]Man(a1-6)[Man(a1-2)Man(a1-3)]Man(b1-4)GlcNAc(b1-4)GlcNAc,0.07040690630674362,1,0.40249842135904146,H-,candycrunch
772.0505981445312,-3,39.89812666666666,Neu5Ac(a2-3)[GalNAc(b1-4)]Gal(b1-4)GlcNAc(b1-2)Man(a1-3)[GalOS(b1-4)GlcNAc(b1-?)[Gal(b1-4)GlcNAc(b1-?)]Man(a1-6)]Man(b1-4)GlcNAc(b1-4)GlcNAc,2.7793362278316636e-07,1,0.8925983643677,H-,candycrunch
773.454345703125,-3,37.58159333333334,Fuc(a1-2)Gal(b1-4)[Fuc(a1-3)]GlcNAc(b1-?)[GlcNAc(b1-?)]Man(a1-6)[Gal(b1-4)GlcNAc(b1-2)[GlcNAc(b1-4)]Man(a1-3)]Man(b1-4)GlcNAc(b1-4)GlcNAc,0.0001311408559558913,1,-0.17101549042592978,H-,candycrunch
775.2068481445312,-2,25.621446666666667,Neu5Ac(a2-6)Gal(b1-4)GlcNAc(b1-2)Man(a1-?)[Man(a1-?)]Man(b1-4)GlcNAc(b1-4)GlcNAc,0.016364114359021187,1,-0.9338856631221688,H-,candycrunch
776.0175170898438,-3,17.889685,Neu5Ac(a2-?)Gal(b1-4)[Neu5Ac(a2-?)]GlcNAc(b1-2)Man(a1-3)[Neu5Ac(a2-6)GlcNAc(b1-2)Man(a1-6)]Man(b1-4)GlcNAc(b1-4)GlcNAc,3.8254125911407755e-07,1,1.5854342576218414,H-,candycrunch
777.4613647460938,-3,41.249696666666665,Neu5Ac(a2-?)Gal(b1-4)[Neu5Ac(a2-?)]GlcNAc(b1-2)Man(a1-3)[Neu5Ac(a2-6)GlcNAc(b1-2)Man(a1-6)]Man(b1-4)GlcNAc(b1-4)GlcNAc,4.5416825855681964e-07,1,0.14158660137184143,H-,candycrunch
779.5548095703125,-3,17.08776,Gal(b1-4)GlcNAc(b1-2)Man(a1-3)[Fuc(a1-3)[Gal(b1-4)]GlcNAc(b1-?)[Gal(b1-4)GlcNAc(b1-?)]Man(a1-6)][GlcNAc(b1-4)]Man(b1-4)GlcNAc(b1-4)GlcNAc,0.0005787156987935305,5,-0.939841150113466,H-,candycrunch
779.5800170898438,-3,19.42975666666667,Gal(b1-4)GlcNAc(b1-2)Man(a1-3)[Gal(b1-4)GlcNAc(b1-2)[Fuc(a1-3)[Gal(b1-4)]GlcNAc(b1-6)]Man(a1-6)][GlcNAc(b1-4)]Man(b1-4)GlcNAc(b1-4)GlcNAc,0.0016493715811520815,10,-0.965048669644716,H-,candycrunch
779.6356201171875,-3,18.396996666666666,Gal(b1-4)GlcNAc(b1-2)Man(a1-3)[Fuc(a1-3)[Gal(b1-4)]GlcNAc(b1-?)[Gal(b1-4)GlcNAc(b1-?)]Man(a1-6)][GlcNAc(b1-4)]Man(b1-4)GlcNAc(b1-4)GlcNAc,8.922987763071433e-05,5,-1.020651696988466,H-,candycrunch
780.5228271484375,-4,18.426855,Neu5Ac(a2-?)Gal(b1-4)GlcNAc(b1-2)[Gal(a1-4)Gal(b1-4)GlcNAc(b1-4)]Man(a1-3)[Gal(a1-4)Gal(b1-4)GlcNAc(b1-2)[Gal(a1-4)Gal(b1-4)GlcNAc(b1-6)]Man(a1-6)]Man(b1-4)GlcNAc(b1-4)GlcNAc,6.328017434498179e-07,3,1.498780405956495,H-,candycrunch
786.6495971679688,-4,44.06008833333333,{Neu5Ac(a2-?)}Neu5Ac(a2-?)Gal(b1-4)GlcNAc(b1-2)[Neu5Ac(a2-?)Gal(b1-4)GlcNAc(b1-?)]Man(a1-?)[Neu5Ac(a2-?)Gal(b1-4)GlcNAc(b1-2)Man(a1-?)]Man(b1-4)GlcNAc(b1-4)GlcNAc,8.466524741379544e-05,1,0.8709062016251892,H-,candycrunch
790.4281005859375,-2,15.473664999999999,Gal(b1-4)GlcNAc(b1-2)Man(a1-3)[Man(a1-3)[Man(a1-6)]Man(a1-6)]Man(b1-4)GlcNAc(b1-4)GlcNAc,0.010722140781581402,2,0.34997707367165276,H-,candycrunch
798.8735961914062,-3,38.780456666666666,GlcA(b1-4)GalNAc(b1-4)GlcNAc(b1-4)GlcNAc(b1-2)Man(a1-3)[GlcA(b1-4)GalNAc(b1-4)GlcNAc(b1-2)Man(a1-6)]Man(b1-4)GlcNAc(b1-4)[Fuc(a1-6)]GlcNAc,3.449177654601954e-08,1,2.736398288292662,H-,candycrunch
808.733642578125,-4,26.487558333333332,Neu5Ac(a2-?)Gal(b1-4)GlcNAc(b1-2)[Neu5Ac(a2-?)GlcNAc(b1-4)]Man(a1-3)[Neu5Ac(a2-?)GalNAc(b1-4)GlcNAc(b1-2)[Neu5Ac(a2-?)GlcNAc(b1-6)]Man(a1-6)]Man(b1-4)GlcNAc(b1-4)GlcNAc,9.27751352719497e-06,1,-0.6998646577810632,H-,candycrunch
810.904296875,-2,26.53045,Gal(b1-4)GlcNAc(b1-2)Man(a1-3)[Gal(b1-4)GlcNAc(b1-2)Man(a1-6)]Man(b1-4)GlcNAc(b1-4)GlcNAc,0.10067905485630035,1,0.3870553353590367,H-,candycrunch
812.430908203125,-3,22.068321666666666,Neu5Ac(a2-?)Gal(b1-4)GlcNAc(b1-2)Man(a1-3)[Gal(a1-4)Gal(b1-4)GlcNAc(b1-2)[Gal(b1-4)GlcNAc(b1-6)]Man(a1-6)]Man(b1-4)GlcNAc(b1-4)GlcNAc,3.368114676050027e-06,3,0.8543797491073519,H-,candycrunch
813.161376953125,-3,22.083101666666668,Neu5Ac(a2-?)Gal(b1-4)GlcNAc(b1-2)[Gal(a1-?)[Gal(b1-?)]Gal(b1-4)GlcNAc(b1-4)]Man(a1-3)[GlcNAc(b1-2)Man(a1-6)]Man(b1-4)GlcNAc(b1-4)GlcNAc,4.819191963179037e-05,1,0.12391099910735193,H-,candycrunch
813.362060546875,-3,28.736805,Neu5Ac(a2-?)Gal(b1-4)GlcNAc(b1-?)[Gal(b1-4)GlcNAc(b1-?)]Man(a1-3)[Gal(a1-3)Gal(b1-4)GlcNAc(b1-2)Man(a1-6)]Man(b1-4)GlcNAc(b1-4)GlcNAc,2.497049308658461e-06,11,-0.07677259464264807,H-,candycrunch
814.1376953125,-4,35.740215,Neu5Ac(a2-?)Gal(b1-4)GlcNAc(b1-2)[Neu5Ac(a2-?)Gal(b1-4)GlcNAc(b1-4)]Man(a1-3)[Gal(a1-4)Gal(b1-4)GlcNAc(b1-2)[Gal(a1-4)Gal(b1-4)GlcNAc(b1-6)]Man(a1-6)]Man(b1-4)GlcNAc(b1-4)GlcNAc,8.247794539784081e-06,1,0.1445605106689527,H-,candycrunch
814.3524169921875,-4,28.766640000000002,Neu5Ac(a2-?)Gal(b1-4)GlcNAc(b1-2)[Neu5Ac(a2-?)Gal(b1-4)GlcNAc(b1-4)]Man(a1-3)[Gal(a1-4)Gal(b1-4)GlcNAc(b1-2)[Gal(a1-4)Gal(b1-4)GlcNAc(b1-6)]Man(a1-6)]Man(b1-4)GlcNAc(b1-4)GlcNAc,2.4877886062313337e-06,3,-0.0701611690185473,H-,candycrunch
819.8506469726562,-4,21.085701666666665,Neu5Ac(a2-?)Gal(b1-4)[Neu5Ac(a2-?)]GlcNAc(b1-2)Man(a1-3)[Neu5Ac(a2-?)Gal(b1-4)[Neu5Ac(a2-?)]GlcNAc(b1-2)[Neu5Ac(a2-?)GlcNAc(b1-6)]Man(a1-6)]Man(b1-4)GlcNAc(b1-4)GlcNAc,3.770933517444064e-06,1,-0.06949533428735322,H-,candycrunch
820.3917236328125,-4,20.731066666666667,Neu5Ac(a2-?)Gal(b1-4)[Neu5Ac(a2-?)]GlcNAc(b1-2)Man(a1-3)[Neu5Ac(a2-?)Gal(b1-4)[Neu5Ac(a2-?)]GlcNAc(b1-2)[Neu5Ac(a2-?)GlcNAc(b1-6)]Man(a1-6)]Man(b1-4)GlcNAc(b1-4)GlcNAc,0.00011566795728867874,1,-0.6105719944436032,H-,candycrunch
821.4932861328125,-4,28.751829999999998,Fuc(a1-2)Gal(b1-4)[Fuc(a1-3)]GlcNAc(b1-3)Gal(b1-4)GlcNAc(b1-?)[GlcNAc(b1-?)]Man(a1-6)[Fuc(a1-2)Gal(b1-4)[Fuc(a1-3)]GlcNAc(b1-?)[Fuc(a1-3)[Gal(b1-4)]GlcNAc(b1-?)]Man(a1-3)]Man(b1-4)GlcNAc(b1-4)GlcNAc,1.2513902447608416e-06,5,-0.44292113419351153,H-,candycrunch
825.6510009765625,-3,38.86942166666667,Fuc(a1-2)Gal(b1-4)[Fuc(a1-3)]GlcNAc(b1-6)[Gal(b1-4)GlcNAc(b1-2)]Man(a1-6)[Gal(b1-4)GlcNAc(b1-2)Man(a1-3)][GlcNAc(b1-4)]Man(b1-4)GlcNAc(b1-4)GlcNAc,0.07148601859807968,1,1.6499370466366372,H-,candycrunch
827.5426025390625,-3,36.19534166666667,Fuc(a1-2)Gal(b1-4)[Fuc(a1-3)]GlcNAc(b1-6)[Gal(b1-4)GlcNAc(b1-2)]Man(a1-6)[Gal(b1-4)GlcNAc(b1-2)Man(a1-3)][GlcNAc(b1-4)]Man(b1-4)GlcNAc(b1-4)GlcNAc,0.0005517124081961811,1,-0.2416645158633628,H-,candycrunch
829.414306640625,-3,19.25273,Fuc(a1-3)GlcNAc(b1-4)GlcNAc(b1-4)[Fuc(a1-3)]GlcNAc(b1-4)[Fuc(a1-3)]GlcNAc(b1-2)Man(a1-6)[GlcNAc(b1-2)Man(a1-3)]Man(b1-4)GlcNAc(b1-4)[Fuc(a1-6)]GlcNAc,7.667340540251644e-09,1,0.8988713347406474,H-,candycrunch
829.7030029296875,-3,28.81693,Fuc(a1-3)GlcNAc(b1-4)GlcNAc(b1-4)[Fuc(a1-3)]GlcNAc(b1-4)[Fuc(a1-3)]GlcNAc(b1-2)Man(a1-6)[GlcNAc(b1-2)Man(a1-3)]Man(b1-4)GlcNAc(b1-4)[Fuc(a1-6)]GlcNAc,5.227791533002346e-10,1,0.6101750456781474,H-,candycrunch
836.0305786132812,-4,22.864398333333334,Neu5Ac(a2-?)[Gal(b1-?)]Gal(b1-4)GlcNAc(b1-2)[Neu5Ac(a2-?)[Gal(b1-?)]Gal(b1-4)GlcNAc(b1-4)]Man(a1-3)[Neu5Ac(a2-?)[Gal(b1-?)]Gal(b1-4)GlcNAc(b1-2)Man(a1-6)]Man(b1-4)GlcNAc(b1-4)GlcNAc,5.007080972063704e-09,1,0.25568820328771835,H-,candycrunch
843.203125,-4,7.907135,Neu5Ac(a2-6)Gal(b1-4)GlcNAc(b1-3)Gal(b1-4)GlcNAc(b1-3)Gal(b1-4)GlcNAc(b1-6)[Gal(b1-4)GlcNAc(b1-2)]Man(a1-6)[Gal(b1-4)GlcNAc(b1-2)[Gal(b1-4)GlcNAc(b1-4)]Man(a1-3)]Man(b1-4)GlcNAc(b1-4)GlcNAc,1.7331736898995587e-06,1,-0.15503703698107074,H-,candycrunch
846.10693359375,-4,28.36419,Neu5Ac(a2-?)Gal(b1-4)GlcNAc(b1-2)[Neu5Ac(a2-?)Gal(b1-4)GlcNAc(b1-4)]Man(a1-3)[Neu5Ac(a2-?)Gal(b1-4)GlcNAc(b1-2)[Gal(a1-4)Gal(b1-4)GlcNAc(b1-6)]Man(a1-6)]Man(b1-4)GlcNAc(b1-4)GlcNAc,9.231035491552575e-09,1,0.435970498194024,H-,candycrunch
854.913330078125,-2,11.137728333333333,Neu5Ac(a2-3)Gal(b1-4)GlcNAc(b1-2)Man(a1-3)[Man(a1-?)Man(a1-6)]Man(b1-4)GlcNAc(b1-4)GlcNAc,0.0004491638974286616,1,0.386044119034068,H-,candycrunch
860.3916015625,-4,18.506826666666665,Fuc(a1-2)Gal(b1-4)[Fuc(a1-3)]GlcNAc(b1-3)Gal(b1-4)GlcNAc(b1-?)[GlcNAc(b1-?)]Man(a1-6)[Fuc(a1-2)Gal(b1-4)[Fuc(a1-3)]GlcNAc(b1-2)[Fuc(a1-2)Gal(b1-4)[Fuc(a1-3)]GlcNAc(b1-4)]Man(a1-3)]Man(b1-4)GlcNAc(b1-4)GlcNAc,6.8612448558269534e-06,3,-2.826759361630934,H-,candycrunch
860.7314453125,-2,16.840195,Neu5Gc(a2-3)Gal(b1-4)GlcNAc(b1-2)Man(a1-3)[Man(a1-?)Man(a1-6)]Man(b1-4)GlcNAc(b1-4)GlcNAc,4.494679615163477e-06,4,2.565386194659027,H-,candycrunch
861.159912109375,-2,18.491875,Neu5Gc(a2-3)Gal(b1-4)GlcNAc(b1-2)Man(a1-3)[Man(a1-?)Man(a1-6)]Man(b1-4)GlcNAc(b1-4)GlcNAc,3.4162492283940082e-06,13,2.136919397784027,H-,candycrunch
872.7286376953125,-4,35.46776,Gal(a1-4)Gal(b1-4)GlcNAc(b1-3)Gal(b1-4)GlcNAc(b1-4)[Neu5Ac(a2-?)Gal(b1-4)GlcNAc(b1-2)]Man(a1-3)[Gal(a1-4)Gal(b1-4)GlcNAc(b1-2)[Gal(a1-4)Gal(b1-4)GlcNAc(b1-6)]Man(a1-6)]Man(b1-4)GlcNAc(b1-4)GlcNAc,4.343436739873141e-05,1,0.5760188502064238,H-,candycrunch
878.41064453125,-4,15.967771666666668,Neu5Ac(a2-?)Gal(b1-4)GlcNAc(b1-2)[Neu5Ac(a2-?)Gal(b1-4)GlcNAc(b1-4)]Man(a1-3)[Neu5Ac(a2-?)Gal(b1-4)GlcNAc(b1-2)[Neu5Ac(a2-?)Gal(b1-4)GlcNAc(b1-6)]Man(a1-6)]Man(b1-4)GlcNAc(b1-4)GlcNAc,0.0001369752426398918,1,0.3929078294689816,H-,candycrunch
890.160888671875,-2,39.081604999999996,Gal(b1-4)GlcNAc(b1-2)Man(a1-3)[Man(a1-3)[Man(a1-6)]Man(a1-6)][GlcNAc(b1-4)]Man(b1-4)GlcNAc(b1-4)GlcNAc,0.011963017284870148,1,2.156875254234137,H-,candycrunch
893.13330078125,-1,25.565939999999998,Man(a1-3)[Man(a1-6)]Man(b1-4)GlcNAc(b1-4)GlcNAc,0.001952902297489345,2,0.19228817708915358,H-,candycrunch
893.6439208984375,-1,22.686083333333336,Man(a1-3)[Man(a1-6)]Man(b1-4)GlcNAc(b1-4)GlcNAc,2.054567630693782e-05,3,-0.3183319400983464,H-,candycrunch
895.3968505859375,-2,21.557806666666668,Neu5Ac(a2-?)GalNAc(b1-4)GlcNAc(b1-2)Man(a1-6)[GalNAcOS(b1-4)GlcNAc(b1-2)Man(a1-3)]Man(b1-4)GlcNAc(b1-4)GlcNAc,0.004603934939950705,7,0.9290727127215632,H-,candycrunch
895.4927978515625,-2,19.444813333333332,Neu5Ac(a2-?)GalNAc(b1-4)GlcNAc(b1-2)Man(a1-6)[GalNAcOS(b1-4)GlcNAc(b1-2)Man(a1-3)]Man(b1-4)GlcNAc(b1-4)GlcNAc,6.633688462898135e-05,4,0.8331254470965632,H-,candycrunch
896.41796875,-2,21.588551666666667,Neu5Ac(a2-?)GalNAc(b1-4)GlcNAc(b1-2)Man(a1-6)[GalNAcOS(b1-4)GlcNAc(b1-2)Man(a1-3)]Man(b1-4)GlcNAc(b1-4)GlcNAc,0.0004670682246796787,3,-0.09204545134093678,H-,candycrunch
897.5479736328125,-4,21.61899,Neu5Ac(a2-?)Gal(b1-4)GlcNAc(b1-3)Gal(b1-4)GlcNAc(b1-2)[Neu5Ac(a2-?)Gal(b1-4)GlcNAc(b1-6)]Man(a1-6)[Neu5Ac(a2-?)Gal(b1-4)GlcNAc(b1-?)[Gal(b1-4)GlcNAc(b1-?)]Man(a1-3)]Man(b1-4)GlcNAc(b1-4)GlcNAc,0.0015247608534991741,1,-0.23522640761859748,H-,candycrunch
899.272216796875,-2,36.06433666666666,GlcA(b1-4)GalNAc(b1-4)GlcNAc(b1-2)Man(a1-3)[Man(a1-3)[Man(a1-6)]Man(a1-6)]Man(b1-4)GlcNAc(b1-4)GlcNAc,5.346138642892129e-09,1,0.03517939848404694,H-,candycrunch
900.5985107421875,-3,12.106468333333334,Neu5Ac(a2-?)Gal(b1-4)[Fuc(a1-3)]GlcNAc(b1-2)Man(a1-3)[Neu5Ac(a2-?)Gal(b1-4)[Fuc(a1-3)]GlcNAc(b1-2)[GlcNAc(b1-6)]Man(a1-6)]Man(b1-4)GlcNAc(b1-4)GlcNAc,5.563080048887059e-05,1,-0.9446937027552167,H-,candycrunch
902.435302734375,-2,34.16989,Fuc(a1-3)[Gal(b1-4)]GlcNAc(b1-2)Man(a1-6)[GlcNAc(b1-2)Man(a1-3)][GlcNAc(b1-4)]Man(b1-4)GlcNAc(b1-4)GlcNAc,0.006315724458545446,1,2.3982784312340755,H-,candycrunch
904.94482421875,-2,22.81875,Fuc(a1-3)[Gal(b1-4)]GlcNAc(b1-2)Man(a1-6)[GlcNAc(b1-2)Man(a1-3)][GlcNAc(b1-4)]Man(b1-4)GlcNAc(b1-4)GlcNAc,4.9607857363298535e-05,1,-0.11124305314092453,H-,candycrunch
911.4482421875,-2,20.92639666666667,GlcA(b1-4)GalNAc(b1-4)GlcNAc(b1-4)GlcNAc(b1-2)Man(a1-6)[Man(a1-3)]Man(b1-4)GlcNAc(b1-4)[Fuc(a1-6)]GlcNAc,3.0284118962553563e-11,10,0.3749712473590989,H-,candycrunch
911.513916015625,-2,18.092733333333335,GlcA(b1-4)GalNAc(b1-4)GlcNAc(b1-4)GlcNAc(b1-2)Man(a1-6)[Man(a1-3)]Man(b1-4)GlcNAc(b1-4)[Fuc(a1-6)]GlcNAc,3.0523195082565735e-11,7,0.3092974192340989,H-,candycrunch
912.4556884765625,-2,20.905695,Gal(b1-?)GlcNAc(b1-2)Man(a1-3)[Gal(b1-?)GlcNAc(b1-2)Man(a1-6)][GlcNAc(b1-4)]Man(b1-4)GlcNAc(b1-4)GlcNAc,1.1231282570633994e-07,1,0.3753500002965211,H-,candycrunch
912.4901123046875,-2,18.107871666666668,Gal(b1-?)GlcNAc(b1-2)Man(a1-3)[Gal(b1-?)GlcNAc(b1-2)Man(a1-6)][GlcNAc(b1-4)]Man(b1-4)GlcNAc(b1-4)GlcNAc,2.307323484274093e-06,1,0.3409261721715211,H-,candycrunch
915.206787109375,-4,39.882945,Neu5Ac(a2-?)Gal(b1-4)[Fuc(a1-3)]GlcNAc(b1-?)[Neu5Ac(a2-?)Gal(b1-4)GlcNAc(b1-?)]Man(a1-?)[Neu5Ac(a2-?)Gal(b1-4)GlcNAc(b1-?)[Neu5Ac(a2-?)Gal(b1-4)GlcNAc(b1-?)]Man(a1-?)]Man(b1-4)GlcNAc(b1-4)GlcNAc,6.7519554249884095e-06,1,0.11124245359394536,H-,candycrunch
941.072509765625,-2,20.06355333333333,Neu5Gc(a2-6)Gal(b1-4)GlcNAc(b1-2)Man(a1-3)[Man(a1-3)[Man(a1-6)]Man(a1-6)]Man(b1-4)GlcNAc(b1-4)GlcNAc,3.0518956464220537e-06,7,3.2507334572841273,H-,candycrunch
941.3857421875,-2,18.682288333333332,Neu5Gc(a2-3)Gal(b1-4)GlcNAc(b1-2)Man(a1-3)[Man(a1-3)[Man(a1-6)]Man(a1-6)]Man(b1-4)GlcNAc(b1-4)GlcNAc,6.646843075941433e-07,6,2.9375010354091273,H-,candycrunch
941.5347900390625,-2,16.95899,Neu5Gc(a2-6)Gal(b1-4)GlcNAc(b1-2)Man(a1-3)[Man(a1-3)[Man(a1-6)]Man(a1-6)]Man(b1-4)GlcNAc(b1-4)GlcNAc,3.0978426934780146e-07,6,2.7884531838466273,H-,candycrunch
942.1800537109375,-2,18.697570000000002,Neu5Gc(a2-6)Gal(b1-4)GlcNAc(b1-2)Man(a1-3)[Man(a1-3)[Man(a1-6)]Man(a1-6)]Man(b1-4)GlcNAc(b1-4)GlcNAc,3.072349727517576e-06,4,2.1431895119716273,H-,candycrunch
942.198974609375,-2,16.974275,Neu5Gc(a2-6)Gal(b1-4)GlcNAc(b1-2)Man(a1-3)[Man(a1-3)[Man(a1-6)]Man(a1-6)]Man(b1-4)GlcNAc(b1-4)GlcNAc,2.253809270769125e-06,2,2.1242686135341273,H-,candycrunch
943.1358642578125,-2,18.727656666666668,Neu5Gc(a2-6)Gal(b1-4)GlcNAc(b1-2)Man(a1-3)[Man(a1-3)[Man(a1-6)]Man(a1-6)]Man(b1-4)GlcNAc(b1-4)GlcNAc,4.754901965497993e-07,2,1.1873789650966273,H-,candycrunch
952.0673828125,-4,23.554145000000002,Neu5Ac(a2-?)Gal(b1-4)[Fuc(a1-3)]GlcNAc(b1-2)[Neu5Ac(a2-?)Gal(b1-4)GlcNAc(b1-4)]Man(a1-3)[Neu5Ac(a2-?)Gal(b1-4)GlcNAc(b1-2)[Neu5Ac(a2-?)Gal(b1-4)[Fuc(a1-3)]GlcNAc(b1-6)]Man(a1-6)]Man(b1-4)GlcNAc(b1-4)GlcNAc,3.137653766316362e-05,1,-0.23487604728097722,H-,candycrunch
952.48046875,-2,17.01053166666667,Gal(b1-4)GlcNAc(b1-2)Man(a1-3)[Man(a1-2)Man(a1-3)[Man(a1-2)Man(a1-6)]Man(a1-6)]Man(b1-4)GlcNAc(b1-4)GlcNAc,9.168813448923174e-06,1,0.35043234110912636,H-,candycrunch
966.1689453125,-2,21.783023333333333,Fuc(a1-3)[Gal(b1-4)]GlcNAc(b1-2)Man(a1-3)[Man(a1-3)[Man(a1-6)]Man(a1-6)][GlcNAc(b1-4)]Man(b1-4)GlcNAc(b1-4)GlcNAc,5.564394814427942e-05,1,-0.8222269818909353,H-,candycrunch
972.9571533203125,-2,20.941556666666667,Gal(b1-4)GlcNAc(b1-2)[Gal(b1-4)GlcNAc(b1-4)]Man(a1-3)[Man(a1-3)[Man(a1-6)]Man(a1-6)]Man(b1-4)GlcNAc(b1-4)GlcNAc,0.0011424235999584198,1,0.3870223215465103,H-,candycrunch
986.84765625,-2,44.41732833333333,Fuc(a1-3)[Gal(b1-4)]GlcNAc(b1-2)Man(a1-3)[Gal(b1-4)GlcNAc(b1-2)Man(a1-6)][GlcNAc(b1-4)]Man(b1-4)GlcNAc(b1-4)GlcNAc,0.0002234625571873039,1,-0.9876633686409377,H-,candycrunch
991.5103759765625,-3,20.57595333333333,Neu5Ac(a2-3)[GalNAc(b1-4)]Gal(b1-4)GlcNAc(b1-?)[Gal(b1-4)GlcNAc(b1-?)]Man(a1-3)[Neu5Ac(a2-3)[GalNAc(b1-4)]Gal(b1-4)GlcNAc(b1-2)Man(a1-6)]Man(b1-4)GlcNAc(b1-4)GlcNAc,5.346483885659836e-05,1,0.17535802270322165,H-,candycrunch
1000.449951171875,-3,37.55065666666667,Gal(a1-4)Gal(b1-4)GlcNAc(b1-2)[Gal(a1-4)Gal(b1-4)GlcNAc(b1-4)]Man(a1-3)[Gal(a1-4)Gal(b1-4)GlcNAc(b1-2)[Gal(a1-4)Gal(b1-4)GlcNAc(b1-6)]Man(a1-6)]Man(b1-4)GlcNAc(b1-4)GlcNAc,8.426650310866535e-07,1,-0.4329133021760754,H-,candycrunch
1006.201904296875,-3,43.54746666666667,Gal(b1-4)GlcNAc(b1-3)Gal(b1-4)GlcNAc(b1-3)Gal(b1-4)GlcNAc(b1-3)Gal(b1-4)GlcNAc(b1-2)Man(a1-3)[Neu5Gc(a2-?)Gal(b1-4)GlcNAc(b1-2)Man(a1-6)]Man(b1-4)GlcNAc(b1-4)GlcNAc,9.632962871819473e-08,1,1.8188780278574086,H-,candycrunch
1039.154541015625,-2,23.362001666666668,Neu5Ac(a2-?)Gal(b1-4)GlcNAc(b1-?)[Gal(b1-4)GlcNAc(b1-?)]Man(a1-3)[Man(a1-?)Man(a1-6)]Man(b1-4)GlcNAc(b1-4)GlcNAc,3.441212174948305e-05,4,-1.2890688362160745,H-,candycrunch
1041.525146484375,-2,27.842468333333336,GlcA(b1-4)GalNAc(b1-4)GlcNAc(b1-4)GlcNAc(b1-2)Man(a1-6)[GalNAc(b1-4)GlcNAc(b1-2)Man(a1-3)]Man(b1-4)GlcNAc(b1-4)GlcNAc,5.260878399582225e-09,2,0.3484850789839129,H-,candycrunch
1042.5126953125,-3,27.863481666666665,Neu5Ac(a2-?)Gal(b1-4)GlcNAc(b1-2)[Gal(a1-4)Gal(b1-4)GlcNAc(b1-4)]Man(a1-3)[Gal(a1-4)Gal(b1-4)GlcNAc(b1-2)[Gal(a1-4)Gal(b1-4)GlcNAc(b1-6)]Man(a1-6)]Man(b1-4)GlcNAc(b1-4)GlcNAc,0.00011082104174420238,1,0.5185402488989439,H-,candycrunch
1053.1182861328125,-1,24.865068333333333,{Man(a1-?)}Man(a1-3)[Man(a1-6)]Man(b1-4)GlcNAc(b1-4)GlcNAc,3.701902096509002e-05,7,2.2601262570265135,H-,candycrunch
1055.2613525390625,-1,27.377498333333335,Man(a1-?)Man(a1-?)[Man(a1-?)]Man(b1-4)GlcNAc(b1-4)GlcNAc,0.014502820558845997,20,0.11705985077651349,H-,candycrunch
1055.3563232421875,-1,23.652265,Man(a1-?)Man(a1-?)[Man(a1-?)]Man(b1-4)GlcNAc(b1-4)GlcNAc,0.04157036170363426,1,0.022089147651513485,H-,candycrunch
1056.26025390625,-2,27.393103333333332,GlcNAc(b1-2)[GlcNAc(b1-4)]Man(a1-3)[GlcNAc(b1-2)[GlcNAc(b1-4)][GlcNAc(b1-6)]Man(a1-6)][GlcNAc(b1-4)]Man(b1-4)GlcNAc(b1-4)GlcNAc,2.1597474919587967e-09,5,-0.8629800613912266,H-,candycrunch
1056.8699951171875,-1,23.569446666666668,Man(a1-2)Man(a1-3)[Man(a1-6)]Man(b1-4)GlcNAc(b1-4)GlcNAc,0.00044392605195753276,2,-1.4915827273484865,H-,candycrunch
1057.477783203125,-2,23.590535,Neu5Ac(a2-?)Gal(b1-4)GlcNAc(b1-2)Man(a1-3)[Gal(b1-4)GlcNAc(b1-2)Man(a1-6)][GlcNAc(b1-4)]Man(b1-4)GlcNAc(b1-4)GlcNAc,0.0012803352437913418,8,0.9009635270338094,H-,candycrunch
1057.5093994140625,-2,21.572878333333332,Neu5Ac(a2-?)Gal(b1-4)GlcNAc(b1-2)Man(a1-3)[Gal(b1-4)GlcNAc(b1-2)Man(a1-6)][GlcNAc(b1-4)]Man(b1-4)GlcNAc(b1-4)GlcNAc,0.006115734577178955,5,0.8693473160963094,H-,candycrunch
1058.5068359375,-2,23.605929999999997,Neu5Ac(a2-6)Gal(b1-4)GlcNAc(b1-2)Man(a1-3)[Gal(b1-4)GlcNAc(b1-2)Man(a1-6)][GlcNAc(b1-4)]Man(b1-4)GlcNAc(b1-4)GlcNAc,0.0009675225592218339,5,-0.12808920734119056,H-,candycrunch
1058.573486328125,-2,21.603625,Neu5Ac(a2-6)Gal(b1-4)GlcNAc(b1-2)Man(a1-3)[Gal(b1-4)GlcNAc(b1-2)Man(a1-6)][GlcNAc(b1-4)]Man(b1-4)GlcNAc(b1-4)GlcNAc,0.0025865642819553614,4,-0.19473959796619056,H-,candycrunch
1059.4715576171875,-2,23.621283333333334,Fuc(a1-3)[Gal(b1-4)]GlcNAc(b1-2)Man(a1-3)[Fuc(a1-3)[Gal(b1-4)]GlcNAc(b1-2)Man(a1-6)][GlcNAc(b1-4)]Man(b1-4)GlcNAc(b1-4)GlcNAc,6.783527055631566e-07,3,-0.5826103313286239,H-,candycrunch
1073.4735107421875,-2,19.6314,Gal(b1-4)GlcNAc(b1-2)[Gal(b1-4)GlcNAc(b1-4)]Man(a1-3)[Man(a1-3)[Man(a1-6)]Man(a1-6)][GlcNAc(b1-4)]Man(b1-4)GlcNAc(b1-4)GlcNAc,2.5798732941617608e-11,9,1.4103511661712673,H-,candycrunch
1074.477294921875,-2,19.661133333333336,Gal(b1-4)GlcNAc(b1-2)[Gal(b1-4)GlcNAc(b1-4)]Man(a1-3)[Man(a1-3)[Man(a1-6)]Man(a1-6)][GlcNAc(b1-4)]Man(b1-4)GlcNAc(b1-4)GlcNAc,1.937395729956215e-11,2,0.4065669864837673,H-,candycrunch
1075.5380859375,-3,45.843340000000005,Fuc(a1-2)Gal(b1-4)[Fuc(a1-3)]GlcNAc(b1-?)[Gal(b1-4)GlcNAc(b1-?)]Man(a1-3)[Neu5Ac(a2-?)Gal(b1-4)[Fuc(a1-3)]GlcNAc(b1-?)[Fuc(a1-3)[Gal(b1-4)]GlcNAc(b1-?)]Man(a1-6)]Man(b1-4)GlcNAc(b1-4)GlcNAc,6.945293080207193e-06,1,0.18420460439915587,H-,candycrunch
1079.5596923828125,-3,23.66762,Neu5Ac(a2-?)Gal(b1-4)GlcNAc(b1-2)[Neu5Ac(a2-?)GlcNAc(b1-4)]Man(a1-3)[Neu5Ac(a2-?)GalNAc(b1-4)GlcNAc(b1-2)[Neu5Ac(a2-?)GlcNAc(b1-6)]Man(a1-6)]Man(b1-4)GlcNAc(b1-4)GlcNAc,7.411436854454223e-06,1,-1.8455630001469672,H-,candycrunch
1084.6162109375,-3,32.191745000000004,Neu5Ac(a2-?)Gal(b1-4)GlcNAc(b1-2)[Neu5Ac(a2-?)Gal(b1-4)GlcNAc(b1-4)]Man(a1-3)[Gal(a1-4)Gal(b1-4)GlcNAc(b1-2)[Gal(a1-4)Gal(b1-4)GlcNAc(b1-6)]Man(a1-6)]Man(b1-4)GlcNAc(b1-4)GlcNAc,7.119167548808036e-06,1,1.4292223155989632,H-,candycrunch
1096.652099609375,-1,34.49928666666666,GlcNAc(b1-2)Man(a1-?)[Man(a1-?)]Man(b1-4)GlcNAc(b1-4)GlcNAc,0.0010171988978981972,1,-0.24713811803599128,H-,candycrunch
1104.433349609375,-2,16.353616666666667,Neu5Ac(a2-?)Gal(b1-4)[Fuc(a1-3)]GlcNAc(b1-2)Man(a1-?)[Fuc(a1-3)[Gal(b1-4)]GlcNAc(b1-2)Man(a1-?)]Man(b1-4)GlcNAc(b1-4)GlcNAc,0.03662592172622681,4,-1.53638033671632,H-,candycrunch
1106.1287841796875,-2,43.439688333333336,Neu5Ac(a2-?)Gal(b1-4)[Fuc(a1-3)]GlcNAc(b1-2)Man(a1-?)[Fuc(a1-3)[Gal(b1-4)]GlcNAc(b1-2)Man(a1-?)]Man(b1-4)GlcNAc(b1-4)GlcNAc,0.08109728246927261,1,-3.23181490702882,H-,candycrunch
1106.21435546875,-2,25.862323333333332,Neu5Ac(a2-?)Gal(b1-4)[Fuc(a1-3)]GlcNAc(b1-2)Man(a1-?)[Fuc(a1-3)[Gal(b1-4)]GlcNAc(b1-2)Man(a1-?)]Man(b1-4)GlcNAc(b1-4)GlcNAc,0.1951597034931183,2,-3.31738619609132,H-,candycrunch
1111.4647216796875,-2,22.490656666666666,Neu5Ac(a2-6)Gal(b1-4)GlcNAc(b1-2)Man(a1-3)[Neu5Gc(a2-6)Gal(b1-4)GlcNAc(b1-2)Man(a1-6)]Man(b1-4)GlcNAc(b1-4)GlcNAc,0.00020651292288675904,2,-1.0804956527285867,H-,candycrunch
1111.5445556640625,-2,22.557685,Neu5Ac(a2-6)Gal(b1-4)GlcNAc(b1-2)Man(a1-3)[Neu5Gc(a2-6)Gal(b1-4)GlcNAc(b1-2)Man(a1-6)]Man(b1-4)GlcNAc(b1-4)GlcNAc,0.0016851982800289989,5,-1.1603296371035867,H-,candycrunch
1111.7125244140625,-2,21.24598166666667,Neu5Ac(a2-6)Gal(b1-4)GlcNAc(b1-2)Man(a1-3)[Neu5Gc(a2-6)Gal(b1-4)GlcNAc(b1-2)Man(a1-6)]Man(b1-4)GlcNAc(b1-4)GlcNAc,0.001994621939957142,1,-1.3282983871035867,H-,candycrunch
1111.7337646484375,-2,25.451079999999997,Neu5Ac(a2-6)Gal(b1-4)GlcNAc(b1-2)Man(a1-3)[Neu5Gc(a2-6)Gal(b1-4)GlcNAc(b1-2)Man(a1-6)]Man(b1-4)GlcNAc(b1-4)GlcNAc,0.0005476132500916719,7,-1.3495386214785867,H-,candycrunch
1112.261962890625,-2,22.542378333333332,Neu5Ac(a2-6)Gal(b1-4)GlcNAc(b1-2)Man(a1-3)[Neu5Gc(a2-6)Gal(b1-4)GlcNAc(b1-2)Man(a1-6)]Man(b1-4)GlcNAc(b1-4)GlcNAc,0.0016654733335599303,4,-1.8777368636660867,H-,candycrunch
1113.2628173828125,-2,22.573293333333332,GlcA(b1-4)GalNAc(b1-4)GlcNAc(b1-4)GlcNAc(b1-2)Man(a1-6)[GalNAc(b1-4)GlcNAc(b1-2)Man(a1-3)]Man(b1-4)GlcNAc(b1-4)[Fuc(a1-6)]GlcNAc,6.5258869419437815e-09,3,1.6397685850463404,H-,candycrunch
1118.795166015625,-2,23.636925,Neu5Gc(a2-6)Gal(b1-4)GlcNAc(b1-2)Man(a1-3)[Neu5Gc(a2-6)Gal(b1-4)GlcNAc(b1-2)Man(a1-6)]Man(b1-4)GlcNAc(b1-4)GlcNAc,0.028982501477003098,2,-0.41348267866624155,H-,candycrunch
1119.8345947265625,-2,22.505971666666667,Neu5Gc(a2-6)Gal(b1-4)GlcNAc(b1-2)Man(a1-3)[Neu5Gc(a2-6)Gal(b1-4)GlcNAc(b1-2)Man(a1-6)]Man(b1-4)GlcNAc(b1-4)GlcNAc,0.005833808332681656,4,-1.4529113896037416,H-,candycrunch
1124.7796630859375,-3,32.615125,Neu5Ac(a2-6)Gal(b1-4)GlcNAc(b1-3)Gal(b1-4)GlcNAc(b1-3)Gal(b1-4)GlcNAc(b1-6)[Gal(b1-4)GlcNAc(b1-2)]Man(a1-6)[Gal(b1-4)GlcNAc(b1-2)[Gal(b1-4)GlcNAc(b1-4)]Man(a1-3)]Man(b1-4)GlcNAc(b1-4)GlcNAc,2.1324225940588803e-08,1,-0.37978697970515896,H-,candycrunch
1127.729248046875,-2,22.324428333333334,GalNAcOPCho(b1-4)GlcNAc(b1-4)GlcNAc(b1-?)[GalNAc(b1-4)GlcNAc(b1-?)]Man(a1-6)[GalNAc(b1-4)GlcNAc(b1-2)Man(a1-3)]Man(b1-4)GlcNAc(b1-4)[Fuc(a1-6)]GlcNAc,6.066976365737276e-10,6,0.6969802024839282,H-,candycrunch
1128.277099609375,-2,22.282485,GalNAcOPCho(b1-4)GlcNAc(b1-4)GlcNAc(b1-?)[GalNAc(b1-4)GlcNAc(b1-?)]Man(a1-6)[GalNAc(b1-4)GlcNAc(b1-2)Man(a1-3)]Man(b1-4)GlcNAc(b1-4)[Fuc(a1-6)]GlcNAc,1.9954136121214106e-08,3,0.14912863998392822,H-,candycrunch
1130.33056640625,-2,26.070061666666668,GlcA(b1-4)GalNAc(b1-4)GlcNAc(b1-4)GlcNAc(b1-2)Man(a1-6)[GlcA(b1-4)GalNAc(b1-4)GlcNAc(b1-2)Man(a1-3)]Man(b1-4)GlcNAc(b1-4)GlcNAc,3.165086681633511e-08,1,-0.44089085789119054,H-,candycrunch
1135.935791015625,-4,40.201775,Neu5Ac(a2-?)Gal(b1-4)GlcNAc(b1-3)Gal(b1-4)GlcNAc(b1-2)[Neu5Ac(a2-?)Gal(b1-4)GlcNAc(b1-3)Gal(b1-4)GlcNAc(b1-6)]Man(a1-6)[Neu5Ac(a2-?)Gal(b1-4)[Neu5Ac(a2-?)]GlcNAc(b1-?)[Neu5Ac(a2-?)Gal(b1-4)GlcNAc(b1-?)]Man(a1-3)]Man(b1-4)GlcNAc(b1-4)GlcNAc,8.491245534969494e-05,1,-1.792286546006153,H-,candycrunch
1149.03955078125,-3,33.192785,Fuc(a1-2)Gal(b1-4)[Fuc(a1-3)]GlcNAc(b1-3)Gal(b1-4)GlcNAc(b1-?)[GlcNAc(b1-?)]Man(a1-6)[Fuc(a1-2)Gal(b1-4)[Fuc(a1-3)]GlcNAc(b1-2)[Fuc(a1-2)Gal(b1-4)[Fuc(a1-3)]GlcNAc(b1-4)]Man(a1-3)]Man(b1-4)GlcNAc(b1-4)GlcNAc,0.000695628288667649,1,-5.284002357884219,H-,candycrunch
1149.4259033203125,-3,37.99511,Fuc(a1-2)Gal(b1-4)[Fuc(a1-3)]GlcNAc(b1-3)Gal(b1-4)GlcNAc(b1-?)[GlcNAc(b1-?)]Man(a1-6)[Fuc(a1-2)Gal(b1-4)[Fuc(a1-3)]GlcNAc(b1-2)[Fuc(a1-2)Gal(b1-4)[Fuc(a1-3)]GlcNAc(b1-4)]Man(a1-3)]Man(b1-4)GlcNAc(b1-4)GlcNAc,0.0010663142893463373,1,-5.670354896946719,H-,candycrunch
1149.799560546875,-3,42.33925166666667,Fuc(a1-2)Gal(b1-4)[Fuc(a1-3)]GlcNAc(b1-3)Gal(b1-4)GlcNAc(b1-?)[GlcNAc(b1-?)]Man(a1-6)[Fuc(a1-2)Gal(b1-4)[Fuc(a1-3)]GlcNAc(b1-2)[Fuc(a1-2)Gal(b1-4)[Fuc(a1-3)]GlcNAc(b1-4)]Man(a1-3)]Man(b1-4)GlcNAc(b1-4)GlcNAc,0.0007365556666627526,1,-6.044012123509219,H-,candycrunch
1155.4974365234375,-2,18.170791666666666,Fuc(a1-2)Gal(b1-4)[Fuc(a1-3)]GlcNAc(b1-?)[GlcNAc(b1-?)]Man(a1-6)[Gal(b1-4)GlcNAc(b1-2)[GlcNAc(b1-4)]Man(a1-3)]Man(b1-4)GlcNAc(b1-4)GlcNAc,0.005141561385244131,1,4.9311970289213605,H-,candycrunch
1184.674072265625,-2,29.069245000000002,Neu5Ac(a2-?)Gal(b1-4)GlcNAc(b1-2)[Neu5Ac(a2-?)Gal(b1-4)GlcNAc(b1-4)]Man(a1-3)[Man(a1-?)Man(a1-6)]Man(b1-4)GlcNAc(b1-4)GlcNAc,0.0002872230252251029,2,-1.2608918329160588,H-,candycrunch
1185.1900634765625,-2,24.172829999999998,Neu5Ac(a2-?)Gal(b1-4)GlcNAc(b1-2)[Neu5Ac(a2-?)Gal(b1-4)GlcNAc(b1-4)]Man(a1-3)[Man(a1-?)Man(a1-6)]Man(b1-4)GlcNAc(b1-4)GlcNAc,0.0009886713232845068,6,-1.7768830438535588,H-,candycrunch
1185.511474609375,-2,31.890940000000004,Neu5Ac(a2-?)Gal(b1-4)GlcNAc(b1-2)[Neu5Ac(a2-?)Gal(b1-4)GlcNAc(b1-4)]Man(a1-3)[Man(a1-?)Man(a1-6)]Man(b1-4)GlcNAc(b1-4)GlcNAc,0.0011285449145361781,1,-2.0982941766660588,H-,candycrunch
1186.971923828125,-3,31.94259166666667,GlcA(b1-4)GalNAc(b1-4)GlcNAc(b1-4)GlcNAc(b1-?)[GlcA(b1-4)GalNAc(b1-4)GlcNAc(b1-?)]Man(a1-?)[GlcA(b1-4)GalNAc(b1-4)GlcNAc(b1-?)[GlcA(b1-4)GalNAc(b1-4)GlcNAc(b1-?)]Man(a1-?)]Man(b1-4)GlcNAc(b1-4)[Fuc(a1-6)]GlcNAc,6.308093603024645e-09,1,2.7652926755740737,H-,candycrunch
1188.4599609375,-3,30.124259999999996,GlcA(b1-4)GalNAc(b1-4)GlcNAc(b1-4)GlcNAc(b1-?)[GlcA(b1-4)GalNAc(b1-4)GlcNAc(b1-?)]Man(a1-?)[GlcA(b1-4)GalNAc(b1-4)GlcNAc(b1-?)[GlcA(b1-4)GalNAc(b1-4)GlcNAc(b1-?)]Man(a1-?)]Man(b1-4)GlcNAc(b1-4)[Fuc(a1-6)]GlcNAc,3.6276698978099375e-08,1,1.2772555661990737,H-,candycrunch
1189.08837890625,-3,36.029498333333336,GlcA(b1-4)GalNAc(b1-4)GlcNAc(b1-4)GlcNAc(b1-?)[GlcA(b1-4)GalNAc(b1-4)GlcNAc(b1-?)]Man(a1-?)[GlcA(b1-4)GalNAc(b1-4)GlcNAc(b1-?)[GlcA(b1-4)GalNAc(b1-4)GlcNAc(b1-?)]Man(a1-?)]Man(b1-4)GlcNAc(b1-4)[Fuc(a1-6)]GlcNAc,5.971788397118871e-08,1,0.6488375974490737,H-,candycrunch
1190.1248779296875,-3,35.899631666666664,GlcA(b1-4)GalNAc(b1-4)GlcNAc(b1-4)GlcNAc(b1-?)[GlcA(b1-4)GalNAc(b1-4)GlcNAc(b1-?)]Man(a1-?)[GlcA(b1-4)GalNAc(b1-4)GlcNAc(b1-?)[GlcA(b1-4)GalNAc(b1-4)GlcNAc(b1-?)]Man(a1-?)]Man(b1-4)GlcNAc(b1-4)[Fuc(a1-6)]GlcNAc,2.70547300118551e-08,1,-0.38766142598842634,H-,candycrunch
1190.929931640625,-3,32.65605166666666,GlcA(b1-4)GalNAc(b1-4)GlcNAc(b1-4)GlcNAc(b1-?)[GlcA(b1-4)GalNAc(b1-4)GlcNAc(b1-?)]Man(a1-?)[GlcA(b1-4)GalNAc(b1-4)GlcNAc(b1-?)[GlcA(b1-4)GalNAc(b1-4)GlcNAc(b1-?)]Man(a1-?)]Man(b1-4)GlcNAc(b1-4)[Fuc(a1-6)]GlcNAc,1.660192694430407e-08,1,-1.1927151369259263,H-,candycrunch
1204.708740234375,-2,32.5327,Neu5Ac(a2-3)Gal(b1-4)[Fuc(a1-3)]GlcNAc(b1-2)Man(a1-6)[Fuc(a1-3)[Gal(b1-4)]GlcNAc(b1-2)Man(a1-3)][GlcNAc(b1-4)]Man(b1-4)GlcNAc(b1-4)GlcNAc,5.5453278037020937e-05,1,-0.27208469521610823,H-,candycrunch
1205.97119140625,-2,25.721011666666666,Neu5Ac(a2-3)Gal(b1-?)[Fuc(a1-?)]GlcNAc(b1-2)Man(a1-6)[Fuc(a1-?)[Gal(b1-?)]GlcNAc(b1-2)Man(a1-3)][GlcNAc(b1-4)]Man(b1-4)GlcNAc(b1-4)GlcNAc,2.2364971300703473e-05,2,-1.5345358670911082,H-,candycrunch
1206.0928955078125,-2,12.175325,Neu5Ac(a2-?)Gal(b1-4)GlcNAc(b1-2)Man(a1-3)[Neu5Ac(a2-?)Gal(b1-4)GlcNAc(b1-2)Man(a1-6)][GlcNAc(b1-4)]Man(b1-4)GlcNAc(b1-4)GlcNAc,0.018166303634643555,1,-2.166440524353675,H-,candycrunch
1206.120849609375,-2,44.16063,Neu5Ac(a2-?)Gal(b1-4)GlcNAc(b1-2)Man(a1-3)[Neu5Ac(a2-?)Gal(b1-4)GlcNAc(b1-2)Man(a1-6)][GlcNAc(b1-4)]Man(b1-4)GlcNAc(b1-4)GlcNAc,0.0057701049372553825,3,-2.194394625916175,H-,candycrunch
1208.785400390625,-2,32.58907166666667,{Fuc(a1-3)}{Neu5Ac(a2-3)}Gal(b1-4)GlcNAc(b1-2)[Gal(b1-4)GlcNAc(b1-?)]Man(a1-?)[Gal(b1-4)GlcNAc(b1-2)Man(a1-?)]Man(b1-4)GlcNAc(b1-4)GlcNAc,5.345402769307839e-06,1,3.6487124597838374,H-,candycrunch
1219.43359375,-2,20.313175,Neu5Ac(a2-?)Gal(b1-4)GlcNAc(b1-2)[Gal(a1-?)[Gal(b1-?)]Gal(b1-4)GlcNAc(b1-4)]Man(a1-3)[GlcNAc(b1-2)Man(a1-6)]Man(b1-4)GlcNAc(b1-4)GlcNAc,3.322383292925224e-07,1,0.997976411658783,H-,candycrunch
1219.58935546875,-2,22.655275,Neu5Ac(a2-?)Gal(b1-4)GlcNAc(b1-?)[Gal(b1-4)GlcNAc(b1-?)]Man(a1-3)[Gal(a1-3)Gal(b1-4)GlcNAc(b1-2)Man(a1-6)]Man(b1-4)GlcNAc(b1-4)GlcNAc,8.201586609857259e-08,3,0.842214692908783,H-,candycrunch
1220.57421875,-2,22.70117,Neu5Ac(a2-?)Gal(b1-4)GlcNAc(b1-?)[Gal(b1-4)GlcNAc(b1-?)]Man(a1-3)[Gal(a1-3)Gal(b1-4)GlcNAc(b1-2)Man(a1-6)]Man(b1-4)GlcNAc(b1-4)GlcNAc,2.7777920763583097e-07,2,-0.14264858834121696,H-,candycrunch
1233.2535400390625,-2,40.217055,Gal(a1-4)Gal(b1-4)GlcNAc(b1-2)[Gal(a1-4)Gal(b1-4)GlcNAc(b1-4)]Man(a1-3)[Gal(a1-4)Gal(b1-4)GlcNAc(b1-2)Man(a1-6)]Man(b1-4)GlcNAc(b1-4)GlcNAc,5.73667250591825e-07,1,3.683145300796241,H-,candycrunch
1235.5211181640625,-2,19.676493333333333,Gal(a1-4)Gal(b1-4)GlcNAc(b1-2)[Gal(a1-4)Gal(b1-4)GlcNAc(b1-4)]Man(a1-3)[Gal(a1-4)Gal(b1-4)GlcNAc(b1-2)Man(a1-6)]Man(b1-4)GlcNAc(b1-4)GlcNAc,3.4045075647526346e-09,3,1.415567175796241,H-,candycrunch
1235.552001953125,-2,21.833308333333335,Gal(a1-4)Gal(b1-4)GlcNAc(b1-2)[Gal(a1-4)Gal(b1-4)GlcNAc(b1-4)]Man(a1-3)[Gal(a1-4)Gal(b1-4)GlcNAc(b1-2)Man(a1-6)]Man(b1-4)GlcNAc(b1-4)GlcNAc,2.2370629793044827e-09,7,1.384683386733741,H-,candycrunch
1236.5107421875,-2,21.848505,Gal(a1-4)Gal(b1-4)GlcNAc(b1-2)[Gal(a1-4)Gal(b1-4)GlcNAc(b1-4)]Man(a1-3)[Gal(a1-4)Gal(b1-4)GlcNAc(b1-2)Man(a1-6)]Man(b1-4)GlcNAc(b1-4)GlcNAc,5.249073398161386e-11,4,0.4259431523587409,H-,candycrunch
1236.56884765625,-2,19.691963333333334,Gal(a1-4)Gal(b1-4)GlcNAc(b1-2)[Gal(a1-4)Gal(b1-4)GlcNAc(b1-4)]Man(a1-3)[Gal(a1-4)Gal(b1-4)GlcNAc(b1-2)Man(a1-6)]Man(b1-4)GlcNAc(b1-4)GlcNAc,1.400191393940986e-07,1,0.3678376836087409,H-,candycrunch
1237.6119384765625,-3,21.863963333333334,Neu5Ac(a2-?)[Gal(b1-?)]Gal(b1-4)GlcNAc(b1-2)[Neu5Ac(a2-?)[Gal(b1-?)]Gal(b1-4)GlcNAc(b1-4)]Man(a1-3)[Neu5Ac(a2-?)[Gal(b1-?)]Gal(b1-4)GlcNAc(b1-2)[Gal(b1-4)GlcNAc(b1-6)]Man(a1-6)]Man(b1-4)GlcNAc(b1-4)GlcNAc,1.8418249148055565e-09,3,-0.5170919107636109,H-,candycrunch
1238.575439453125,-3,21.893320000000003,Neu5Ac(a2-?)Gal(b1-4)GlcNAc(b1-2)[Neu5Ac(a2-?)Gal(b1-4)GlcNAc(b1-4)]Man(a1-3)[Neu5Ac(a2-3)[GalNAc(b1-4)]Gal(b1-4)GlcNAc(b1-?)[Neu5Ac(a2-?)Gal(b1-4)GlcNAc(b1-?)]Man(a1-6)]Man(b1-4)GlcNAc(b1-4)GlcNAc,4.737434210255742e-06,1,1.1915133610407338,H-,candycrunch
1240.743896484375,-2,36.755895,Neu5Ac(a2-3)[GalNAc(b1-4)]Gal(b1-4)GlcNAc(b1-2)Man(a1-6)[Gal(b1-4)GlcNAc(b1-2)[Gal(b1-4)GlcNAc(b1-4)]Man(a1-3)]Man(b1-4)GlcNAc(b1-4)GlcNAc,0.0001861740165622905,1,0.20094822803389434,H-,candycrunch
1253.02099609375,-2,39.55786666666667,Neu5Ac(a2-8)Neu5Ac(a2-3)Gal(b1-4)GlcNAc(b1-2)Man(a1-3)[Neu5Gc(a2-3)Gal(b1-4)GlcNAc(b1-2)Man(a1-6)]Man(b1-4)GlcNAc(b1-4)GlcNAc,0.00018381362315267324,1,2.9109381865087016,H-,candycrunch
1257.5518798828125,-1,21.908520000000003,Gal(b1-4)GlcNAc(b1-2)Man(a1-3)[Man(a1-6)]Man(b1-4)GlcNAc(b1-4)GlcNAc,0.000899708247743547,1,0.9059050400264823,H-,candycrunch
1258.8995361328125,-1,30.048775,Gal(b1-4)GlcNAc(b1-2)Man(a1-3)[Man(a1-6)]Man(b1-4)GlcNAc(b1-4)GlcNAc,0.005214214324951172,1,-0.4417512099735177,H-,candycrunch
1260.4962158203125,-1,24.593643333333333,GlcNAc(b1-2)Man(a1-3)[Man(a1-?)Man(a1-6)]Man(b1-4)GlcNAc(b1-4)GlcNAc,0.17203058302402496,8,-2.0384308974735177,H-,candycrunch
1260.8939208984375,-1,35.63973333333333,GlcNAc(b1-2)Man(a1-3)[Man(a1-?)Man(a1-6)]Man(b1-4)GlcNAc(b1-4)GlcNAc,0.01613154262304306,1,-2.4361359755985177,H-,candycrunch
1278.435302734375,-2,31.597334999999998,Gal(b1-4)GlcNAc(b1-2)[Gal(b1-4)GlcNAc(b1-4)]Man(a1-3)[Gal(b1-4)GlcNAc(b1-2)[Gal(b1-4)GlcNAc(b1-6)]Man(a1-6)][GlcNAc(b1-4)]Man(b1-4)GlcNAc(b1-4)GlcNAc,5.405123010859825e-05,1,-0.4720682930160365,H-,candycrunch
1280.38427734375,-2,32.079584999999994,Gal(b1-4)GlcNAc(b1-2)[Gal(b1-4)GlcNAc(b1-4)]Man(a1-3)[Gal(b1-4)GlcNAc(b1-2)[Gal(b1-4)GlcNAc(b1-6)]Man(a1-6)][GlcNAc(b1-4)]Man(b1-4)GlcNAc(b1-4)GlcNAc,1.4518323609991057e-07,1,-2.4210429023910365,H-,candycrunch
1282.4827880859375,-2,45.65625166666667,Neu5Ac(a2-3)Gal(b1-4)GlcNAc(b1-2)Man(a1-3)[Neu5Ac(a2-3)Gal(b1-4)GlcNAc(b1-2)[Gal(b1-4)GlcNAc(b1-6)]Man(a1-6)]Man(b1-4)GlcNAc(b1-4)GlcNAc,9.463388414587826e-05,1,2.4700786132711983,H-,candycrunch
1290.8134765625,-3,33.85402333333333,Neu5Ac(a2-?)Gal(b1-4)GlcNAc(b1-3)Gal(b1-4)GlcNAc(b1-6)[Neu5Ac(a2-?)Gal(b1-4)GlcNAc(b1-2)]Man(a1-6)[Neu5Ac(a2-?)Gal(b1-4)GlcNAc(b1-2)[Neu5Ac(a2-?)Gal(b1-4)GlcNAc(b1-4)]Man(a1-3)]Man(b1-4)GlcNAc(b1-4)GlcNAc,0.0007566729327663779,1,2.971084062165801,H-,candycrunch
1297.7510986328125,-1,39.833846666666666,GlcNAc(b1-2)Man(a1-?)[GlcNAc(b1-4)][Man(a1-?)]Man(b1-4)GlcNAc(b1-4)GlcNAc,0.0003083707997575402,1,1.7332353915264775,H-,candycrunch
1301.0111083984375,-2,31.708534999999998,Neu5Ac(a2-?)Gal(b1-4)GlcNAc(b1-2)Man(a1-3)[Gal(a1-4)Gal(b1-4)GlcNAc(b1-2)[Gal(a1-4)Gal(b1-4)GlcNAc(b1-6)]Man(a1-6)]Man(b1-4)GlcNAc(b1-4)GlcNAc,1.1977421081610373e-06,1,0.4468734789713835,H-,candycrunch
1303.569091796875,-2,31.810006666666666,Neu5Ac(a2-?)Gal(b1-4)GlcNAc(b1-2)[Gal(b1-4)GlcNAc(b1-4)]Man(a1-3)[Neu5Ac(a2-?)GalNAc(b1-4)GlcNAc(b1-2)Man(a1-6)]Man(b1-4)GlcNAc(b1-4)GlcNAc,1.1565205568331294e-05,1,1.8970494530838096,H-,candycrunch
1305.64453125,-2,35.13175,Neu5Ac(a2-?)Gal(b1-4)GlcNAc(b1-2)[Neu5Ac(a2-?)Gal(b1-4)GlcNAc(b1-4)]Man(a1-3)[GalOS(b1-4)GlcNAc(b1-2)[GalOS(b1-4)GlcNAc(b1-6)]Man(a1-6)]Man(b1-4)GlcNAc(b1-4)GlcNAc,0.00022897518647368997,1,-0.17839000004119043,H-,candycrunch
1306.01318359375,-2,44.206201666666665,Neu5Ac(a2-?)Gal(b1-4)GlcNAc(b1-2)[Gal(b1-4)GlcNAc(b1-4)]Man(a1-3)[Neu5Ac(a2-?)GalNAc(b1-4)GlcNAc(b1-2)Man(a1-6)]Man(b1-4)GlcNAc(b1-4)GlcNAc,0.0013935095630586147,3,-0.5470423437911904,H-,candycrunch
1306.025146484375,-2,13.241918333333333,Neu5Ac(a2-?)Gal(b1-4)GlcNAc(b1-2)[Gal(b1-4)GlcNAc(b1-4)]Man(a1-3)[Neu5Ac(a2-?)GalNAc(b1-4)GlcNAc(b1-2)Man(a1-6)]Man(b1-4)GlcNAc(b1-4)GlcNAc,0.00019559788051992655,2,-0.5590052344161904,H-,candycrunch
1319.1231689453125,-3,32.12029166666667,Fuc(a1-3)[Gal(b1-4)]GlcNAc(b1-3)Gal(b1-4)GlcNAc(b1-2)[Fuc(a1-3)[Gal(b1-4)]GlcNAc(b1-3)Gal(b1-4)GlcNAc(b1-6)]Man(a1-6)[Fuc(a1-2)Gal(b1-4)[Fuc(a1-3)]GlcNAc(b1-?)[Neu5Ac(a2-?)Gal(b1-4)GlcNAc(b1-?)]Man(a1-3)]Man(b1-4)GlcNAc(b1-4)GlcNAc,0.0010975878685712814,1,0.020585572919799233,H-,candycrunch
1323.6817626953125,-2,31.25992833333333,Neu5Ac(a2-?)Gal(b1-4)GlcNAc(b1-?)[Gal(b1-4)GlcNAc(b1-?)]Man(a1-?)[Gal(b1-4)GlcNAc(b1-?)[Gal(b1-4)GlcNAc(b1-?)]Man(a1-?)]Man(b1-4)GlcNAc(b1-4)GlcNAc,0.002797388471662998,1,-1.7105062671537326,H-,candycrunch
1327.2733154296875,-2,37.14698333333333,Neu5Ac(a2-?)Gal(b1-4)[Neu5Ac(a2-?)]GlcNAc(b1-?)[Neu5Ac(a2-?)Gal(b1-4)GlcNAc(b1-?)]Man(a1-3)[Man(a1-?)Man(a1-6)]Man(b1-4)GlcNAc(b1-4)GlcNAc,9.278572861148859e-07,1,1.6875732563212296,H-,candycrunch
1333.576904296875,-2,40.81425,Neu5Ac(a2-?)Gal(b1-4)GlcNAc(b1-?)[Gal(b1-4)GlcNAc(b1-?)]Man(a1-?)[Gal(b1-4)GlcNAc(b1-?)[Gal(b1-4)GlcNAc(b1-?)]Man(a1-?)]Man(b1-4)GlcNAc(b1-4)GlcNAc,0.3679655194282532,1,-11.605647868716233,H-,candycrunch
1334.638671875,-3,42.985461666666666,Neu5Ac(a2-?)Gal(b1-4)GlcNAc(b1-3)Gal(b1-4)GlcNAc(b1-2)[Neu5Ac(a2-?)GlcNAc(b1-6)]Man(a1-6)[Neu5Ac(a2-?)Gal(b1-4)[Neu5Ac(a2-?)]GlcNAc(b1-?)[Neu5Ac(a2-?)Gal(b1-4)GlcNAc(b1-?)]Man(a1-3)]Man(b1-4)GlcNAc(b1-4)GlcNAc,8.995888833851495e-07,1,2.1600864413655927,H-,candycrunch
1344.79150390625,-2,32.441305,Neu5Ac(a2-?)Gal(b1-4)GlcNAc(b1-2)Man(a1-3)[Neu5Ac(a2-?)Gal(b1-4)GlcNAc(b1-2)[Neu5Ac(a2-?)GlcNAc(b1-6)]Man(a1-6)]Man(b1-4)GlcNAc(b1-4)GlcNAc,6.139900392554409e-07,1,4.6826593305086135,H-,candycrunch
1360.1356201171875,-2,36.644585,Gal(b1-4)GlcNAc(b1-3)Gal(b1-4)GlcNAc(b1-6)[Gal(b1-4)GlcNAc(b1-2)]Man(a1-6)[Gal(b1-4)GlcNAc(b1-2)[Gal(b1-4)GlcNAc(b1-4)]Man(a1-3)]Man(b1-4)GlcNAc(b1-4)GlcNAc,1.3870893781131599e-05,1,-1.1459739600786634,H-,candycrunch
1363.57861328125,-2,35.76063833333333,Neu5Ac(a2-?)Gal(b1-4)GlcNAc(b1-2)Man(a1-3)[Neu5Ac(a2-?)Gal(b1-4)GlcNAc(b1-2)[Gal(a1-4)Gal(b1-4)GlcNAc(b1-6)]Man(a1-6)]Man(b1-4)GlcNAc(b1-4)GlcNAc,0.002177185844630003,1,2.4006651337087987,H-,candycrunch
1377.75537109375,-1,33.45143,Man(a1-2)Man(a1-3)[Man(a1-3)[Man(a1-6)]Man(a1-6)]Man(b1-4)GlcNAc(b1-4)GlcNAc,0.013593222945928574,1,1.7286881590889607,H-,candycrunch
1379.5047607421875,-1,36.61385833333333,Man(a1-2)Man(a1-3)[Man(a1-3)[Man(a1-6)]Man(a1-6)]Man(b1-4)GlcNAc(b1-4)GlcNAc,0.00490237632766366,1,-0.020701489348539326,H-,candycrunch
1380.1220703125,-1,31.968384999999998,Man(a1-2)Man(a1-3)[Man(a1-6)]Man(a1-6)[Man(a1-3)]Man(b1-4)GlcNAc(b1-4)GlcNAc,0.00023612144286744297,1,-0.6380110596610393,H-,candycrunch
1381.6292724609375,-1,24.029423333333334,Man(a1-2)Man(a1-?)[Man(a1-?)]Man(a1-6)[Man(a1-3)]Man(b1-4)GlcNAc(b1-4)GlcNAc,0.0014787239488214254,6,-2.1452132080985393,H-,candycrunch
1381.6663818359375,-1,13.652556666666667,Man(a1-2)Man(a1-3)[Man(a1-6)]Man(a1-6)[Man(a1-3)]Man(b1-4)GlcNAc(b1-4)GlcNAc,0.0023133468348532915,1,-2.1823225830985393,H-,candycrunch
1381.771240234375,-1,44.22134333333334,Man(a1-2)Man(a1-3)[Man(a1-6)]Man(a1-6)[Man(a1-3)]Man(b1-4)GlcNAc(b1-4)GlcNAc,0.004028089810162783,2,-2.2871809815360393,H-,candycrunch
1381.7750244140625,-1,25.83225,Man(a1-2)Man(a1-3)[Man(a1-6)]Man(a1-6)[Man(a1-3)]Man(b1-4)GlcNAc(b1-4)GlcNAc,0.00016367084754165262,3,-2.2909651612235393,H-,candycrunch
1382.726806640625,-1,24.04449,Man(a1-2)Man(a1-3)[Man(a1-3)[Man(a1-6)]Man(a1-6)]Man(b1-4)GlcNAc(b1-4)GlcNAc,0.9327329993247986,3,-3.2427473877860393,H-,candycrunch
1384.554931640625,-2,33.247218333333336,Neu5Ac(a2-?)Gal(b1-4)GlcNAc(b1-2)[Neu5Ac(a2-?)Gal(b1-4)GlcNAc(b1-4)]Man(a1-3)[GalOS(b1-4)GlcNAc(b1-?)[Gal(b1-4)GlcNAc(b1-?)]Man(a1-6)]Man(b1-4)GlcNAc(b1-4)GlcNAc,5.243025043455418e-06,1,1.93762132508391,H-,candycrunch
1397.7431640625,-2,19.222593333333332,Neu5Ac(a2-3)Gal(b1-4)[Fuc(a1-3)]GlcNAc(b1-3)Gal(b1-4)GlcNAc(b1-3)Gal(b1-4)GlcNAc(b1-2)Man(a1-6)[Gal(b1-4)GlcNAc(b1-2)Man(a1-3)]Man(b1-4)GlcNAc(b1-4)GlcNAc,2.0539474121505918e-07,5,-2.7429532298410777,H-,candycrunch
1398.69921875,-2,19.237655,Neu5Ac(a2-8)Neu5Ac(a2-3)Gal(b1-4)GlcNAc(b1-2)Man(a1-3)[Neu5Gc(a2-8)Neu5Ac(a2-3)Gal(b1-4)GlcNAc(b1-2)Man(a1-6)]Man(b1-4)GlcNAc(b1-4)GlcNAc,3.7456513446443296e-09,2,2.7804237835587173,H-,candycrunch
1402.3634033203125,-2,30.510126666666665,Neu5Ac(a2-8)Neu5Ac(a2-3)Gal(b1-4)GlcNAc(b1-2)Man(a1-3)[Neu5Gc(a2-8)Neu5Ac(a2-3)Gal(b1-4)GlcNAc(b1-2)Man(a1-6)]Man(b1-4)GlcNAc(b1-4)GlcNAc,3.4015045002888655e-06,1,-0.8837607867537827,H-,candycrunch
1406.035888671875,-1,13.257091666666666,Fuc(a1-3)[Gal(b1-4)]GlcNAc(b1-2)Man(a1-3)[Man(a1-6)]Man(b1-4)GlcNAc(b1-4)GlcNAc,7.4482359195826575e-06,1,-1.5201949400359354,H-,candycrunch
1406.052734375,-1,44.191111666666664,Fuc(a1-3)[Gal(b1-4)]GlcNAc(b1-2)Man(a1-3)[Man(a1-6)]Man(b1-4)GlcNAc(b1-4)GlcNAc,0.0016012615524232388,2,-1.5370406431609354,H-,candycrunch
1406.060302734375,-1,25.877983333333333,Fuc(a1-3)[Gal(b1-4)]GlcNAc(b1-2)Man(a1-3)[Man(a1-6)]Man(b1-4)GlcNAc(b1-4)GlcNAc,0.00044246247853152454,2,-1.5446090025359354,H-,candycrunch
1406.449462890625,-1,32.94616666666667,Fuc(a1-3)[Gal(b1-4)]GlcNAc(b1-2)Man(a1-3)[Man(a1-6)]Man(b1-4)GlcNAc(b1-4)GlcNAc,6.200875213835388e-05,1,-1.9337691587859354,H-,candycrunch
1407.203857421875,-1,30.179968333333335,Fuc(a1-3)[GalNAcOS(b1-4)]GlcNAc(b1-2)Man(a1-3)[Man(a1-?)Man(a1-6)]Man(b1-4)GlcNAc(b1-4)GlcNAc,0.0007607460138387978,1,-2.6881636900359354,H-,candycrunch
1407.4254150390625,-1,33.944590000000005,Fuc(a1-3)[GalNAcOS(b1-4)]GlcNAc(b1-2)Man(a1-3)[Man(a1-?)Man(a1-6)]Man(b1-4)GlcNAc(b1-4)GlcNAc,2.4174253212549957e-06,1,-2.9097213072234354,H-,candycrunch
1412.1080322265625,-3,31.161206666666665,Neu5Ac(a2-?)Gal(b1-4)GlcNAc(b1-3)Gal(b1-4)GlcNAc(b1-2)[Neu5Ac(a2-?)Gal(b1-4)GlcNAc(b1-3)Gal(b1-4)GlcNAc(b1-6)]Man(a1-6)[Neu5Ac(a2-?)Gal(b1-4)GlcNAc(b1-2)[Neu5Ac(a2-?)Gal(b1-4)GlcNAc(b1-4)]Man(a1-3)]Man(b1-4)GlcNAc(b1-4)GlcNAc,9.311235771747306e-06,1,3.3872603862698725,H-,candycrunch
1413.0352783203125,-3,32.791691666666665,Neu5Ac(a2-?)Gal(b1-4)GlcNAc(b1-3)Gal(b1-4)GlcNAc(b1-2)[Neu5Ac(a2-?)Gal(b1-4)GlcNAc(b1-3)Gal(b1-4)GlcNAc(b1-6)]Man(a1-6)[Neu5Ac(a2-?)Gal(b1-4)GlcNAc(b1-2)[Neu5Ac(a2-?)Gal(b1-4)GlcNAc(b1-4)]Man(a1-3)]Man(b1-4)GlcNAc(b1-4)GlcNAc,2.3032085664453916e-05,1,2.4600142925198725,H-,candycrunch
1422.57568359375,-2,25.10768,Neu5Ac(a2-6)Gal(b1-4)GlcNAc(b1-?)[Gal(b1-4)GlcNAc(b1-?)]Man(a1-3)[Gal(b1-4)GlcNAc(b1-2)[Gal(b1-4)GlcNAc(b1-6)]Man(a1-6)][GlcNAc(b1-4)]Man(b1-4)GlcNAc(b1-4)GlcNAc,6.877911073388532e-05,5,0.9352591009087519,H-,candycrunch
1429.2635498046875,-2,34.417995,Neu5Ac(a2-?)Gal(b1-4)GlcNAc(b1-2)[Neu5Ac(a2-?)Gal(b1-4)GlcNAc(b1-4)]Man(a1-3)[Neu5Ac(a2-?)Gal(b1-4)GlcNAc(b1-2)Man(a1-6)]Man(b1-4)GlcNAc(b1-4)GlcNAc,0.0033215717412531376,1,1.237025147821214,H-,candycrunch
1438.876708984375,-2,42.86552833333333,GalNAc(b1-4)GlcNAc(b1-4)GlcNAc(b1-?)[GalNAc(b1-4)GlcNAc(b1-?)]Man(a1-?)[GalNAc(b1-4)GlcNAc(b1-?)[GalNAc(b1-4)GlcNAc(b1-?)]Man(a1-?)]Man(b1-4)GlcNAc(b1-4)[Fuc(a1-6)]GlcNAc,1.6690405502117756e-08,1,-5.8314219355161185,H-,candycrunch
1440.0225830078125,-2,26.57640333333333,Neu5Ac(a2-?)Gal(b1-4)GlcNAc(b1-2)[Neu5Ac(a2-?)Gal(b1-4)GlcNAc(b1-4)]Man(a1-3)[Neu5Ac(a2-?)Gal(b1-4)GlcNAc(b1-2)Man(a1-6)]Man(b1-4)GlcNAc(b1-4)GlcNAc,0.2575211822986603,8,-9.522008055303786,H-,candycrunch
1455.496337890625,-2,36.55422,Neu5Gc(a2-6)Gal(b1-4)GlcNAc(b1-2)[Neu5Gc(a2-6)Gal(b1-4)GlcNAc(b1-6)]Man(a1-3)[Neu5Gc(a2-6)Gal(b1-4)GlcNAc(b1-2)Man(a1-6)]Man(b1-4)GlcNAc(b1-4)GlcNAc,0.00013150981976650655,1,-1.0033910081160684,H-,candycrunch
1461.700439453125,-1,28.287876666666666,Gal(b1-4)GlcNAc(b1-2)Man(a1-?)[GlcNAc(b1-2)Man(a1-?)]Man(b1-4)GlcNAc(b1-4)GlcNAc,0.8173114061355591,1,-0.16328199728604886,H-,candycrunch
1467.7210693359375,-2,31.789263333333334,Gal(b1-4)GlcNAc(b1-3)Gal(b1-4)GlcNAc(b1-2)Man(a1-3)[Neu5Ac(a2-?)Gal(b1-4)GlcNAc(b1-2)[Neu5Ac(a2-?)Gal(b1-4)GlcNAc(b1-6)]Man(a1-6)]Man(b1-4)GlcNAc(b1-4)GlcNAc,8.90767842065543e-05,1,-0.20210465447871684,H-,candycrunch
1470.7156982421875,-2,33.768025,Neu5Ac(a2-3)Gal(b1-4)[Fuc(a1-3)]GlcNAc(b1-3)Gal(b1-4)[Fuc(a1-3)]GlcNAc(b1-3)Gal(b1-4)GlcNAc(b1-2)Man(a1-6)[Gal(b1-4)GlcNAc(b1-2)Man(a1-3)]Man(b1-4)GlcNAc(b1-4)GlcNAc,2.07425500775571e-06,1,-2.6865330050286502,H-,candycrunch
1470.7723388671875,-2,32.568443333333335,Neu5Ac(a2-?)Gal(b1-4)GlcNAc(b1-2)[Neu5Ac(a2-?)Gal(b1-4)GlcNAc(b1-4)]Man(a1-3)[Gal(b1-4)GlcNAc(b1-2)[Gal(b1-4)GlcNAc(b1-6)]Man(a1-6)]Man(b1-4)GlcNAc(b1-4)GlcNAc,0.006998841650784016,1,-3.253374185728717,H-,candycrunch
1477.2674560546875,-1,32.29487666666667,GlcA(b1-4)GalNAc(b1-4)GlcNAc(b1-2)Man(a1-6)[Man(a1-3)]Man(b1-4)GlcNAc(b1-4)GlcNAc,1.0404246353346025e-09,1,-1.751034060348502,H-,candycrunch
1481.8697509765625,-2,44.17585166666667,Neu5Ac(a2-?)Gal(b1-4)GlcNAc(b1-2)[Gal(a1-4)Gal(b1-4)GlcNAc(b1-4)]Man(a1-3)[Gal(a1-4)Gal(b1-4)GlcNAc(b1-2)[Gal(b1-4)GlcNAc(b1-6)]Man(a1-6)]Man(b1-4)GlcNAc(b1-4)GlcNAc,3.0156475986586884e-05,3,2.154328883096241,H-,candycrunch
1481.9716796875,-2,25.90295,Neu5Ac(a2-?)Gal(b1-4)GlcNAc(b1-2)[Gal(a1-4)Gal(b1-4)GlcNAc(b1-4)]Man(a1-3)[Gal(a1-4)Gal(b1-4)GlcNAc(b1-2)[Gal(b1-4)GlcNAc(b1-6)]Man(a1-6)]Man(b1-4)GlcNAc(b1-4)GlcNAc,4.680257006839383e-06,2,2.052400172158741,H-,candycrunch
1485.1405029296875,-2,34.57998666666666,Neu5Ac(a2-?)Gal(b1-4)GlcNAc(b1-2)[Gal(a1-4)Gal(b1-4)GlcNAc(b1-4)]Man(a1-3)[Gal(a1-4)Gal(b1-4)GlcNAc(b1-2)[Gal(b1-4)GlcNAc(b1-6)]Man(a1-6)]Man(b1-4)GlcNAc(b1-4)GlcNAc,4.049700146424584e-05,1,-1.116423070028759,H-,candycrunch
1486.61865234375,-1,36.100045,GalNAc(b1-4)GlcNAc(b1-4)GlcNAc(b1-2)Man(a1-6)Man(b1-4)GlcNAc(b1-4)[Fuc(a1-6)]GlcNAc,1.6568247884762854e-09,1,-0.04986040891117227,H-,candycrunch
1486.6356201171875,-1,32.381384999999995,GalNAc(b1-4)GlcNAc(b1-4)GlcNAc(b1-2)Man(a1-6)Man(b1-4)GlcNAc(b1-4)[Fuc(a1-6)]GlcNAc,2.22774154678973e-09,1,-0.06682818234867227,H-,candycrunch
1498.055419921875,-1,35.52321,GlcNAc(b1-2)[GlcNAc(b1-4)]Man(a1-3)[GlcNAc(b1-2)Man(a1-6)]Man(b1-4)GlcNAc(b1-4)GlcNAc,0.07341450452804565,1,4.508286635463946,H-,candycrunch
1508.8287353515625,-3,33.052348333333335,Neu5Ac(a2-?)Gal(b1-4)GlcNAc(b1-3)Gal(b1-4)GlcNAc(b1-2)[Neu5Ac(a2-?)Gal(b1-4)GlcNAc(b1-3)Gal(b1-4)GlcNAc(b1-6)]Man(a1-6)[Neu5Ac(a2-?)Gal(b1-4)[Neu5Ac(a2-?)]GlcNAc(b1-?)[Neu5Ac(a2-?)Gal(b1-4)GlcNAc(b1-?)]Man(a1-3)]Man(b1-4)GlcNAc(b1-4)GlcNAc,8.727428212296218e-05,1,3.6983627634697314,H-,candycrunch
1512.4456787109375,-3,29.244795,Neu5Ac(a2-?)Gal(b1-4)GlcNAc(b1-3)Gal(b1-4)GlcNAc(b1-2)[Neu5Ac(a2-?)Gal(b1-4)GlcNAc(b1-3)Gal(b1-4)GlcNAc(b1-6)]Man(a1-6)[Neu5Ac(a2-?)Gal(b1-4)[Neu5Ac(a2-?)]GlcNAc(b1-?)[Neu5Ac(a2-?)Gal(b1-4)GlcNAc(b1-?)]Man(a1-3)]Man(b1-4)GlcNAc(b1-4)GlcNAc,5.3451472012966406e-06,1,0.08141940409473136,H-,candycrunch
1518.1424560546875,-2,33.368363333333335,Gal(b1-4)GlcNAc(b1-3)Gal(b1-4)GlcNAc(b1-3)Gal(b1-4)GlcNAc(b1-3)Gal(b1-4)GlcNAc(b1-2)Man(a1-3)[Neu5Gc(a2-?)Gal(b1-4)GlcNAc(b1-2)Man(a1-6)]Man(b1-4)GlcNAc(b1-4)GlcNAc,1.1812139746325556e-05,1,-5.607644334278575,H-,candycrunch
1540.917236328125,-2,30.53081,Fuc(a1-3)[Gal(b1-4)]GlcNAc(b1-3)Gal(b1-4)GlcNAc(b1-2)Man(a1-6)[Fuc(a1-2)Gal(b1-4)[Fuc(a1-3)]GlcNAc(b1-?)[Neu5Ac(a2-?)Gal(b1-4)GlcNAc(b1-?)]Man(a1-3)]Man(b1-4)GlcNAc(b1-4)GlcNAc,7.862255733925849e-05,1,0.14088331353377725,H-,candycrunch
1548.8055419921875,-1,34.803084999999996,Neu5Ac(a2-6)Gal(b1-4)GlcNAc(b1-2)Man(a1-?)[Man(a1-?)]Man(b1-4)GlcNAc(b1-4)GlcNAc,0.0005353125743567944,1,0.7476594372515137,H-,candycrunch
1557.8072509765625,-2,35.719525,Neu5Ac(a2-?)Gal(b1-4)GlcNAc(b1-2)[Gal(a1-4)Gal(b1-4)GlcNAc(b1-4)]Man(a1-3)[Gal(a1-4)Gal(b1-4)GlcNAc(b1-2)[Gal(a1-4)Gal(b1-4)GlcNAc(b1-6)]Man(a1-6)]Man(b1-4)GlcNAc(b1-4)GlcNAc,0.00039633296546526253,1,7.2432405988463415,H-,candycrunch
1558.8262939453125,-2,32.99185833333333,Neu5Ac(a2-?)Gal(b1-4)GlcNAc(b1-2)[Gal(a1-4)Gal(b1-4)GlcNAc(b1-4)]Man(a1-3)[Gal(a1-4)Gal(b1-4)GlcNAc(b1-2)[Gal(a1-4)Gal(b1-4)GlcNAc(b1-6)]Man(a1-6)]Man(b1-4)GlcNAc(b1-4)GlcNAc,0.0002709555556066334,1,6.2241976300963415,H-,candycrunch
1559.7044677734375,-2,18.45649333333333,Neu5Ac(a2-?)Gal(b1-4)GlcNAc(b1-2)[Gal(a1-4)Gal(b1-4)GlcNAc(b1-4)]Man(a1-3)[Gal(a1-4)Gal(b1-4)GlcNAc(b1-2)[Gal(a1-4)Gal(b1-4)GlcNAc(b1-6)]Man(a1-6)]Man(b1-4)GlcNAc(b1-4)GlcNAc,0.0029050996527075768,1,5.3460238019713415,H-,candycrunch
1561.24267578125,-2,39.67464666666667,Neu5Ac(a2-?)Gal(b1-4)GlcNAc(b1-2)[Gal(a1-4)Gal(b1-4)GlcNAc(b1-4)]Man(a1-3)[Gal(a1-4)Gal(b1-4)GlcNAc(b1-2)[Gal(a1-4)Gal(b1-4)GlcNAc(b1-6)]Man(a1-6)]Man(b1-4)GlcNAc(b1-4)GlcNAc,0.0022470690310001373,1,3.8078157941588415,H-,candycrunch
1561.4873046875,-2,30.27004,Neu5Ac(a2-?)Gal(b1-4)GlcNAc(b1-2)[Gal(a1-4)Gal(b1-4)GlcNAc(b1-4)]Man(a1-3)[Gal(a1-4)Gal(b1-4)GlcNAc(b1-2)[Gal(a1-4)Gal(b1-4)GlcNAc(b1-6)]Man(a1-6)]Man(b1-4)GlcNAc(b1-4)GlcNAc,0.0003549759276211262,1,3.5631868879088415,H-,candycrunch
1561.85693359375,-2,26.926181666666665,Neu5Ac(a2-?)Gal(b1-4)GlcNAc(b1-2)[Gal(a1-4)Gal(b1-4)GlcNAc(b1-4)]Man(a1-3)[Gal(a1-4)Gal(b1-4)GlcNAc(b1-2)[Gal(a1-4)Gal(b1-4)GlcNAc(b1-6)]Man(a1-6)]Man(b1-4)GlcNAc(b1-4)GlcNAc,0.01176656037569046,1,3.1935579816588415,H-,candycrunch
1565.21826171875,-2,32.269205,Neu5Ac(a2-?)Gal(b1-4)GlcNAc(b1-2)[Gal(a1-4)Gal(b1-4)GlcNAc(b1-4)]Man(a1-3)[Gal(a1-4)Gal(b1-4)GlcNAc(b1-2)[Gal(a1-4)Gal(b1-4)GlcNAc(b1-6)]Man(a1-6)]Man(b1-4)GlcNAc(b1-4)GlcNAc,3.0714497825101716e-06,1,-0.16777014334115847,H-,candycrunch
1567.580322265625,-1,34.735045,Fuc(a1-3)[GalNAcOS(b1-4)]GlcNAc(b1-2)Man(a1-3)[Man(a1-3)[Man(a1-6)]Man(a1-6)]Man(b1-4)GlcNAc(b1-4)GlcNAc,2.147081795556005e-05,1,-1.0118051022859618,H-,candycrunch
1569.96533203125,-2,38.54718333333333,Neu5Ac(a2-?)Gal(b1-4)GlcNAc(b1-?)[Gal(b1-4)GlcNAc(b1-?)]Man(a1-3)[Neu5Ac(a2-3)[GalNAc(b1-4)]Gal(b1-4)GlcNAc(b1-?)[Gal(b1-4)GlcNAc(b1-?)]Man(a1-6)]Man(b1-4)GlcNAc(b1-4)GlcNAc,1.6696329112164676e-05,1,-0.9066810832912324,H-,candycrunch
1576.9132080078125,-2,33.78861833333333,Neu5Ac(a2-?)Gal(b1-4)[Fuc(a1-3)]GlcNAc(b1-2)Man(a1-3)[Neu5Ac(a2-?)Gal(b1-4)GlcNAc(b1-2)[Neu5Ac(a2-?)Gal(b1-4)[Fuc(a1-3)]GlcNAc(b1-6)]Man(a1-6)]Man(b1-4)GlcNAc(b1-4)GlcNAc,2.562586359999841e-06,1,-0.3547242463037037,H-,candycrunch
1577.9873046875,-2,36.65996,Neu5Ac(a2-?)Gal(b1-4)[Fuc(a1-3)]GlcNAc(b1-2)Man(a1-3)[Neu5Ac(a2-?)Gal(b1-4)GlcNAc(b1-2)[Neu5Ac(a2-?)Gal(b1-4)[Fuc(a1-3)]GlcNAc(b1-6)]Man(a1-6)]Man(b1-4)GlcNAc(b1-4)GlcNAc,6.636595207965001e-05,1,-1.4288209259912037,H-,candycrunch
1578.8651123046875,-2,40.37258833333333,Neu5Ac(a2-?)Gal(b1-4)[Neu5Ac(a2-?)]GlcNAc(b1-2)[Neu5Ac(a2-?)Gal(b1-4)GlcNAc(b1-4)]Man(a1-3)[Neu5Ac(a2-?)Gal(b1-4)GlcNAc(b1-2)Man(a1-6)]Man(b1-4)GlcNAc(b1-4)GlcNAc,0.030192401260137558,2,-2.8168290988787703,H-,candycrunch
1581.4134521484375,-1,25.963316666666664,Gal(b1-?)GlcNAc(b1-2)Man(a1-3)[Man(a1-3)[Man(a1-6)]Man(a1-6)]Man(b1-4)GlcNAc(b1-4)GlcNAc,0.0011781776556745172,1,1.1499796374016569,H-,candycrunch
1581.525634765625,-1,41.80168666666666,Gal(b1-4)GlcNAc(b1-2)Man(a1-3)[Man(a1-3)[Man(a1-6)]Man(a1-6)]Man(b1-4)GlcNAc(b1-4)GlcNAc,0.12140857428312302,1,1.0377970202141569,H-,candycrunch
1581.6202392578125,-1,44.14568666666666,Gal(b1-4)GlcNAc(b1-2)Man(a1-3)[Man(a1-3)[Man(a1-6)]Man(a1-6)]Man(b1-4)GlcNAc(b1-4)GlcNAc,0.14049728214740753,3,0.9431925280266569,H-,candycrunch
1581.6455078125,-1,13.607533333333334,GlcNAc(b1-2)Man6P(a1-2)Man(a1-6)[Man(a1-3)]Man(a1-6)[Man(a1-2)Man(a1-3)]Man(b1-4)GlcNAc(b1-4)GlcNAc,0.009575564414262772,1,0.9179239733391569,H-,candycrunch
1587.6826171875,-1,36.47432666666666,Neu5Ac(a2-?)GalNAc(b1-4)GlcNAc(b1-2)Man(a1-?)[Man(a1-?)]Man(b1-4)GlcNAc(b1-4)GlcNAc,5.3124240366742015e-05,1,2.897133343439009,H-,candycrunch
1595.6416015625,-1,33.92406166666667,Neu5Ac(a2-?)[GalNAc(b1-4)]GlcNAc(b1-2)Man(a1-3)[Man(a1-6)]Man(b1-4)GlcNAc(b1-4)GlcNAc,0.00035184258013032377,1,-5.061851031560991,H-,candycrunch
1597.7823486328125,-1,45.82263,Neu5Ac(a2-?)GalNAc(b1-4)GlcNAc(b1-2)Man(a1-?)[Man(a1-?)]Man(b1-4)GlcNAc(b1-4)GlcNAc,1.7224234625246027e-06,1,-7.202598101873491,H-,candycrunch
1598.009033203125,-1,30.41038,Neu5Ac(a2-?)[GalNAc(b1-4)]GlcNAc(b1-2)Man(a1-3)[Man(a1-6)]Man(b1-4)GlcNAc(b1-4)GlcNAc,0.0001575273199705407,1,-7.429282672185991,H-,candycrunch
1601.0025634765625,-1,22.12885,Fuc(a1-?)[Gal(b1-?)]GlcNAc(b1-2)Man(a1-6)[GlcNAc(b1-2)Man(a1-3)]Man(b1-4)GlcNAc(b1-4)GlcNAc,4.264896233507898e-06,1,6.5925027882765335,H-,candycrunch
1601.49365234375,-1,28.384809999999998,Fuc(a1-3)[Gal(b1-4)]GlcNAc(b1-2)Man(a1-6)[GlcNAc(b1-2)Man(a1-3)]Man(b1-4)GlcNAc(b1-4)GlcNAc,2.925896751548862e-06,1,6.1014139210890335,H-,candycrunch
1602.5211181640625,-1,36.3434,Fuc(a1-?)[Gal(b1-?)]GlcNAc(b1-2)Man(a1-6)[GlcNAc(b1-2)Man(a1-3)]Man(b1-4)GlcNAc(b1-4)GlcNAc,0.0003975887084379792,1,5.0739481007765335,H-,candycrunch
1602.9615478515625,-1,42.42512,Fuc(a1-3)[Gal(b1-4)]GlcNAc(b1-2)Man(a1-3)[GlcNAc(b1-2)Man(a1-6)]Man(b1-4)GlcNAc(b1-4)GlcNAc,9.187085083794955e-07,1,4.6335184132765335,H-,candycrunch
1607.2396240234375,-1,32.21272166666667,Fuc(a1-?)[Gal(b1-?)]GlcNAc(b1-2)Man(a1-6)[GlcNAc(b1-2)Man(a1-3)]Man(b1-4)GlcNAc(b1-4)GlcNAc,9.585974112269469e-06,1,0.35544224140153347,H-,candycrunch
1614.6820068359375,-2,31.525881666666667,Fuc(a1-2)Gal(b1-4)[Fuc(a1-3)]GlcNAc(b1-?)[Gal(b1-4)GlcNAc(b1-?)]Man(a1-3)[Neu5Ac(a2-?)Gal(b1-4)[Fuc(a1-3)]GlcNAc(b1-?)[Fuc(a1-3)[Gal(b1-4)]GlcNAc(b1-?)]Man(a1-6)]Man(b1-4)GlcNAc(b1-4)GlcNAc,0.00020815763855352998,1,-0.5949327897785679,H-,candycrunch
1620.56982421875,-1,31.912096666666667,Gal(b1-4)GlcNAc(b1-2)Man(a1-3)[Gal(b1-4)GlcNAc(b1-2)Man(a1-6)]Man(b1-4)GlcNAc(b1-4)GlcNAc,0.0105704665184021,1,3.0201566685889247,H-,candycrunch
1666.475341796875,-1,42.18414333333334,Gal(b1-4)GlcNAc(b1-2)Man(a1-?)[GlcNAc(b1-2)Man(a1-?)][GlcNAc(b1-4)]Man(b1-4)GlcNAc(b1-4)GlcNAc,0.00565201323479414,1,-1.85881180803608,H-,candycrunch
1668.6197509765625,-1,40.943065000000004,Gal(b1-4)GlcNAc(b1-?)[GlcNAc(b1-?)]Man(a1-?)[GlcNAc(b1-2)Man(a1-?)]Man(b1-4)GlcNAc(b1-4)GlcNAc,0.002417023526504636,1,-4.00322098772358,H-,candycrunch
1679.3507080078125,-1,34.47873,GlcA(b1-4)GalNAc(b1-4)GlcNAc(b1-4)GlcNAc(b1-2)Man(a1-6)[Man(a1-3)]Man(b1-4)GlcNAc(b1-4)GlcNAc,2.0122161714652975e-08,1,-0.7549134804735331,H-,candycrunch
1681.474365234375,-1,13.622725,GlcA(b1-4)GalNAc(b1-4)GlcNAc(b1-4)GlcNAc(b1-2)Man(a1-6)[Man(a1-3)]Man(b1-4)GlcNAc(b1-4)GlcNAc,5.152472937197672e-08,2,-2.878570707036033,H-,candycrunch
1681.766357421875,-1,44.27097666666667,GlcA(b1-4)GalNAc(b1-4)GlcNAc(b1-4)GlcNAc(b1-2)Man(a1-6)[Man(a1-3)]Man(b1-4)GlcNAc(b1-4)GlcNAc,5.4270302030090534e-08,1,-3.170562894536033,H-,candycrunch
1681.7984619140625,-1,25.817391666666666,GlcA(b1-4)GalNAc(b1-4)GlcNAc(b1-4)GlcNAc(b1-2)Man(a1-6)[Man(a1-3)]Man(b1-4)GlcNAc(b1-4)GlcNAc,9.420858759767725e-09,2,-3.202667386723533,H-,candycrunch
1686.0755615234375,-2,39.971696666666666,Fuc(a1-2)Gal(b1-4)[Fuc(a1-3)]GlcNAc(b1-?)[Neu5Ac(a2-?)Gal(b1-4)GlcNAc(b1-?)]Man(a1-3)[Neu5Ac(a2-?)Gal(b1-4)GlcNAc(b1-?)[Fuc(a1-3)[Gal(b1-4)]GlcNAc(b1-?)]Man(a1-6)]Man(b1-4)GlcNAc(b1-4)GlcNAc,0.00039351300802081823,1,0.530266371521293,H-,candycrunch
1704.6739501953125,-1,31.546368333333334,GalNAc(b1-4)GlcNAc(b1-2)Man(a1-?)[GlcNAc(b1-2)Man(a1-?)][GlcNAc(b1-4)]Man(b1-4)GlcNAc(b1-4)GlcNAc,0.12714369595050812,1,0.9691288950264152,H-,candycrunch
1722.4951171875,-1,34.714595,Neu5Gc(a2-3)Gal(b1-4)GlcNAc(b1-2)Man(a1-3)[Man(a1-?)Man(a1-6)]Man(b1-4)GlcNAc(b1-4)GlcNAc,7.091277075232938e-05,1,5.105822293438905,H-,candycrunch
1752.0706787109375,-1,36.37396,Neu5Ac(a2-?)Gal(b1-4)GlcNAc(b1-2)Man(a1-?)[GlcNAc(b1-2)Man(a1-?)]Man(b1-4)GlcNAc(b1-4)GlcNAc,0.0002626136702019721,1,0.5618952515014826,H-,candycrunch
1757.3724365234375,-2,30.023305,Neu5Ac(a2-?)Gal(b1-4)GlcNAc(b1-2)[Neu5Ac(a2-?)Gal(b1-4)GlcNAc(b1-4)]Man(a1-3)[Neu5Ac(a2-?)Gal(b1-4)GlcNAc(b1-2)[Neu5Ac(a2-?)Gal(b1-4)GlcNAc(b1-6)]Man(a1-6)]Man(b1-4)GlcNAc(b1-4)GlcNAc,0.0004957775236107409,1,1.2419446646213146,H-,candycrunch
1780.851806640625,-2,31.840645000000002,GlcA(b1-4)GalNAc(b1-4)GlcNAc(b1-4)GlcNAc(b1-?)[GlcA(b1-4)GalNAc(b1-4)GlcNAc(b1-?)]Man(a1-?)[GlcA(b1-4)GalNAc(b1-4)GlcNAc(b1-?)[GlcA(b1-4)GalNAc(b1-4)GlcNAc(b1-?)]Man(a1-?)]Man(b1-4)GlcNAc(b1-4)[Fuc(a1-6)]GlcNAc,1.7926987538885442e-07,1,4.2576563482339225,H-,candycrunch
1781.6060791015625,-2,13.667921666666668,GlcA(b1-4)GalNAc(b1-4)GlcNAc(b1-4)GlcNAc(b1-?)[GlcA(b1-4)GalNAc(b1-4)GlcNAc(b1-?)]Man(a1-?)[GlcA(b1-4)GalNAc(b1-4)GlcNAc(b1-?)[GlcA(b1-4)GalNAc(b1-4)GlcNAc(b1-?)]Man(a1-?)]Man(b1-4)GlcNAc(b1-4)[Fuc(a1-6)]GlcNAc,1.1689407664050577e-08,1,3.5033838872964225,H-,candycrunch
1807.325927734375,-1,38.385965,Fuc(a1-3)[GalNAc(b1-4)]GlcNAc(b1-2)Man(a1-?)[Gal(b1-4)GlcNAc(b1-2)Man(a1-?)]Man(b1-4)GlcNAc(b1-4)GlcNAc,0.00011017690121661872,1,3.3485110634640023,H-,candycrunch
1811.1575927734375,-1,40.115943333333334,Fuc(a1-3)[Gal(b1-4)]GlcNAc(b1-2)Man(a1-6)[GlcNAc(b1-2)Man(a1-3)][GlcNAc(b1-4)]Man(b1-4)GlcNAc(b1-4)GlcNAc,5.48169991816394e-05,1,-0.4831539755984977,H-,candycrunch
1813.0333251953125,-1,38.436445,Fuc(a1-3)[GalNAc(b1-4)]GlcNAc(b1-2)Man(a1-?)[Gal(b1-4)GlcNAc(b1-2)Man(a1-?)]Man(b1-4)GlcNAc(b1-4)GlcNAc,0.0013567869318649173,1,-2.3588863974734977,H-,candycrunch
1829.2891845703125,-1,43.0768,Gal(b1-4)GlcNAc(b1-2)Man(a1-3)[Gal(b1-4)GlcNAc(b1-2)Man(a1-6)][GlcNAc(b1-4)]Man(b1-4)GlcNAc(b1-4)GlcNAc,0.004687653388828039,1,-2.6198311499736064,H-,candycrunch
1832.4503173828125,-2,40.151334999999996,Gal(b1-4)GlcNAc(b1-3)Gal(b1-4)GlcNAc(b1-3)Gal(b1-4)GlcNAc(b1-6)[Gal(b1-4)GlcNAc(b1-2)]Man(a1-6)[Neu5Ac(a2-3)Gal(b1-4)GlcNAc(b1-2)[Neu5Ac(a2-3)Gal(b1-4)GlcNAc(b1-4)]Man(a1-3)]Man(b1-4)GlcNAc(b1-4)GlcNAc,2.2154747512104223e-06,1,0.20084326314622558,H-,candycrunch
1853.2435302734375,-1,33.29802,GalNAc(b1-4)GlcNAc(b1-4)GlcNAc(b1-2)Man(a1-6)[GlcNAc(b1-2)Man(a1-3)]Man(b1-4)GlcNAc(b1-4)[Fuc(a1-6)]GlcNAc,1.9124620109778334e-08,1,-1.5425423740985025,H-,candycrunch
1882.4334716796875,-1,36.89073,Neu5Gc(a2-6)Gal(b1-4)GlcNAc(b1-2)Man(a1-3)[Man(a1-3)[Man(a1-6)]Man(a1-6)]Man(b1-4)GlcNAc(b1-4)GlcNAc,0.0010145856067538261,1,7.220291232751606,H-,candycrunch
1920.9422607421875,-1,32.846435,Fuc(a1-3)[Gal(b1-4)]GlcNAc(b1-2)Man(a1-3)[Fuc(a1-3)[Gal(b1-4)]GlcNAc(b1-2)Man(a1-6)]Man(b1-4)GlcNAc(b1-4)GlcNAc,0.030841559171676636,1,-5.236462236848638,H-,candycrunch
1930.4388427734375,-1,35.92053333333333,Neu5Gc(a2-?)Gal(b1-4)GlcNAc(b1-2)Man(a1-?)[Gal(b1-4)GlcNAc(b1-2)Man(a1-?)]Man(b1-4)GlcNAc(b1-4)GlcNAc,0.00020668683282565325,1,0.24146924050137386,H-,candycrunch
1932.369873046875,-1,35.076656666666665,Fuc(a1-3)[Gal(b1-4)]GlcNAc(b1-2)Man(a1-3)[Man(a1-3)[Man(a1-6)]Man(a1-6)][GlcNAc(b1-4)]Man(b1-4)GlcNAc(b1-4)GlcNAc,0.00576384412124753,1,-0.6691599190360193,H-,candycrunch
1942.930419921875,-2,40.621375,Neu5Ac(a2-?)Gal(b1-4)GlcNAc(b1-3)Gal(b1-4)GlcNAc(b1-6)[Neu5Ac(a2-?)Gal(b1-4)GlcNAc(b1-2)]Man(a1-6)[Neu5Ac(a2-?)Gal(b1-4)GlcNAc(b1-2)[Neu5Ac(a2-?)Gal(b1-4)GlcNAc(b1-4)]Man(a1-3)]Man(b1-4)GlcNAc(b1-4)GlcNAc,0.00022405154595617205,1,-1.7499407515661005,H-,candycrunch
1950.541748046875,-1,34.050686666666664,Gal(b1-4)GlcNAc(b1-2)[Gal(b1-4)GlcNAc(b1-4)]Man(a1-3)[Man(a1-3)[Man(a1-6)]Man(a1-6)]Man(b1-4)GlcNAc(b1-4)GlcNAc,0.00042692109127528965,1,-2.846120296536128,H-,candycrunch
1968.9083251953125,-1,38.265213333333335,GlcA(b1-4)GalNAc(b1-4)GlcNAc(b1-4)GlcNAc(b1-2)Man(a1-6)[Fuc(a1-3)[GalNAcOPCho(b1-4)]Man(a1-3)]Man(b1-4)GlcNAc(b1-4)[Fuc(a1-6)]GlcNAc,1.3641700036259863e-07,1,1.8032869500264042,H-,candycrunch
