m/z,charge,RT,top1_pred,confidence,num_spectra,candidate_mass_error,candidate_adduct,model_mode
380.8826599121094,-4,11.537966666666668,Neu5Ac(a2-3)Gal(b1-4)[Fuc(a1-3)]GlcNAc(b1-2)Man(a1-3)Man(b1-4)GlcNAc(b1-4)GlcNAc,4.887522209173767e-06,2,1.7514544396595966,H-,candycrunch
384.04058837890625,-4,30.568948333333335,Man(a1-2)Man(a1-2)Man(a1-3)[Man(a1-3)[Man(a1-6)]Man(a1-6)]Man(b1-4)GlcNAc(b1-4)GlcNAc,8.273694402305409e-05,11,0.5881749422127314,H-,candycrunch
384.0643005371094,-4,33.24736166666666,Man(a1-2)Man(a1-2)Man(a1-3)[Man(a1-3)[Man(a1-6)]Man(a1-6)]Man(b1-4)GlcNAc(b1-4)GlcNAc,3.4400629374431446e-05,15,0.5644627840096064,H-,candycrunch
384.1309814453125,-4,12.1827,Man(a1-2)Man(a1-2)Man(a1-3)[Man(a1-3)[Man(a1-6)]Man(a1-6)]Man(b1-4)GlcNAc(b1-4)GlcNAc,0.03148424252867699,4,0.49778187580648137,H-,candycrunch
385.0091857910156,-4,3.926346666666667,Man(a1-2)Man(a1-6)[Man(a1-3)]Man(a1-6)[Man(a1-2)Man(a1-3)]Man(b1-4)GlcNAc(b1-4)GlcNAc,0.00965200550854206,1,-0.38042246989664363,H-,candycrunch
386.0078430175781,-4,11.321071666666667,Neu5Ac(a2-6)Gal(b1-4)GlcNAc(b1-2)Man(a1-3)[Man(a1-6)]Man(b1-4)GlcNAc(b1-4)GlcNAc,0.0005943801370449364,8,0.6249999898158762,H-,candycrunch
387.07208251953125,-4,3.9853083333333337,Neu5Ac(a2-?)Gal(b1-4)GlcNAc(b1-2)Man(a1-3)[Man(a1-6)]Man(b1-4)GlcNAc(b1-4)GlcNAc,0.031637877225875854,3,-0.43923951213724877,H-,candycrunch
387.1181640625,-4,12.857038333333334,Neu5Ac(a2-?)Gal(b1-4)GlcNAc(b1-2)Man(a1-?)[Man(a1-?)]Man(b1-4)GlcNAc(b1-4)GlcNAc,0.05320070683956146,4,-0.48532105510599877,H-,candycrunch
392.8864440917969,-4,6.982083333333333,Gal(b1-4)GlcNAc(b1-2)Man(a1-3)[Man(a1-3)[Man(a1-6)]Man(a1-6)]Man(b1-4)GlcNAc(b1-4)GlcNAc,0.0033429532777518034,1,1.998956504697162,H-,candycrunch
392.9427795410156,-4,8.808751666666666,Gal(b1-4)GlcNAc(b1-2)Man(a1-3)[Man(a1-3)[Man(a1-6)]Man(a1-6)]Man(b1-4)GlcNAc(b1-4)GlcNAc,0.002681185258552432,3,1.942621055478412,H-,candycrunch
392.9742431640625,-4,12.952556666666666,Gal(b1-4)GlcNAc(b1-2)Man(a1-3)[Man(a1-3)[Man(a1-6)]Man(a1-6)]Man(b1-4)GlcNAc(b1-4)GlcNAc,0.0025664239656180143,6,1.911157432431537,H-,candycrunch
392.9874267578125,-4,10.83915,Gal(b1-4)GlcNAc(b1-2)Man(a1-3)[Man(a1-3)[Man(a1-6)]Man(a1-6)]Man(b1-4)GlcNAc(b1-4)GlcNAc,0.021134119480848312,16,1.897973838681537,H-,candycrunch
393.0050354003906,-4,11.703806666666667,Gal(b1-4)GlcNAc(b1-2)Man(a1-3)[Man(a1-3)[Man(a1-6)]Man(a1-6)]Man(b1-4)GlcNAc(b1-4)GlcNAc,0.010686347261071205,5,1.880365196103412,H-,candycrunch
393.01373291015625,-4,14.815925,Gal(b1-4)GlcNAc(b1-2)Man(a1-3)[Man(a1-3)[Man(a1-6)]Man(a1-6)]Man(b1-4)GlcNAc(b1-4)GlcNAc,0.028771163895726204,1,1.871667686337787,H-,candycrunch
394.3055114746094,-4,41.52019833333333,Gal(b1-4)GlcNAc(b1-2)Man(a1-3)[Man(a1-3)[Man(a1-6)]Man(a1-6)]Man(b1-4)GlcNAc(b1-4)GlcNAc,0.013227325864136219,1,0.579889121884662,H-,candycrunch
394.7195129394531,-4,16.946015,Gal(b1-4)GlcNAc(b1-2)Man(a1-3)[Man(a1-3)[Man(a1-6)]Man(a1-6)]Man(b1-4)GlcNAc(b1-4)GlcNAc,0.011234716512262821,4,0.16588765704091202,H-,candycrunch
394.9364318847656,-4,5.047603333333333,Gal(b1-4)GlcNAc(b1-2)Man(a1-3)[Man(a1-3)[Man(a1-6)]Man(a1-6)]Man(b1-4)GlcNAc(b1-4)GlcNAc,0.007468404248356819,4,-0.05103128827158798,H-,candycrunch
395.0096435546875,-4,3.8515666666666664,Gal(b1-4)GlcNAc(b1-2)Man(a1-3)[Man(a1-3)[Man(a1-6)]Man(a1-6)]Man(b1-4)GlcNAc(b1-4)GlcNAc,0.00723539711907506,1,-0.12424295819346298,H-,candycrunch
395.0970458984375,-4,10.833028333333335,Gal(b1-4)GlcNAc(b1-2)Man(a1-3)[Man(a1-3)[Man(a1-6)]Man(a1-6)]Man(b1-4)GlcNAc(b1-4)GlcNAc,0.002128033200278878,1,-0.21164530194346298,H-,candycrunch
396.3448181152344,-4,45.619258333333335,Neu5Ac(a2-?)GalNAc(b1-4)GlcNAc(b1-2)Man(a1-?)[Man(a1-?)]Man(b1-4)GlcNAc(b1-4)GlcNAc,0.0001662074209889397,2,0.544662167534625,H-,candycrunch
398.1074523925781,-4,3.979188333333333,Neu5Ac(a2-?)[GalNAc(b1-4)]GlcNAc(b1-2)Man(a1-3)[Man(a1-6)]Man(b1-4)GlcNAc(b1-4)GlcNAc,0.0006920722662471235,1,-1.217972109809125,H-,candycrunch
398.1804504394531,-4,10.629463333333334,Neu5Ac(a2-?)GalNAc(b1-4)GlcNAc(b1-2)Man(a1-3)[Man(a1-6)]Man(b1-4)GlcNAc(b1-4)GlcNAc,0.0002420389500912279,3,-1.290970156684125,H-,candycrunch
399.06549072265625,-4,3.94043,Fuc(a1-?)[Gal(b1-?)]GlcNAc(b1-2)Man(a1-6)[GlcNAc(b1-2)Man(a1-3)]Man(b1-4)GlcNAc(b1-4)GlcNAc,9.378786671732087e-06,11,2.077818493587756,H-,candycrunch
400.08447265625,-4,33.40579666666667,Fuc(a1-?)[Gal(b1-?)]GlcNAc(b1-2)Man(a1-6)[GlcNAc(b1-2)Man(a1-3)]Man(b1-4)GlcNAc(b1-4)GlcNAc,6.405810836440651e-06,3,1.0588365599940062,H-,candycrunch
401.96124267578125,-4,3.656655,Fuc(a1-3)[Gal(b1-4)]GlcNAc(b1-2)Man(a1-3)[GlcNAc(b1-2)Man(a1-6)]Man(b1-4)GlcNAc(b1-4)GlcNAc,4.617842932930216e-06,2,-0.8179334595372438,H-,candycrunch
402.01513671875,-4,11.267073333333334,Fuc(a1-3)[Gal(b1-4)]GlcNAc(b1-2)Man(a1-3)[GlcNAc(b1-2)Man(a1-6)]Man(b1-4)GlcNAc(b1-4)GlcNAc,2.3828742996556684e-05,24,-0.8718275025059938,H-,candycrunch
402.2010498046875,-4,13.094626666666667,Fuc(a1-3)[Gal(b1-4)]GlcNAc(b1-2)Man(a1-6)[GlcNAc(b1-2)Man(a1-3)]Man(b1-4)GlcNAc(b1-4)GlcNAc,5.347914338926785e-06,1,-1.0577405884434938,H-,candycrunch
406.1275329589844,-4,12.202739999999999,GlcNAc(b1-2)Man(a1-3)[Man(a1-3)[Man(a1-6)]Man(a1-6)][GlcNAc(b1-4)]Man(b1-4)GlcNAc(b1-4)GlcNAc,0.0028264843858778477,2,-0.985495087115396,H-,candycrunch
406.28399658203125,-1,29.136491666666668,GlcNAc(b1-4)GlcNAc,0.0019116783514618874,3,0.8831220818076986,H-,candycrunch
407.522216796875,-1,40.622475,GlcNAc(b1-4)GlcNAc,0.07973100990056992,1,-0.3550981330360514,H-,candycrunch
408.2030334472656,-4,35.387231666666665,GlcA(b1-4)GalNAc(b1-4)GlcNAc(b1-2)Man(a1-3)[Man(a1-3)Man(a1-6)]Man(b1-4)GlcNAc(b1-4)GlcNAc,5.465796260040179e-09,1,0.4338205592283657,H-,candycrunch
409.0450744628906,-3,4.922,GlcNAc(b1-2)Man(a1-6)[Xyl(b1-2)][Man(a1-3)]Man(b1-4)GlcNAc(b1-4)GlcNAc,2.7749068976845592e-05,2,-0.23418536185823768,H-,candycrunch
409.0969543457031,-3,3.960525,GlcNAc(b1-2)Man(a1-6)[Xyl(b1-2)][Man(a1-3)]Man(b1-4)GlcNAc(b1-4)GlcNAc,8.512949420946825e-07,11,-0.2860652446707377,H-,candycrunch
413.06744384765625,-3,45.91649833333334,Fuc(a1-3)[Gal(b1-4)]GlcNAc(b1-2)Man(a1-6)Man(b1-4)GlcNAc(b1-4)GlcNAc,4.148213338339701e-05,1,0.4153286080427847,H-,candycrunch
414.52459716796875,-4,39.02065,Gal(b1-4)GlcNAc(b1-2)Man(a1-3)[GlcNAc(b1-2)Man(a1-6)][GlcNAc(b1-4)]Man(b1-4)GlcNAc(b1-4)GlcNAc,0.11963696777820587,1,0.8740779792752278,H-,candycrunch
414.7985534667969,-4,6.572258333333333,Gal(b1-4)GlcNAc(b1-?)[GlcNAc(b1-?)]Man(a1-?)[GlcNAc(b1-2)Man(a1-?)]Man(b1-4)GlcNAc(b1-4)GlcNAc,0.00092854886315763,1,0.6001216804471028,H-,candycrunch
414.8736267089844,-4,13.967360000000001,Gal(b1-4)GlcNAc(b1-2)Man(a1-3)[GlcNAc(b1-2)Man(a1-6)][GlcNAc(b1-4)]Man(b1-4)GlcNAc(b1-4)GlcNAc,0.008941881358623505,11,0.5250484382596028,H-,candycrunch
414.9073486328125,-4,8.137201666666666,Gal(b1-4)GlcNAc(b1-?)[GlcNAc(b1-?)]Man(a1-?)[GlcNAc(b1-2)Man(a1-?)]Man(b1-4)GlcNAc(b1-4)GlcNAc,0.0019379227887839079,1,0.4913265144314778,H-,candycrunch
414.9159240722656,-4,10.102891666666666,Gal(b1-4)GlcNAc(b1-?)[GlcNAc(b1-?)]Man(a1-?)[GlcNAc(b1-2)Man(a1-?)]Man(b1-4)GlcNAc(b1-4)GlcNAc,0.010629008524119854,3,0.4827510749783528,H-,candycrunch
414.9798889160156,-4,12.904575,Gal(b1-4)GlcNAc(b1-2)Man(a1-3)[GlcNAc(b1-2)Man(a1-6)][GlcNAc(b1-4)]Man(b1-4)GlcNAc(b1-4)GlcNAc,0.03180785849690437,5,0.4187862312283528,H-,candycrunch
414.98291015625,-4,11.468753333333334,Gal(b1-4)GlcNAc(b1-2)Man(a1-3)[GlcNAc(b1-2)Man(a1-6)][GlcNAc(b1-4)]Man(b1-4)GlcNAc(b1-4)GlcNAc,0.01101864967495203,4,0.4157649909939778,H-,candycrunch
415.03302001953125,-4,15.840671666666667,Gal(b1-4)GlcNAc(b1-2)Man(a1-3)[GlcNAc(b1-2)Man(a1-6)][GlcNAc(b1-4)]Man(b1-4)GlcNAc(b1-4)GlcNAc,0.05303901806473732,9,0.3656551277127278,H-,candycrunch
415.122802734375,-4,18.383153333333333,Gal(b1-4)GlcNAc(b1-2)Man(a1-3)[GlcNAc(b1-2)Man(a1-6)][GlcNAc(b1-4)]Man(b1-4)GlcNAc(b1-4)GlcNAc,0.04901212453842163,2,0.2758724128689778,H-,candycrunch
415.2803955078125,-4,42.27692833333333,Gal(b1-4)GlcNAc(b1-2)Man(a1-3)[GlcNAc(b1-2)Man(a1-6)][GlcNAc(b1-4)]Man(b1-4)GlcNAc(b1-4)GlcNAc,0.04480414465069771,1,0.11827963943147779,H-,candycrunch
416.19189453125,-4,18.248595,Gal(b1-4)GlcNAc(b1-2)Man(a1-3)[GlcNAc(b1-2)Man(a1-6)][GlcNAc(b1-4)]Man(b1-4)GlcNAc(b1-4)GlcNAc,0.05479173734784126,1,-0.7932193840060222,H-,candycrunch
416.84979248046875,-4,6.31966,Gal(b1-4)GlcNAc(b1-?)[GlcNAc(b1-?)]Man(a1-?)[GlcNAc(b1-2)Man(a1-?)]Man(b1-4)GlcNAc(b1-4)GlcNAc,0.0009587340173311532,4,-1.4511173332247722,H-,candycrunch
416.86468505859375,-4,3.088966666666667,Gal(b1-4)GlcNAc(b1-2)Man(a1-3)[GlcNAc(b1-2)Man(a1-6)][GlcNAc(b1-4)]Man(b1-4)GlcNAc(b1-4)GlcNAc,0.14535416662693024,10,-1.4660099113497722,H-,candycrunch
416.9063720703125,-4,4.835306666666667,Gal(b1-4)GlcNAc(b1-2)Man(a1-3)[GlcNAc(b1-2)Man(a1-6)][GlcNAc(b1-4)]Man(b1-4)GlcNAc(b1-4)GlcNAc,0.18355552852153778,28,-1.5076969230685222,H-,candycrunch
416.9848327636719,-4,10.82606,Gal(b1-4)GlcNAc(b1-2)Man(a1-3)[GlcNAc(b1-2)Man(a1-6)][GlcNAc(b1-4)]Man(b1-4)GlcNAc(b1-4)GlcNAc,0.0005428550066426396,17,-1.5861576164278972,H-,candycrunch
417.027099609375,-4,12.993828333333335,Gal(b1-4)GlcNAc(b1-2)Man(a1-3)[GlcNAc(b1-2)Man(a1-6)][GlcNAc(b1-4)]Man(b1-4)GlcNAc(b1-4)GlcNAc,0.0003303157864138484,18,-1.6284244621310222,H-,candycrunch
417.03216552734375,-4,41.527065,Gal(b1-4)GlcNAc(b1-2)Man(a1-3)[GlcNAc(b1-2)Man(a1-6)][GlcNAc(b1-4)]Man(b1-4)GlcNAc(b1-4)GlcNAc,0.021301144734025,2,-1.6334903800997722,H-,candycrunch
417.0655517578125,-4,15.593556666666668,Gal(b1-4)GlcNAc(b1-2)Man(a1-3)[GlcNAc(b1-2)Man(a1-6)][GlcNAc(b1-4)]Man(b1-4)GlcNAc(b1-4)GlcNAc,0.002515242900699377,1,-1.6668766105685222,H-,candycrunch
417.1806640625,-3,14.952868333333331,Gal(b1-4)GlcNAc(b1-2)Man(a1-3)[Man(a1-6)]Man(b1-4)GlcNAc(b1-4)GlcNAc,0.0009149773977696896,28,1.6337466006989985,H-,candycrunch
420.3804626464844,-3,44.742875,Gal(b1-4)GlcNAc(b1-2)Man(a1-?)[Man(a1-?)]Man(b1-4)GlcNAc(b1-4)GlcNAc,0.14668287336826324,2,-1.5660519832853765,H-,candycrunch
421.0796813964844,-4,3.8795349999999997,Neu5Ac(a2-3)Gal(b1-4)[Fuc(a1-3)]GlcNAc(b1-2)Man(a1-3)[Man(a1-6)]Man(b1-4)GlcNAc(b1-4)GlcNAc,0.0013130797306075692,7,2.06763881315959,H-,candycrunch
422.80279541015625,-4,34.53245333333333,Neu5Ac(a2-3)Gal(b1-4)[Fuc(a1-3)]GlcNAc(b1-2)Man(a1-6)[Man(a1-3)]Man(b1-4)GlcNAc(b1-4)GlcNAc,6.874892278574407e-05,1,0.34452479948771497,H-,candycrunch
423.997802734375,-4,11.334155,Neu5Ac(a2-3)Gal(b1-4)[Fuc(a1-3)]GlcNAc(b1-2)Man(a1-3)[Man(a1-6)]Man(b1-4)GlcNAc(b1-4)GlcNAc,0.0014738168101757765,6,-0.850482524731035,H-,candycrunch
425.1282958984375,-4,12.221776666666667,Man(a1-2)Man(a1-2)Man(a1-3)[Man(a1-2)Man(a1-?)[Man(a1-?)]Man(a1-6)]Man(b1-4)GlcNAc(b1-4)GlcNAc,0.07227274775505066,3,0.013673280556474765,H-,candycrunch
426.0278625488281,-4,17.866468333333334,GalNAc(b1-4)GlcNAc(b1-2)Man(a1-3)[GalNAc(b1-4)GlcNAc(b1-2)Man(a1-6)]Man(b1-4)GlcNAc(b1-4)GlcNAc,0.04121173545718193,3,-0.3725501262091484,H-,candycrunch
429.2037353515625,-4,18.105435,Neu5Gc(a2-3)Gal(b1-4)GlcNAc(b1-2)Man(a1-3)[Man(a1-?)Man(a1-6)]Man(b1-4)GlcNAc(b1-4)GlcNAc,0.0011293399147689342,3,1.941042168706474,H-,candycrunch
429.4607238769531,-4,39.75494166666667,Fuc(a1-3)[Gal(b1-4)]GlcNAc(b1-2)Man(a1-3)[Man(a1-3)[Man(a1-6)]Man(a1-6)]Man(b1-4)GlcNAc(b1-4)GlcNAc,0.010676669888198376,1,1.9391539217908758,H-,candycrunch
432.450927734375,-3,35.88043666666666,GlcNAc(b1-2)Man(a1-3)[GlcNAc(b1-2)Man(a1-6)]Man(b1-4)GlcNAc(b1-4)GlcNAc,0.10933387279510498,1,0.03899929599066354,H-,candycrunch
433.0854797363281,-4,13.478613333333334,Neu5Ac(a2-?)GalNAc(b1-4)[Fuc(a1-3)]GlcNAc(b1-2)Man(a1-?)[Man(a1-?)]Man(b1-4)GlcNAc(b1-4)GlcNAc,0.00031548121478408575,1,0.3184777486908388,H-,candycrunch
433.25762939453125,-4,35.454863333333336,Neu5Ac(a2-?)GalNAc(b1-4)[Fuc(a1-3)]GlcNAc(b1-2)Man(a1-?)[Man(a1-?)]Man(b1-4)GlcNAc(b1-4)GlcNAc,0.0005211337702348828,1,0.14632809048771378,H-,candycrunch
433.3571472167969,-4,39.332771666666666,Neu5Ac(a2-?)GalNAc(b1-4)[Fuc(a1-3)]GlcNAc(b1-2)Man(a1-?)[Man(a1-?)]Man(b1-4)GlcNAc(b1-4)GlcNAc,0.00012946914648637176,1,0.04681026822208878,H-,candycrunch
434.9300231933594,-4,5.113261666666667,Gal(a1-3)Gal(b1-4)GlcNAc(b1-2)Man(a1-3)[Man(a1-3)[Man(a1-6)]Man(a1-6)]Man(b1-4)GlcNAc(b1-4)GlcNAc,0.0048797233030200005,3,0.4685832610095986,H-,candycrunch
435.379150390625,-4,22.373625,Gal(b1-4)GlcNAc(b1-2)Man(a1-3)[Man(a1-2)Man(a1-?)[Man(a1-?)]Man(a1-6)]Man(b1-4)GlcNAc(b1-4)GlcNAc,0.002178010530769825,1,0.019456063743973573,H-,candycrunch
436.8576965332031,-4,3.0139650000000002,Neu5Ac(a2-3)[GalNAc(b1-4)]Gal(b1-4)GlcNAc(b1-2)Man(a1-3)[Man(a1-6)]Man(b1-4)GlcNAc(b1-4)GlcNAc,0.008836976252496243,14,0.5449896074408684,H-,candycrunch
436.86871337890625,-4,4.728805,Neu5Ac(a2-3)[GalNAc(b1-4)]Gal(b1-4)GlcNAc(b1-2)Man(a1-3)[Man(a1-6)]Man(b1-4)GlcNAc(b1-4)GlcNAc,0.007456702180206776,13,0.5339727617377434,H-,candycrunch
436.981689453125,-4,10.845308333333334,Neu5Ac(a2-3)[GalNAc(b1-4)]Gal(b1-4)GlcNAc(b1-2)Man(a1-3)[Man(a1-6)]Man(b1-4)GlcNAc(b1-4)GlcNAc,0.00402685534209013,6,0.42099668751899344,H-,candycrunch
437.0267028808594,-4,12.642626666666667,Neu5Ac(a2-3)[GalNAc(b1-4)]Gal(b1-4)GlcNAc(b1-2)Man(a1-3)[Man(a1-6)]Man(b1-4)GlcNAc(b1-4)GlcNAc,0.05126272141933441,5,0.37598325978461844,H-,candycrunch
438.76507568359375,-4,16.049881666666668,Fuc(a1-3)[GalNAcOS(b1-4)]GlcNAc(b1-2)Man(a1-?)[Fuc(a1-3)[Gal(b1-4)]GlcNAc(b1-2)Man(a1-?)]Man(b1-4)GlcNAc(b1-4)GlcNAc,0.040125444531440735,3,-1.10728926509978,H-,candycrunch
439.1484069824219,-4,14.980536666666668,Fuc(a1-3)[GalNAcOS(b1-4)]GlcNAc(b1-2)Man(a1-?)[Fuc(a1-3)[Gal(b1-4)]GlcNAc(b1-2)Man(a1-?)]Man(b1-4)GlcNAc(b1-4)GlcNAc,0.0008027204312384129,3,-1.490620563927905,H-,candycrunch
439.29193115234375,-4,41.01522666666666,Fuc(a1-3)[GalNAcOS(b1-4)]GlcNAc(b1-2)Man(a1-?)[Fuc(a1-3)[Gal(b1-4)]GlcNAc(b1-2)Man(a1-?)]Man(b1-4)GlcNAc(b1-4)GlcNAc,0.009850695729255676,1,-1.63414473384978,H-,candycrunch
440.33184814453125,-4,40.172670000000004,Fuc(a1-3)[Gal(b1-4)]GlcNAc(b1-2)Man(a1-3)[Man(a1-?)Man(a1-6)][GlcNAc(b1-4)]Man(b1-4)GlcNAc(b1-4)GlcNAc,0.010045764967799187,1,1.3246669295877496,H-,candycrunch
440.8699645996094,-4,3.0345866666666663,Neu5Gc(a2-?)Gal(b1-4)GlcNAc(b1-2)Man(a1-?)[GlcNAc(b1-2)Man(a1-?)]Man(b1-4)GlcNAc(b1-4)GlcNAc,0.008336150087416172,13,0.5314501960345979,H-,candycrunch
440.9330749511719,-4,4.782051666666667,Neu5Gc(a2-3)Gal(b1-4)GlcNAc(b1-2)Man(a1-3)[GlcNAc(b1-2)Man(a1-6)]Man(b1-4)GlcNAc(b1-4)GlcNAc,0.011543323285877705,25,0.46833984447209787,H-,candycrunch
441.45208740234375,-4,45.59441666666667,Neu5Gc(a2-?)Gal(b1-4)GlcNAc(b1-2)Man(a1-?)[GlcNAc(b1-2)Man(a1-?)]Man(b1-4)GlcNAc(b1-4)GlcNAc,0.03857782483100891,1,-0.050672606699777134,H-,candycrunch
441.5744323730469,-4,36.107234999999996,Neu5Gc(a2-3)Gal(b1-4)GlcNAc(b1-2)Man(a1-3)[GlcNAc(b1-2)Man(a1-6)]Man(b1-4)GlcNAc(b1-4)GlcNAc,0.007078275084495544,2,-0.17301757740290213,H-,candycrunch
442.0822448730469,-4,19.470305,Fuc(a1-3)[Gal(b1-4)]GlcNAc(b1-2)Man(a1-?)[Gal(b1-4)GlcNAc(b1-2)Man(a1-?)]Man(b1-4)GlcNAc(b1-4)GlcNAc,0.0029032297898083925,3,-0.42572979892787544,H-,candycrunch
442.09930419921875,-4,17.894961666666667,Fuc(a1-3)[Gal(b1-4)]GlcNAc(b1-2)Man(a1-?)[Gal(b1-4)GlcNAc(b1-2)Man(a1-?)]Man(b1-4)GlcNAc(b1-4)GlcNAc,0.0014491782058030367,12,-0.44278912509975044,H-,candycrunch
443.0661315917969,-4,18.007475,Fuc(a1-3)[Gal(b1-4)]GlcNAc(b1-2)Man(a1-?)[Gal(b1-4)GlcNAc(b1-2)Man(a1-?)]Man(b1-4)GlcNAc(b1-4)GlcNAc,0.0008559530251659453,2,-1.4096165176778754,H-,candycrunch
443.0677490234375,-4,3.8857633333333332,Fuc(a1-3)[Gal(b1-4)]GlcNAc(b1-2)Man(a1-3)[Man(a1-?)Man(a1-6)][GlcNAc(b1-4)]Man(b1-4)GlcNAc(b1-4)GlcNAc,0.0022801863960921764,1,-1.4112339493185004,H-,candycrunch
445.5062255859375,-4,42.856004999999996,Gal(b1-4)GlcNAc(b1-2)Man(a1-3)[Man(a1-3)[Man(a1-6)]Man(a1-6)][GlcNAc(b1-4)]Man(b1-4)GlcNAc(b1-4)GlcNAc,0.006631089374423027,2,0.14901814380652922,H-,candycrunch
446.258544921875,-2,40.033384999999996,Man(a1-3)[Man(a1-6)]Man(b1-4)GlcNAc(b1-4)GlcNAc,0.27960318326950073,2,-0.09938867601596257,H-,candycrunch
446.3923645019531,-2,41.97307166666667,Man(a1-3)[Man(a1-6)]Man(b1-4)GlcNAc(b1-4)GlcNAc,0.49426621198654175,3,-0.23320825609408757,H-,candycrunch
449.1705322265625,-4,11.998598333333334,GlcA(b1-4)GalNAc(b1-4)GlcNAc(b1-2)Man(a1-3)[Man(a1-3)[Man(a1-6)]Man(a1-6)]Man(b1-4)GlcNAc(b1-4)GlcNAc,3.6858487817426067e-08,16,-0.02047236219351589,H-,candycrunch
449.1874084472656,-4,4.40135,GlcA(b1-4)GalNAc(b1-4)GlcNAc(b1-2)Man(a1-3)[Man(a1-3)[Man(a1-6)]Man(a1-6)]Man(b1-4)GlcNAc(b1-4)GlcNAc,3.943562276731427e-08,1,-0.03734858289664089,H-,candycrunch
449.9333190917969,-4,6.505521666666667,GlcA(b1-4)GalNAc(b1-4)GlcNAc(b1-2)Man(a1-3)[Man(a1-3)[Man(a1-6)]Man(a1-6)]Man(b1-4)GlcNAc(b1-4)GlcNAc,1.1910003649973078e-08,24,-0.7832592274278909,H-,candycrunch
449.9416809082031,-4,7.757126666666666,GlcA(b1-4)GalNAc(b1-4)GlcNAc(b1-2)Man(a1-3)[Man(a1-3)[Man(a1-6)]Man(a1-6)]Man(b1-4)GlcNAc(b1-4)GlcNAc,1.7874912217052952e-08,39,-0.7916210438341409,H-,candycrunch
449.94927978515625,-4,10.819126666666666,GlcA(b1-4)GalNAc(b1-4)GlcNAc(b1-2)Man(a1-3)[Man(a1-3)[Man(a1-6)]Man(a1-6)]Man(b1-4)GlcNAc(b1-4)GlcNAc,1.47342227307945e-08,60,-0.7992199207872659,H-,candycrunch
449.9687805175781,-4,5.985638333333333,GlcA(b1-4)GalNAc(b1-4)GlcNAc(b1-2)Man(a1-3)[Man(a1-3)[Man(a1-6)]Man(a1-6)]Man(b1-4)GlcNAc(b1-4)GlcNAc,2.3434576945646768e-08,100,-0.8187206532091409,H-,candycrunch
449.9689636230469,-4,9.805111666666667,GlcA(b1-4)GalNAc(b1-4)GlcNAc(b1-2)Man(a1-3)[Man(a1-3)[Man(a1-6)]Man(a1-6)]Man(b1-4)GlcNAc(b1-4)GlcNAc,1.3160520495603123e-07,1,-0.8189037586778909,H-,candycrunch
449.979248046875,-4,3.596655,GlcA(b1-4)GalNAc(b1-4)GlcNAc(b1-2)Man(a1-3)[Man(a1-3)[Man(a1-6)]Man(a1-6)]Man(b1-4)GlcNAc(b1-4)GlcNAc,6.131834595635155e-08,7,-0.8291881825060159,H-,candycrunch
449.98223876953125,-4,9.70191,GlcA(b1-4)GalNAc(b1-4)GlcNAc(b1-2)Man(a1-3)[Man(a1-3)[Man(a1-6)]Man(a1-6)]Man(b1-4)GlcNAc(b1-4)GlcNAc,3.796017011836739e-08,85,-0.8321789051622659,H-,candycrunch
449.99853515625,-4,12.986808333333332,GlcA(b1-4)GalNAc(b1-4)GlcNAc(b1-2)Man(a1-3)[Man(a1-3)[Man(a1-6)]Man(a1-6)]Man(b1-4)GlcNAc(b1-4)GlcNAc,3.8160930415642724e-08,15,-0.8484752918810159,H-,candycrunch
450.01068115234375,-4,15.778618333333332,GlcA(b1-4)GalNAc(b1-4)GlcNAc(b1-2)Man(a1-3)[Man(a1-3)[Man(a1-6)]Man(a1-6)]Man(b1-4)GlcNAc(b1-4)GlcNAc,1.0967066543798865e-07,1,-0.8606212879747659,H-,candycrunch
450.0133056640625,-4,18.215033333333334,GlcA(b1-4)GalNAc(b1-4)GlcNAc(b1-2)Man(a1-3)[Man(a1-3)[Man(a1-6)]Man(a1-6)]Man(b1-4)GlcNAc(b1-4)GlcNAc,6.952114262048781e-08,7,-0.8632457996935159,H-,candycrunch
450.02581787109375,-4,4.760718333333333,GlcA(b1-4)GalNAc(b1-4)GlcNAc(b1-2)Man(a1-3)[Man(a1-3)[Man(a1-6)]Man(a1-6)]Man(b1-4)GlcNAc(b1-4)GlcNAc,1.0337342537525274e-08,63,-0.8757580067247659,H-,candycrunch
450.02886962890625,-4,15.580446666666667,GlcA(b1-4)GalNAc(b1-4)GlcNAc(b1-2)Man(a1-3)[Man(a1-3)[Man(a1-6)]Man(a1-6)]Man(b1-4)GlcNAc(b1-4)GlcNAc,2.8421279552048873e-08,21,-0.8788097645372659,H-,candycrunch
450.0498046875,-4,12.005536666666666,GlcA(b1-4)GalNAc(b1-4)GlcNAc(b1-2)Man(a1-3)[Man(a1-3)[Man(a1-6)]Man(a1-6)]Man(b1-4)GlcNAc(b1-4)GlcNAc,3.767528866660541e-08,61,-0.8997448231310159,H-,candycrunch
452.29461669921875,-4,44.41039833333333,Fuc(a1-3)[Gal(b1-4)]GlcNAc(b1-2)Man(a1-6)[GlcNAc(b1-2)Man(a1-3)][GlcNAc(b1-4)]Man(b1-4)GlcNAc(b1-4)GlcNAc,0.002487330697476864,1,-0.38146434972475163,H-,candycrunch
452.846435546875,-4,40.570276666666665,Fuc(a1-3)[GalNAc(b1-4)]GlcNAc(b1-2)Man(a1-?)[Gal(b1-4)GlcNAc(b1-2)Man(a1-?)]Man(b1-4)GlcNAc(b1-4)GlcNAc,0.0014977046521380544,2,-0.9332831973810016,H-,candycrunch
454.126708984375,-4,34.139165000000006,Gal(b1-4)GlcNAc(b1-2)Man(a1-3)[Gal(b1-4)GlcNAc(b1-2)Man(a1-6)][GlcNAc(b1-4)]Man(b1-4)GlcNAc(b1-4)GlcNAc,0.07152224332094193,1,1.7851720207439712,H-,candycrunch
454.2476806640625,-4,44.80832,Gal(b1-4)GlcNAc(b1-2)Man(a1-3)[Gal(b1-4)GlcNAc(b1-2)Man(a1-6)][GlcNAc(b1-4)]Man(b1-4)GlcNAc(b1-4)GlcNAc,0.005192878656089306,5,1.6642003410564712,H-,candycrunch
455.6171875,-4,40.34397,Gal(b1-?)GlcNAc(b1-2)Man(a1-3)[Gal(b1-?)GlcNAc(b1-2)Man(a1-6)][GlcNAc(b1-4)]Man(b1-4)GlcNAc(b1-4)GlcNAc,0.003286829451099038,1,0.2946935051189712,H-,candycrunch
456.3975830078125,-4,38.890295,Gal(b1-?)GlcNAc(b1-2)Man(a1-3)[Gal(b1-?)GlcNAc(b1-2)Man(a1-6)][GlcNAc(b1-4)]Man(b1-4)GlcNAc(b1-4)GlcNAc,0.0004998128861188889,2,-0.4857020026935288,H-,candycrunch
456.90887451171875,-4,4.868478333333333,Gal(b1-4)GlcNAc(b1-2)Man(a1-3)[Gal(b1-4)GlcNAc(b1-2)Man(a1-6)][GlcNAc(b1-4)]Man(b1-4)GlcNAc(b1-4)GlcNAc,0.01678069680929184,6,-0.9969935065997788,H-,candycrunch
457.00384521484375,-4,45.85749833333333,Gal(b1-?)GlcNAc(b1-2)Man(a1-3)[Gal(b1-?)GlcNAc(b1-2)Man(a1-6)][GlcNAc(b1-4)]Man(b1-4)GlcNAc(b1-4)GlcNAc,0.0008264408097602427,1,-1.0919642097247788,H-,candycrunch
457.14251708984375,-4,36.393103333333336,Gal(b1-4)GlcNAc(b1-2)Man(a1-3)[Gal(b1-4)GlcNAc(b1-2)Man(a1-6)][GlcNAc(b1-4)]Man(b1-4)GlcNAc(b1-4)GlcNAc,0.004048511385917664,13,-1.2306360847247788,H-,candycrunch
458.1160888671875,-3,36.12021166666666,Man(a1-2)Man(a1-3)[Man(a1-6)]Man(a1-6)[Man(a1-3)]Man(b1-4)GlcNAc(b1-4)GlcNAc,0.003816606244072318,1,1.0404132393448435,H-,candycrunch
458.8955383300781,-3,3.422686666666667,Man(a1-2)Man(a1-3)[Man(a1-3)[Man(a1-6)]Man(a1-6)]Man(b1-4)GlcNAc(b1-4)GlcNAc,0.05986900255084038,1,0.26096377645421853,H-,candycrunch
459.0251770019531,-3,11.74438,Man(a1-2)Man(a1-3)[Man(a1-3)[Man(a1-6)]Man(a1-6)]Man(b1-4)GlcNAc(b1-4)GlcNAc,0.006552703212946653,1,0.13132510457921853,H-,candycrunch
459.39013671875,-3,36.77171333333334,Man(a1-2)Man(a1-3)[Man(a1-3)[Man(a1-6)]Man(a1-6)]Man(b1-4)GlcNAc(b1-4)GlcNAc,0.045507632195949554,5,-0.23363461221765647,H-,candycrunch
460.2511901855469,-3,13.225710000000001,Man(a1-2)Man(a1-6)[Man(a1-3)]Man(a1-6)[Man(a1-3)]Man(b1-4)GlcNAc(b1-4)GlcNAc,0.0004700011049862951,1,-1.0946880790145315,H-,candycrunch
461.222412109375,-3,14.938458333333335,Neu5Ac(a2-?)GlcNAc(b1-2)Man(a1-3)[Man(a1-6)]Man(b1-4)GlcNAc(b1-4)GlcNAc,0.03321976959705353,1,0.6061962455240177,H-,candycrunch
461.24127197265625,-3,37.610659999999996,Neu5Ac(a2-?)GlcNAc(b1-2)Man(a1-3)[Man(a1-6)]Man(b1-4)GlcNAc(b1-4)GlcNAc,0.0011101901764050126,1,0.5873363822427677,H-,candycrunch
463.08575439453125,-4,3.9542666666666664,Neu5Ac(a2-6)Gal(b1-4)[Fuc(a1-3)]GlcNAc(b1-2)Man(a1-3)[Man(a1-?)Man(a1-6)]Man(b1-4)GlcNAc(b1-4)GlcNAc,1.2238066346981213e-06,6,0.5747716729877084,H-,candycrunch
464.018798828125,-4,17.987178333333333,Neu5Ac(a2-6)Gal(b1-4)[Fuc(a1-3)]GlcNAc(b1-2)Man(a1-3)[Man(a1-?)Man(a1-6)]Man(b1-4)GlcNAc(b1-4)GlcNAc,5.483954737428576e-06,5,-0.35827276060604163,H-,candycrunch
465.1727294921875,-4,43.53338166666666,Man(a1-2)Man(a1-2)Man(a1-3)[Man(a1-2)Man(a1-3)[Man(a1-2)Man(a1-6)]Man(a1-6)]Man(b1-4)GlcNAc(b1-4)GlcNAc,0.011864300817251205,14,0.48244554468146816,H-,candycrunch
466.14239501953125,-4,43.560813333333336,Man(a1-2)Man(a1-2)Man(a1-3)[Man(a1-2)Man(a1-3)[Man(a1-2)Man(a1-6)]Man(a1-6)]Man(b1-4)GlcNAc(b1-4)GlcNAc,0.2073729783296585,3,-0.48721998266228184,H-,candycrunch
466.8385009765625,-2,41.407223333333334,GlcNAc(b1-2)Man(a1-6)Man(b1-4)GlcNAc(b1-4)GlcNAc,0.0064319116063416,1,-0.16607017995346496,H-,candycrunch
468.0005798339844,-4,3.7038333333333338,Neu5Ac(a2-3)Gal(b1-4)GlcNAc(b1-2)Man(a1-3)[Man(a1-3)[Man(a1-6)]Man(a1-6)]Man(b1-4)GlcNAc(b1-4)GlcNAc,0.0474429689347744,2,-0.34132511084038697,H-,candycrunch
470.3532409667969,-4,42.75134,Neu5Gc(a2-3)Gal(b1-4)GlcNAc(b1-2)Man(a1-3)[Man(a1-3)[Man(a1-6)]Man(a1-6)]Man(b1-4)GlcNAc(b1-4)GlcNAc,0.0008714143768884242,1,1.3047424113471493,H-,candycrunch
471.101318359375,-4,12.121776666666666,Neu5Gc(a2-3)Gal(b1-4)GlcNAc(b1-2)Man(a1-3)[Man(a1-3)[Man(a1-6)]Man(a1-6)]Man(b1-4)GlcNAc(b1-4)GlcNAc,0.00042362851672805846,2,0.5566650187690243,H-,candycrunch
471.3879699707031,-4,34.069811666666666,Neu5Gc(a2-3)Gal(b1-4)GlcNAc(b1-2)Man(a1-3)[Man(a1-3)[Man(a1-6)]Man(a1-6)]Man(b1-4)GlcNAc(b1-4)GlcNAc,0.0020836684852838516,1,0.2700134074408993,H-,candycrunch
472.1888427734375,-4,39.06642333333333,Neu5Gc(a2-6)Gal(b1-4)GlcNAc(b1-2)Man(a1-3)[Man(a1-3)[Man(a1-6)]Man(a1-6)]Man(b1-4)GlcNAc(b1-4)GlcNAc,7.802345498930663e-05,1,-0.5308593952934757,H-,candycrunch
472.19256591796875,-4,14.37432,Neu5Gc(a2-3)Gal(b1-4)GlcNAc(b1-2)Man(a1-3)[Man(a1-3)[Man(a1-6)]Man(a1-6)]Man(b1-4)GlcNAc(b1-4)GlcNAc,0.0008636428392492235,5,-0.5345825398247257,H-,candycrunch
472.8984069824219,-3,3.60287,GlcNAc(b1-2)Man(a1-3)[Man(a1-3)[Man(a1-6)]Man(a1-6)]Man(b1-4)GlcNAc(b1-4)GlcNAc,0.005681860726326704,2,-0.06638850872286639,H-,candycrunch
474.35162353515625,-4,15.790985000000001,Neu5Ac(a2-3)Gal(b1-4)[Fuc(a1-3)]GlcNAc(b1-2)Man(a1-3)[GlcNAc(b1-2)Man(a1-6)]Man(b1-4)GlcNAc(b1-4)GlcNAc,5.043181317887502e-06,1,-0.4344601922622928,H-,candycrunch
474.7690124511719,-4,40.733325,Neu5Ac(a2-3)Gal(b1-4)[Fuc(a1-3)]GlcNAc(b1-2)Man(a1-3)[GlcNAc(b1-2)Man(a1-6)]Man(b1-4)GlcNAc(b1-4)GlcNAc,4.764584900840418e-06,1,-0.8518491082779178,H-,candycrunch
474.78851318359375,-4,19.39810333333333,Neu5Ac(a2-3)Gal(b1-4)[Fuc(a1-3)]GlcNAc(b1-2)Man(a1-3)[GlcNAc(b1-2)Man(a1-6)]Man(b1-4)GlcNAc(b1-4)GlcNAc,4.185755824437365e-05,3,-0.8713498406997928,H-,candycrunch
475.2258605957031,-4,42.76255333333333,Gal(b1-4)GlcNAc(b1-2)Man(a1-3)[Man(a1-2)Man(a1-3)[Man(a1-2)Man(a1-6)]Man(a1-6)]Man(b1-4)GlcNAc(b1-4)GlcNAc,9.761182809597813e-06,2,0.6859517165408988,H-,candycrunch
475.2311706542969,-4,37.37687666666667,Gal(b1-4)GlcNAc(b1-2)Man(a1-3)[Man(a1-2)Man(a1-3)[Man(a1-2)Man(a1-6)]Man(a1-6)]Man(b1-4)GlcNAc(b1-4)GlcNAc,7.197345894383034e-06,1,0.6806416579471488,H-,candycrunch
475.87762451171875,-4,19.404398333333333,Gal(b1-4)GlcNAc(b1-2)Man(a1-3)[Man(a1-2)Man(a1-3)[Man(a1-2)Man(a1-6)]Man(a1-6)]Man(b1-4)GlcNAc(b1-4)GlcNAc,3.814088358922163e-06,5,0.034187800525273815,H-,candycrunch
476.0614929199219,-4,34.34966,Gal(b1-4)GlcNAc(b1-2)Man(a1-3)[Man(a1-2)Man(a1-3)[Man(a1-2)Man(a1-6)]Man(a1-6)]Man(b1-4)GlcNAc(b1-4)GlcNAc,1.5776274153722625e-07,1,-0.14968060767785119,H-,candycrunch
478.0920104980469,-4,43.979456666666664,Neu5Ac(a2-6)Gal(b1-4)GlcNAc(b1-2)Man(a1-?)[Gal(b1-4)GlcNAc(b1-2)Man(a1-?)]Man(b1-4)GlcNAc(b1-4)GlcNAc,0.20005543529987335,2,-0.17611849952788816,H-,candycrunch
478.29583740234375,-4,37.74845333333333,Neu5Ac(a2-6)Gal(b1-4)GlcNAc(b1-2)Man(a1-?)[Gal(b1-4)GlcNAc(b1-2)Man(a1-?)]Man(b1-4)GlcNAc(b1-4)GlcNAc,0.06121886149048805,9,-0.37994540382476316,H-,candycrunch
479.0527648925781,-4,43.79591,Fuc(a1-2)Gal(b1-4)[Fuc(a1-3)]GlcNAc(b1-2)Man(a1-6)[Gal(b1-4)GlcNAc(b1-2)Man(a1-3)]Man(b1-4)GlcNAc(b1-4)GlcNAc,0.008064120076596737,1,-0.8817726162091617,H-,candycrunch
480.33074951171875,-3,34.80302833333333,GlcNAc(b1-4)GlcNAc(b1-2)Man(a1-6)[Man(a1-3)]Man(b1-4)GlcNAc(b1-4)[Fuc(a1-6)]GlcNAc,1.4071686038619191e-08,15,0.8451471216469599,H-,candycrunch
480.4000549316406,-3,38.70394,GlcNAc(b1-4)GlcNAc(b1-2)Man(a1-6)[Man(a1-3)]Man(b1-4)GlcNAc(b1-4)[Fuc(a1-6)]GlcNAc,3.5255045105486715e-08,16,0.7758417017250849,H-,candycrunch
480.42889404296875,-3,41.228743333333334,GlcNAc(b1-4)GlcNAc(b1-2)Man(a1-6)[Man(a1-3)]Man(b1-4)GlcNAc(b1-4)[Fuc(a1-6)]GlcNAc,3.3662326259786823e-09,1,0.7470025903969599,H-,candycrunch
481.4080505371094,-3,36.83779666666667,GlcNAc(b1-4)GlcNAc(b1-2)Man(a1-6)[Man(a1-3)]Man(b1-4)GlcNAc(b1-4)[Fuc(a1-6)]GlcNAc,2.5673017489680205e-08,1,-0.23215390374366507,H-,candycrunch
481.4884338378906,-3,38.72481833333333,GlcNAc(b1-4)GlcNAc(b1-2)Man(a1-6)[Man(a1-3)]Man(b1-4)GlcNAc(b1-4)[Fuc(a1-6)]GlcNAc,9.823205360248721e-09,3,-0.31253720452491507,H-,candycrunch
481.5158996582031,-4,41.121518333333334,Neu5Gc(a2-6)Gal(b1-4)GlcNAc(b1-2)Man(a1-6)[Gal(b1-4)GlcNAc(b1-2)Man(a1-3)]Man(b1-4)GlcNAc(b1-4)GlcNAc,0.0014102456625550985,1,0.39872099531584126,H-,candycrunch
482.829833984375,-4,16.202753333333334,Fuc(a1-3)[Gal(b1-4)]GlcNAc(b1-?)[Gal(b1-4)GlcNAc(b1-?)]Man(a1-3)[Man(a1-?)Man(a1-6)]Man(b1-4)GlcNAc(b1-4)GlcNAc,0.02640821784734726,10,-0.660113052381007,H-,candycrunch
484.46917724609375,-4,39.24494833333333,Gal(a1-3)Gal(b1-?)GlcNAc(b1-2)Man(a1-3)[Gal(a1-3)Gal(b1-?)GlcNAc(b1-2)Man(a1-6)]Man(b1-4)GlcNAc(b1-4)GlcNAc,0.0004772033717017621,1,1.6992723415252158,H-,candycrunch
484.99871826171875,-4,4.940815,Gal(a1-3)Gal(b1-4)GlcNAc(b1-2)Man(a1-3)[Gal(a1-3)Gal(b1-4)GlcNAc(b1-2)Man(a1-6)]Man(b1-4)GlcNAc(b1-4)GlcNAc,0.0002779456553980708,6,1.1697313259002158,H-,candycrunch
485.11187744140625,-4,38.06834666666667,Gal(b1-4)GlcNAc(b1-2)[Gal(b1-4)GlcNAc(b1-4)]Man(a1-3)[Man(a1-3)[Man(a1-6)]Man(a1-6)]Man(b1-4)GlcNAc(b1-4)GlcNAc,0.0004681789723690599,4,1.0565721462127158,H-,candycrunch
485.6150817871094,-4,38.858185,Gal(a1-3)Gal(b1-?)GlcNAc(b1-2)Man(a1-3)[Gal(a1-3)Gal(b1-?)GlcNAc(b1-2)Man(a1-6)]Man(b1-4)GlcNAc(b1-4)GlcNAc,0.0009052683599293232,1,0.5533678005095908,H-,candycrunch
487.29473876953125,-3,18.900303333333333,Gal(b1-4)GlcNAc(b1-2)Man(a1-?)[GlcNAc(b1-2)Man(a1-?)]Man(b1-4)GlcNAc(b1-4)GlcNAc,0.008340825326740742,6,-0.7872039286655763,H-,candycrunch
487.3039245605469,-3,36.956005,Gal(b1-4)GlcNAc(b1-2)Man(a1-3)[GlcNAc(b1-2)Man(a1-6)]Man(b1-4)GlcNAc(b1-4)GlcNAc,0.020745014771819115,1,-0.7963897196812013,H-,candycrunch
489.3383483886719,-4,43.56704833333333,Neu5Ac(a2-6)Gal(b1-4)GlcNAc(b1-2)Man(a1-3)[GlcNAc(b1-2)Man(a1-6)][GlcNAc(b1-4)]Man(b1-4)GlcNAc(b1-4)GlcNAc,5.969342510070419e-06,3,-1.1658191147778894,H-,candycrunch
489.3507080078125,-4,41.76027166666667,Neu5Ac(a2-?)GalNAc(b1-4)GlcNAc(b1-2)Man(a1-3)[Gal(b1-4)GlcNAc(b1-2)Man(a1-6)]Man(b1-4)GlcNAc(b1-4)GlcNAc,5.7902019761968404e-05,1,-1.1781787339185144,H-,candycrunch
490.8193359375,-3,15.949554999999998,GlcA(b1-4)GalNAc(b1-4)GlcNAc(b1-2)Man(a1-3)[Man(a1-6)]Man(b1-4)GlcNAc(b1-4)GlcNAc,2.468929283239163e-09,2,0.34795374953233704,H-,candycrunch
491.0129699707031,-3,44.224790000000006,GlcA(b1-4)GalNAc(b1-4)GlcNAc(b1-2)Man(a1-6)[Man(a1-3)]Man(b1-4)GlcNAc(b1-4)GlcNAc,5.250073797924415e-08,1,0.15431971632921204,H-,candycrunch
491.1029968261719,-3,41.04847,GlcA(b1-4)GalNAc(b1-4)GlcNAc(b1-2)Man(a1-6)[Man(a1-3)]Man(b1-4)GlcNAc(b1-4)GlcNAc,1.665680393614366e-08,5,0.06429286086046204,H-,candycrunch
491.2344665527344,-3,38.33499333333334,GlcA(b1-4)GalNAc(b1-4)GlcNAc(b1-2)Man(a1-6)[Man(a1-3)]Man(b1-4)GlcNAc(b1-4)GlcNAc,3.70618358225272e-09,1,-0.06717686570203796,H-,candycrunch
491.4073181152344,-3,36.15964,GlcA(b1-4)GalNAc(b1-4)GlcNAc(b1-2)Man(a1-3)[Man(a1-6)]Man(b1-4)GlcNAc(b1-4)GlcNAc,1.2172410635002961e-08,1,-0.24002842820203796,H-,candycrunch
493.31024169921875,-4,41.681585,Fuc(a1-3)[Gal(b1-4)]GlcNAc(b1-2)Man(a1-3)[Gal(b1-4)GlcNAc(b1-2)Man(a1-6)][GlcNAc(b1-4)]Man(b1-4)GlcNAc(b1-4)GlcNAc,0.00024582978221587837,1,-0.8838834918497582,H-,candycrunch
493.3485107421875,-4,45.008118333333336,Fuc(a1-3)[Gal(b1-4)]GlcNAc(b1-2)Man(a1-3)[Gal(b1-4)GlcNAc(b1-2)Man(a1-6)][GlcNAc(b1-4)]Man(b1-4)GlcNAc(b1-4)GlcNAc,1.225522191816708e-05,1,-0.9221525348185082,H-,candycrunch
494.0212707519531,-3,45.720634999999994,GalNAc(b1-4)GlcNAc(b1-4)GlcNAc(b1-2)Man(a1-6)Man(b1-4)GlcNAc(b1-4)[Fuc(a1-6)]GlcNAc,8.94209417623415e-09,1,0.8301422485791932,H-,candycrunch
494.465576171875,-3,44.404109999999996,GalNAc(b1-4)GlcNAc(b1-4)GlcNAc(b1-2)Man(a1-6)Man(b1-4)GlcNAc(b1-4)[Fuc(a1-6)]GlcNAc,3.7574928057892976e-08,1,0.38583682865731816,H-,candycrunch
496.3674621582031,-4,19.01936,Gal(b1-4)GlcNAc(b1-2)[Gal(b1-4)GlcNAc(b1-4)]Man(a1-3)[Gal(b1-4)GlcNAc(b1-2)Man(a1-6)]Man(b1-4)GlcNAc(b1-4)GlcNAc,0.002972749760374427,2,0.05762470479089643,H-,candycrunch
496.6202392578125,-4,44.19103166666667,Gal(b1-4)GlcNAc(b1-2)[Gal(b1-4)GlcNAc(b1-4)]Man(a1-3)[Gal(b1-4)GlcNAc(b1-2)Man(a1-6)]Man(b1-4)GlcNAc(b1-4)GlcNAc,0.0019421775359660387,15,-0.19515239481847857,H-,candycrunch
497.18914794921875,-4,42.22902666666667,Gal(b1-4)GlcNAc(b1-2)Man(a1-3)[Gal(b1-4)GlcNAc(b1-2)[Gal(b1-4)GlcNAc(b1-6)]Man(a1-6)]Man(b1-4)GlcNAc(b1-4)GlcNAc,0.001333613763563335,28,-0.7640610862247286,H-,candycrunch
497.24224853515625,-4,45.660538333333335,Gal(b1-4)GlcNAc(b1-2)[Gal(b1-4)GlcNAc(b1-4)]Man(a1-3)[Gal(b1-4)GlcNAc(b1-2)Man(a1-6)]Man(b1-4)GlcNAc(b1-4)GlcNAc,0.004303616005927324,5,-0.8171616721622286,H-,candycrunch
497.42791748046875,-4,44.198031666666665,Neu5Ac(a2-?)GalNAc(b1-4)GlcNAc(b1-2)Man(a1-3)[GalNAc(b1-4)GlcNAc(b1-2)Man(a1-6)]Man(b1-4)GlcNAc(b1-4)GlcNAc,0.004139206372201443,15,1.0012490688002345,H-,candycrunch
497.466796875,-4,41.054761666666664,Gal(b1-4)GlcNAc(b1-2)Man(a1-3)[Gal(b1-4)GlcNAc(b1-2)[Gal(b1-4)GlcNAc(b1-6)]Man(a1-6)]Man(b1-4)GlcNAc(b1-4)GlcNAc,0.007615838665515184,2,-1.0417100120059786,H-,candycrunch
498.07489013671875,-4,43.05925166666667,Neu5Ac(a2-?)GalNAc(b1-4)GlcNAc(b1-2)Man(a1-3)[GalNAc(b1-4)GlcNAc(b1-2)Man(a1-6)]Man(b1-4)GlcNAc(b1-4)GlcNAc,0.02492057904601097,1,0.35427641255023445,H-,candycrunch
498.1678161621094,-4,38.962245,Neu5Ac(a2-?)GalNAc(b1-4)GlcNAc(b1-2)Man(a1-3)[GalNAc(b1-4)GlcNAc(b1-2)Man(a1-6)]Man(b1-4)GlcNAc(b1-4)GlcNAc,0.012714887969195843,1,0.26135038715960945,H-,candycrunch
498.2590637207031,-4,37.909193333333334,Neu5Ac(a2-?)GalNAc(b1-4)GlcNAc(b1-2)Man(a1-3)[GalNAc(b1-4)GlcNAc(b1-2)Man(a1-6)]Man(b1-4)GlcNAc(b1-4)GlcNAc,0.006916780956089497,1,0.17010282856585945,H-,candycrunch
498.83001708984375,-4,15.813283333333334,Neu5Ac(a2-?)GalNAc(b1-4)GlcNAc(b1-2)Man(a1-3)[GalNAc(b1-4)GlcNAc(b1-2)Man(a1-6)]Man(b1-4)GlcNAc(b1-4)GlcNAc,0.0019530681893229485,5,-0.40085054057476555,H-,candycrunch
499.2182312011719,-3,41.841588333333334,GlcNAc(b1-2)Man(a1-3)[GlcNAc(b1-2)Man(a1-6)][GlcNAc(b1-4)]Man(b1-4)GlcNAc(b1-4)GlcNAc,0.23092621564865112,1,0.9648200068604638,H-,candycrunch
500.7595520019531,-3,5.23266,GlcNAc(b1-2)Man(a1-3)[GlcNAc(b1-2)Man(a1-6)][GlcNAc(b1-4)]Man(b1-4)GlcNAc(b1-4)GlcNAc,0.02258734591305256,2,-0.5765007939207862,H-,candycrunch
501.16290283203125,-3,42.56735166666667,GlcNAc(b1-2)Man(a1-3)[GlcNAc(b1-2)Man(a1-6)][GlcNAc(b1-4)]Man(b1-4)GlcNAc(b1-4)GlcNAc,0.3895105719566345,1,-0.9798516239989112,H-,candycrunch
501.251708984375,-3,45.819898333333335,GlcNAc(b1-2)Man(a1-3)[GlcNAc(b1-2)Man(a1-6)][GlcNAc(b1-4)]Man(b1-4)GlcNAc(b1-4)GlcNAc,0.027446789667010307,1,-1.0686577763426612,H-,candycrunch
501.5245361328125,-3,40.37562333333334,GlcNAc(b1-2)Man(a1-3)[GlcNAc(b1-2)Man(a1-6)][GlcNAc(b1-4)]Man(b1-4)GlcNAc(b1-4)GlcNAc,0.08103670179843903,6,-1.3414849247801612,H-,candycrunch
502.4908447265625,-3,41.35456,GlcNAc(b1-2)[GlcNAc(b1-4)]Man(a1-3)[GlcNAc(b1-2)Man(a1-6)]Man(b1-4)GlcNAc(b1-4)GlcNAc,0.018003113567829132,1,-2.3077935185301612,H-,candycrunch
503.10174560546875,-3,38.32228666666666,GlcNAc(b1-2)[GlcNAc(b1-4)]Man(a1-3)[GlcNAc(b1-2)Man(a1-6)]Man(b1-4)GlcNAc(b1-4)GlcNAc,0.02068842388689518,1,-2.9186943974364112,H-,candycrunch
503.2510986328125,-4,45.86456,Neu5Ac(a2-?)Gal(b1-4)[Fuc(a1-3)]GlcNAc(b1-2)Man(a1-3)[Man(a1-3)[Man(a1-6)]Man(a1-6)]Man(b1-4)GlcNAc(b1-4)GlcNAc,6.8068443397351075e-06,1,0.9226332925815086,H-,candycrunch
503.398681640625,-4,43.43000833333333,Neu5Ac(a2-?)Gal(b1-4)[Fuc(a1-3)]GlcNAc(b1-2)Man(a1-3)[Man(a1-3)[Man(a1-6)]Man(a1-6)]Man(b1-4)GlcNAc(b1-4)GlcNAc,5.090218110126443e-05,3,0.7750502847690086,H-,candycrunch
504.0139465332031,-4,43.632745,Neu5Ac(a2-?)Gal(b1-4)[Fuc(a1-3)]GlcNAc(b1-2)Man(a1-3)[Man(a1-3)[Man(a1-6)]Man(a1-6)]Man(b1-4)GlcNAc(b1-4)GlcNAc,2.739580668276176e-05,1,0.1597853921908836,H-,candycrunch
505.51947021484375,-4,43.09364333333333,Glc(a1-3)Man(a1-2)Man(a1-2)Man(a1-3)[Man(a1-2)Man(a1-3)[Man(a1-2)Man(a1-6)]Man(a1-6)]Man(b1-4)GlcNAc(b1-4)GlcNAc,0.0005318137700669467,1,0.6489106799002116,H-,candycrunch
506.2366943359375,-4,45.30087,Glc(a1-3)Man(a1-2)Man(a1-2)Man(a1-3)[Man(a1-2)Man(a1-3)[Man(a1-2)Man(a1-6)]Man(a1-6)]Man(b1-4)GlcNAc(b1-4)GlcNAc,0.00022111610451247543,1,-0.06831344119353844,H-,candycrunch
506.2811279296875,-4,37.736671666666666,Glc(a1-3)Man(a1-2)Man(a1-2)Man(a1-3)[Man(a1-2)Man(a1-3)[Man(a1-2)Man(a1-6)]Man(a1-6)]Man(b1-4)GlcNAc(b1-4)GlcNAc,0.0001628656464163214,1,-0.11274703494353844,H-,candycrunch
506.3798522949219,-4,43.40424,Glc(a1-3)Man(a1-2)Man(a1-2)Man(a1-3)[Man(a1-2)Man(a1-3)[Man(a1-2)Man(a1-6)]Man(a1-6)]Man(b1-4)GlcNAc(b1-4)GlcNAc,0.0005712516140192747,1,-0.21147140017791344,H-,candycrunch
506.84320068359375,-4,3.0208566666666665,Gal(b1-4)GlcNAc(b1-2)[Gal(b1-4)GlcNAc(b1-4)]Man(a1-3)[GlcNAc(b1-2)Man(a1-6)][GlcNAc(b1-4)]Man(b1-4)GlcNAc(b1-4)GlcNAc,3.915797464060233e-08,13,-0.1614765452247866,H-,candycrunch
506.8739318847656,-4,4.774861666666667,Gal(b1-4)GlcNAc(b1-2)[Gal(b1-4)GlcNAc(b1-4)]Man(a1-3)[GlcNAc(b1-2)Man(a1-6)][GlcNAc(b1-4)]Man(b1-4)GlcNAc(b1-4)GlcNAc,4.241270445959344e-08,18,-0.1922077463966616,H-,candycrunch
507.0987243652344,-4,36.41302,Gal(b1-4)GlcNAc(b1-2)[Gal(b1-4)GlcNAc(b1-4)]Man(a1-3)[GlcNAc(b1-2)Man(a1-6)][GlcNAc(b1-4)]Man(b1-4)GlcNAc(b1-4)GlcNAc,5.317656714964869e-08,1,-0.4170002268654116,H-,candycrunch
507.3824157714844,-4,38.25573166666666,Gal(b1-4)GlcNAc(b1-2)[Gal(b1-4)GlcNAc(b1-4)]Man(a1-3)[GlcNAc(b1-2)Man(a1-6)][GlcNAc(b1-4)]Man(b1-4)GlcNAc(b1-4)GlcNAc,2.868489090701587e-08,1,-0.7006916331154116,H-,candycrunch
508.20452880859375,-4,43.225965,Neu5Ac(a2-?)Gal(b1-4)GlcNAc(b1-2)Man(a1-3)[Man(a1-2)Man(a1-6)[Man(a1-3)]Man(a1-6)]Man(b1-4)GlcNAc(b1-4)GlcNAc,1.2152442650403827e-05,1,-0.03206822757476857,H-,candycrunch
508.9540710449219,-4,3.7575566666666664,Neu5Ac(a2-?)Gal(b1-4)GlcNAc(b1-2)Man(a1-3)[Man(a1-2)Man(a1-6)[Man(a1-3)]Man(a1-6)]Man(b1-4)GlcNAc(b1-4)GlcNAc,0.0005806428380310535,1,-0.7816104639028936,H-,candycrunch
509.498779296875,-4,35.926588333333335,Neu5Ac(a2-?)Gal(b1-4)GlcNAc(b1-2)Man(a1-3)[Neu5Ac(a2-?)GalOS(b1-4)GlcNAc(b1-2)Man(a1-6)]Man(b1-4)GlcNAc(b1-4)GlcNAc,0.0014885488199070096,1,0.6777609704189445,H-,candycrunch
510.1802062988281,-4,42.96813,Neu5Ac(a2-?)Gal(b1-4)GlcNAc(b1-2)Man(a1-3)[Neu5Ac(a2-?)GalOS(b1-4)GlcNAc(b1-2)Man(a1-6)]Man(b1-4)GlcNAc(b1-4)GlcNAc,0.000838118779938668,1,-0.003666031534180547,H-,candycrunch
510.231689453125,-4,40.688185,Neu5Ac(a2-?)Gal(b1-4)GlcNAc(b1-2)Man(a1-3)[Neu5Ac(a2-?)GalOS(b1-4)GlcNAc(b1-2)Man(a1-6)]Man(b1-4)GlcNAc(b1-4)GlcNAc,0.00022423791233450174,1,-0.05514918583105555,H-,candycrunch
510.46990966796875,-3,39.56234833333333,Neu5Ac(a2-3)Gal(b1-4)[Fuc(a1-3)]GlcNAc(b1-2)Man(a1-6)Man(b1-4)GlcNAc(b1-4)GlcNAc,1.0864539945032448e-05,1,0.04466828993025729,H-,candycrunch
511.04595947265625,-3,39.14543666666666,Neu5Ac(a2-3)Gal(b1-4)[Fuc(a1-3)]GlcNAc(b1-2)Man(a1-6)Man(b1-4)GlcNAc(b1-4)GlcNAc,8.79762155818753e-05,2,-0.5313815147572427,H-,candycrunch
511.17181396484375,-3,45.82620166666667,Neu5Ac(a2-3)Gal(b1-4)[Fuc(a1-3)]GlcNAc(b1-2)Man(a1-6)Man(b1-4)GlcNAc(b1-4)GlcNAc,4.70951636089012e-05,2,-0.6572360069447427,H-,candycrunch
511.19818115234375,-3,42.691765000000004,Neu5Ac(a2-3)Gal(b1-4)[Fuc(a1-3)]GlcNAc(b1-2)Man(a1-6)Man(b1-4)GlcNAc(b1-4)GlcNAc,3.0080724172876216e-05,1,-0.6836031944447427,H-,candycrunch
511.26611328125,-3,37.789735,Neu5Ac(a2-3)Gal(b1-4)[Fuc(a1-3)]GlcNAc(b1-2)Man(a1-6)Man(b1-4)GlcNAc(b1-4)GlcNAc,7.427552918670699e-05,1,-0.7515353233509927,H-,candycrunch
512.431396484375,-4,37.17554166666667,GlcNAc(b1-4)GlcNAc(b1-4)GlcNAc(b1-4)GlcNAc(b1-?)[GlcNAc(b1-?)]Man(a1-6)[Man(a1-3)]Man(b1-4)GlcNAc(b1-4)[Fuc(a1-6)]GlcNAc,1.7553240638790157e-07,2,0.5082362737440462,H-,candycrunch
512.612548828125,-4,44.53064333333334,GlcNAc(b1-4)GlcNAc(b1-4)GlcNAc(b1-4)GlcNAc(b1-?)[GlcNAc(b1-?)]Man(a1-6)[Man(a1-3)]Man(b1-4)GlcNAc(b1-4)[Fuc(a1-6)]GlcNAc,8.608505197571503e-08,1,0.32708392999404623,H-,candycrunch
513.1743774414062,-3,10.08266,Man(a1-2)Man(a1-6)[Man(a1-3)]Man(a1-6)[Man(a1-2)Man(a1-3)]Man(b1-4)GlcNAc(b1-4)GlcNAc,0.1435508280992508,17,-0.0002675243739531652,H-,candycrunch
513.3493041992188,-3,40.655685,Man(a1-2)Man(a1-6)[Man(a1-3)]Man(a1-6)[Man(a1-2)Man(a1-3)]Man(b1-4)GlcNAc(b1-4)GlcNAc,0.029026281088590622,1,-0.17519428218645317,H-,candycrunch
513.4383544921875,-3,37.12325833333333,Man(a1-2)Man(a1-6)[Man(a1-3)]Man(a1-6)[Man(a1-2)Man(a1-3)]Man(b1-4)GlcNAc(b1-4)GlcNAc,0.002325141802430153,1,-0.26424457515520317,H-,candycrunch
515.0155639648438,-4,4.567651666666667,Fuc(a1-2)Gal(b1-4)[Fuc(a1-3)]GlcNAc(b1-2)Man(a1-6)[Fuc(a1-3)[Gal(b1-4)]GlcNAc(b1-2)Man(a1-3)]Man(b1-4)GlcNAc(b1-4)GlcNAc,4.494045697356341e-06,1,-0.3300944862247661,H-,candycrunch
515.5126342773438,-3,35.813163333333335,Neu5Ac(a2-?)Gal(b1-4)GlcNAc(b1-2)Man(a1-?)[Man(a1-?)]Man(b1-4)GlcNAc(b1-4)GlcNAc,0.0008446945575997233,1,0.3335818880552779,H-,candycrunch
516.296630859375,-3,40.893548333333335,Neu5Ac(a2-?)Gal(b1-4)GlcNAc(b1-2)Man(a1-?)[Man(a1-?)]Man(b1-4)GlcNAc(b1-4)GlcNAc,0.025543607771396637,1,-0.4504146939759721,H-,candycrunch
516.3316650390625,-3,43.21962,Neu5Ac(a2-?)Gal(b1-4)GlcNAc(b1-2)Man(a1-3)[Man(a1-6)]Man(b1-4)GlcNAc(b1-4)GlcNAc,0.006619924213737249,1,-0.4854488736634721,H-,candycrunch
517.0047607421875,-4,40.40352166666667,GalNAc(b1-4)GlcNAc(b1-2)[Gal(b1-4)GlcNAc(b1-4)]Man(a1-3)[GalNAc(b1-4)GlcNAc(b1-2)Man(a1-6)]Man(b1-4)GlcNAc(b1-4)GlcNAc,8.612099122728978e-08,1,-0.06639932844348095,H-,candycrunch
517.4297485351562,-4,45.738236666666666,GalNAc(b1-4)GlcNAc(b1-2)[Gal(b1-4)GlcNAc(b1-4)]Man(a1-3)[GalNAc(b1-4)GlcNAc(b1-2)Man(a1-6)]Man(b1-4)GlcNAc(b1-4)GlcNAc,2.73979821940884e-07,1,-0.49138712141223095,H-,candycrunch
519.1640625,-4,14.624410000000001,Neu5Ac(a2-?)Gal(b1-4)GlcNAc(b1-2)Man(a1-3)[Gal(a1-4)Gal(b1-4)GlcNAc(b1-2)Man(a1-6)]Man(b1-4)GlcNAc(b1-4)GlcNAc,0.0002792325976770371,5,-0.7349646436059629,H-,candycrunch
519.37744140625,-4,40.277765,Neu5Ac(a2-?)Gal(b1-4)GlcNAc(b1-2)Man(a1-3)[Gal(a1-4)Gal(b1-4)GlcNAc(b1-2)Man(a1-6)]Man(b1-4)GlcNAc(b1-4)GlcNAc,0.0001581392134539783,2,-0.9483435498559629,H-,candycrunch
519.4324951171875,-4,45.84619166666667,Neu5Ac(a2-?)Gal(b1-4)GlcNAc(b1-2)Man(a1-3)[Gal(a1-4)Gal(b1-4)GlcNAc(b1-2)Man(a1-6)]Man(b1-4)GlcNAc(b1-4)GlcNAc,4.678302866523154e-05,1,-1.003397260793463,H-,candycrunch
519.8927612304688,-4,20.014263333333332,GlcA(b1-4)GalNAc(b1-4)GlcNAc(b1-4)GlcNAc(b1-2)Man(a1-6)[GalNAc(b1-4)GlcNAc(b1-2)Man(a1-3)]Man(b1-4)GlcNAc(b1-4)GlcNAc,1.891748091509271e-09,1,0.5404163179002808,H-,candycrunch
520.4450073242188,-4,36.172695000000004,GlcA(b1-4)GalNAc(b1-4)GlcNAc(b1-4)GlcNAc(b1-2)Man(a1-6)[GalNAc(b1-4)GlcNAc(b1-2)Man(a1-3)]Man(b1-4)GlcNAc(b1-4)GlcNAc,1.2960535755723868e-08,1,-0.011829775849719226,H-,candycrunch
520.4554443359375,-4,31.976375,GlcA(b1-4)GalNAc(b1-4)GlcNAc(b1-4)GlcNAc(b1-2)Man(a1-6)[GalNAc(b1-4)GlcNAc(b1-2)Man(a1-3)]Man(b1-4)GlcNAc(b1-4)GlcNAc,8.716203758751817e-09,13,-0.022266787568469226,H-,candycrunch
521.1992797851562,-3,43.75057833333333,Neu5Gc(a2-?)Gal(b1-4)GlcNAc(b1-2)Man(a1-3)[Man(a1-6)]Man(b1-4)GlcNAc(b1-4)GlcNAc,1.5832887356737047e-07,1,-0.02142541309058288,H-,candycrunch
521.3319091796875,-3,37.36400833333333,Neu5Gc(a2-?)Gal(b1-4)GlcNAc(b1-2)Man(a1-3)[Man(a1-6)]Man(b1-4)GlcNAc(b1-4)GlcNAc,4.344558135471743e-08,2,-0.15405480762183288,H-,candycrunch
521.5359497070312,-3,39.64841,Fuc(a1-3)[Gal(b1-4)]GlcNAc(b1-2)Man(a1-3)[Man(a1-?)Man(a1-6)]Man(b1-4)GlcNAc(b1-4)GlcNAc,3.3054599043680355e-05,1,-0.017961630332251843,H-,candycrunch
522.5473022460938,-4,39.92099,Neu5Gc(a2-?)Gal(b1-4)GlcNAc(b1-2)Man(a1-3)[Gal(a1-3)Gal(b1-4)GlcNAc(b1-2)Man(a1-6)]Man(b1-4)GlcNAc(b1-4)GlcNAc,1.1226296010136139e-05,2,-0.11947573469979034,H-,candycrunch
522.859130859375,-4,3.302163333333333,Fuc(a1-?)[Gal(b1-?)]GlcNAc(b1-?)[Gal(b1-?)GlcNAc(b1-?)]Man(a1-3)[Man(a1-3)[Man(a1-6)]Man(a1-6)]Man(b1-4)GlcNAc(b1-4)GlcNAc,2.8198378458910156e-06,6,-0.1762040695059568,H-,candycrunch
522.8740234375,-4,4.754213333333333,Fuc(a1-3)[Gal(b1-4)]GlcNAc(b1-?)[Gal(b1-4)GlcNAc(b1-?)]Man(a1-3)[Man(a1-3)[Man(a1-6)]Man(a1-6)]Man(b1-4)GlcNAc(b1-4)GlcNAc,5.29904973518569e-05,8,-0.1910966476309568,H-,candycrunch
523.0767211914062,-4,35.966465,Fuc(a1-3)[Gal(b1-4)]GlcNAc(b1-?)[Gal(b1-4)GlcNAc(b1-?)]Man(a1-3)[Man(a1-3)[Man(a1-6)]Man(a1-6)]Man(b1-4)GlcNAc(b1-4)GlcNAc,6.578614488716994e-07,3,-0.3937944015372068,H-,candycrunch
524.5421752929688,-4,41.30819833333334,Neu5Ac(a2-?)Gal(b1-4)[Fuc(a1-3)]GlcNAc(b1-2)Man(a1-6)[GlcNAc(b1-2)Man(a1-3)][GlcNAc(b1-4)]Man(b1-4)GlcNAc(b1-4)GlcNAc,2.172140284528723e-06,1,0.14483118317525623,H-,candycrunch
525.3720092773438,-4,45.998553333333334,Neu5Ac(a2-?)Gal(b1-4)[Fuc(a1-3)]GlcNAc(b1-2)Man(a1-6)[GlcNAc(b1-2)Man(a1-3)][GlcNAc(b1-4)]Man(b1-4)GlcNAc(b1-4)GlcNAc,5.572851932811318e-06,1,-0.6850028011997438,H-,candycrunch
526.1633911132812,-3,41.91375333333333,GlcNAc(b1-2)Man6P(a1-2)Man(a1-6)[Man(a1-3)]Man(a1-6)[Man(a1-2)Man(a1-3)]Man(b1-4)GlcNAc(b1-4)GlcNAc,0.001201257691718638,1,0.6862351709178256,H-,candycrunch
527.2755126953125,-2,36.04087,Man(a1-?)Man(a1-?)[Man(a1-?)]Man(b1-4)GlcNAc(b1-4)GlcNAc,0.037380725145339966,1,-0.08994473370341893,H-,candycrunch
527.303955078125,-2,40.77424666666667,Man(a1-?)Man(a1-6)[Man(a1-3)]Man(b1-4)GlcNAc(b1-4)GlcNAc,0.00035856993054039776,1,-0.11838711651591893,H-,candycrunch
528.2765502929688,-4,18.369711666666667,Neu5Ac(a2-?)Gal(b1-4)GlcNAc(b1-2)[Gal(b1-4)GlcNAc(b1-4)]Man(a1-3)[GalOS(b1-4)GlcNAc(b1-2)Man(a1-6)]Man(b1-4)GlcNAc(b1-4)GlcNAc,0.01590093784034252,2,0.40918483880022904,H-,candycrunch
530.220947265625,-3,15.573993333333332,Neu5Ac(a2-?)[GalNAc(b1-4)]GlcNAc(b1-2)Man(a1-3)[Man(a1-6)]Man(b1-4)GlcNAc(b1-4)GlcNAc,0.021866727620363235,4,-0.699214733059307,H-,candycrunch
530.2470703125,-3,37.136003333333335,Neu5Ac(a2-?)[GalNAc(b1-4)]GlcNAc(b1-2)Man(a1-3)[Man(a1-6)]Man(b1-4)GlcNAc(b1-4)GlcNAc,0.01838146336376667,1,-0.725337779934307,H-,candycrunch
530.3238525390625,-3,28.728111666666663,Neu5Ac(a2-?)[GalNAc(b1-4)]GlcNAc(b1-2)Man(a1-3)[Man(a1-6)]Man(b1-4)GlcNAc(b1-4)GlcNAc,0.0003646697150543332,9,-0.802120006496807,H-,candycrunch
530.47265625,-3,38.98817666666667,Neu5Ac(a2-?)[GalNAc(b1-4)]GlcNAc(b1-2)Man(a1-3)[Man(a1-6)]Man(b1-4)GlcNAc(b1-4)GlcNAc,0.010260393843054771,1,-0.950923717434307,H-,candycrunch
530.9793090820312,-3,40.138443333333335,Neu5Ac(a2-?)[GalNAc(b1-4)]GlcNAc(b1-2)Man(a1-3)[Man(a1-6)]Man(b1-4)GlcNAc(b1-4)GlcNAc,0.0058780452236533165,2,-1.457576549465557,H-,candycrunch
531.2332153320312,-3,34.41645,Neu5Ac(a2-?)[GalNAc(b1-4)]GlcNAc(b1-2)Man(a1-3)[Man(a1-6)]Man(b1-4)GlcNAc(b1-4)GlcNAc,0.00410205265507102,1,-1.711482799465557,H-,candycrunch
531.3087158203125,-2,28.74339,GlcNAc(b1-2)Man(a1-3)[Xyl(b1-2)]Man(b1-4)GlcNAc(b1-4)GlcNAc,0.003238246077671647,5,1.3848443487966051,H-,candycrunch
532.26416015625,-2,15.667075,GlcNAc(b1-2)Man(a1-3)[Xyl(b1-2)]Man(b1-4)GlcNAc(b1-4)GlcNAc,0.0018598440801724792,1,0.4294000128591051,H-,candycrunch
532.3400268554688,-2,37.70300833333333,GlcNAc(b1-2)Man(a1-3)[Xyl(b1-2)]Man(b1-4)GlcNAc(b1-4)GlcNAc,0.018646789714694023,2,0.3535333136403551,H-,candycrunch
533.2362060546875,-2,45.001598333333334,GlcNAc(b1-2)Man(a1-3)[Xyl(b1-2)]Man(b1-4)GlcNAc(b1-4)GlcNAc,0.0028513523284345865,1,-0.5426458855783949,H-,candycrunch
535.4242553710938,-3,40.12685333333333,Fuc(a1-3)[Gal(b1-4)]GlcNAc(b1-2)Man(a1-6)[GlcNAc(b1-2)Man(a1-3)]Man(b1-4)GlcNAc(b1-4)GlcNAc,4.183304099569796e-06,1,-0.23075092722808677,H-,candycrunch
536.3815307617188,-4,37.370345,Gal(b1-4)GlcNAc(b1-2)[Gal(b1-4)GlcNAc(b1-4)]Man(a1-3)[Man(a1-3)[Man(a1-6)]Man(a1-6)][GlcNAc(b1-4)]Man(b1-4)GlcNAc(b1-4)GlcNAc,1.2172471031135501e-08,1,0.556761959150208,H-,candycrunch
537.226806640625,-4,45.871525,Gal(b1-4)GlcNAc(b1-2)[Gal(b1-4)GlcNAc(b1-4)]Man(a1-3)[Man(a1-3)[Man(a1-6)]Man(a1-6)][GlcNAc(b1-4)]Man(b1-4)GlcNAc(b1-4)GlcNAc,1.2676336424988222e-08,1,-0.288513919756042,H-,candycrunch
537.2987670898438,-4,42.50830166666667,Gal(b1-4)GlcNAc(b1-2)[Gal(b1-4)GlcNAc(b1-4)]Man(a1-3)[Man(a1-3)[Man(a1-6)]Man(a1-6)][GlcNAc(b1-4)]Man(b1-4)GlcNAc(b1-4)GlcNAc,5.5246722752144706e-08,4,-0.360474368974792,H-,candycrunch
537.5364990234375,-4,40.357165,Gal(b1-4)GlcNAc(b1-2)[Gal(b1-4)GlcNAc(b1-4)]Man(a1-3)[Man(a1-3)[Man(a1-6)]Man(a1-6)][GlcNAc(b1-4)]Man(b1-4)GlcNAc(b1-4)GlcNAc,9.441392556652772e-09,2,-0.598206302568542,H-,candycrunch
538.5255126953125,-4,43.508334999999995,Gal(b1-4)GlcNAc(b1-2)[Gal(b1-4)GlcNAc(b1-4)]Man(a1-3)[Man(a1-3)[Man(a1-6)]Man(a1-6)][GlcNAc(b1-4)]Man(b1-4)GlcNAc(b1-4)GlcNAc,3.884039401214068e-08,3,-1.587219974443542,H-,candycrunch
539.0326538085938,-4,41.872795,Kdn(a2-3)Gal(b1-4)GlcNAc(b1-2)Man(a1-?)[Neu5Ac(a2-?)Gal(b1-4)GlcNAc(b1-2)Man(a1-?)]Man(b1-4)GlcNAc(b1-4)GlcNAc,3.054155968129635e-06,5,1.4004549399252255,H-,candycrunch
539.22216796875,-4,43.91403833333334,Kdn(a2-3)Gal(b1-4)GlcNAc(b1-2)Man(a1-?)[Neu5Ac(a2-?)Gal(b1-4)GlcNAc(b1-2)Man(a1-?)]Man(b1-4)GlcNAc(b1-4)GlcNAc,3.821498467004858e-06,2,1.2109407797689755,H-,candycrunch
539.430908203125,-4,45.90495833333333,Kdn(a2-3)Gal(b1-4)GlcNAc(b1-2)Man(a1-?)[Neu5Ac(a2-?)Gal(b1-4)GlcNAc(b1-2)Man(a1-?)]Man(b1-4)GlcNAc(b1-4)GlcNAc,1.7776608274289174e-06,1,1.0022005453939755,H-,candycrunch
540.1114501953125,-3,41.25499666666667,Gal(b1-4)GlcNAc(b1-2)Man(a1-3)[Gal(b1-4)GlcNAc(b1-2)Man(a1-6)]Man(b1-4)GlcNAc(b1-4)GlcNAc,0.01623779721558094,1,0.413692456053127,H-,candycrunch
540.4925537109375,-3,43.344611666666665,Gal(b1-4)GlcNAc(b1-2)Man(a1-3)[Gal(b1-4)GlcNAc(b1-2)Man(a1-6)]Man(b1-4)GlcNAc(b1-4)GlcNAc,0.04046019911766052,1,0.03258894042812699,H-,candycrunch
542.4325561523438,-4,35.99389,GlcA(b1-4)GalNAc(b1-4)GlcNAc(b1-4)GlcNAc(b1-2)Man(a1-6)[Fuc(a1-3)GlcNAc(b1-2)Man(a1-3)]Man(b1-4)GlcNAc(b1-4)[Fuc(a1-6)]GlcNAc,1.6773640254541533e-08,1,0.25973266727521604,H-,candycrunch
542.5537719726562,-4,40.955063333333335,GlcA(b1-4)GalNAc(b1-4)GlcNAc(b1-4)GlcNAc(b1-2)Man(a1-6)[Fuc(a1-3)GlcNAc(b1-2)Man(a1-3)]Man(b1-4)GlcNAc(b1-4)[Fuc(a1-6)]GlcNAc,1.8717695837722204e-08,1,0.13851684696271604,H-,candycrunch
542.674560546875,-4,4.820843333333333,GlcA(b1-4)GalNAc(b1-4)GlcNAc(b1-4)GlcNAc(b1-2)Man(a1-6)[Fuc(a1-3)GlcNAc(b1-2)Man(a1-3)]Man(b1-4)GlcNAc(b1-4)[Fuc(a1-6)]GlcNAc,5.08292892220652e-08,1,0.017728272743966045,H-,candycrunch
542.8110961914062,-4,3.04695,GlcA(b1-4)GalNAc(b1-4)GlcNAc(b1-4)GlcNAc(b1-2)Man(a1-6)[Fuc(a1-3)GlcNAc(b1-2)Man(a1-3)]Man(b1-4)GlcNAc(b1-4)[Fuc(a1-6)]GlcNAc,5.988775342302688e-08,13,-0.11880737178728396,H-,candycrunch
544.42041015625,-3,34.410061666666664,GlcA(b1-4)GalNAc(b1-4)GlcNAc(b1-2)Man(a1-3)[Man(a1-3)Man(a1-6)]Man(b1-4)GlcNAc(b1-4)GlcNAc,5.384083845427767e-09,1,0.7644873412823472,H-,candycrunch
544.5538940429688,-3,40.23864666666667,GlcA(b1-4)GalNAc(b1-4)GlcNAc(b1-2)Man(a1-3)[Man(a1-3)Man(a1-6)]Man(b1-4)GlcNAc(b1-4)GlcNAc,4.074104609230744e-09,5,0.6310034545635972,H-,candycrunch
545.428955078125,-3,40.33743833333334,GlcA(b1-4)GalNAc(b1-4)GlcNAc(b1-2)Man(a1-3)[Man(a1-3)Man(a1-6)]Man(b1-4)GlcNAc(b1-4)GlcNAc,8.667690565289377e-09,6,-0.2440575805926528,H-,candycrunch
545.6569213867188,-3,39.305,GlcA(b1-4)GalNAc(b1-4)GlcNAc(b1-2)Man(a1-3)[Man(a1-3)Man(a1-6)]Man(b1-4)GlcNAc(b1-4)GlcNAc,1.6874724950710629e-09,1,-0.4720238891864028,H-,candycrunch
546.6574096679688,-4,4.747815,Glc(a1-2)Glc(a1-3)Glc(a1-3)Man(a1-2)Man(a1-2)Man(a1-6)[Man(a1-3)]Man(a1-6)[Man(a1-2)Man(a1-3)]Man(b1-4)GlcNAc(b1-4)GlcNAc,0.002900328254327178,4,0.02417708465020496,H-,candycrunch
546.8355712890625,-4,3.0535066666666664,Glc(a1-2)Glc(a1-3)Glc(a1-3)Man(a1-2)Man(a1-2)Man(a1-6)[Man(a1-3)]Man(a1-6)[Man(a1-2)Man(a1-3)]Man(b1-4)GlcNAc(b1-4)GlcNAc,0.0022235196083784103,9,-0.15398453644354504,H-,candycrunch
548.9195556640625,-3,16.74236,GalNAc(b1-4)GlcNAc(b1-4)GlcNAc(b1-2)Man(a1-6)[Man(a1-3)]Man(b1-4)GlcNAc(b1-4)[Fuc(a1-6)]GlcNAc,9.430435987667352e-09,9,-0.05053485303017169,H-,candycrunch
548.9293823242188,-3,30.02461,GalNAc(b1-4)GlcNAc(b1-4)GlcNAc(b1-2)Man(a1-6)[Man(a1-3)]Man(b1-4)GlcNAc(b1-4)[Fuc(a1-6)]GlcNAc,1.401618874297128e-07,4,-0.06036151318642169,H-,candycrunch
548.977294921875,-3,25.571003333333334,Fuc(a1-3)[GalNAcOPCho(b1-4)]GlcNAc(b1-2)Man(a1-3)[GalNAc(b1-4)GlcNAc(b1-2)Man(a1-6)]Man(b1-4)GlcNAc(b1-4)GlcNAc,1.0280162854314767e-07,8,-0.10827411084267169,H-,candycrunch
549.392333984375,-3,41.767215,GalNAc(b1-4)GlcNAc(b1-4)GlcNAc(b1-2)Man(a1-6)[Man(a1-3)]Man(b1-4)GlcNAc(b1-4)[Fuc(a1-6)]GlcNAc,1.893632770588738e-07,1,-0.5233131733426717,H-,candycrunch
549.4039306640625,-3,42.243705,GalNAc(b1-4)GlcNAc(b1-4)[Fuc(a1-3)]GlcNAc(b1-2)Man(a1-3)[Man(a1-6)]Man(b1-4)GlcNAc(b1-4)GlcNAc,1.9519097804732155e-07,22,-0.5349098530301717,H-,candycrunch
549.407470703125,-3,36.21243666666666,GalNAc(b1-4)GlcNAc(b1-4)GlcNAc(b1-2)Man(a1-6)[Man(a1-3)]Man(b1-4)GlcNAc(b1-4)[Fuc(a1-6)]GlcNAc,3.983802443485729e-08,4,-0.5384498920926717,H-,candycrunch
549.4779052734375,-3,34.518573333333336,GalNAc(b1-4)GlcNAc(b1-4)GlcNAc(b1-2)Man(a1-6)[Man(a1-3)]Man(b1-4)GlcNAc(b1-4)[Fuc(a1-6)]GlcNAc,1.1501247598744158e-07,5,-0.6088844624051717,H-,candycrunch
550.5332641601562,-4,45.923334999999994,Neu5Ac(a2-?)Gal(b1-4)GlcNAc(b1-2)Man(a1-3)[Neu5Ac(a2-?)Gal(b1-4)GlcNAc(b1-2)Man(a1-6)]Man(b1-4)GlcNAc(b1-4)GlcNAc,0.2176395058631897,2,0.1564819650127447,H-,candycrunch
551.019287109375,-4,43.80216333333333,Neu5Ac(a2-?)Gal(b1-4)GlcNAc(b1-2)Man(a1-3)[Neu5Ac(a2-?)Gal(b1-4)GlcNAc(b1-2)Man(a1-6)]Man(b1-4)GlcNAc(b1-4)GlcNAc,0.1471708118915558,1,-0.3295409842060053,H-,candycrunch
551.3079833984375,-4,37.388465000000004,Neu5Ac(a2-?)Gal(b1-4)[Fuc(a1-3)]GlcNAc(b1-2)Man(a1-?)[Fuc(a1-3)[Gal(b1-4)]GlcNAc(b1-2)Man(a1-?)]Man(b1-4)GlcNAc(b1-4)GlcNAc,0.0008901625405997038,2,-0.3631369954185857,H-,candycrunch
551.3987426757812,-4,36.85693,Neu5Ac(a2-?)Gal(b1-4)[Fuc(a1-3)]GlcNAc(b1-2)Man(a1-?)[Fuc(a1-3)[Gal(b1-4)]GlcNAc(b1-2)Man(a1-?)]Man(b1-4)GlcNAc(b1-4)GlcNAc,0.021011468023061752,29,-0.4538962727623357,H-,candycrunch
551.4279174804688,-4,35.113,Neu5Ac(a2-?)Gal(b1-4)[Fuc(a1-3)]GlcNAc(b1-2)Man(a1-?)[Fuc(a1-3)[Gal(b1-4)]GlcNAc(b1-2)Man(a1-?)]Man(b1-4)GlcNAc(b1-4)GlcNAc,0.03504793718457222,21,-0.4830710774498357,H-,candycrunch
552.32763671875,-4,28.77116666666667,Neu5Ac(a2-?)Gal(b1-4)GlcNAc(b1-2)Man(a1-3)[Neu5Ac(a2-?)Gal(b1-4)GlcNAc(b1-2)Man(a1-6)]Man(b1-4)GlcNAc(b1-4)GlcNAc,0.4322095811367035,2,-1.6378905935810053,H-,candycrunch
552.364501953125,-4,35.15382833333333,Neu5Ac(a2-?)Gal(b1-4)[Fuc(a1-3)]GlcNAc(b1-2)Man(a1-?)[Fuc(a1-3)[Gal(b1-4)]GlcNAc(b1-2)Man(a1-?)]Man(b1-4)GlcNAc(b1-4)GlcNAc,0.002704578684642911,5,-1.4196555501060857,H-,candycrunch
552.4082641601562,-4,36.89035333333333,Neu5Ac(a2-?)Gal(b1-4)[Fuc(a1-3)]GlcNAc(b1-2)Man(a1-?)[Fuc(a1-3)[Gal(b1-4)]GlcNAc(b1-2)Man(a1-?)]Man(b1-4)GlcNAc(b1-4)GlcNAc,0.005789189599454403,4,-1.4634177571373357,H-,candycrunch
553.47216796875,-3,35.334201666666665,Gal(b1-4)GlcNAc(b1-?)[GlcNAc(b1-?)]Man(a1-?)[GlcNAc(b1-2)Man(a1-?)]Man(b1-4)GlcNAc(b1-4)GlcNAc,0.05132772773504257,1,0.7284910497822921,H-,candycrunch
554.32568359375,-3,45.220735,Gal(b1-4)GlcNAc(b1-?)[GlcNAc(b1-?)]Man(a1-?)[GlcNAc(b1-2)Man(a1-?)]Man(b1-4)GlcNAc(b1-4)GlcNAc,5.596671690000221e-05,5,-0.12502457521770793,H-,candycrunch
556.5392456054688,-4,41.30178,GlcA(b1-4)GalNAc(b1-4)GlcNAc(b1-4)GlcNAc(b1-2)Man(a1-6)[GalNAc(b1-4)GlcNAc(b1-2)Man(a1-3)]Man(b1-4)GlcNAc(b1-4)[Fuc(a1-6)]GlcNAc,2.2982435954332914e-09,1,0.4084091451502445,H-,candycrunch
557.2183837890625,-4,39.980295,GlcA(b1-4)GalNAc(b1-4)GlcNAc(b1-2)Man(a1-3)[GalNAc(b1-4)GlcNAc(b1-4)GlcNAc(b1-2)Man(a1-6)]Man(b1-4)GlcNAc(b1-4)[Fuc(a1-6)]GlcNAc,9.156183011782559e-08,1,-0.2707290384435055,H-,candycrunch
558.16650390625,-4,44.69614666666667,Neu5Gc(a2-?)Gal(b1-4)GlcNAc(b1-2)Man(a1-3)[Neu5Gc(a2-?)Gal(b1-4)GlcNAc(b1-2)Man(a1-6)]Man(b1-4)GlcNAc(b1-4)GlcNAc,0.0027788185980170965,1,0.5206995289189535,H-,candycrunch
558.514404296875,-4,39.12560333333333,Neu5Gc(a2-6)Gal(b1-4)GlcNAc(b1-2)Man(a1-3)[Neu5Gc(a2-6)Gal(b1-4)GlcNAc(b1-2)Man(a1-6)]Man(b1-4)GlcNAc(b1-4)GlcNAc,0.0016878092428669333,4,0.17279913829395355,H-,candycrunch
559.293212890625,-4,39.701726666666666,Neu5Ac(a2-?)Gal(b1-4)GlcNAc(b1-3)Gal(b1-4)GlcNAc(b1-2)Man(a1-3)[Man(a1-3)[Man(a1-6)]Man(a1-6)]Man(b1-4)GlcNAc(b1-4)GlcNAc,6.88550744598615e-06,3,-0.35090917635602636,H-,candycrunch
560.4281616210938,-4,29.454559999999997,Neu5Ac(a2-?)GalNAc(b1-4)GlcNAc(b1-2)Man(a1-3)[Neu5Ac(a2-?)Gal(b1-4)GlcNAc(b1-2)Man(a1-6)]Man(b1-4)GlcNAc(b1-4)GlcNAc,0.05856490507721901,1,0.5182217794501867,H-,candycrunch
560.5798950195312,-4,41.427033333333334,Neu5Ac(a2-?)GalNAc(b1-4)GlcNAc(b1-2)Man(a1-?)[Neu5Ac(a2-?)Gal(b1-4)GlcNAc(b1-2)Man(a1-?)]Man(b1-4)GlcNAc(b1-4)GlcNAc,0.0003819142293650657,2,0.36648838101268666,H-,candycrunch
561.3544921875,-4,43.75693333333333,Neu5Ac(a2-?)GalNAc(b1-4)GlcNAc(b1-2)Man(a1-3)[Neu5Ac(a2-?)Gal(b1-4)GlcNAc(b1-2)Man(a1-6)]Man(b1-4)GlcNAc(b1-4)GlcNAc,0.0006151007837615907,1,-0.40810878695606334,H-,candycrunch
561.4052124023438,-4,40.469566666666665,Neu5Ac(a2-?)GalNAc(b1-4)GlcNAc(b1-2)Man(a1-?)[Neu5Ac(a2-?)Gal(b1-4)GlcNAc(b1-2)Man(a1-?)]Man(b1-4)GlcNAc(b1-4)GlcNAc,0.0026234635151922703,1,-0.45882900179981334,H-,candycrunch
562.1006469726562,-4,42.803505,Neu5Ac(a2-?)GalNAc(b1-4)GlcNAc(b1-2)Man(a1-?)[Neu5Ac(a2-?)Gal(b1-4)GlcNAc(b1-2)Man(a1-?)]Man(b1-4)GlcNAc(b1-4)GlcNAc,0.00023314025020226836,2,-1.1542635721123133,H-,candycrunch
562.2685546875,-4,39.555745,Neu5Ac(a2-?)GalNAc(b1-4)GlcNAc(b1-2)Man(a1-?)[Neu5Ac(a2-?)Gal(b1-4)GlcNAc(b1-2)Man(a1-?)]Man(b1-4)GlcNAc(b1-4)GlcNAc,0.0007105838158167899,7,-1.3221712869560633,H-,candycrunch
562.345458984375,-4,41.261381666666665,Neu5Ac(a2-?)GalNAc(b1-4)GlcNAc(b1-2)Man(a1-?)[Neu5Ac(a2-?)Gal(b1-4)GlcNAc(b1-2)Man(a1-?)]Man(b1-4)GlcNAc(b1-4)GlcNAc,0.0014257773291319609,1,-1.3990755838310633,H-,candycrunch
564.4467163085938,-4,38.38831833333334,GlcA(b1-4)GalNAc(b1-4)GlcNAc(b1-4)GlcNAc(b1-2)Man(a1-6)[GlcA(b1-4)GalNAc(b1-4)GlcNAc(b1-2)Man(a1-3)]Man(b1-4)GlcNAc(b1-4)GlcNAc,9.544460333188454e-09,1,-0.0055167677247709435,H-,candycrunch
567.4898681640625,-3,40.867308333333334,GlcNAc(b1-2)[GlcNAc(b1-4)]Man(a1-3)[GlcNAc(b1-2)[GlcNAc(b1-6)]Man(a1-6)]Man(b1-4)GlcNAc(b1-4)GlcNAc,0.008065461181104183,1,0.38630722163645714,H-,candycrunch
568.1303100585938,-3,40.53011666666667,GalNAc(b1-4)GlcNAc(b1-2)Man(a1-3)[GalNAc(b1-4)GlcNAc(b1-2)Man(a1-6)]Man(b1-4)GlcNAc(b1-4)GlcNAc,0.023614536970853806,1,-0.25413467289479286,H-,candycrunch
568.3233642578125,-3,38.14872666666667,GalNAc(b1-4)GlcNAc(b1-2)Man(a1-3)[GalNAc(b1-4)GlcNAc(b1-2)Man(a1-6)]Man(b1-4)GlcNAc(b1-4)GlcNAc,0.006011058576405048,1,-0.44718887211354286,H-,candycrunch
569.4136962890625,-1,39.132690000000004,Man(b1-4)GlcNAc(b1-4)GlcNAc,0.12438464909791946,2,-0.1937541937234073,H-,candycrunch
569.5106811523438,-1,37.550395,Man(b1-4)GlcNAc(b1-4)GlcNAc,0.02402687817811966,1,-0.2907390570046573,H-,candycrunch
570.347412109375,-3,45.581318333333336,Neu5Ac(a2-?)Gal(b1-4)GlcNAc(b1-2)Man(a1-3)[Man(a1-?)Man(a1-6)]Man(b1-4)GlcNAc(b1-4)GlcNAc,0.08951954543590546,1,-0.4835881334760188,H-,candycrunch
570.4779663085938,-3,37.89622,Neu5Ac(a2-6)Gal(b1-4)GlcNAc(b1-2)Man(a1-3)[Man(a1-?)Man(a1-6)]Man(b1-4)GlcNAc(b1-4)GlcNAc,0.0002064129657810554,5,-0.6141423326947688,H-,candycrunch
570.4861450195312,-3,40.225336666666664,Neu5Ac(a2-3)Gal(b1-4)GlcNAc(b1-2)Man(a1-3)[Man(a1-?)Man(a1-6)]Man(b1-4)GlcNAc(b1-4)GlcNAc,0.004648479167371988,1,-0.6223210436322688,H-,candycrunch
570.558349609375,-4,35.12021333333334,Neu5Ac(a2-?)GalNAc(b1-4)GlcNAc(b1-2)Man(a1-3)[Neu5Ac(a2-?)GalNAc(b1-4)GlcNAc(b1-2)Man(a1-6)]Man(b1-4)GlcNAc(b1-4)GlcNAc,0.038119543343782425,2,0.6446710665439923,H-,candycrunch
571.3751220703125,-4,35.67725166666666,Neu5Ac(a2-?)GalNAc(b1-4)GlcNAc(b1-2)Man(a1-3)[Neu5Ac(a2-?)GalNAc(b1-4)GlcNAc(b1-2)Man(a1-6)]Man(b1-4)GlcNAc(b1-4)GlcNAc,0.016164615750312805,1,-0.1721013943935077,H-,candycrunch
571.4925537109375,-4,41.71418166666667,Neu5Ac(a2-?)GalNAc(b1-4)GlcNAc(b1-2)Man(a1-3)[Neu5Ac(a2-?)GalNAc(b1-4)GlcNAc(b1-2)Man(a1-6)]Man(b1-4)GlcNAc(b1-4)GlcNAc,0.0007549253641627729,1,-0.2895330350185077,H-,candycrunch
572.2339477539062,-4,39.26526333333334,Neu5Ac(a2-?)GalNAc(b1-4)GlcNAc(b1-2)Man(a1-3)[Neu5Ac(a2-?)GalNAc(b1-4)GlcNAc(b1-2)Man(a1-6)]Man(b1-4)GlcNAc(b1-4)GlcNAc,0.03064027428627014,1,-1.0309270779872577,H-,candycrunch
573.22021484375,-4,34.795840000000005,Neu5Ac(a2-?)GalNAc(b1-4)GlcNAc(b1-2)Man(a1-3)[Neu5Ac(a2-?)GalNAc(b1-4)GlcNAc(b1-2)Man(a1-6)]Man(b1-4)GlcNAc(b1-4)GlcNAc,0.00286034494638443,8,-2.0171941678310077,H-,candycrunch
573.3929443359375,-3,35.939859999999996,Fuc(a1-3)[Gal(b1-4)]GlcNAc(b1-2)Man(a1-3)[Man(a1-3)[Man(a1-6)]Man(a1-6)]Man(b1-4)GlcNAc(b1-4)GlcNAc,0.07523021101951599,1,2.142651551261565,H-,candycrunch
573.4253540039062,-3,38.89716,Neu5Gc(a2-3)Gal(b1-4)GlcNAc(b1-2)Man(a1-3)[Man(a1-?)Man(a1-6)]Man(b1-4)GlcNAc(b1-4)GlcNAc,0.00014089401520323008,4,1.7701081786593704,H-,candycrunch
573.566162109375,-3,38.744735,Neu5Gc(a2-3)Gal(b1-4)GlcNAc(b1-2)Man(a1-3)[Man(a1-?)Man(a1-6)]Man(b1-4)GlcNAc(b1-4)GlcNAc,1.4802476471231785e-05,15,1.6293000731906204,H-,candycrunch
576.3299560546875,-3,35.10582,Fuc(a1-3)[Gal(b1-4)]GlcNAc(b1-2)Man(a1-3)[Man(a1-3)[Man(a1-6)]Man(a1-6)]Man(b1-4)GlcNAc(b1-4)GlcNAc,0.0007336260168813169,13,-0.7943601674884349,H-,candycrunch
576.3801879882812,-3,38.487651666666665,Fuc(a1-3)[Gal(b1-4)]GlcNAc(b1-2)Man(a1-3)[Man(a1-3)[Man(a1-6)]Man(a1-6)]Man(b1-4)GlcNAc(b1-4)GlcNAc,0.0007837873417884111,5,-0.8445921010821849,H-,candycrunch
577.2620239257812,-3,41.539676666666665,Neu5Ac(a2-?)GalNAc(b1-4)[Fuc(a1-3)]GlcNAc(b1-2)Man(a1-?)[Man(a1-?)]Man(b1-4)GlcNAc(b1-4)GlcNAc,0.005543095525354147,1,0.9456782097844325,H-,candycrunch
577.3684692382812,-3,35.133295000000004,Fuc(a1-3)[Gal(b1-4)]GlcNAc(b1-2)Man(a1-3)[Man(a1-3)[Man(a1-6)]Man(a1-6)]Man(b1-4)GlcNAc(b1-4)GlcNAc,0.03580481931567192,1,-1.8328733510821849,H-,candycrunch
577.4498291015625,-3,20.843313333333334,Neu5Ac(a2-?)GalNAc(b1-4)[Fuc(a1-3)]GlcNAc(b1-2)Man(a1-?)[Man(a1-?)]Man(b1-4)GlcNAc(b1-4)GlcNAc,0.00010096624464495108,17,0.7578730340031825,H-,candycrunch
577.4591674804688,-3,21.866791666666664,Fuc(a1-3)[Gal(b1-4)]GlcNAc(b1-2)Man(a1-3)[Man(a1-3)[Man(a1-6)]Man(a1-6)]Man(b1-4)GlcNAc(b1-4)GlcNAc,0.01732088439166546,1,-1.9235715932696849,H-,candycrunch
577.5385131835938,-3,40.463095,Neu5Ac(a2-?)GalNAc(b1-4)[Fuc(a1-3)]GlcNAc(b1-2)Man(a1-?)[Man(a1-?)]Man(b1-4)GlcNAc(b1-4)GlcNAc,0.0002026246365858242,1,0.6691889519719325,H-,candycrunch
578.4180297851562,-3,42.92217333333333,Neu5Ac(a2-?)GalNAc(b1-4)[Fuc(a1-3)]GlcNAc(b1-2)Man(a1-?)[Man(a1-?)]Man(b1-4)GlcNAc(b1-4)GlcNAc,0.0018341959221288562,1,-0.2103276495905675,H-,candycrunch
578.9808349609375,-4,37.75541,Neu5Ac(a2-3)[GalNAc(b1-4)]Gal(b1-4)GlcNAc(b1-2)Man(a1-3)[GalOS(b1-4)GlcNAc(b1-?)[Gal(b1-4)GlcNAc(b1-?)]Man(a1-6)]Man(b1-4)GlcNAc(b1-4)GlcNAc,0.0002701546181924641,1,0.47474330408147125,H-,candycrunch
579.6436767578125,-4,39.67466666666667,Fuc(a1-2)Gal(b1-4)[Fuc(a1-3)]GlcNAc(b1-?)[GlcNAc(b1-?)]Man(a1-6)[Gal(b1-4)GlcNAc(b1-2)[GlcNAc(b1-4)]Man(a1-3)]Man(b1-4)GlcNAc(b1-4)GlcNAc,0.026608293876051903,1,0.06700178505650456,H-,candycrunch
581.420166015625,-3,45.80573166666667,Gal(b1-4)GlcNAc(b1-2)Man(a1-3)[Man(a1-2)Man(a1-?)[Man(a1-?)]Man(a1-6)]Man(b1-4)GlcNAc(b1-4)GlcNAc,4.067854752065614e-05,1,-0.5529319209259711,H-,candycrunch
582.3612060546875,-4,41.234991666666666,Neu5Ac(a2-?)Gal(b1-4)[Neu5Ac(a2-?)]GlcNAc(b1-2)Man(a1-3)[Neu5Ac(a2-6)GlcNAc(b1-2)Man(a1-6)]Man(b1-4)GlcNAc(b1-4)GlcNAc,0.0003357919049449265,1,0.5891883392564523,H-,candycrunch
583.5167846679688,-4,38.910340000000005,Gal(b1-4)GlcNAc(b1-2)Man(a1-3)[Gal(b1-4)GlcNAc(b1-2)[Fuc(a1-3)[Gal(b1-4)]GlcNAc(b1-6)]Man(a1-6)][GlcNAc(b1-4)]Man(b1-4)GlcNAc(b1-4)GlcNAc,0.00852593220770359,1,0.19262253052522738,H-,candycrunch
583.641845703125,-4,43.573328333333336,Gal(b1-4)GlcNAc(b1-2)Man(a1-3)[Gal(b1-4)GlcNAc(b1-2)[Fuc(a1-3)[Gal(b1-4)]GlcNAc(b1-6)]Man(a1-6)][GlcNAc(b1-4)]Man(b1-4)GlcNAc(b1-4)GlcNAc,0.02734864316880703,1,0.06756149536897738,H-,candycrunch
585.4323120117188,-4,45.227140000000006,Neu5Ac(a2-?)Gal(b1-4)[Fuc(a1-3)]GlcNAc(b1-2)Man(a1-3)[Neu5Ac(a2-6)Gal(b1-4)GlcNAc(b1-2)Man(a1-6)]Man(b1-4)GlcNAc(b1-4)GlcNAc,0.20023231208324432,3,1.7719113157002084,H-,candycrunch
586.4556884765625,-4,39.03344333333334,Neu5Ac(a2-?)Gal(b1-4)[Fuc(a1-3)]GlcNAc(b1-2)Man(a1-?)[Neu5Ac(a2-?)Gal(b1-4)GlcNAc(b1-2)Man(a1-?)]Man(b1-4)GlcNAc(b1-4)GlcNAc,0.00033193937269970775,2,0.7485348508564584,H-,candycrunch
586.737060546875,-4,45.66681833333333,Neu5Ac(a2-?)Gal(b1-4)[Fuc(a1-3)]GlcNAc(b1-2)Man(a1-3)[Neu5Ac(a2-6)Gal(b1-4)GlcNAc(b1-2)Man(a1-6)]Man(b1-4)GlcNAc(b1-4)GlcNAc,0.007612778805196285,1,0.46716278054395843,H-,candycrunch
587.18505859375,-4,38.974959999999996,Neu5Ac(a2-?)Gal(b1-4)[Fuc(a1-3)]GlcNAc(b1-2)Man(a1-3)[Neu5Ac(a2-6)Gal(b1-4)GlcNAc(b1-2)Man(a1-6)]Man(b1-4)GlcNAc(b1-4)GlcNAc,0.0003489540540613234,1,0.019164733668958434,H-,candycrunch
587.225341796875,-4,13.445211666666667,Neu5Ac(a2-?)Gal(b1-4)[Fuc(a1-3)]GlcNAc(b1-2)Man(a1-?)[Neu5Ac(a2-?)Gal(b1-4)GlcNAc(b1-2)Man(a1-?)]Man(b1-4)GlcNAc(b1-4)GlcNAc,0.00048692102427594364,2,-0.021118469456041566,H-,candycrunch
587.2593994140625,-4,15.566701666666667,Neu5Ac(a2-?)Gal(b1-4)[Fuc(a1-3)]GlcNAc(b1-2)Man(a1-?)[Neu5Ac(a2-?)Gal(b1-4)GlcNAc(b1-2)Man(a1-?)]Man(b1-4)GlcNAc(b1-4)GlcNAc,0.002099905163049698,8,-0.055176086643541566,H-,candycrunch
587.2696533203125,-4,13.616566666666666,Neu5Ac(a2-?)Gal(b1-4)[Fuc(a1-3)]GlcNAc(b1-2)Man(a1-?)[Neu5Ac(a2-?)Gal(b1-4)GlcNAc(b1-2)Man(a1-?)]Man(b1-4)GlcNAc(b1-4)GlcNAc,8.093217729765456e-06,31,-0.06542999289354157,H-,candycrunch
587.3988037109375,-4,45.79855666666666,Neu5Ac(a2-?)Gal(b1-4)[Fuc(a1-3)]GlcNAc(b1-2)Man(a1-?)[Neu5Ac(a2-?)Gal(b1-4)GlcNAc(b1-2)Man(a1-?)]Man(b1-4)GlcNAc(b1-4)GlcNAc,0.005187779199331999,1,-0.19458038351854157,H-,candycrunch
588.2056884765625,-4,13.6239,Gal(b1-4)GlcNAc(b1-2)[Gal(b1-4)GlcNAc(b1-4)]Man(a1-3)[Gal(b1-4)GlcNAc(b1-2)[Gal(b1-4)GlcNAc(b1-6)]Man(a1-6)]Man(b1-4)GlcNAc(b1-4)GlcNAc,2.892424163292162e-05,25,-0.4975526224435498,H-,candycrunch
588.2569580078125,-3,14.686004999999998,Neu5Gc(a2-?)Gal(b1-4)GlcNAc(b1-2)Man(a1-?)[GlcNAc(b1-2)Man(a1-?)]Man(b1-4)GlcNAc(b1-4)GlcNAc,0.005788126960396767,1,0.6140205419197855,H-,candycrunch
588.4542846679688,-3,38.10704166666667,Neu5Gc(a2-?)Gal(b1-4)GlcNAc(b1-2)Man(a1-?)[GlcNAc(b1-2)Man(a1-?)]Man(b1-4)GlcNAc(b1-4)GlcNAc,0.0010716872056946158,13,0.4166938817635355,H-,candycrunch
588.5455932617188,-3,39.51614166666667,Neu5Gc(a2-?)Gal(b1-4)GlcNAc(b1-2)Man(a1-?)[GlcNAc(b1-2)Man(a1-?)]Man(b1-4)GlcNAc(b1-4)GlcNAc,0.027069775387644768,8,0.3253852880135355,H-,candycrunch
588.8947143554688,-3,16.60354333333333,Neu5Gc(a2-?)Gal(b1-4)GlcNAc(b1-2)Man(a1-?)[GlcNAc(b1-2)Man(a1-?)]Man(b1-4)GlcNAc(b1-4)GlcNAc,0.09971683472394943,5,-0.0237358057364645,H-,candycrunch
589.0490112304688,-3,40.15956333333334,Neu5Gc(a2-?)Gal(b1-4)GlcNAc(b1-2)Man(a1-?)[GlcNAc(b1-2)Man(a1-?)]Man(b1-4)GlcNAc(b1-4)GlcNAc,0.024941718205809593,4,-0.1780326807364645,H-,candycrunch
589.239013671875,-3,13.650879999999999,Fuc(a1-3)[Gal(b1-4)]GlcNAc(b1-2)Man(a1-3)[Man(a1-?)Man(a1-6)][GlcNAc(b1-4)]Man(b1-4)GlcNAc(b1-4)GlcNAc,0.01507615391165018,10,-0.027901417509269777,H-,candycrunch
589.3607177734375,-3,37.99499,Fuc(a1-3)[Gal(b1-4)]GlcNAc(b1-2)Man(a1-3)[Man(a1-?)Man(a1-6)][GlcNAc(b1-4)]Man(b1-4)GlcNAc(b1-4)GlcNAc,0.0007590678869746625,5,-0.14960551907176978,H-,candycrunch
590.3679809570312,-4,43.09994833333333,Neu5Ac(a2-?)Gal(b1-4)GlcNAc(b1-2)[Neu5Ac(a2-?)Gal(b1-4)GlcNAc(b1-4)]Man(a1-3)[Man(a1-?)Man(a1-6)]Man(b1-4)GlcNAc(b1-4)GlcNAc,0.002358462894335389,1,0.8349710260127949,H-,candycrunch
592.3677368164062,-4,39.38158,Neu5Ac(a2-?)Gal(b1-4)GlcNAc(b1-2)[Neu5Ac(a2-?)Gal(b1-4)GlcNAc(b1-4)]Man(a1-3)[Man(a1-?)Man(a1-6)]Man(b1-4)GlcNAc(b1-4)GlcNAc,0.0016347127966582775,1,-1.164784833362205,H-,candycrunch
594.42822265625,-3,40.63556166666666,Gal(b1-4)GlcNAc(b1-2)Man(a1-3)[Man(a1-3)[Man(a1-6)]Man(a1-6)][GlcNAc(b1-4)]Man(b1-4)GlcNAc(b1-4)GlcNAc,0.05057581514120102,1,0.11452780561569398,H-,candycrunch
596.4943237304688,-3,39.58249,Neu5Ac(a2-?)GalNAc(b1-4)GlcNAc(b1-2)Man(a1-6)[GalNAcOS(b1-4)GlcNAc(b1-2)Man(a1-3)]Man(b1-4)GlcNAc(b1-4)GlcNAc,0.00011186114716110751,1,0.7205329797635613,H-,candycrunch
596.5274658203125,-3,41.18835166666667,Neu5Ac(a2-?)GalNAc(b1-4)GlcNAc(b1-2)Man(a1-6)[GalNAcOS(b1-4)GlcNAc(b1-2)Man(a1-3)]Man(b1-4)GlcNAc(b1-4)GlcNAc,0.00039378306246362627,2,0.6873908899198113,H-,candycrunch
597.2999267578125,-3,45.48798333333333,Neu5Ac(a2-?)GalNAc(b1-4)GlcNAc(b1-2)Man(a1-6)[GalNAcOS(b1-4)GlcNAc(b1-2)Man(a1-3)]Man(b1-4)GlcNAc(b1-4)GlcNAc,1.969513868971262e-05,1,-0.08507004758018866,H-,candycrunch
601.2409057617188,-4,45.36694333333333,Neu5Ac(a2-3)[GalNAc(b1-4)]Gal(b1-4)GlcNAc(b1-2)Man(a1-3)[Neu5Ac(a2-?)Gal(b1-4)GlcNAc(b1-2)Man(a1-6)]Man(b1-4)GlcNAc(b1-4)GlcNAc,0.0033771973103284836,1,0.2186834967002369,H-,candycrunch
601.2959594726562,-4,13.430546666666668,Neu5Ac(a2-?)Gal(b1-4)GlcNAc(b1-2)[Neu5Ac(a2-?)Gal(b1-4)GlcNAc(b1-4)]Man(a1-3)[GalOS(b1-4)GlcNAc(b1-2)Man(a1-6)]Man(b1-4)GlcNAc(b1-4)GlcNAc,9.390033665113151e-05,5,0.1636297857627369,H-,candycrunch
601.6055908203125,-4,39.83925166666667,Neu5Ac(a2-3)[GalNAc(b1-4)]Gal(b1-4)GlcNAc(b1-2)Man(a1-3)[Neu5Ac(a2-?)Gal(b1-4)GlcNAc(b1-2)Man(a1-6)]Man(b1-4)GlcNAc(b1-4)GlcNAc,0.0014503569109365344,13,-0.1460015618935131,H-,candycrunch
602.469482421875,-3,39.026941666666666,Fuc(a1-3)[Gal(b1-4)]GlcNAc(b1-2)Man(a1-6)[GlcNAc(b1-2)Man(a1-3)][GlcNAc(b1-4)]Man(b1-4)GlcNAc(b1-4)GlcNAc,8.66003756527789e-05,1,0.4171461996573953,H-,candycrunch
602.4751586914062,-3,39.99385833333333,Fuc(a1-3)[Gal(b1-4)]GlcNAc(b1-2)Man(a1-6)[GlcNAc(b1-2)Man(a1-3)][GlcNAc(b1-4)]Man(b1-4)GlcNAc(b1-4)GlcNAc,1.7301468687946908e-05,6,0.4114699301261453,H-,candycrunch
602.5339965820312,-3,45.69383166666667,Fuc(a1-3)[Gal(b1-4)]GlcNAc(b1-2)Man(a1-6)[GlcNAc(b1-2)Man(a1-3)][GlcNAc(b1-4)]Man(b1-4)GlcNAc(b1-4)GlcNAc,0.00044756082934327424,1,0.3526320395011453,H-,candycrunch
603.32568359375,-3,42.13118,Fuc(a1-3)[Gal(b1-4)]GlcNAc(b1-2)Man(a1-6)[GlcNAc(b1-2)Man(a1-3)][GlcNAc(b1-4)]Man(b1-4)GlcNAc(b1-4)GlcNAc,0.00038120566750876606,1,-0.4390549722176047,H-,candycrunch
608.3859252929688,-2,32.638505,Man(a1-3)[Man(a1-6)]Man(a1-6)[Man(a1-3)]Man(b1-4)GlcNAc(b1-4)GlcNAc,0.8449317216873169,3,-0.17394561560968214,H-,candycrunch
609.2382202148438,-4,13.631038333333333,Neu5Ac(a2-?)Gal(b1-4)GlcNAc(b1-2)[Gal(a1-?)[Gal(b1-?)]Gal(b1-4)GlcNAc(b1-4)]Man(a1-3)[GlcNAc(b1-2)Man(a1-6)]Man(b1-4)GlcNAc(b1-4)GlcNAc,1.0341576853534207e-05,22,0.47392663267521584,H-,candycrunch
610.1870727539062,-4,36.431105,Neu5Ac(a2-?)Gal(b1-4)GlcNAc(b1-?)[Gal(b1-4)GlcNAc(b1-?)]Man(a1-3)[Gal(a1-3)Gal(b1-4)GlcNAc(b1-2)Man(a1-6)]Man(b1-4)GlcNAc(b1-4)GlcNAc,2.9086528229527175e-05,10,-0.47492590638728416,H-,candycrunch
610.1895751953125,-4,40.330891666666666,Neu5Ac(a2-?)Gal(b1-4)GlcNAc(b1-2)Man(a1-3)[Gal(a1-4)Gal(b1-4)GlcNAc(b1-2)[Gal(b1-4)GlcNAc(b1-6)]Man(a1-6)]Man(b1-4)GlcNAc(b1-4)GlcNAc,1.6891386849238188e-06,1,-0.47742834779353416,H-,candycrunch
610.224609375,-4,13.644151666666666,Neu5Ac(a2-?)Gal(b1-4)GlcNAc(b1-2)[Gal(a1-?)[Gal(b1-?)]Gal(b1-4)GlcNAc(b1-4)]Man(a1-3)[GlcNAc(b1-2)Man(a1-6)]Man(b1-4)GlcNAc(b1-4)GlcNAc,3.2157204259419814e-05,10,-0.5124625274810342,H-,candycrunch
610.2852172851562,-4,37.52435166666667,Neu5Ac(a2-?)Gal(b1-4)GlcNAc(b1-?)[Gal(b1-4)GlcNAc(b1-?)]Man(a1-3)[Gal(a1-3)Gal(b1-4)GlcNAc(b1-2)Man(a1-6)]Man(b1-4)GlcNAc(b1-4)GlcNAc,1.2602656170201954e-05,9,-0.5730704376372842,H-,candycrunch
611.2921142578125,-4,36.57877166666667,Neu5Ac(a2-?)GalNAc(b1-4)GlcNAc(b1-2)Man(a1-3)[Neu5Ac(a2-3)[GalNAc(b1-4)]Gal(b1-4)GlcNAc(b1-2)Man(a1-6)]Man(b1-4)GlcNAc(b1-4)GlcNAc,0.00013243043213151395,2,0.42411227598142887,H-,candycrunch
611.389404296875,-4,40.58335,Neu5Ac(a2-?)GalNAc(b1-4)GlcNAc(b1-2)Man(a1-3)[Neu5Ac(a2-3)[GalNAc(b1-4)]Gal(b1-4)GlcNAc(b1-2)Man(a1-6)]Man(b1-4)GlcNAc(b1-4)GlcNAc,0.0005683950730599463,1,0.32682223691892887,H-,candycrunch
611.4876708984375,-4,38.92325,Neu5Ac(a2-?)GalNAc(b1-4)GlcNAc(b1-2)Man(a1-3)[Neu5Ac(a2-3)[GalNAc(b1-4)]Gal(b1-4)GlcNAc(b1-2)Man(a1-6)]Man(b1-4)GlcNAc(b1-4)GlcNAc,0.00011594958050409332,1,0.22855563535642887,H-,candycrunch
611.5301513671875,-4,44.045928333333336,Neu5Ac(a2-?)GalNAc(b1-4)GlcNAc(b1-2)Man(a1-3)[Neu5Ac(a2-3)[GalNAc(b1-4)]Gal(b1-4)GlcNAc(b1-2)Man(a1-6)]Man(b1-4)GlcNAc(b1-4)GlcNAc,3.407017356948927e-05,3,0.18607516660642887,H-,candycrunch
612.0753173828125,-4,37.769171666666665,Neu5Ac(a2-?)GalNAc(b1-4)GlcNAc(b1-2)Man(a1-3)[Neu5Ac(a2-3)[GalNAc(b1-4)]Gal(b1-4)GlcNAc(b1-2)Man(a1-6)]Man(b1-4)GlcNAc(b1-4)GlcNAc,0.0004899337654933333,1,-0.35909084901857113,H-,candycrunch
612.5551147460938,-4,41.24145333333333,Neu5Ac(a2-?)GalNAc(b1-4)GlcNAc(b1-2)Man(a1-3)[Neu5Ac(a2-3)[GalNAc(b1-4)]Gal(b1-4)GlcNAc(b1-2)Man(a1-6)]Man(b1-4)GlcNAc(b1-4)GlcNAc,0.0009023941238410771,2,-0.8388882122998211,H-,candycrunch
612.8126220703125,-2,3.0278383333333334,GlcNAc(b1-2)Man(a1-6)[Xyl(b1-2)][Man(a1-3)]Man(b1-4)GlcNAc(b1-4)GlcNAc,0.00022804726904723793,12,0.9073498145465919,H-,candycrunch
612.8480224609375,-2,4.741256666666667,GlcNAc(b1-2)Man(a1-6)[Xyl(b1-2)][Man(a1-3)]Man(b1-4)GlcNAc(b1-4)GlcNAc,4.446603270480409e-05,7,0.8719494239215919,H-,candycrunch
613.205810546875,-2,39.271695,GlcNAc(b1-2)Man(a1-6)[Xyl(b1-2)][Man(a1-3)]Man(b1-4)GlcNAc(b1-4)GlcNAc,0.0004613253113348037,1,0.5141613379840919,H-,candycrunch
613.349853515625,-2,37.61687666666666,GlcNAc(b1-2)Man(a1-6)[Xyl(b1-2)][Man(a1-3)]Man(b1-4)GlcNAc(b1-4)GlcNAc,0.00033995535341091454,2,0.3701183692340919,H-,candycrunch
616.578125,-3,38.981431666666666,GalNAc(b1-4)GlcNAc(b1-4)GlcNAc(b1-2)Man(a1-6)[GlcNAc(b1-2)Man(a1-3)]Man(b1-4)GlcNAc(b1-4)[Fuc(a1-6)]GlcNAc,5.636420663535091e-09,2,-0.015980011300939623,H-,candycrunch
617.32861328125,-4,37.516975,Gal(a1-4)Gal(b1-4)GlcNAc(b1-2)[Gal(a1-4)Gal(b1-4)GlcNAc(b1-4)]Man(a1-3)[Gal(a1-4)Gal(b1-4)GlcNAc(b1-2)Man(a1-6)]Man(b1-4)GlcNAc(b1-4)GlcNAc,1.0916534876059814e-07,6,0.6360911553689448,H-,candycrunch
617.5394897460938,-4,38.71826166666666,Gal(a1-4)Gal(b1-4)GlcNAc(b1-2)Man(a1-3)[Gal(a1-4)Gal(b1-4)GlcNAc(b1-2)[Gal(a1-4)Gal(b1-4)GlcNAc(b1-6)]Man(a1-6)]Man(b1-4)GlcNAc(b1-4)GlcNAc,3.0007896612005425e-07,6,0.4252146905251948,H-,candycrunch
618.5823974609375,-3,38.68508833333333,Neu5Ac(a2-6)Gal(b1-4)[Fuc(a1-3)]GlcNAc(b1-2)Man(a1-3)[Man(a1-?)Man(a1-6)]Man(b1-4)GlcNAc(b1-4)GlcNAc,5.0823643960029585e-08,1,-0.032603882038529264,H-,candycrunch
619.2371826171875,-4,38.53978166666666,Fuc(a1-2)Gal(b1-4)[Fuc(a1-3)]GlcNAc(b1-6)[Gal(b1-4)GlcNAc(b1-2)]Man(a1-6)[Gal(b1-4)GlcNAc(b1-2)Man(a1-3)][GlcNAc(b1-4)]Man(b1-4)GlcNAc(b1-4)GlcNAc,0.006220291834324598,4,0.9867017835565548,H-,candycrunch
621.45654296875,-3,20.146858333333334,Man(a1-2)Man(a1-2)Man(a1-3)[Man(a1-2)Man(a1-3)[Man(a1-2)Man(a1-6)]Man(a1-6)]Man(b1-4)GlcNAc(b1-4)GlcNAc,0.0024292857851833105,3,-0.24721743071768287,H-,candycrunch
621.5179443359375,-3,23.093455,Man(a1-2)Man(a1-2)Man(a1-3)[Man(a1-2)Man(a1-3)[Man(a1-2)Man(a1-6)]Man(a1-6)]Man(b1-4)GlcNAc(b1-4)GlcNAc,0.35342368483543396,4,-0.3086187979051829,H-,candycrunch
624.3861694335938,-4,38.235009999999996,Gal(b1-4)GlcNAc(b1-2)[Gal(b1-4)GlcNAc(b1-4)]Man(a1-3)[Fuc(a1-3)[Gal(b1-4)]GlcNAc(b1-?)[Gal(b1-4)GlcNAc(b1-?)]Man(a1-6)]Man(b1-4)GlcNAc(b1-4)GlcNAc,0.0054021128453314304,1,-0.16355637722472238,H-,candycrunch
625.1618041992188,-4,12.21497,Gal(b1-4)GlcNAc(b1-2)[Gal(b1-4)GlcNAc(b1-4)]Man(a1-3)[Fuc(a1-3)[Gal(b1-4)]GlcNAc(b1-?)[Gal(b1-4)GlcNAc(b1-?)]Man(a1-6)]Man(b1-4)GlcNAc(b1-4)GlcNAc,5.394598701968789e-05,1,-0.9391911428497224,H-,candycrunch
625.183837890625,-4,13.602085,Gal(b1-4)GlcNAc(b1-2)[Gal(b1-4)GlcNAc(b1-4)]Man(a1-3)[Fuc(a1-3)[Gal(b1-4)]GlcNAc(b1-?)[Gal(b1-4)GlcNAc(b1-?)]Man(a1-6)]Man(b1-4)GlcNAc(b1-4)GlcNAc,0.0021037536207586527,4,-0.9612248342559724,H-,candycrunch
625.1873779296875,-4,42.347809999999996,Gal(b1-4)GlcNAc(b1-2)[Gal(b1-4)GlcNAc(b1-4)]Man(a1-3)[Fuc(a1-3)[Gal(b1-4)]GlcNAc(b1-?)[Gal(b1-4)GlcNAc(b1-?)]Man(a1-6)]Man(b1-4)GlcNAc(b1-4)GlcNAc,0.00030997750582173467,12,-0.9647648733184724,H-,candycrunch
625.350830078125,-3,40.53655166666667,Neu5Ac(a2-3)Gal(b1-4)GlcNAc(b1-2)Man(a1-3)[Man(a1-3)[Man(a1-6)]Man(a1-6)]Man(b1-4)GlcNAc(b1-4)GlcNAc,0.02462751418352127,1,-1.4693982917259518,H-,candycrunch
626.2980346679688,-4,42.44182833333333,Neu5Ac(a2-8)Neu5Ac(a2-3)Gal(b1-4)GlcNAc(b1-2)Man(a1-3)[Neu5Gc(a2-3)Gal(b1-4)GlcNAc(b1-2)Man(a1-6)]Man(b1-4)GlcNAc(b1-4)GlcNAc,2.5558680135873146e-05,2,1.1642942388501751,H-,candycrunch
626.47412109375,-2,40.03957,Man(a1-?)Man(a1-6)[Man(a1-3)][GlcNAc(b1-4)]Man(b1-4)GlcNAc(b1-4)GlcNAc,0.025653008371591568,1,2.2511331343590655,H-,candycrunch
627.067138671875,-4,31.68433333333333,Neu5Ac(a2-8)Neu5Ac(a2-3)Gal(b1-4)GlcNAc(b1-2)Man(a1-3)[Neu5Gc(a2-3)Gal(b1-4)GlcNAc(b1-2)Man(a1-6)]Man(b1-4)GlcNAc(b1-4)GlcNAc,6.353612843668088e-05,1,0.39519023494392513,H-,candycrunch
627.38916015625,-4,39.801120000000004,Neu5Ac(a2-8)Neu5Ac(a2-3)Gal(b1-4)GlcNAc(b1-2)Man(a1-3)[Neu5Gc(a2-3)Gal(b1-4)GlcNAc(b1-2)Man(a1-6)]Man(b1-4)GlcNAc(b1-4)GlcNAc,3.319616735097952e-05,1,0.07316875056892513,H-,candycrunch
628.44921875,-2,35.14725333333333,Man(a1-?)Man(a1-6)[Man(a1-3)][GlcNAc(b1-4)]Man(b1-4)GlcNAc(b1-4)GlcNAc,0.5653699636459351,1,0.2760354781090655,H-,candycrunch
628.45166015625,-2,40.218775,Man(a1-?)Man(a1-6)[Man(a1-3)][GlcNAc(b1-4)]Man(b1-4)GlcNAc(b1-4)GlcNAc,0.42827165126800537,1,0.2735940718590655,H-,candycrunch
628.541015625,-2,42.57365,GlcNAc(b1-2)Man(a1-3)[Man(a1-?)Man(a1-6)]Man(b1-4)GlcNAc(b1-4)GlcNAc,0.01021571084856987,1,0.18423860310906548,H-,candycrunch
628.5892944335938,-2,39.17717833333333,Man(a1-?)Man(a1-6)[Man(a1-3)][GlcNAc(b1-4)]Man(b1-4)GlcNAc(b1-4)GlcNAc,0.0041436925530433655,1,0.13595979451531548,H-,candycrunch
628.87744140625,-2,21.060786666666665,GlcNAc(b1-2)Man(a1-3)[Man(a1-?)Man(a1-6)]Man(b1-4)GlcNAc(b1-4)GlcNAc,0.0018219269113615155,3,-0.15218717814093452,H-,candycrunch
629.3016967773438,-3,14.130848333333335,Neu5Gc(a2-6)Gal(b1-4)GlcNAc(b1-2)Man(a1-3)[Man(a1-3)[Man(a1-6)]Man(a1-6)]Man(b1-4)GlcNAc(b1-4)GlcNAc,6.0462687542894855e-05,6,-0.08862678427806259,H-,candycrunch
629.966796875,-3,25.85129,Neu5Gc(a2-6)Gal(b1-4)GlcNAc(b1-2)Man(a1-3)[Man(a1-3)[Man(a1-6)]Man(a1-6)]Man(b1-4)GlcNAc(b1-4)GlcNAc,3.930343154934235e-05,2,-0.7537268819343126,H-,candycrunch
630.6424560546875,-4,44.644185,Neu5Gc(a2-8)Neu5Gc(a2-3)Gal(b1-4)GlcNAc(b1-2)Man(a1-?)[Neu5Ac(a2-3)Gal(b1-4)GlcNAc(b1-2)Man(a1-?)]Man(b1-4)GlcNAc(b1-4)GlcNAc,1.6807098290883005e-05,1,0.8186015071314614,H-,candycrunch
631.1974487304688,-4,13.637571666666668,Neu5Gc(a2-8)Neu5Gc(a2-3)Gal(b1-4)GlcNAc(b1-2)Man(a1-?)[Neu5Ac(a2-3)Gal(b1-4)GlcNAc(b1-2)Man(a1-?)]Man(b1-4)GlcNAc(b1-4)GlcNAc,4.1414932638872415e-06,11,0.2636088313502114,H-,candycrunch
634.238525390625,-3,44.302085,Gal(b1-4)GlcNAc(b1-2)Man(a1-3)[Man(a1-2)Man(a1-3)[Man(a1-2)Man(a1-6)]Man(a1-6)]Man(b1-4)GlcNAc(b1-4)GlcNAc,6.357982140769991e-09,11,0.6463165145740959,H-,candycrunch
638.9622802734375,-4,32.94812833333333,Gal(b1-4)GlcNAc(b1-2)[Gal(b1-4)GlcNAc(b1-4)]Man(a1-3)[Gal(b1-4)GlcNAc(b1-2)[Gal(b1-4)GlcNAc(b1-6)]Man(a1-6)][GlcNAc(b1-4)]Man(b1-4)GlcNAc(b1-4)GlcNAc,0.0004628653696272522,6,-0.4843012860684439,H-,candycrunch
639.53369140625,-3,36.65195166666667,Fuc(a1-2)Gal(b1-4)[Fuc(a1-3)]GlcNAc(b1-2)Man(a1-6)[Gal(b1-4)GlcNAc(b1-2)Man(a1-3)]Man(b1-4)GlcNAc(b1-4)GlcNAc,0.010921056382358074,1,-1.636609548884394,H-,candycrunch
641.1824951171875,-4,33.509,Neu5Ac(a2-?)Gal(b1-4)GlcNAc(b1-2)[Neu5Ac(a2-?)Gal(b1-4)GlcNAc(b1-4)]Man(a1-3)[Gal(b1-4)GlcNAc(b1-2)Man(a1-6)]Man(b1-4)GlcNAc(b1-4)GlcNAc,0.00014419089711736888,12,0.7902999991064235,H-,candycrunch
641.3275146484375,-4,40.40985,Neu5Ac(a2-?)Gal(b1-4)GlcNAc(b1-3)Gal(b1-4)GlcNAc(b1-2)Man(a1-?)[Neu5Ac(a2-?)Gal(b1-4)GlcNAc(b1-2)Man(a1-?)]Man(b1-4)GlcNAc(b1-4)GlcNAc,8.446992069366388e-06,4,0.6452804678564235,H-,candycrunch
641.341552734375,-4,38.55990333333333,Neu5Ac(a2-3)Gal(b1-4)GlcNAc(b1-2)Man(a1-3)[Neu5Ac(a2-3)Gal(b1-4)GlcNAc(b1-?)[Gal(b1-4)GlcNAc(b1-?)]Man(a1-6)]Man(b1-4)GlcNAc(b1-4)GlcNAc,2.4213500182668213e-06,1,0.6312423819189235,H-,candycrunch
641.3704833984375,-4,34.565891666666666,Neu5Ac(a2-3)Gal(b1-4)GlcNAc(b1-2)Man(a1-3)[Neu5Ac(a2-3)Gal(b1-4)GlcNAc(b1-?)[Gal(b1-4)GlcNAc(b1-?)]Man(a1-6)]Man(b1-4)GlcNAc(b1-4)GlcNAc,5.063687785877846e-05,2,0.6023117178564235,H-,candycrunch
642.1795654296875,-4,33.537636666666664,Neu5Ac(a2-3)Gal(b1-4)[Fuc(a1-3)]GlcNAc(b1-3)Gal(b1-4)[Fuc(a1-3)]GlcNAc(b1-2)Man(a1-6)[Gal(b1-4)GlcNAc(b1-2)Man(a1-3)]Man(b1-4)GlcNAc(b1-4)GlcNAc,7.980394002515823e-06,14,0.048329964456456764,H-,candycrunch
642.2477416992188,-4,36.84944333333333,Neu5Ac(a2-3)Gal(b1-4)[Fuc(a1-3)]GlcNAc(b1-3)Gal(b1-4)[Fuc(a1-3)]GlcNAc(b1-2)Man(a1-6)[Gal(b1-4)GlcNAc(b1-2)Man(a1-3)]Man(b1-4)GlcNAc(b1-4)GlcNAc,4.678737241192721e-06,17,-0.019846305074793236,H-,candycrunch
642.2764892578125,-4,38.142118333333336,Neu5Ac(a2-?)Gal(b1-4)GlcNAc(b1-2)Man(a1-3)[Fuc(a1-?)[Gal(b1-?)]GlcNAc(b1-2)[Fuc(a1-?)[Gal(b1-?)]GlcNAc(b1-6)]Man(a1-6)]Man(b1-4)GlcNAc(b1-4)GlcNAc,2.4723166802687047e-07,6,-0.048593863668543236,H-,candycrunch
642.2857666015625,-4,34.708709999999996,Neu5Ac(a2-?)Gal(b1-4)GlcNAc(b1-2)Man(a1-3)[Fuc(a1-?)[Gal(b1-?)]GlcNAc(b1-2)[Fuc(a1-?)[Gal(b1-?)]GlcNAc(b1-6)]Man(a1-6)]Man(b1-4)GlcNAc(b1-4)GlcNAc,1.791650902305264e-06,1,-0.057871207418543236,H-,candycrunch
642.39697265625,-4,40.61513,Neu5Ac(a2-?)Gal(b1-4)GlcNAc(b1-2)Man(a1-3)[Fuc(a1-?)[Gal(b1-?)]GlcNAc(b1-2)[Fuc(a1-?)[Gal(b1-?)]GlcNAc(b1-6)]Man(a1-6)]Man(b1-4)GlcNAc(b1-4)GlcNAc,7.462135727109853e-06,2,-0.16907726210604324,H-,candycrunch
642.4898681640625,-3,39.22571666666667,Neu5Gc(a2-6)Gal(b1-4)GlcNAc(b1-2)Man(a1-6)[Gal(b1-4)GlcNAc(b1-2)Man(a1-3)]Man(b1-4)GlcNAc(b1-4)GlcNAc,0.0021510710939764977,1,0.3987181961698525,H-,candycrunch
643.15185546875,-3,36.797581666666666,Fuc(a1-3)[Gal(b1-4)]GlcNAc(b1-?)[Gal(b1-4)GlcNAc(b1-?)]Man(a1-3)[Man(a1-?)Man(a1-6)]Man(b1-4)GlcNAc(b1-4)GlcNAc,2.781479270197451e-05,2,0.07686459611568353,H-,candycrunch
643.2166748046875,-3,40.19774,Fuc(a1-3)[Gal(b1-4)]GlcNAc(b1-?)[Gal(b1-4)GlcNAc(b1-?)]Man(a1-3)[Man(a1-?)Man(a1-6)]Man(b1-4)GlcNAc(b1-4)GlcNAc,0.0008250560495071113,5,0.012045260178183526,H-,candycrunch
643.21728515625,-3,36.863996666666665,Fuc(a1-3)[Gal(b1-4)]GlcNAc(b1-?)[Gal(b1-4)GlcNAc(b1-?)]Man(a1-3)[Man(a1-?)Man(a1-6)]Man(b1-4)GlcNAc(b1-4)GlcNAc,7.765903137624264e-05,11,0.011434908615683526,H-,candycrunch
643.2359619140625,-3,33.90945166666667,Neu5Gc(a2-6)Gal(b1-4)GlcNAc(b1-2)Man(a1-6)[Gal(b1-4)GlcNAc(b1-2)Man(a1-3)]Man(b1-4)GlcNAc(b1-4)GlcNAc,0.007470516953617334,1,-0.3473755538301475,H-,candycrunch
644.2112426757812,-3,36.93627333333333,Fuc(a1-3)[Gal(b1-4)]GlcNAc(b1-?)[Gal(b1-4)GlcNAc(b1-?)]Man(a1-3)[Man(a1-?)Man(a1-6)]Man(b1-4)GlcNAc(b1-4)GlcNAc,0.0004996738862246275,1,-0.9825226109155665,H-,candycrunch
644.4054565429688,-3,45.96458666666666,Fuc(a1-3)[Gal(b1-4)]GlcNAc(b1-?)[Gal(b1-4)GlcNAc(b1-?)]Man(a1-3)[Man(a1-?)Man(a1-6)]Man(b1-4)GlcNAc(b1-4)GlcNAc,0.0002569241332821548,1,-1.1767364781030665,H-,candycrunch
644.5729370117188,-3,40.82111333333334,Fuc(a1-3)[Gal(b1-4)]GlcNAc(b1-?)[Gal(b1-4)GlcNAc(b1-?)]Man(a1-3)[Man(a1-?)Man(a1-6)]Man(b1-4)GlcNAc(b1-4)GlcNAc,8.705924119567499e-05,1,-1.3442169468530665,H-,candycrunch
645.0709228515625,-3,4.182806666666667,Fuc(a1-3)[Gal(b1-4)]GlcNAc(b1-?)[Gal(b1-4)GlcNAc(b1-?)]Man(a1-3)[Man(a1-?)Man(a1-6)]Man(b1-4)GlcNAc(b1-4)GlcNAc,0.00406302697956562,1,-1.8422027866968165,H-,candycrunch
645.1737060546875,-3,23.107501666666668,Fuc(a1-3)[Gal(b1-4)]GlcNAc(b1-?)[Gal(b1-4)GlcNAc(b1-?)]Man(a1-3)[Man(a1-?)Man(a1-6)]Man(b1-4)GlcNAc(b1-4)GlcNAc,0.0032806110102683306,3,-1.9449859898218165,H-,candycrunch
645.1868286132812,-3,45.714016666666666,Fuc(a1-3)[Gal(b1-4)]GlcNAc(b1-2)Man(a1-3)[Man(a1-3)[Man(a1-6)]Man(a1-6)][GlcNAc(b1-4)]Man(b1-4)GlcNAc(b1-4)GlcNAc,0.0008159800781868398,1,-1.9581085484155665,H-,candycrunch
645.2095947265625,-3,40.29777833333333,Fuc(a1-3)[Gal(b1-4)]GlcNAc(b1-2)Man(a1-3)[Man(a1-3)[Man(a1-6)]Man(a1-6)][GlcNAc(b1-4)]Man(b1-4)GlcNAc(b1-4)GlcNAc,0.0036529151257127523,1,-1.9808746616968165,H-,candycrunch
645.4827880859375,-3,40.01890833333333,Fuc(a1-3)[Gal(b1-4)]GlcNAc(b1-2)Man(a1-3)[Man(a1-3)[Man(a1-6)]Man(a1-6)][GlcNAc(b1-4)]Man(b1-4)GlcNAc(b1-4)GlcNAc,0.0003351026389282197,15,-2.2540680210718165,H-,candycrunch
647.2950439453125,-3,45.48133833333333,Gal(a1-3)Gal(b1-?)GlcNAc(b1-2)Man(a1-3)[Gal(a1-3)Gal(b1-?)GlcNAc(b1-2)Man(a1-6)]Man(b1-4)GlcNAc(b1-4)GlcNAc,0.0007431174162775278,1,1.2653143270531473,H-,candycrunch
649.2254638671875,-2,41.008595,GlcNAc(b1-2)Man(a1-3)[GlcNAc(b1-2)Man(a1-6)]Man(b1-4)GlcNAc(b1-4)GlcNAc,0.8277920484542847,1,0.013064911671563095,H-,candycrunch
650.110595703125,-4,43.153236666666665,Neu5Ac(a2-?)Gal(b1-4)GlcNAc(b1-2)Man(a1-3)[Gal(a1-4)Gal(b1-4)GlcNAc(b1-2)[Gal(a1-4)Gal(b1-4)GlcNAc(b1-6)]Man(a1-6)]Man(b1-4)GlcNAc(b1-4)GlcNAc,3.2506864044989925e-06,3,0.11475700226901608,H-,candycrunch
650.2294311523438,-4,13.664046666666668,Neu5Ac(a2-?)Gal(b1-4)GlcNAc(b1-2)Man(a1-3)[Gal(a1-4)Gal(b1-4)GlcNAc(b1-2)[Gal(a1-4)Gal(b1-4)GlcNAc(b1-6)]Man(a1-6)]Man(b1-4)GlcNAc(b1-4)GlcNAc,5.823137598781614e-06,7,-0.004078446949733916,H-,candycrunch
650.4266357421875,-4,17.852563333333332,Neu5Ac(a2-?)Gal(b1-4)GlcNAc(b1-2)Man(a1-3)[Gal(a1-4)Gal(b1-4)GlcNAc(b1-2)[Gal(a1-4)Gal(b1-4)GlcNAc(b1-6)]Man(a1-6)]Man(b1-4)GlcNAc(b1-4)GlcNAc,5.9116237025591545e-06,11,-0.20128303679348392,H-,candycrunch
650.5147705078125,-4,20.373996666666667,Neu5Ac(a2-?)Gal(b1-4)GlcNAc(b1-2)Man(a1-3)[Gal(a1-4)Gal(b1-4)GlcNAc(b1-2)[Gal(a1-4)Gal(b1-4)GlcNAc(b1-6)]Man(a1-6)]Man(b1-4)GlcNAc(b1-4)GlcNAc,0.00015586285735480487,7,-0.2894178024184839,H-,candycrunch
650.5262451171875,-4,22.757945,Neu5Ac(a2-?)Gal(b1-4)GlcNAc(b1-2)Man(a1-3)[Gal(a1-4)Gal(b1-4)GlcNAc(b1-2)[Gal(a1-4)Gal(b1-4)GlcNAc(b1-6)]Man(a1-6)]Man(b1-4)GlcNAc(b1-4)GlcNAc,2.9659164283657447e-05,3,-0.3008924117934839,H-,candycrunch
650.5299072265625,-4,40.98831833333333,Neu5Ac(a2-?)Gal(b1-4)GlcNAc(b1-2)Man(a1-3)[Gal(a1-4)Gal(b1-4)GlcNAc(b1-2)[Gal(a1-4)Gal(b1-4)GlcNAc(b1-6)]Man(a1-6)]Man(b1-4)GlcNAc(b1-4)GlcNAc,5.920713192608673e-06,2,-0.3045545211684839,H-,candycrunch
650.547607421875,-4,24.48700666666667,Neu5Ac(a2-?)Gal(b1-4)GlcNAc(b1-2)Man(a1-3)[Gal(a1-4)Gal(b1-4)GlcNAc(b1-2)[Gal(a1-4)Gal(b1-4)GlcNAc(b1-6)]Man(a1-6)]Man(b1-4)GlcNAc(b1-4)GlcNAc,1.4509364518744405e-06,8,-0.3222547164809839,H-,candycrunch
651.2052612304688,-3,43.370129999999996,Neu5Ac(a2-6)Gal(b1-4)GlcNAc(b1-2)Man(a1-3)[GlcNAc(b1-2)Man(a1-6)][GlcNAc(b1-4)]Man(b1-4)GlcNAc(b1-4)GlcNAc,2.2353147869580425e-05,7,0.027203290263628332,H-,candycrunch
651.2171630859375,-3,40.973483333333334,Neu5Ac(a2-6)Gal(b1-4)GlcNAc(b1-2)Man(a1-3)[GlcNAc(b1-2)Man(a1-6)][GlcNAc(b1-4)]Man(b1-4)GlcNAc(b1-4)GlcNAc,6.206473335623741e-05,14,0.015301434794878332,H-,candycrunch
651.2887573242188,-3,14.211229999999999,Neu5Ac(a2-?)Gal(b1-4)GlcNAc(b1-2)Man(a1-6)[GalNAc(b1-4)GlcNAc(b1-2)Man(a1-3)]Man(b1-4)GlcNAc(b1-4)GlcNAc,0.0002696631709113717,1,-0.05629280348637167,H-,candycrunch
651.4660034179688,-3,20.410383333333336,Neu5Ac(a2-?)Gal(b1-4)GlcNAc(b1-2)Man(a1-6)[GalNAc(b1-4)GlcNAc(b1-2)Man(a1-3)]Man(b1-4)GlcNAc(b1-4)GlcNAc,0.0004189468745607883,2,-0.23353889723637167,H-,candycrunch
651.6029052734375,-3,38.19507166666667,Neu5Ac(a2-?)Gal(b1-4)GlcNAc(b1-2)Man(a1-6)[GalNAc(b1-4)GlcNAc(b1-2)Man(a1-3)]Man(b1-4)GlcNAc(b1-4)GlcNAc,6.567110540345311e-05,1,-0.37044075270512167,H-,candycrunch
652.2239990234375,-4,40.860011666666665,Neu5Ac(a2-?)Gal(b1-4)GlcNAc(b1-2)[Neu5Ac(a2-?)Gal(b1-4)GlcNAc(b1-4)]Man(a1-3)[GalOS(b1-4)GlcNAc(b1-2)[GalOS(b1-4)GlcNAc(b1-6)]Man(a1-6)]Man(b1-4)GlcNAc(b1-4)GlcNAc,2.38548886954959e-06,6,0.005433368231479108,H-,candycrunch
652.31640625,-4,43.38372666666667,Neu5Ac(a2-?)Gal(b1-4)GlcNAc(b1-2)[Neu5Ac(a2-?)Gal(b1-4)GlcNAc(b1-4)]Man(a1-3)[GalOS(b1-4)GlcNAc(b1-2)[GalOS(b1-4)GlcNAc(b1-6)]Man(a1-6)]Man(b1-4)GlcNAc(b1-4)GlcNAc,0.00013016941375099123,1,-0.08697385833102089,H-,candycrunch
653.4387817382812,-4,40.87376666666667,Neu5Ac(a2-?)Gal(b1-4)GlcNAc(b1-2)[Neu5Ac(a2-?)Gal(b1-4)GlcNAc(b1-4)]Man(a1-3)[GalOS(b1-4)GlcNAc(b1-2)[GalOS(b1-4)GlcNAc(b1-6)]Man(a1-6)]Man(b1-4)GlcNAc(b1-4)GlcNAc,0.0002846723364200443,1,-1.209349346612271,H-,candycrunch
654.59130859375,-3,36.65853833333333,GlcA(b1-4)GalNAc(b1-4)GlcNAc(b1-4)GlcNAc(b1-2)Man(a1-6)[Fuc(a1-3)[GalNAcOPCho(b1-4)]Man(a1-3)]Man(b1-4)GlcNAc(b1-4)[Fuc(a1-6)]GlcNAc,8.726729561203683e-09,1,1.6410444769489914,H-,candycrunch
655.4686279296875,-3,35.81948333333333,GlcA(b1-4)GalNAc(b1-4)GlcNAc(b1-4)GlcNAc(b1-2)Man(a1-6)[Fuc(a1-3)[GalNAcOPCho(b1-4)]Man(a1-3)]Man(b1-4)GlcNAc(b1-4)[Fuc(a1-6)]GlcNAc,1.7068757518501343e-10,2,0.7637251410114914,H-,candycrunch
656.088134765625,-3,43.67882,GlcA(b1-4)GalNAc(b1-4)GlcNAc(b1-4)GlcNAc(b1-2)Man(a1-6)[Fuc(a1-3)[GalNAcOPCho(b1-4)]Man(a1-3)]Man(b1-4)GlcNAc(b1-4)[Fuc(a1-6)]GlcNAc,1.0738478550820219e-08,1,0.14421830507399136,H-,candycrunch
656.301025390625,-3,34.471043333333334,GlcA(b1-4)GalNAc(b1-4)GlcNAc(b1-4)GlcNAc(b1-2)Man(a1-6)[Fuc(a1-3)[GalNAcOPCho(b1-4)]Man(a1-3)]Man(b1-4)GlcNAc(b1-4)[Fuc(a1-6)]GlcNAc,7.978870897318302e-10,4,-0.06867231992600864,H-,candycrunch
656.4159545898438,-4,36.29881833333334,Neu5Ac(a2-3)Gal(b1-4)[Fuc(a1-3)]GlcNAc(b1-?)[Gal(b1-4)GlcNAc(b1-?)]Man(a1-3)[Gal(b1-4)GlcNAc(b1-2)Man(a1-6)][GlcNAc(b1-4)]Man(b1-4)GlcNAc(b1-4)GlcNAc,2.288334599143127e-06,1,0.06730673530023523,H-,candycrunch
657.1510620117188,-3,41.58613333333333,Fuc(a1-2)Gal(b1-4)GlcNAc(b1-2)Man(a1-3)[Gal(b1-4)GlcNAc(b1-2)Man(a1-6)][GlcNAc(b1-4)]Man(b1-4)GlcNAc(b1-4)GlcNAc,0.00020409718854352832,2,-0.2468255796864014,H-,candycrunch
657.1650390625,-3,42.560705,Fuc(a1-2)Gal(b1-4)GlcNAc(b1-2)Man(a1-3)[Gal(b1-4)GlcNAc(b1-2)Man(a1-6)][GlcNAc(b1-4)]Man(b1-4)GlcNAc(b1-4)GlcNAc,0.00016020883049350232,6,-0.2608026304676514,H-,candycrunch
658.1862182617188,-4,35.26621166666666,Fuc(a1-3)GlcNAc(b1-4)GlcNAc(b1-4)[Fuc(a1-3)]GlcNAc(b1-?)[Fuc(a1-3)GlcNAc(b1-4)[Fuc(a1-3)]GlcNAc(b1-?)]Man(a1-6)[Man(a1-3)]Man(b1-4)GlcNAc(b1-4)[Fuc(a1-6)]GlcNAc,1.1340241634627546e-08,1,0.8113233054002649,H-,candycrunch
658.418701171875,-4,24.224316666666667,Fuc(a1-3)GlcNAc(b1-4)GlcNAc(b1-4)[Fuc(a1-3)]GlcNAc(b1-?)[Fuc(a1-3)GlcNAc(b1-4)[Fuc(a1-3)]GlcNAc(b1-?)]Man(a1-6)[Man(a1-3)]Man(b1-4)GlcNAc(b1-4)[Fuc(a1-6)]GlcNAc,1.1326417137524913e-07,3,0.5788403952440149,H-,candycrunch
658.4674072265625,-4,23.217458333333333,Fuc(a1-3)GlcNAc(b1-4)GlcNAc(b1-4)[Fuc(a1-3)]GlcNAc(b1-?)[Fuc(a1-3)GlcNAc(b1-4)[Fuc(a1-3)]GlcNAc(b1-?)]Man(a1-6)[Man(a1-3)]Man(b1-4)GlcNAc(b1-4)[Fuc(a1-6)]GlcNAc,4.8607812885848034e-08,1,0.5301343405565149,H-,candycrunch
658.4888916015625,-4,45.18735833333333,Fuc(a1-3)GlcNAc(b1-4)GlcNAc(b1-4)[Fuc(a1-3)]GlcNAc(b1-?)[Fuc(a1-3)GlcNAc(b1-4)[Fuc(a1-3)]GlcNAc(b1-?)]Man(a1-6)[Man(a1-3)]Man(b1-4)GlcNAc(b1-4)[Fuc(a1-6)]GlcNAc,1.1068349792253684e-08,1,0.5086499655565149,H-,candycrunch
658.49267578125,-4,27.54638,Fuc(a1-3)GlcNAc(b1-4)GlcNAc(b1-4)[Fuc(a1-3)]GlcNAc(b1-?)[Fuc(a1-3)GlcNAc(b1-4)[Fuc(a1-3)]GlcNAc(b1-?)]Man(a1-6)[Man(a1-3)]Man(b1-4)GlcNAc(b1-4)[Fuc(a1-6)]GlcNAc,2.127477083391227e-09,2,0.5048657858690149,H-,candycrunch
661.22119140625,-4,13.123263333333334,Neu5Ac(a2-?)Gal(b1-4)GlcNAc(b1-?)[Gal(b1-4)GlcNAc(b1-?)]Man(a1-?)[Gal(b1-4)GlcNAc(b1-?)[Gal(b1-4)GlcNAc(b1-?)]Man(a1-?)]Man(b1-4)GlcNAc(b1-4)GlcNAc,0.0024327223654836416,2,-0.739201425481042,H-,candycrunch
661.4031372070312,-3,39.488456666666664,Gal(b1-4)GlcNAc(b1-2)Man(a1-3)[Gal(b1-4)GlcNAc(b1-2)[Gal(b1-4)GlcNAc(b1-6)]Man(a1-6)]Man(b1-4)GlcNAc(b1-4)GlcNAc,0.00895271822810173,4,0.832737432501176,H-,candycrunch
662.4472045898438,-3,42.98784833333333,Gal(b1-4)GlcNAc(b1-2)Man(a1-3)[Gal(b1-4)GlcNAc(b1-2)[Gal(b1-4)GlcNAc(b1-6)]Man(a1-6)]Man(b1-4)GlcNAc(b1-4)GlcNAc,0.009528194554150105,1,-0.21132995031132396,H-,candycrunch
663.2623291015625,-4,34.76231166666666,Neu5Ac(a2-?)Gal(b1-4)[Neu5Ac(a2-?)]GlcNAc(b1-?)[Neu5Ac(a2-?)Gal(b1-4)GlcNAc(b1-?)]Man(a1-3)[Man(a1-?)Man(a1-6)]Man(b1-4)GlcNAc(b1-4)GlcNAc,7.072169864841271e-06,1,0.7144770081314391,H-,candycrunch
664.292724609375,-4,36.88370833333333,Neu5Ac(a2-?)Gal(b1-4)[Neu5Ac(a2-?)]GlcNAc(b1-?)[Neu5Ac(a2-?)Gal(b1-4)GlcNAc(b1-?)]Man(a1-3)[Man(a1-?)Man(a1-6)]Man(b1-4)GlcNAc(b1-4)GlcNAc,8.50407730013103e-07,1,-0.3159184996810609,H-,candycrunch
665.20556640625,-3,43.657846666666664,Neu5Ac(a2-?)GalNAc(b1-4)GlcNAc(b1-2)Man(a1-3)[GalNAc(b1-4)GlcNAc(b1-2)Man(a1-6)]Man(b1-4)GlcNAc(b1-4)GlcNAc,0.0008908749441616237,12,-0.2975855183509566,H-,candycrunch
665.240478515625,-3,45.20643833333334,Neu5Ac(a2-?)GalNAc(b1-4)GlcNAc(b1-2)Man(a1-3)[GalNAc(b1-4)GlcNAc(b1-2)Man(a1-6)]Man(b1-4)GlcNAc(b1-4)GlcNAc,0.0026132601778954268,10,-0.3324976277259566,H-,candycrunch
665.285400390625,-3,37.1549,Neu5Ac(a2-?)GalNAc(b1-4)GlcNAc(b1-2)Man(a1-3)[GalNAc(b1-4)GlcNAc(b1-2)Man(a1-6)]Man(b1-4)GlcNAc(b1-4)GlcNAc,0.003322227858006954,12,-0.3774195027259566,H-,candycrunch
665.3731079101562,-3,40.28422166666667,Neu5Ac(a2-?)GalNAc(b1-4)GlcNAc(b1-2)Man(a1-3)[GalNAc(b1-4)GlcNAc(b1-2)Man(a1-6)]Man(b1-4)GlcNAc(b1-4)GlcNAc,0.0005182733875699341,5,-0.4651270222572066,H-,candycrunch
665.5321655273438,-3,21.175471666666667,Neu5Ac(a2-?)GalNAc(b1-4)GlcNAc(b1-2)Man(a1-3)[GalNAc(b1-4)GlcNAc(b1-2)Man(a1-6)]Man(b1-4)GlcNAc(b1-4)GlcNAc,0.005331498105078936,6,-0.6241846394447066,H-,candycrunch
665.5836181640625,-3,35.690488333333334,Neu5Ac(a2-?)GalNAc(b1-4)GlcNAc(b1-2)Man(a1-3)[GalNAc(b1-4)GlcNAc(b1-2)Man(a1-6)]Man(b1-4)GlcNAc(b1-4)GlcNAc,0.0012329546734690666,6,-0.6756372761634566,H-,candycrunch
666.1959838867188,-3,44.960181666666664,Neu5Ac(a2-?)GalNAc(b1-4)GlcNAc(b1-2)Man(a1-3)[GalNAc(b1-4)GlcNAc(b1-2)Man(a1-6)]Man(b1-4)GlcNAc(b1-4)GlcNAc,0.004523583687841892,17,-1.2880029988197066,H-,candycrunch
666.2535400390625,-3,43.66519666666667,Neu5Ac(a2-?)GalNAc(b1-4)GlcNAc(b1-2)Man(a1-3)[GalNAc(b1-4)GlcNAc(b1-2)Man(a1-6)]Man(b1-4)GlcNAc(b1-4)GlcNAc,0.0010250917403027415,8,-1.3455591511634566,H-,candycrunch
666.8316650390625,-3,35.126643333333334,Neu5Ac(a2-?)GalNAc(b1-4)GlcNAc(b1-2)Man(a1-3)[GalNAc(b1-4)GlcNAc(b1-2)Man(a1-6)]Man(b1-4)GlcNAc(b1-4)GlcNAc,0.0008396345074288547,3,-1.9236841511634566,H-,candycrunch
667.0830078125,-3,11.340323333333334,Neu5Ac(a2-?)GalNAc(b1-4)GlcNAc(b1-2)Man(a1-3)[GalNAc(b1-4)GlcNAc(b1-2)Man(a1-6)]Man(b1-4)GlcNAc(b1-4)GlcNAc,0.00042302030487917364,4,-2.1750269246009566,H-,candycrunch
667.1583251953125,-3,44.967515,Neu5Ac(a2-?)GalNAc(b1-4)GlcNAc(b1-2)Man(a1-3)[GalNAc(b1-4)GlcNAc(b1-2)Man(a1-6)]Man(b1-4)GlcNAc(b1-4)GlcNAc,0.0013769413344562054,8,-2.2503443074134566,H-,candycrunch
667.1619262695312,-3,43.815595,Neu5Ac(a2-?)GalNAc(b1-4)GlcNAc(b1-2)Man(a1-3)[GalNAc(b1-4)GlcNAc(b1-2)Man(a1-6)]Man(b1-4)GlcNAc(b1-4)GlcNAc,0.0006242687231861055,1,-2.2539453816322066,H-,candycrunch
667.2066650390625,-3,14.590523333333334,Neu5Ac(a2-?)GalNAc(b1-4)GlcNAc(b1-2)Man(a1-3)[GalNAc(b1-4)GlcNAc(b1-2)Man(a1-6)]Man(b1-4)GlcNAc(b1-4)GlcNAc,0.001541896490380168,11,-2.2986841511634566,H-,candycrunch
667.2088623046875,-3,39.481116666666665,Neu5Ac(a2-?)GalNAc(b1-4)GlcNAc(b1-2)Man(a1-3)[GalNAc(b1-4)GlcNAc(b1-2)Man(a1-6)]Man(b1-4)GlcNAc(b1-4)GlcNAc,0.001148525276221335,20,-2.3008814167884566,H-,candycrunch
667.2210693359375,-3,16.246154999999998,Neu5Ac(a2-?)GalNAc(b1-4)GlcNAc(b1-2)Man(a1-3)[GalNAc(b1-4)GlcNAc(b1-2)Man(a1-6)]Man(b1-4)GlcNAc(b1-4)GlcNAc,0.0003696627973113209,3,-2.3130884480384566,H-,candycrunch
667.2711181640625,-3,41.273109999999996,Neu5Ac(a2-?)GalNAc(b1-4)GlcNAc(b1-2)Man(a1-3)[GalNAc(b1-4)GlcNAc(b1-2)Man(a1-6)]Man(b1-4)GlcNAc(b1-4)GlcNAc,0.0026942819822579622,9,-2.3631372761634566,H-,candycrunch
667.4161376953125,-3,35.30025,Neu5Ac(a2-?)GalNAc(b1-4)GlcNAc(b1-2)Man(a1-3)[GalNAc(b1-4)GlcNAc(b1-2)Man(a1-6)]Man(b1-4)GlcNAc(b1-4)GlcNAc,0.002569059608504176,1,-2.5081568074134566,H-,candycrunch
668.1846923828125,-3,14.605218333333331,Neu5Ac(a2-?)GalNAc(b1-4)GlcNAc(b1-2)Man(a1-3)[GalNAc(b1-4)GlcNAc(b1-2)Man(a1-6)]Man(b1-4)GlcNAc(b1-4)GlcNAc,0.00017946193111129105,6,-3.2767114949134566,H-,candycrunch
668.1968994140625,-3,41.00176,Neu5Ac(a2-?)GalNAc(b1-4)GlcNAc(b1-2)Man(a1-3)[GalNAc(b1-4)GlcNAc(b1-2)Man(a1-6)]Man(b1-4)GlcNAc(b1-4)GlcNAc,0.002574325306341052,1,-3.2889185261634566,H-,candycrunch
668.2297973632812,-3,44.82129833333333,Neu5Ac(a2-?)GalNAc(b1-4)GlcNAc(b1-2)Man(a1-3)[GalNAc(b1-4)GlcNAc(b1-2)Man(a1-6)]Man(b1-4)GlcNAc(b1-4)GlcNAc,0.00114226876758039,3,-3.3218164753822066,H-,candycrunch
668.236083984375,-3,39.529178333333334,Neu5Ac(a2-?)GalNAc(b1-4)GlcNAc(b1-2)Man(a1-3)[GalNAc(b1-4)GlcNAc(b1-2)Man(a1-6)]Man(b1-4)GlcNAc(b1-4)GlcNAc,0.0006562714697793126,6,-3.3281030964759566,H-,candycrunch
669.043701171875,-3,42.769488333333335,Neu5Ac(a2-?)GalNAc(b1-4)GlcNAc(b1-2)Man(a1-3)[GalNAc(b1-4)GlcNAc(b1-2)Man(a1-6)]Man(b1-4)GlcNAc(b1-4)GlcNAc,0.074956513941288,22,-4.135720283975957,H-,candycrunch
669.1258544921875,-3,14.637620000000002,Neu5Ac(a2-?)Gal(b1-4)[Fuc(a1-3)]GlcNAc(b1-2)Man(a1-3)[Man(a1-3)[Man(a1-6)]Man(a1-6)]Man(b1-4)GlcNAc(b1-4)GlcNAc,3.646962795755826e-05,1,3.4415468972115377,H-,candycrunch
669.1549072265625,-3,44.70950666666666,Neu5Ac(a2-?)Gal(b1-4)[Fuc(a1-3)]GlcNAc(b1-2)Man(a1-3)[Man(a1-3)[Man(a1-6)]Man(a1-6)]Man(b1-4)GlcNAc(b1-4)GlcNAc,7.913498120615259e-05,2,3.4124941628365377,H-,candycrunch
669.19189453125,-3,41.65454666666667,Neu5Ac(a2-?)Gal(b1-4)[Fuc(a1-3)]GlcNAc(b1-2)Man(a1-3)[Man(a1-3)[Man(a1-6)]Man(a1-6)]Man(b1-4)GlcNAc(b1-4)GlcNAc,0.0003314292407594621,3,3.3755068581490377,H-,candycrunch
669.1981201171875,-3,45.930434999999996,Neu5Ac(a2-?)Gal(b1-4)[Fuc(a1-3)]GlcNAc(b1-2)Man(a1-3)[Man(a1-3)[Man(a1-6)]Man(a1-6)]Man(b1-4)GlcNAc(b1-4)GlcNAc,2.548520205891691e-05,1,3.3692812722115377,H-,candycrunch
669.2848510742188,-3,40.231815000000005,Neu5Ac(a2-?)Gal(b1-4)[Fuc(a1-3)]GlcNAc(b1-2)Man(a1-3)[Man(a1-3)[Man(a1-6)]Man(a1-6)]Man(b1-4)GlcNAc(b1-4)GlcNAc,7.228553295135498e-05,5,3.2825503151802877,H-,candycrunch
669.5641479492188,-3,37.66965166666667,Neu5Ac(a2-?)Gal(b1-4)[Fuc(a1-3)]GlcNAc(b1-2)Man(a1-3)[Man(a1-3)[Man(a1-6)]Man(a1-6)]Man(b1-4)GlcNAc(b1-4)GlcNAc,7.176487270044163e-05,1,3.0032534401802877,H-,candycrunch
669.96533203125,-3,25.45691,Neu5Ac(a2-?)Gal(b1-4)[Fuc(a1-3)]GlcNAc(b1-2)Man(a1-3)[Man(a1-3)[Man(a1-6)]Man(a1-6)]Man(b1-4)GlcNAc(b1-4)GlcNAc,8.931272532208823e-06,2,2.6020693581490377,H-,candycrunch
672.7022094726562,-3,39.15188,Neu5Ac(a2-?)Gal(b1-4)[Fuc(a1-3)]GlcNAc(b1-2)Man(a1-3)[Man(a1-3)[Man(a1-6)]Man(a1-6)]Man(b1-4)GlcNAc(b1-4)GlcNAc,8.487328159390017e-05,1,-0.13480808325721227,H-,candycrunch
673.2857055664062,-4,15.181370000000001,Neu5Ac(a2-?)Gal(b1-4)[Fuc(a1-3)]GlcNAc(b1-2)Man(a1-3)[Neu5Ac(a2-?)Gal(b1-4)[Fuc(a1-3)]GlcNAc(b1-2)[GlcNAc(b1-6)]Man(a1-6)]Man(b1-4)GlcNAc(b1-4)GlcNAc,0.010567748919129372,4,1.2028380965126644,H-,candycrunch
673.34130859375,-4,40.807343333333336,Neu5Ac(a2-?)Gal(b1-4)[Fuc(a1-3)]GlcNAc(b1-2)Man(a1-3)[Neu5Ac(a2-?)Gal(b1-4)[Fuc(a1-3)]GlcNAc(b1-2)[GlcNAc(b1-6)]Man(a1-6)]Man(b1-4)GlcNAc(b1-4)GlcNAc,0.017881080508232117,1,1.1472350691689144,H-,candycrunch
673.4295043945312,-4,43.39038333333333,Neu5Ac(a2-?)Gal(b1-4)[Fuc(a1-3)]GlcNAc(b1-2)Man(a1-3)[Neu5Ac(a2-?)Gal(b1-4)[Fuc(a1-3)]GlcNAc(b1-2)[GlcNAc(b1-6)]Man(a1-6)]Man(b1-4)GlcNAc(b1-4)GlcNAc,0.028762297704815865,5,1.0590392683876644,H-,candycrunch
674.2430419921875,-4,43.272376666666666,Neu5Ac(a2-?)Gal(b1-4)[Fuc(a1-3)]GlcNAc(b1-2)Man(a1-3)[Neu5Ac(a2-?)Gal(b1-4)[Fuc(a1-3)]GlcNAc(b1-2)[GlcNAc(b1-6)]Man(a1-6)]Man(b1-4)GlcNAc(b1-4)GlcNAc,0.03329457342624664,1,0.24550167073141438,H-,candycrunch
675.258056640625,-3,12.476631666666666,Glc(a1-3)Man(a1-2)Man(a1-2)Man(a1-3)[Man(a1-2)Man(a1-3)[Man(a1-2)Man(a1-6)]Man(a1-6)]Man(b1-4)GlcNAc(b1-4)GlcNAc,0.0030078752897679806,19,-0.03112329209272957,H-,candycrunch
675.2689208984375,-3,15.139653333333333,Glc(a1-3)Man(a1-2)Man(a1-2)Man(a1-3)[Man(a1-2)Man(a1-3)[Man(a1-2)Man(a1-6)]Man(a1-6)]Man(b1-4)GlcNAc(b1-4)GlcNAc,0.001213426236063242,19,-0.04198754990522957,H-,candycrunch
675.2816162109375,-3,16.427848333333333,Glc(a1-3)Man(a1-2)Man(a1-2)Man(a1-3)[Man(a1-2)Man(a1-3)[Man(a1-2)Man(a1-6)]Man(a1-6)]Man(b1-4)GlcNAc(b1-4)GlcNAc,0.003433177713304758,2,-0.05468286240522957,H-,candycrunch
675.4308471679688,-3,46.01171333333333,Glc(a1-3)Man(a1-2)Man(a1-2)Man(a1-3)[Man(a1-2)Man(a1-3)[Man(a1-2)Man(a1-6)]Man(a1-6)]Man(b1-4)GlcNAc(b1-4)GlcNAc,0.00020420759392436594,1,-0.20391381943647957,H-,candycrunch
676.2383422851562,-3,15.147008333333334,Gal(b1-4)GlcNAc(b1-2)[Gal(b1-4)GlcNAc(b1-4)]Man(a1-3)[GlcNAc(b1-2)Man(a1-6)][GlcNAc(b1-4)]Man(b1-4)GlcNAc(b1-4)GlcNAc,2.4474993143286383e-09,12,-0.32695127845727256,H-,candycrunch
676.245849609375,-3,12.483998333333334,Gal(b1-4)GlcNAc(b1-2)[Gal(b1-4)GlcNAc(b1-4)]Man(a1-3)[GlcNAc(b1-2)Man(a1-6)][GlcNAc(b1-4)]Man(b1-4)GlcNAc(b1-4)GlcNAc,5.0935096140847236e-09,10,-0.33445860267602256,H-,candycrunch
676.39892578125,-3,41.141286666666666,Gal(b1-4)GlcNAc(b1-2)[Gal(b1-4)GlcNAc(b1-4)]Man(a1-3)[GlcNAc(b1-2)Man(a1-6)][GlcNAc(b1-4)]Man(b1-4)GlcNAc(b1-4)GlcNAc,1.4535060932630017e-09,1,-0.48753477455102256,H-,candycrunch
676.5848388671875,-3,45.63343833333334,Gal(b1-4)GlcNAc(b1-2)[Gal(b1-4)GlcNAc(b1-4)]Man(a1-3)[GlcNAc(b1-2)Man(a1-6)][GlcNAc(b1-4)]Man(b1-4)GlcNAc(b1-4)GlcNAc,2.611970373322947e-08,4,-0.6734478604885226,H-,candycrunch
677.2073974609375,-3,45.42771333333334,Neu5Ac(a2-?)Gal(b1-4)GlcNAc(b1-2)Man(a1-3)[Man(a1-2)Man(a1-6)[Man(a1-3)]Man(a1-6)]Man(b1-4)GlcNAc(b1-4)GlcNAc,7.03398200130323e-07,1,0.6916421359615015,H-,candycrunch
677.224365234375,-3,12.498213333333332,Neu5Gc(a2-3)Gal(b1-4)[Fuc(a1-3)]GlcNAc(b1-2)Man(a1-3)[Man(a1-3)[Man(a1-6)]Man(a1-6)]Man(b1-4)GlcNAc(b1-4)GlcNAc,8.821274377623922e-07,5,0.674674361690677,H-,candycrunch
677.2259521484375,-3,15.16107,Neu5Gc(a2-3)Gal(b1-4)[Fuc(a1-3)]GlcNAc(b1-2)Man(a1-3)[Man(a1-3)[Man(a1-6)]Man(a1-6)]Man(b1-4)GlcNAc(b1-4)GlcNAc,1.4327308235806413e-05,6,0.673087447628177,H-,candycrunch
677.31103515625,-3,43.42245666666666,Neu5Gc(a2-3)Gal(b1-4)[Fuc(a1-3)]GlcNAc(b1-2)Man(a1-3)[Man(a1-3)[Man(a1-6)]Man(a1-6)]Man(b1-4)GlcNAc(b1-4)GlcNAc,6.18326623680332e-07,1,0.588004439815677,H-,candycrunch
677.3935546875,-3,41.46745666666666,Neu5Ac(a2-?)Gal(b1-4)GlcNAc(b1-2)Man(a1-3)[Man(a1-2)Man(a1-6)[Man(a1-3)]Man(a1-6)]Man(b1-4)GlcNAc(b1-4)GlcNAc,2.6337265808251686e-06,2,0.5054849093990015,H-,candycrunch
677.5451049804688,-3,34.72211666666667,Neu5Gc(a2-3)Gal(b1-4)[Fuc(a1-3)]GlcNAc(b1-2)Man(a1-3)[Man(a1-3)[Man(a1-6)]Man(a1-6)]Man(b1-4)GlcNAc(b1-4)GlcNAc,1.5101976202913647e-07,1,0.35393461559692696,H-,candycrunch
678.4849853515625,-4,35.25313833333334,Gal(b1-4)GlcNAc(b1-3)Gal(b1-4)GlcNAc(b1-6)[Gal(b1-4)GlcNAc(b1-2)]Man(a1-6)[Gal(b1-4)GlcNAc(b1-2)[Gal(b1-4)GlcNAc(b1-4)]Man(a1-3)]Man(b1-4)GlcNAc(b1-4)GlcNAc,0.00018836400704458356,1,0.5061994936814926,H-,candycrunch
679.030029296875,-4,22.014058333333335,Gal(b1-4)GlcNAc(b1-3)Gal(b1-4)GlcNAc(b1-6)[Gal(b1-4)GlcNAc(b1-2)]Man(a1-6)[Gal(b1-4)GlcNAc(b1-2)[Gal(b1-4)GlcNAc(b1-4)]Man(a1-3)]Man(b1-4)GlcNAc(b1-4)GlcNAc,0.00010727827611844987,8,-0.03884445163100736,H-,candycrunch
679.3500366210938,-4,44.463705,Gal(b1-4)GlcNAc(b1-3)Gal(b1-4)GlcNAc(b1-6)[Gal(b1-4)GlcNAc(b1-2)]Man(a1-6)[Gal(b1-4)GlcNAc(b1-2)[Gal(b1-4)GlcNAc(b1-4)]Man(a1-3)]Man(b1-4)GlcNAc(b1-4)GlcNAc,9.14383344934322e-05,1,-0.35885177584975736,H-,candycrunch
680.646484375,-3,39.69484666666667,Neu5Ac(a2-?)Gal(b1-4)GlcNAc(b1-2)Man(a1-3)[Neu5Ac(a2-?)GalOS(b1-4)GlcNAc(b1-2)Man(a1-6)]Man(b1-4)GlcNAc(b1-4)GlcNAc,0.0012756272917613387,1,-0.07533852973438115,H-,candycrunch
681.2088623046875,-3,44.123345,Neu5Ac(a2-?)Gal(b1-4)GlcNAc(b1-2)Man(a1-3)[Neu5Ac(a2-?)GalOS(b1-4)GlcNAc(b1-2)Man(a1-6)]Man(b1-4)GlcNAc(b1-4)GlcNAc,0.0004478846676647663,5,-0.6377164594218812,H-,candycrunch
681.2979736328125,-3,35.66366666666667,Neu5Ac(a2-?)Gal(b1-4)GlcNAc(b1-2)Man(a1-3)[Neu5Ac(a2-?)GalOS(b1-4)GlcNAc(b1-2)Man(a1-6)]Man(b1-4)GlcNAc(b1-4)GlcNAc,0.003882758552208543,5,-0.7268277875468812,H-,candycrunch
681.3566284179688,-3,42.70300833333333,Neu5Ac(a2-?)Gal(b1-4)GlcNAc(b1-2)Man(a1-3)[Neu5Ac(a2-?)GalOS(b1-4)GlcNAc(b1-2)Man(a1-6)]Man(b1-4)GlcNAc(b1-4)GlcNAc,0.00021958463185001165,1,-0.7854825727031312,H-,candycrunch
681.408203125,-3,37.016665,Neu5Ac(a2-?)Gal(b1-4)GlcNAc(b1-2)Man(a1-3)[Neu5Ac(a2-?)GalOS(b1-4)GlcNAc(b1-2)Man(a1-6)]Man(b1-4)GlcNAc(b1-4)GlcNAc,0.0010151368333026767,2,-0.8370572797343812,H-,candycrunch
681.4160766601562,-3,45.10049333333333,Neu5Ac(a2-?)Gal(b1-4)GlcNAc(b1-2)Man(a1-3)[Neu5Ac(a2-?)GalOS(b1-4)GlcNAc(b1-2)Man(a1-6)]Man(b1-4)GlcNAc(b1-4)GlcNAc,0.0005529644549824297,14,-0.8449308148906312,H-,candycrunch
681.49365234375,-3,25.989463333333333,Neu5Ac(a2-?)Gal(b1-4)GlcNAc(b1-2)Man(a1-3)[Neu5Ac(a2-?)GalOS(b1-4)GlcNAc(b1-2)Man(a1-6)]Man(b1-4)GlcNAc(b1-4)GlcNAc,0.00045067750033922493,2,-0.9225064984843812,H-,candycrunch
681.5125732421875,-3,40.09922666666667,Neu5Ac(a2-?)Gal(b1-4)GlcNAc(b1-2)Man(a1-3)[Neu5Ac(a2-?)GalOS(b1-4)GlcNAc(b1-2)Man(a1-6)]Man(b1-4)GlcNAc(b1-4)GlcNAc,0.056688543409109116,1,-0.9414273969218812,H-,candycrunch
681.5146484375,-3,38.7312,Neu5Ac(a2-?)Gal(b1-4)GlcNAc(b1-2)Man(a1-3)[Neu5Ac(a2-?)GalOS(b1-4)GlcNAc(b1-2)Man(a1-6)]Man(b1-4)GlcNAc(b1-4)GlcNAc,0.0013049349654465914,2,-0.9435025922343812,H-,candycrunch
682.1920776367188,-4,45.23359833333333,Neu5Ac(a2-?)Gal(b1-4)GlcNAc(b1-2)Man(a1-3)[Neu5Ac(a2-?)Gal(b1-4)GlcNAc(b1-2)[Gal(a1-4)Gal(b1-4)GlcNAc(b1-6)]Man(a1-6)]Man(b1-4)GlcNAc(b1-4)GlcNAc,0.00022718211403116584,14,0.2939233374502237,H-,candycrunch
682.2863159179688,-4,41.96637666666667,Neu5Ac(a2-?)Gal(b1-4)GlcNAc(b1-2)Man(a1-3)[Neu5Ac(a2-?)Gal(b1-4)GlcNAc(b1-2)[Gal(a1-4)Gal(b1-4)GlcNAc(b1-6)]Man(a1-6)]Man(b1-4)GlcNAc(b1-4)GlcNAc,0.00023429043358191848,4,0.1996850562002237,H-,candycrunch
682.342529296875,-4,38.71088666666667,Neu5Ac(a2-?)Gal(b1-4)GlcNAc(b1-2)Man(a1-3)[Neu5Ac(a2-?)Gal(b1-4)GlcNAc(b1-2)[Gal(a1-4)Gal(b1-4)GlcNAc(b1-6)]Man(a1-6)]Man(b1-4)GlcNAc(b1-4)GlcNAc,0.00012185636296635494,8,0.1434716772939737,H-,candycrunch
682.3714599609375,-4,44.03903666666666,Neu5Ac(a2-?)Gal(b1-4)GlcNAc(b1-2)Man(a1-3)[Neu5Ac(a2-?)Gal(b1-4)GlcNAc(b1-2)[Gal(a1-4)Gal(b1-4)GlcNAc(b1-6)]Man(a1-6)]Man(b1-4)GlcNAc(b1-4)GlcNAc,0.0001619000977370888,3,0.1145410132314737,H-,candycrunch
683.1950073242188,-4,38.43375666666667,Neu5Ac(a2-?)Gal(b1-4)GlcNAc(b1-2)Man(a1-3)[Neu5Ac(a2-?)Gal(b1-4)GlcNAc(b1-2)[Gal(a1-4)Gal(b1-4)GlcNAc(b1-6)]Man(a1-6)]Man(b1-4)GlcNAc(b1-4)GlcNAc,6.852897786302492e-05,2,-0.7090063500497763,H-,candycrunch
683.3016357421875,-4,44.92798666666666,Neu5Ac(a2-?)Gal(b1-4)GlcNAc(b1-2)Man(a1-3)[Neu5Ac(a2-?)Gal(b1-4)GlcNAc(b1-2)[Gal(a1-4)Gal(b1-4)GlcNAc(b1-6)]Man(a1-6)]Man(b1-4)GlcNAc(b1-4)GlcNAc,0.0001631655468372628,1,-0.8156347680185263,H-,candycrunch
683.385986328125,-3,41.38097166666667,GlcNAc(b1-4)GlcNAc(b1-4)GlcNAc(b1-4)GlcNAc(b1-?)[GlcNAc(b1-?)]Man(a1-6)[Man(a1-3)]Man(b1-4)GlcNAc(b1-4)[Fuc(a1-6)]GlcNAc,2.4524593467134537e-09,1,0.8692828382407924,H-,candycrunch
683.5206909179688,-3,35.07946666666667,GlcNAc(b1-4)GlcNAc(b1-4)GlcNAc(b1-4)GlcNAc(b1-?)[GlcNAc(b1-?)]Man(a1-6)[Man(a1-3)]Man(b1-4)GlcNAc(b1-4)[Fuc(a1-6)]GlcNAc,1.0745459633199061e-08,1,0.7345782483970424,H-,candycrunch
684.3140869140625,-3,34.224195,GlcNAc(b1-4)GlcNAc(b1-?)[GlcNAc(b1-?)]Man(a1-?)[GlcNAc(b1-?)[GlcNAc(b1-?)]Man(a1-?)]Man(b1-4)GlcNAc(b1-4)[Fuc(a1-6)]GlcNAc,3.164547957013042e-09,1,-0.058817747696707556,H-,candycrunch
685.2379760742188,-3,13.657358333333335,GlcNAc(b1-4)GlcNAc(b1-4)GlcNAc(b1-4)GlcNAc(b1-?)[GlcNAc(b1-?)]Man(a1-6)[Man(a1-3)]Man(b1-4)GlcNAc(b1-4)[Fuc(a1-6)]GlcNAc,9.254349286891284e-09,1,-0.9827069078529576,H-,candycrunch
686.2899169921875,-3,34.59301,Neu5Ac(a2-6)Gal(b1-4)GlcNAc(b1-2)Man(a1-?)[Fuc(a1-3)[Gal(b1-4)]GlcNAc(b1-2)Man(a1-?)]Man(b1-4)GlcNAc(b1-4)GlcNAc,0.00028919585747644305,1,-0.046999235621910884,H-,candycrunch
687.4381103515625,-3,43.737355,Fuc(a1-2)Gal(b1-?)[Fuc(a1-?)]GlcNAc(b1-2)Man(a1-6)[Fuc(a1-?)[Gal(b1-?)]GlcNAc(b1-2)Man(a1-3)]Man(b1-4)GlcNAc(b1-4)GlcNAc,4.756266662298003e-06,1,-0.8550588911967907,H-,candycrunch
687.5540771484375,-3,45.891545,Fuc(a1-2)Gal(b1-4)[Fuc(a1-3)]GlcNAc(b1-2)Man(a1-6)[Fuc(a1-3)[Gal(b1-4)]GlcNAc(b1-2)Man(a1-3)]Man(b1-4)GlcNAc(b1-4)GlcNAc,1.1164028137500281e-06,2,-0.9710256880717907,H-,candycrunch
688.1988525390625,-2,44.948405,Man(a1-2)Man(a1-6)[Man(a1-3)]Man(a1-6)[Man(a1-3)]Man(b1-4)GlcNAc(b1-4)GlcNAc,0.0027021062560379505,1,1.0395388540465547,H-,candycrunch
689.1456298828125,-2,39.50944333333334,Man(a1-2)Man(a1-3)[Man(a1-3)[Man(a1-6)]Man(a1-6)]Man(b1-4)GlcNAc(b1-4)GlcNAc,0.8890779614448547,1,0.09276151029655466,H-,candycrunch
689.2689208984375,-2,14.563054999999999,Man(a1-2)Man(a1-6)[Man(a1-3)]Man(a1-6)[Man(a1-3)]Man(b1-4)GlcNAc(b1-4)GlcNAc,0.22212627530097961,3,-0.03052950532844534,H-,candycrunch
689.3937377929688,-2,42.250096666666664,Man(a1-2)Man(a1-3)[Man(a1-3)[Man(a1-6)]Man(a1-6)]Man(b1-4)GlcNAc(b1-4)GlcNAc,0.954912543296814,12,-0.15534639985969534,H-,candycrunch
689.517578125,-2,41.12777333333333,Man(a1-2)Man(a1-3)[Man(a1-3)[Man(a1-6)]Man(a1-6)]Man(b1-4)GlcNAc(b1-4)GlcNAc,0.2085399031639099,1,-0.27918673189094534,H-,candycrunch
690.3243408203125,-3,42.26352833333333,GalNAc(b1-4)GlcNAc(b1-2)[Gal(b1-4)GlcNAc(b1-4)]Man(a1-3)[GalNAc(b1-4)GlcNAc(b1-2)Man(a1-6)]Man(b1-4)GlcNAc(b1-4)GlcNAc,4.272511944236612e-08,2,-0.7374334464467438,H-,candycrunch
690.4549560546875,-3,18.603651666666668,GlcNAc(b1-3)Gal(b1-4)GlcNAc(b1-2)[GlcNAc(b1-4)]Man(a1-3)[GlcNAc(b1-2)[GlcNAc(b1-6)]Man(a1-6)]Man(b1-4)GlcNAc(b1-4)GlcNAc,2.195728825427068e-07,4,-0.8680486808217438,H-,candycrunch
690.4857177734375,-3,45.944095000000004,GalNAc(b1-4)GlcNAc(b1-2)[Gal(b1-4)GlcNAc(b1-4)]Man(a1-3)[GalNAc(b1-4)GlcNAc(b1-2)Man(a1-6)]Man(b1-4)GlcNAc(b1-4)GlcNAc,2.167175328082749e-09,1,-0.8988103995717438,H-,candycrunch
690.564208984375,-3,24.146236666666667,GalNAc(b1-4)GlcNAc(b1-2)[Gal(b1-4)GlcNAc(b1-4)]Man(a1-3)[GalNAc(b1-4)GlcNAc(b1-2)Man(a1-6)]Man(b1-4)GlcNAc(b1-4)GlcNAc,1.5247914575411414e-07,3,-0.9773016105092438,H-,candycrunch
691.24462890625,-3,12.297255,Neu5Ac(a2-?)Gal(b1-4)GlcNAc(b1-?)[Gal(b1-4)GlcNAc(b1-?)]Man(a1-3)[Man(a1-?)Man(a1-6)]Man(b1-4)GlcNAc(b1-4)GlcNAc,0.026742901653051376,5,0.32992705781578024,H-,candycrunch
691.2715454101562,-3,15.854098333333333,Neu5Ac(a2-?)Gal(b1-4)GlcNAc(b1-?)[Gal(b1-4)GlcNAc(b1-?)]Man(a1-3)[Man(a1-?)Man(a1-6)]Man(b1-4)GlcNAc(b1-4)GlcNAc,0.027205953374505043,1,0.30301055390953024,H-,candycrunch
691.2980346679688,-3,14.776188333333334,Neu5Ac(a2-?)Gal(b1-4)GlcNAc(b1-?)[Gal(b1-4)GlcNAc(b1-?)]Man(a1-3)[Man(a1-?)Man(a1-6)]Man(b1-4)GlcNAc(b1-4)GlcNAc,0.009644828736782074,6,0.27652129609703024,H-,candycrunch
691.5604248046875,-3,42.92866,Neu5Ac(a2-?)Gal(b1-4)GlcNAc(b1-?)[Gal(b1-4)GlcNAc(b1-?)]Man(a1-3)[Man(a1-?)Man(a1-6)]Man(b1-4)GlcNAc(b1-4)GlcNAc,0.001391219673678279,1,0.014131159378280245,H-,candycrunch
692.2386474609375,-4,14.863843333333332,Neu5Ac(a2-?)Gal(b1-4)GlcNAc(b1-2)[Neu5Ac(a2-?)Gal(b1-4)GlcNAc(b1-4)]Man(a1-3)[GalOS(b1-4)GlcNAc(b1-?)[Gal(b1-4)GlcNAc(b1-?)]Man(a1-6)]Man(b1-4)GlcNAc(b1-4)GlcNAc,0.0010300803696736693,2,0.5039907886065293,H-,candycrunch
693.3325805664062,-2,32.694565000000004,Neu5Ac(a2-?)GlcNAc(b1-2)Man(a1-3)[Man(a1-6)]Man(b1-4)GlcNAc(b1-4)GlcNAc,0.011747656390070915,1,-0.0860298007471556,H-,candycrunch
693.3593139648438,-2,35.859970000000004,Neu5Ac(a2-?)GlcNAc(b1-2)Man(a1-3)[Man(a1-6)]Man(b1-4)GlcNAc(b1-4)GlcNAc,0.012674547731876373,3,-0.1127631991846556,H-,candycrunch
693.5743408203125,-2,39.588975,Neu5Ac(a2-?)GlcNAc(b1-2)Man(a1-3)[Man(a1-6)]Man(b1-4)GlcNAc(b1-4)GlcNAc,0.0017076977528631687,2,-0.3277900546534056,H-,candycrunch
694.4073486328125,-3,35.78608333333333,GlcA(b1-4)GalNAc(b1-4)GlcNAc(b1-4)GlcNAc(b1-2)Man(a1-6)[GalNAc(b1-4)GlcNAc(b1-2)Man(a1-3)]Man(b1-4)GlcNAc(b1-4)GlcNAc,6.698814392080976e-09,1,-0.1606864127801373,H-,candycrunch
694.4552001953125,-3,41.11481166666666,GlcA(b1-4)GalNAc(b1-4)GlcNAc(b1-4)GlcNAc(b1-2)Man(a1-6)[GalNAc(b1-4)GlcNAc(b1-2)Man(a1-3)]Man(b1-4)GlcNAc(b1-4)GlcNAc,2.5576785134262536e-09,1,-0.2085379752801373,H-,candycrunch
694.4942626953125,-3,17.4617,GlcA(b1-4)GalNAc(b1-4)GlcNAc(b1-4)GlcNAc(b1-2)Man(a1-6)[GalNAc(b1-4)GlcNAc(b1-2)Man(a1-3)]Man(b1-4)GlcNAc(b1-4)GlcNAc,2.8224695469702965e-08,4,-0.2476004752801373,H-,candycrunch
695.43115234375,-4,40.67349166666667,Neu5Ac(a2-8)Neu5Ac(a2-3)Gal(b1-4)GlcNAc(b1-2)Man(a1-3)[Neu5Ac(a2-8)Neu5Ac(a2-3)Gal(b1-4)GlcNAc(b1-2)Man(a1-6)]Man(b1-4)GlcNAc(b1-4)GlcNAc,0.0003567400563042611,1,0.8063020347188967,H-,candycrunch
695.6292724609375,-4,37.06299333333334,Neu5Ac(a2-8)Neu5Ac(a2-3)Gal(b1-4)GlcNAc(b1-2)Man(a1-3)[Neu5Ac(a2-8)Neu5Ac(a2-3)Gal(b1-4)GlcNAc(b1-2)Man(a1-6)]Man(b1-4)GlcNAc(b1-4)GlcNAc,0.0004634765791706741,1,0.6081819175313967,H-,candycrunch
695.63427734375,-4,39.08631333333334,Neu5Ac(a2-8)Neu5Ac(a2-3)Gal(b1-4)GlcNAc(b1-2)Man(a1-3)[Neu5Ac(a2-8)Neu5Ac(a2-3)Gal(b1-4)GlcNAc(b1-2)Man(a1-6)]Man(b1-4)GlcNAc(b1-4)GlcNAc,4.113213799428195e-05,1,0.6031770347188967,H-,candycrunch
696.232177734375,-4,41.06799166666667,Neu5Ac(a2-8)Neu5Ac(a2-3)Gal(b1-4)GlcNAc(b1-2)Man(a1-3)[Neu5Ac(a2-8)Neu5Ac(a2-3)Gal(b1-4)GlcNAc(b1-2)Man(a1-6)]Man(b1-4)GlcNAc(b1-4)GlcNAc,4.977457501809113e-05,1,0.005276644093896721,H-,candycrunch
696.5274047851562,-4,37.349815,Neu5Ac(a2-8)Neu5Ac(a2-3)Gal(b1-4)GlcNAc(b1-2)Man(a1-3)[Neu5Ac(a2-8)Neu5Ac(a2-3)Gal(b1-4)GlcNAc(b1-2)Man(a1-6)]Man(b1-4)GlcNAc(b1-4)GlcNAc,1.1689005077641923e-05,3,-0.2899504066873533,H-,candycrunch
697.2260131835938,-3,12.491513333333334,Fuc(a1-3)[Gal(b1-4)]GlcNAc(b1-?)[Gal(b1-4)GlcNAc(b1-?)]Man(a1-3)[Man(a1-3)[Man(a1-6)]Man(a1-6)]Man(b1-4)GlcNAc(b1-4)GlcNAc,5.991174134578614e-07,9,0.020314691772000515,H-,candycrunch
697.242919921875,-3,15.154331666666668,Fuc(a1-3)[Gal(b1-4)]GlcNAc(b1-?)[Gal(b1-4)GlcNAc(b1-?)]Man(a1-3)[Man(a1-3)[Man(a1-6)]Man(a1-6)]Man(b1-4)GlcNAc(b1-4)GlcNAc,4.0432681203128595e-07,10,0.003407953490750515,H-,candycrunch
697.351318359375,-3,36.02762833333333,Fuc(a1-3)[Gal(b1-4)]GlcNAc(b1-?)[Gal(b1-4)GlcNAc(b1-?)]Man(a1-3)[Man(a1-3)[Man(a1-6)]Man(a1-6)]Man(b1-4)GlcNAc(b1-4)GlcNAc,5.860483653918891e-08,5,-0.10499048400924949,H-,candycrunch
697.4501342773438,-3,34.83846833333333,Fuc(a1-3)[Gal(b1-4)]GlcNAc(b1-?)[Gal(b1-4)GlcNAc(b1-?)]Man(a1-3)[Man(a1-3)[Man(a1-6)]Man(a1-6)]Man(b1-4)GlcNAc(b1-4)GlcNAc,1.1246341813375693e-07,2,-0.20380640197799949,H-,candycrunch
698.2052612304688,-3,12.511855,Fuc(a1-3)[Gal(b1-4)]GlcNAc(b1-?)[Gal(b1-4)GlcNAc(b1-?)]Man(a1-3)[Man(a1-3)[Man(a1-6)]Man(a1-6)]Man(b1-4)GlcNAc(b1-4)GlcNAc,4.234146672388306e-06,3,-0.9589333551029995,H-,candycrunch
698.2276611328125,-3,15.167921666666668,Fuc(a1-3)[Gal(b1-4)]GlcNAc(b1-?)[Gal(b1-4)GlcNAc(b1-?)]Man(a1-3)[Man(a1-3)[Man(a1-6)]Man(a1-6)]Man(b1-4)GlcNAc(b1-4)GlcNAc,5.563859062363008e-08,4,-0.9813332574467495,H-,candycrunch
698.3939208984375,-3,34.90734333333334,Fuc(a1-3)[Gal(b1-4)]GlcNAc(b1-?)[Gal(b1-4)GlcNAc(b1-?)]Man(a1-3)[Man(a1-3)[Man(a1-6)]Man(a1-6)]Man(b1-4)GlcNAc(b1-4)GlcNAc,1.9865065326030162e-07,1,-1.1475930230717495,H-,candycrunch
698.4959716796875,-3,36.10031666666667,Fuc(a1-3)[Gal(b1-4)]GlcNAc(b1-?)[Gal(b1-4)GlcNAc(b1-?)]Man(a1-3)[Man(a1-3)[Man(a1-6)]Man(a1-6)]Man(b1-4)GlcNAc(b1-4)GlcNAc,2.0634072370739887e-06,1,-1.2496438043217495,H-,candycrunch
701.5328979492188,-2,18.630268333333333,Fuc(a1-3)[Gal(b1-4)]GlcNAc(b1-2)Man(a1-3)[Man(a1-6)]Man(b1-4)GlcNAc(b1-4)GlcNAc,0.004089037422090769,2,0.22131068339035664,H-,candycrunch
701.593017578125,-2,46.01855166666667,Fuc(a1-3)[Gal(b1-4)]GlcNAc(b1-2)Man(a1-3)[Man(a1-6)]Man(b1-4)GlcNAc(b1-4)GlcNAc,0.00010809757804963738,1,0.16119105448410664,H-,candycrunch
702.20361328125,-2,45.120846666666665,Fuc(a1-3)[Gal(b1-4)]GlcNAc(b1-2)Man(a1-3)[Man(a1-6)]Man(b1-4)GlcNAc(b1-4)GlcNAc,0.0027724504470825195,2,-0.44940464864089336,H-,candycrunch
702.7678833007812,-3,24.103446666666667,GlcNAc(b1-2)[GlcNAc(b1-4)]Man(a1-3)[GlcNAc(b1-2)[GlcNAc(b1-4)][GlcNAc(b1-6)]Man(a1-6)][GlcNAc(b1-4)]Man(b1-4)GlcNAc(b1-4)GlcNAc,4.280612309059961e-09,1,0.4945404402510576,H-,candycrunch
702.9530029296875,-3,29.773443333333336,GlcNAc(b1-2)[GlcNAc(b1-4)]Man(a1-3)[GlcNAc(b1-2)[GlcNAc(b1-4)][GlcNAc(b1-6)]Man(a1-6)][GlcNAc(b1-4)]Man(b1-4)GlcNAc(b1-4)GlcNAc,1.9594805777956026e-09,1,0.3094208113448076,H-,candycrunch
702.9903564453125,-3,28.294320000000003,GlcNAc(b1-2)[GlcNAc(b1-4)]Man(a1-3)[GlcNAc(b1-2)[GlcNAc(b1-4)][GlcNAc(b1-6)]Man(a1-6)][GlcNAc(b1-4)]Man(b1-4)GlcNAc(b1-4)GlcNAc,1.4508453105577246e-08,7,0.2720672957198076,H-,candycrunch
703.0648803710938,-3,31.268031666666666,GlcNAc(b1-2)[GlcNAc(b1-4)]Man(a1-3)[GlcNAc(b1-2)[GlcNAc(b1-4)][GlcNAc(b1-6)]Man(a1-6)][GlcNAc(b1-4)]Man(b1-4)GlcNAc(b1-4)GlcNAc,1.02772590437894e-08,17,0.1975433699385576,H-,candycrunch
703.21875,-3,35.08614,GlcNAc(b1-2)[GlcNAc(b1-4)]Man(a1-3)[GlcNAc(b1-2)[GlcNAc(b1-4)][GlcNAc(b1-6)]Man(a1-6)][GlcNAc(b1-4)]Man(b1-4)GlcNAc(b1-4)GlcNAc,4.0857823790929615e-09,1,0.04367374103230759,H-,candycrunch
703.5087280273438,-3,32.44683833333334,GlcNAc(b1-2)[GlcNAc(b1-4)]Man(a1-3)[GlcNAc(b1-2)[GlcNAc(b1-4)][GlcNAc(b1-6)]Man(a1-6)][GlcNAc(b1-4)]Man(b1-4)GlcNAc(b1-4)GlcNAc,8.969799125679856e-09,2,-0.2463042863114424,H-,candycrunch
703.5452880859375,-3,28.259048333333332,GlcNAc(b1-2)[GlcNAc(b1-4)]Man(a1-3)[GlcNAc(b1-2)[GlcNAc(b1-4)][GlcNAc(b1-6)]Man(a1-6)][GlcNAc(b1-4)]Man(b1-4)GlcNAc(b1-4)GlcNAc,8.183445920906252e-09,2,-0.2828643449051924,H-,candycrunch
704.0325317382812,-3,31.28233333333333,GlcNAc(b1-2)[GlcNAc(b1-4)]Man(a1-3)[GlcNAc(b1-2)[GlcNAc(b1-4)][GlcNAc(b1-6)]Man(a1-6)][GlcNAc(b1-4)]Man(b1-4)GlcNAc(b1-4)GlcNAc,4.829307620468626e-09,7,-0.7701079972489424,H-,candycrunch
704.06005859375,-3,28.329929999999997,GlcNAc(b1-2)[GlcNAc(b1-4)]Man(a1-3)[GlcNAc(b1-2)[GlcNAc(b1-4)][GlcNAc(b1-6)]Man(a1-6)][GlcNAc(b1-4)]Man(b1-4)GlcNAc(b1-4)GlcNAc,1.4023669336893363e-08,1,-0.7976348527176924,H-,candycrunch
704.5430908203125,-3,45.89823833333334,Neu5Ac(a2-?)Gal(b1-4)GlcNAc(b1-2)Man(a1-3)[Gal(b1-4)GlcNAc(b1-2)Man(a1-6)][GlcNAc(b1-4)]Man(b1-4)GlcNAc(b1-4)GlcNAc,0.018458975479006767,2,0.7069815109198316,H-,candycrunch
705.2086181640625,-3,36.205690000000004,Neu5Ac(a2-?)Gal(b1-4)GlcNAc(b1-2)Man(a1-3)[Gal(b1-4)GlcNAc(b1-2)Man(a1-6)][GlcNAc(b1-4)]Man(b1-4)GlcNAc(b1-4)GlcNAc,0.0164256002753973,7,0.041454167169831635,H-,candycrunch
705.248779296875,-3,41.90684666666667,Neu5Ac(a2-?)Gal(b1-4)GlcNAc(b1-2)Man(a1-3)[Gal(b1-4)GlcNAc(b1-2)Man(a1-6)][GlcNAc(b1-4)]Man(b1-4)GlcNAc(b1-4)GlcNAc,0.0014504850842058659,6,0.001293034357331635,H-,candycrunch
705.3068237304688,-3,45.64014,Neu5Ac(a2-?)Gal(b1-4)GlcNAc(b1-2)Man(a1-3)[Gal(b1-4)GlcNAc(b1-2)Man(a1-6)][GlcNAc(b1-4)]Man(b1-4)GlcNAc(b1-4)GlcNAc,0.02740616537630558,2,-0.056751399236418365,H-,candycrunch
705.32373046875,-3,39.11795166666666,Neu5Ac(a2-?)Gal(b1-4)GlcNAc(b1-2)Man(a1-3)[Gal(b1-4)GlcNAc(b1-2)Man(a1-6)][GlcNAc(b1-4)]Man(b1-4)GlcNAc(b1-4)GlcNAc,0.004315992817282677,1,-0.07365813751766837,H-,candycrunch
707.4811401367188,-3,45.87789,Neu5Ac(a2-3)[GalNAc(b1-4)]Gal(b1-4)GlcNAc(b1-2)Man(a1-3)[Gal(b1-4)GlcNAc(b1-2)Man(a1-6)]Man(b1-4)GlcNAc(b1-4)GlcNAc,0.004223819822072983,1,-2.2310678054864184,H-,candycrunch
709.110107421875,-2,4.119281666666667,Gal(b1-4)GlcNAc(b1-2)Man(a1-3)[Man(a1-?)Man(a1-6)]Man(b1-4)GlcNAc(b1-4)GlcNAc,0.003344149561598897,2,0.6415585219840523,H-,candycrunch
709.1959228515625,-2,44.34386,Man(a1-3)[Man(a1-6)]Man(a1-6)[Man(a1-3)][GlcNAc(b1-4)]Man(b1-4)GlcNAc(b1-4)GlcNAc,0.20605623722076416,1,0.5557430922965523,H-,candycrunch
710.0701904296875,-2,25.215196666666667,Man(a1-3)[Man(a1-6)]Man(a1-6)[Man(a1-3)][GlcNAc(b1-4)]Man(b1-4)GlcNAc(b1-4)GlcNAc,0.022583596408367157,3,-0.3185244858284477,H-,candycrunch
711.5348510742188,-4,35.63694666666667,Gal(b1-4)GlcNAc(b1-3)Gal(b1-4)GlcNAc(b1-?)[GlcNAc(b1-?)]Man(a1-6)[Fuc(a1-3)[Gal(b1-4)]GlcNAc(b1-2)[Fuc(a1-3)[Gal(b1-4)]GlcNAc(b1-4)]Man(a1-3)]Man(b1-4)GlcNAc(b1-4)GlcNAc,0.0004945048713125288,3,-0.027917682349766437,H-,candycrunch
712.401123046875,-4,42.19746833333333,Gal(b1-4)GlcNAc(b1-3)Gal(b1-4)GlcNAc(b1-?)[GlcNAc(b1-?)]Man(a1-6)[Fuc(a1-3)[Gal(b1-4)]GlcNAc(b1-2)[Fuc(a1-3)[Gal(b1-4)]GlcNAc(b1-4)]Man(a1-3)]Man(b1-4)GlcNAc(b1-4)GlcNAc,2.830121957231313e-05,1,-0.8941896550060164,H-,candycrunch
713.377197265625,-4,45.88459833333334,Neu5Ac(a2-?)Gal(b1-4)GlcNAc(b1-2)[Neu5Ac(a2-?)Gal(b1-4)GlcNAc(b1-4)]Man(a1-3)[Neu5Ac(a2-?)Gal(b1-4)GlcNAc(b1-2)Man(a1-6)]Man(b1-4)GlcNAc(b1-4)GlcNAc,0.0008227767539210618,1,1.3694519773189313,H-,candycrunch
713.3847045898438,-4,35.67033166666666,Neu5Ac(a2-?)Gal(b1-4)GlcNAc(b1-2)[Neu5Ac(a2-?)Gal(b1-4)GlcNAc(b1-4)]Man(a1-3)[Neu5Ac(a2-?)Gal(b1-4)GlcNAc(b1-2)Man(a1-6)]Man(b1-4)GlcNAc(b1-4)GlcNAc,0.14743928611278534,2,1.3619446531001813,H-,candycrunch
714.046142578125,-4,31.35932,Neu5Ac(a2-?)Gal(b1-4)GlcNAc(b1-2)[Neu5Ac(a2-?)Gal(b1-4)GlcNAc(b1-4)]Man(a1-3)[Neu5Ac(a2-?)Gal(b1-4)GlcNAc(b1-2)Man(a1-6)]Man(b1-4)GlcNAc(b1-4)GlcNAc,0.0011063371784985065,1,0.7005066648189313,H-,candycrunch
714.360107421875,-4,36.758003333333335,Neu5Ac(a2-?)Gal(b1-4)GlcNAc(b1-2)[Neu5Ac(a2-?)Gal(b1-4)GlcNAc(b1-4)]Man(a1-3)[Neu5Ac(a2-?)Gal(b1-4)GlcNAc(b1-2)Man(a1-6)]Man(b1-4)GlcNAc(b1-4)GlcNAc,0.015394452959299088,6,0.3865418210689313,H-,candycrunch
714.3912353515625,-4,37.88924166666667,Neu5Ac(a2-?)Gal(b1-4)GlcNAc(b1-2)[Neu5Ac(a2-?)Gal(b1-4)GlcNAc(b1-4)]Man(a1-3)[Neu5Ac(a2-?)Gal(b1-4)GlcNAc(b1-2)Man(a1-6)]Man(b1-4)GlcNAc(b1-4)GlcNAc,0.2962302565574646,2,0.3554138913814313,H-,candycrunch
714.4022216796875,-4,40.00035333333333,Neu5Ac(a2-?)Gal(b1-4)GlcNAc(b1-2)[Neu5Ac(a2-?)Gal(b1-4)GlcNAc(b1-4)]Man(a1-3)[Neu5Ac(a2-?)Gal(b1-4)GlcNAc(b1-2)Man(a1-6)]Man(b1-4)GlcNAc(b1-4)GlcNAc,0.15312574803829193,1,0.3444275632564313,H-,candycrunch
715.4375,-4,38.572923333333335,Neu5Ac(a2-6)Gal(b1-4)GlcNAc(b1-2)[Neu5Ac(a2-6)Gal(b1-4)GlcNAc(b1-4)]Man(a1-3)[Neu5Ac(a2-6)Gal(b1-4)GlcNAc(b1-2)Man(a1-6)]Man(b1-4)GlcNAc(b1-4)GlcNAc,0.005696936044842005,1,-0.6908507570560687,H-,candycrunch
716.595947265625,-3,44.29039166666667,Gal(b1-4)GlcNAc(b1-2)[Gal(b1-4)GlcNAc(b1-4)]Man(a1-3)[Man(a1-3)[Man(a1-6)]Man(a1-6)][GlcNAc(b1-4)]Man(b1-4)GlcNAc(b1-4)GlcNAc,3.7806722197331055e-09,10,-0.34246481559273434,H-,candycrunch
719.21142578125,-3,12.385676666666667,Kdn(a2-3)Gal(b1-4)GlcNAc(b1-2)Man(a1-?)[Neu5Ac(a2-?)Gal(b1-4)GlcNAc(b1-2)Man(a1-?)]Man(b1-4)GlcNAc(b1-4)GlcNAc,1.3916140915171127e-06,5,1.7018113723156603,H-,candycrunch
719.250244140625,-3,15.105075,Kdn(a2-3)Gal(b1-4)GlcNAc(b1-2)Man(a1-?)[Neu5Ac(a2-?)Gal(b1-4)GlcNAc(b1-2)Man(a1-?)]Man(b1-4)GlcNAc(b1-4)GlcNAc,9.109312486543786e-07,3,1.6629930129406603,H-,candycrunch
721.3727416992188,-3,38.851213333333334,Kdn(a2-3)Gal(b1-4)GlcNAc(b1-2)Man(a1-?)[Neu5Ac(a2-?)Gal(b1-4)GlcNAc(b1-2)Man(a1-?)]Man(b1-4)GlcNAc(b1-4)GlcNAc,7.2639840809074485e-09,1,-0.45950454565308974,H-,candycrunch
721.3810424804688,-3,34.18828833333333,Kdn(a2-3)Gal(b1-4)GlcNAc(b1-2)Man(a1-?)[Neu5Ac(a2-?)Gal(b1-4)GlcNAc(b1-2)Man(a1-?)]Man(b1-4)GlcNAc(b1-4)GlcNAc,2.110647074005101e-06,10,-0.46780532690308974,H-,candycrunch
722.4693603515625,-2,37.4369,GlcNAc(b1-4)GlcNAc(b1-2)Man(a1-6)[Man(a1-3)]Man(b1-4)GlcNAc(b1-4)[Fuc(a1-6)]GlcNAc,4.897974470452482e-09,1,-0.20187716820339574,H-,candycrunch
722.4991455078125,-2,34.09069166666667,GlcNAc(b1-4)GlcNAc(b1-2)Man(a1-6)[Man(a1-3)]Man(b1-4)GlcNAc(b1-4)[Fuc(a1-6)]GlcNAc,2.0395487965174652e-08,1,-0.23166232445339574,H-,candycrunch
722.5352783203125,-2,36.764736666666664,GlcNAc(b1-4)GlcNAc(b1-2)Man(a1-6)[Man(a1-3)]Man(b1-4)GlcNAc(b1-4)[Fuc(a1-6)]GlcNAc,1.377047595951808e-07,2,-0.26779513695339574,H-,candycrunch
723.2803344726562,-3,22.48884,GlcA(b1-4)GalNAc(b1-4)GlcNAc(b1-4)GlcNAc(b1-2)Man(a1-6)[Fuc(a1-3)GlcNAc(b1-2)Man(a1-3)]Man(b1-4)GlcNAc(b1-4)[Fuc(a1-6)]GlcNAc,5.090395216456045e-09,6,0.6451427757093597,H-,candycrunch
723.2967529296875,-3,38.121401666666664,GlcA(b1-4)GalNAc(b1-4)GlcNAc(b1-4)GlcNAc(b1-2)Man(a1-6)[Fuc(a1-3)GlcNAc(b1-2)Man(a1-3)]Man(b1-4)GlcNAc(b1-4)[Fuc(a1-6)]GlcNAc,1.0181087617411322e-07,8,0.6287243186781097,H-,candycrunch
723.333740234375,-3,39.76116666666667,GlcA(b1-4)GalNAc(b1-4)GlcNAc(b1-4)GlcNAc(b1-2)Man(a1-6)[Fuc(a1-3)GlcNAc(b1-2)Man(a1-3)]Man(b1-4)GlcNAc(b1-4)[Fuc(a1-6)]GlcNAc,1.5704292977147816e-08,1,0.5917370139906097,H-,candycrunch
723.8861083984375,-3,22.516983333333336,GlcA(b1-4)GalNAc(b1-4)GlcNAc(b1-4)GlcNAc(b1-2)Man(a1-6)[Fuc(a1-3)GlcNAc(b1-2)Man(a1-3)]Man(b1-4)GlcNAc(b1-4)[Fuc(a1-6)]GlcNAc,1.2632664692091566e-08,2,0.03936884992810974,H-,candycrunch
724.323486328125,-3,38.15534,GlcA(b1-4)GalNAc(b1-4)GlcNAc(b1-4)GlcNAc(b1-2)Man(a1-6)[Fuc(a1-3)GlcNAc(b1-2)Man(a1-3)]Man(b1-4)GlcNAc(b1-4)[Fuc(a1-6)]GlcNAc,1.0879529277474376e-08,1,-0.39800907975939026,H-,candycrunch
725.1634521484375,-3,30.583711666666662,GlcA(b1-4)GalNAc(b1-4)GlcNAc(b1-4)GlcNAc(b1-2)Man(a1-6)[Fuc(a1-3)GlcNAc(b1-2)Man(a1-3)]Man(b1-4)GlcNAc(b1-4)[Fuc(a1-6)]GlcNAc,3.145022731132485e-08,8,-1.2379749000718903,H-,candycrunch
725.1922607421875,-3,33.26130666666666,GlcA(b1-4)GalNAc(b1-4)GlcNAc(b1-4)GlcNAc(b1-2)Man(a1-6)[Fuc(a1-3)GlcNAc(b1-2)Man(a1-3)]Man(b1-4)GlcNAc(b1-4)[Fuc(a1-6)]GlcNAc,9.835068226493604e-08,8,-1.2667834938218903,H-,candycrunch
726.2265014648438,-4,33.398795,Neu5Gc(a2-6)Gal(b1-4)GlcNAc(b1-2)[Neu5Gc(a2-6)Gal(b1-4)GlcNAc(b1-6)]Man(a1-3)[Neu5Gc(a2-6)Gal(b1-4)GlcNAc(b1-2)Man(a1-6)]Man(b1-4)GlcNAc(b1-4)GlcNAc,1.2723975487460848e-05,2,0.5163337431002901,H-,candycrunch
730.26953125,-2,35.68367,Gal(b1-4)GlcNAc(b1-2)Man(a1-3)[GlcNAc(b1-2)Man(a1-6)]Man(b1-4)GlcNAc(b1-4)GlcNAc,0.2701164186000824,2,-0.0045907553909501075,H-,candycrunch
730.368408203125,-2,43.285628333333335,Gal(b1-4)GlcNAc(b1-2)Man(a1-3)[GlcNAc(b1-2)Man(a1-6)]Man(b1-4)GlcNAc(b1-4)GlcNAc,0.401666522026062,1,-0.10346770851595011,H-,candycrunch
730.44921875,-2,21.896936666666665,Gal(b1-4)GlcNAc(b1-2)Man(a1-3)[GlcNAc(b1-2)Man(a1-6)]Man(b1-4)GlcNAc(b1-4)GlcNAc,0.6690459251403809,6,-0.1842782553909501,H-,candycrunch
730.4539794921875,-2,18.811875,Gal(b1-4)GlcNAc(b1-2)Man(a1-3)[GlcNAc(b1-2)Man(a1-6)]Man(b1-4)GlcNAc(b1-4)GlcNAc,0.7594013214111328,7,-0.1890389975784501,H-,candycrunch
731.41943359375,-1,26.68323333333333,Man(a1-?)Man(b1-4)GlcNAc(b1-4)GlcNAc,0.010383598506450653,23,-0.1466680669109337,H-,candycrunch
731.51953125,-1,22.416035,Man(a1-6)Man(b1-4)GlcNAc(b1-4)GlcNAc,0.001981808803975582,11,-0.2467657231609337,H-,candycrunch
731.5604858398438,-1,20.21968,Man(a1-?)Man(b1-4)GlcNAc(b1-4)GlcNAc,0.21188506484031677,1,-0.2877203130046837,H-,candycrunch
731.6123046875,-1,23.77650666666667,Man(a1-?)Man(b1-4)GlcNAc(b1-4)GlcNAc,0.031460877507925034,1,-0.3395391606609337,H-,candycrunch
732.1127319335938,-1,26.690023333333333,Man(a1-?)Man(b1-4)GlcNAc(b1-4)GlcNAc,0.0063519855029881,2,-0.8399664067546837,H-,candycrunch
733.3169555664062,-4,29.362534999999998,Neu5Ac(a2-?)Gal(b1-4)GlcNAc(b1-2)[Neu5Ac(a2-?)Gal(b1-4)GlcNAc(b1-4)]Man(a1-3)[Gal(b1-4)GlcNAc(b1-2)[Gal(b1-4)GlcNAc(b1-6)]Man(a1-6)]Man(b1-4)GlcNAc(b1-4)GlcNAc,0.0003727081639226526,8,-0.061111458987284095,H-,candycrunch
733.366943359375,-4,19.575098333333333,Gal(b1-4)GlcNAc(b1-3)Gal(b1-4)GlcNAc(b1-2)Man(a1-3)[Neu5Ac(a2-?)Gal(b1-4)GlcNAc(b1-2)[Neu5Ac(a2-?)Gal(b1-4)GlcNAc(b1-6)]Man(a1-6)]Man(b1-4)GlcNAc(b1-4)GlcNAc,0.0006308682495728135,10,-0.1110992519560341,H-,candycrunch
734.1064453125,-3,41.720751666666665,Neu5Ac(a2-?)Gal(b1-4)GlcNAc(b1-2)Man(a1-3)[Neu5Ac(a2-?)Gal(b1-4)GlcNAc(b1-2)Man(a1-6)]Man(b1-4)GlcNAc(b1-4)GlcNAc,0.06018341705203056,1,0.48230834326568583,H-,candycrunch
734.33544921875,-3,19.582808333333336,Neu5Ac(a2-?)Gal(b1-4)GlcNAc(b1-2)Man(a1-3)[Neu5Ac(a2-?)Gal(b1-4)GlcNAc(b1-2)Man(a1-6)]Man(b1-4)GlcNAc(b1-4)GlcNAc,0.09131781756877899,7,0.25330443701568583,H-,candycrunch
734.3489990234375,-3,29.390873333333335,Neu5Ac(a2-?)Gal(b1-4)GlcNAc(b1-2)Man(a1-3)[Neu5Ac(a2-?)Gal(b1-4)GlcNAc(b1-2)Man(a1-6)]Man(b1-4)GlcNAc(b1-4)GlcNAc,0.15920968353748322,2,0.23975463232818583,H-,candycrunch
734.416748046875,-3,17.620314999999998,Neu5Ac(a2-?)Gal(b1-4)GlcNAc(b1-2)Man(a1-3)[Neu5Ac(a2-?)Gal(b1-4)GlcNAc(b1-2)Man(a1-6)]Man(b1-4)GlcNAc(b1-4)GlcNAc,0.10320839285850525,3,0.17200560889068583,H-,candycrunch
735.32568359375,-3,19.61850666666667,Neu5Ac(a2-?)Gal(b1-4)[Fuc(a1-3)]GlcNAc(b1-2)Man(a1-?)[Fuc(a1-3)[Gal(b1-4)]GlcNAc(b1-2)Man(a1-?)]Man(b1-4)GlcNAc(b1-4)GlcNAc,0.0039053296204656363,3,-0.39679623418442134,H-,candycrunch
735.3495483398438,-3,45.957746666666665,Neu5Ac(a2-?)Gal(b1-4)[Fuc(a1-3)]GlcNAc(b1-2)Man(a1-?)[Fuc(a1-3)[Gal(b1-4)]GlcNAc(b1-2)Man(a1-?)]Man(b1-4)GlcNAc(b1-4)GlcNAc,0.005083374213427305,1,-0.42066098027817134,H-,candycrunch
736.359619140625,-3,36.05394833333333,Neu5Ac(a2-?)Gal(b1-4)[Fuc(a1-3)]GlcNAc(b1-2)Man(a1-?)[Fuc(a1-3)[Gal(b1-4)]GlcNAc(b1-2)Man(a1-?)]Man(b1-4)GlcNAc(b1-4)GlcNAc,0.00962461531162262,2,-1.4307317810594213,H-,candycrunch
736.4588623046875,-3,40.363675,Neu5Ac(a2-?)Gal(b1-4)[Fuc(a1-3)]GlcNAc(b1-2)Man(a1-?)[Fuc(a1-3)[Gal(b1-4)]GlcNAc(b1-2)Man(a1-?)]Man(b1-4)GlcNAc(b1-4)GlcNAc,0.022274114191532135,1,-1.5299749451219213,H-,candycrunch
736.4990234375,-2,43.01428666666666,GlcA(b1-4)GalNAc(b1-4)GlcNAc(b1-2)Man(a1-3)[Man(a1-6)]Man(b1-4)GlcNAc(b1-4)GlcNAc,2.3789379355321216e-08,4,0.7555493263590733,H-,candycrunch
736.630615234375,-3,41.661186666666666,Neu5Ac(a2-?)Gal(b1-4)[Fuc(a1-3)]GlcNAc(b1-2)Man(a1-?)[Fuc(a1-3)[Gal(b1-4)]GlcNAc(b1-2)Man(a1-?)]Man(b1-4)GlcNAc(b1-4)GlcNAc,0.03683413192629814,2,-1.7017278748094213,H-,candycrunch
737.3502197265625,-2,38.36769,GlcA(b1-4)GalNAc(b1-4)GlcNAc(b1-2)Man(a1-6)[Man(a1-3)]Man(b1-4)GlcNAc(b1-4)GlcNAc,2.108649033161214e-09,4,-0.09564696270342665,H-,candycrunch
737.5414428710938,-2,36.060898333333334,GlcA(b1-4)GalNAc(b1-4)GlcNAc(b1-2)Man(a1-6)[Man(a1-3)]Man(b1-4)GlcNAc(b1-4)GlcNAc,9.464403705194968e-10,4,-0.28687010723467665,H-,candycrunch
737.583984375,-2,39.80770833333333,GlcA(b1-4)GalNAc(b1-4)GlcNAc(b1-2)Man(a1-6)[Man(a1-3)]Man(b1-4)GlcNAc(b1-4)GlcNAc,4.192818092718653e-09,2,-0.32941161114092665,H-,candycrunch
738.1868896484375,-2,37.968804999999996,GlcA(b1-4)GalNAc(b1-4)GlcNAc(b1-2)Man(a1-6)[Man(a1-3)]Man(b1-4)GlcNAc(b1-4)GlcNAc,2.8438419619192246e-08,1,-0.9323168845784267,H-,candycrunch
738.3857421875,-2,44.827935,GlcA(b1-4)GalNAc(b1-4)GlcNAc(b1-2)Man(a1-6)[Man(a1-3)]Man(b1-4)GlcNAc(b1-4)GlcNAc,1.477564182117419e-09,1,-1.1311694236409267,H-,candycrunch
738.4091796875,-2,36.00040333333333,GlcA(b1-4)GalNAc(b1-4)GlcNAc(b1-2)Man(a1-6)[Man(a1-3)]Man(b1-4)GlcNAc(b1-4)GlcNAc,7.514738276093169e-10,2,-1.1546069236409267,H-,candycrunch
739.30419921875,-3,37.316485,Neu5Ac(a2-?)Gal(b1-4)GlcNAc(b1-2)Man(a1-3)[Neu5Gc(a2-?)Gal(b1-4)GlcNAc(b1-2)Man(a1-6)]Man(b1-4)GlcNAc(b1-4)GlcNAc,6.089025646360824e-06,5,0.6161926436824388,H-,candycrunch
739.5516357421875,-3,24.88618166666667,Neu5Ac(a2-?)Gal(b1-4)GlcNAc(b1-2)Man(a1-?)[Neu5Gc(a2-?)Gal(b1-4)GlcNAc(b1-2)Man(a1-?)]Man(b1-4)GlcNAc(b1-4)GlcNAc,1.3131510058883578e-05,1,0.36875612024493876,H-,candycrunch
739.6053466796875,-3,41.66795833333333,Neu5Ac(a2-6)Gal(b1-4)GlcNAc(b1-2)Man(a1-3)[Neu5Gc(a2-6)Gal(b1-4)GlcNAc(b1-2)Man(a1-6)]Man(b1-4)GlcNAc(b1-4)GlcNAc,0.00014425485278479755,1,0.31504518274493876,H-,candycrunch
740.5780029296875,-3,45.280365,Neu5Ac(a2-?)Gal(b1-4)GlcNAc(b1-2)Man(a1-3)[Neu5Gc(a2-?)Gal(b1-4)GlcNAc(b1-2)Man(a1-6)]Man(b1-4)GlcNAc(b1-4)GlcNAc,5.797368885396281e-06,5,-0.6576110672550612,H-,candycrunch
741.1468505859375,-4,45.21373333333333,Neu5Ac(a2-?)Gal(b1-4)GlcNAc(b1-2)[Gal(a1-4)Gal(b1-4)GlcNAc(b1-4)]Man(a1-3)[Gal(a1-4)Gal(b1-4)GlcNAc(b1-2)[Gal(b1-4)GlcNAc(b1-6)]Man(a1-6)]Man(b1-4)GlcNAc(b1-4)GlcNAc,9.862890146905556e-05,5,0.36155111058144485,H-,candycrunch
741.4249267578125,-4,43.26535333333333,Neu5Ac(a2-?)Gal(b1-4)GlcNAc(b1-2)[Gal(a1-4)Gal(b1-4)GlcNAc(b1-4)]Man(a1-3)[Gal(a1-4)Gal(b1-4)GlcNAc(b1-2)[Gal(b1-4)GlcNAc(b1-6)]Man(a1-6)]Man(b1-4)GlcNAc(b1-4)GlcNAc,0.00011669511877698824,1,0.08347493870644485,H-,candycrunch
741.456787109375,-4,24.553076666666666,Neu5Ac(a2-?)Gal(b1-4)GlcNAc(b1-2)[Gal(a1-4)Gal(b1-4)GlcNAc(b1-4)]Man(a1-3)[Gal(a1-4)Gal(b1-4)GlcNAc(b1-2)[Gal(b1-4)GlcNAc(b1-6)]Man(a1-6)]Man(b1-4)GlcNAc(b1-4)GlcNAc,0.0001013158616842702,4,0.051614587143944846,H-,candycrunch
742.4237060546875,-2,40.648875,GalNAc(b1-4)GlcNAc(b1-4)GlcNAc(b1-2)Man(a1-6)Man(b1-4)GlcNAc(b1-4)[Fuc(a1-6)]GlcNAc,1.4383898516712179e-08,1,0.3570516794214882,H-,candycrunch
744.4342041015625,-3,35.951658333333334,Neu5Gc(a2-?)Gal(b1-4)GlcNAc(b1-2)Man(a1-3)[Neu5Gc(a2-?)Gal(b1-4)GlcNAc(b1-2)Man(a1-6)]Man(b1-4)GlcNAc(b1-4)GlcNAc,0.0004535155894700438,19,0.8178259675364643,H-,candycrunch
744.4645385742188,-3,40.74755833333333,Neu5Gc(a2-6)Gal(b1-4)GlcNAc(b1-2)Man(a1-3)[Neu5Gc(a2-6)Gal(b1-4)GlcNAc(b1-2)Man(a1-6)]Man(b1-4)GlcNAc(b1-4)GlcNAc,0.00013417024456430227,1,0.7874914948802143,H-,candycrunch
744.5150146484375,-3,39.70812333333333,Neu5Gc(a2-?)Gal(b1-4)GlcNAc(b1-2)Man(a1-3)[Neu5Gc(a2-?)Gal(b1-4)GlcNAc(b1-2)Man(a1-6)]Man(b1-4)GlcNAc(b1-4)GlcNAc,0.0013674076180905104,2,0.7370154206614643,H-,candycrunch
744.5543212890625,-3,37.249159999999996,Neu5Gc(a2-?)Gal(b1-4)GlcNAc(b1-2)Man(a1-3)[Neu5Gc(a2-?)Gal(b1-4)GlcNAc(b1-2)Man(a1-6)]Man(b1-4)GlcNAc(b1-4)GlcNAc,0.0003906046040356159,3,0.6977087800364643,H-,candycrunch
745.407470703125,-3,35.98707666666667,Neu5Gc(a2-?)Gal(b1-4)GlcNAc(b1-2)Man(a1-3)[Neu5Gc(a2-?)Gal(b1-4)GlcNAc(b1-2)Man(a1-6)]Man(b1-4)GlcNAc(b1-4)GlcNAc,0.0015403511933982372,6,-0.1554406340260357,H-,candycrunch
745.5941162109375,-3,45.65371666666667,Neu5Ac(a2-?)Gal(b1-4)GlcNAc(b1-2)[Gal(b1-4)GlcNAc(b1-4)]Man(a1-3)[Man(a1-3)[Man(a1-6)]Man(a1-6)]Man(b1-4)GlcNAc(b1-4)GlcNAc,2.868049932658323e-06,2,-0.0019524363718801396,H-,candycrunch
745.6322631835938,-3,41.360845,Neu5Ac(a2-?)Gal(b1-4)GlcNAc(b1-3)Gal(b1-4)GlcNAc(b1-2)Man(a1-3)[Man(a1-3)[Man(a1-6)]Man(a1-6)]Man(b1-4)GlcNAc(b1-4)GlcNAc,7.512206138926558e-06,1,-0.04009940902813014,H-,candycrunch
745.6990356445312,-3,42.309603333333335,Neu5Ac(a2-?)Gal(b1-4)GlcNAc(b1-3)Gal(b1-4)GlcNAc(b1-2)Man(a1-3)[Man(a1-3)[Man(a1-6)]Man(a1-6)]Man(b1-4)GlcNAc(b1-4)GlcNAc,1.4085225075177732e-06,14,-0.10687186996563014,H-,candycrunch
746.1634521484375,-4,44.24254333333334,GlcA(b1-4)GalNAc(b1-4)GlcNAc(b1-4)GlcNAc(b1-?)[GlcA(b1-4)GalNAc(b1-4)GlcNAc(b1-?)]Man(a1-6)[GlcA(b1-4)GalNAc(b1-4)GlcNAc(b1-2)Man(a1-3)]Man(b1-4)GlcNAc(b1-4)[Fuc(a1-6)]GlcNAc,3.7710523592693335e-10,30,0.3399328536814892,H-,candycrunch
746.5343017578125,-4,45.41410166666667,GlcA(b1-4)GalNAc(b1-4)GlcNAc(b1-4)GlcNAc(b1-?)[GlcA(b1-4)GalNAc(b1-4)GlcNAc(b1-?)]Man(a1-6)[GlcA(b1-4)GalNAc(b1-4)GlcNAc(b1-2)Man(a1-3)]Man(b1-4)GlcNAc(b1-4)[Fuc(a1-6)]GlcNAc,1.2039373942229759e-09,4,-0.030916755693510822,H-,candycrunch
746.537109375,-4,42.29552,GlcA(b1-4)GalNAc(b1-4)GlcNAc(b1-4)GlcNAc(b1-?)[GlcA(b1-4)GalNAc(b1-4)GlcNAc(b1-?)]Man(a1-6)[GlcA(b1-4)GalNAc(b1-4)GlcNAc(b1-2)Man(a1-3)]Man(b1-4)GlcNAc(b1-4)[Fuc(a1-6)]GlcNAc,1.2140991545450674e-09,20,-0.03372437288101082,H-,candycrunch
746.6927490234375,-4,44.14460166666667,GlcA(b1-4)GalNAc(b1-4)GlcNAc(b1-4)GlcNAc(b1-?)[GlcA(b1-4)GalNAc(b1-4)GlcNAc(b1-?)]Man(a1-6)[GlcA(b1-4)GalNAc(b1-4)GlcNAc(b1-2)Man(a1-3)]Man(b1-4)GlcNAc(b1-4)[Fuc(a1-6)]GlcNAc,2.723570813323306e-10,1,-0.18936402131851082,H-,candycrunch
747.1472778320312,-4,33.344125,Neu5Ac(a2-?)Gal(b1-4)[Neu5Ac(a2-?)]GlcNAc(b1-2)Man(a1-3)[Neu5Ac(a2-?)Gal(b1-4)GlcNAc(b1-2)[Neu5Ac(a2-?)GlcNAc(b1-6)]Man(a1-6)]Man(b1-4)GlcNAc(b1-4)GlcNAc,1.1371044820407405e-05,1,-0.13998032031224739,H-,candycrunch
747.3885498046875,-4,41.28045,Neu5Ac(a2-?)Gal(b1-4)[Neu5Ac(a2-?)]GlcNAc(b1-2)Man(a1-3)[Neu5Ac(a2-?)Gal(b1-4)GlcNAc(b1-2)[Neu5Ac(a2-?)GlcNAc(b1-6)]Man(a1-6)]Man(b1-4)GlcNAc(b1-4)GlcNAc,3.202381412847899e-05,1,-0.3812522929684974,H-,candycrunch
748.5704345703125,-3,45.832501666666666,Neu5Ac(a2-?)GalNAc(b1-4)GlcNAc(b1-2)Man(a1-?)[Neu5Ac(a2-?)Gal(b1-4)GlcNAc(b1-2)Man(a1-?)]Man(b1-4)GlcNAc(b1-4)GlcNAc,8.82765234564431e-05,2,-0.3061645473802628,H-,candycrunch
749.3104248046875,-4,17.569991666666667,Gal(a1-4)Gal(b1-4)GlcNAc(b1-2)[Gal(a1-4)Gal(b1-4)GlcNAc(b1-4)]Man(a1-3)[Gal(a1-4)Gal(b1-4)GlcNAc(b1-2)[Gal(a1-4)Gal(b1-4)GlcNAc(b1-6)]Man(a1-6)]Man(b1-4)GlcNAc(b1-4)GlcNAc,2.4989521989482455e-06,16,0.4505344809314238,H-,candycrunch
749.3377075195312,-4,18.71596166666667,Gal(a1-4)Gal(b1-4)GlcNAc(b1-2)[Gal(a1-4)Gal(b1-4)GlcNAc(b1-4)]Man(a1-3)[Gal(a1-4)Gal(b1-4)GlcNAc(b1-2)[Gal(a1-4)Gal(b1-4)GlcNAc(b1-6)]Man(a1-6)]Man(b1-4)GlcNAc(b1-4)GlcNAc,1.948162662301911e-07,6,0.4232517660876738,H-,candycrunch
749.3992919921875,-4,43.671820000000004,Gal(a1-4)Gal(b1-4)GlcNAc(b1-2)[Gal(a1-4)Gal(b1-4)GlcNAc(b1-4)]Man(a1-3)[Gal(a1-4)Gal(b1-4)GlcNAc(b1-2)[Gal(a1-4)Gal(b1-4)GlcNAc(b1-6)]Man(a1-6)]Man(b1-4)GlcNAc(b1-4)GlcNAc,3.321013082313584e-06,2,0.3616672934314238,H-,candycrunch
750.2945556640625,-2,17.592311666666667,GlcNAc(b1-2)Man(a1-3)[GlcNAc(b1-2)Man(a1-6)][GlcNAc(b1-4)]Man(b1-4)GlcNAc(b1-4)GlcNAc,0.014013665728271008,7,0.4836593812965475,H-,candycrunch
750.31787109375,-2,18.74544333333333,GlcNAc(b1-2)Man(a1-3)[GlcNAc(b1-2)Man(a1-6)][GlcNAc(b1-4)]Man(b1-4)GlcNAc(b1-4)GlcNAc,0.008360523730516434,3,0.4603439516090475,H-,candycrunch
751.5309448242188,-4,41.820901666666664,Neu5Ac(a2-6)Gal(b1-4)GlcNAc(b1-3)Gal(b1-4)GlcNAc(b1-6)[Gal(b1-4)GlcNAc(b1-2)]Man(a1-6)[Gal(b1-4)GlcNAc(b1-2)[Gal(b1-4)GlcNAc(b1-4)]Man(a1-3)]Man(b1-4)GlcNAc(b1-4)GlcNAc,5.907810918870382e-05,2,0.2340941476752505,H-,candycrunch
751.5830078125,-4,39.93393333333333,Neu5Ac(a2-6)Gal(b1-4)GlcNAc(b1-3)Gal(b1-4)GlcNAc(b1-6)[Gal(b1-4)GlcNAc(b1-2)]Man(a1-6)[Gal(b1-4)GlcNAc(b1-2)[Gal(b1-4)GlcNAc(b1-4)]Man(a1-3)]Man(b1-4)GlcNAc(b1-4)GlcNAc,2.4760000087553635e-05,1,0.1820311593940005,H-,candycrunch
752.0859985351562,-3,19.719625,GalNAcOPCho(b1-4)GlcNAc(b1-4)GlcNAc(b1-?)[GalNAc(b1-4)GlcNAc(b1-?)]Man(a1-6)[GalNAc(b1-4)GlcNAc(b1-2)Man(a1-3)]Man(b1-4)GlcNAc(b1-4)[Fuc(a1-6)]GlcNAc,4.368049388858708e-08,13,-0.13760519112383918,H-,candycrunch
752.169189453125,-3,42.45525333333333,GalNAcOPCho(b1-4)GlcNAc(b1-4)GlcNAc(b1-?)[GalNAc(b1-4)GlcNAc(b1-?)]Man(a1-6)[GalNAc(b1-4)GlcNAc(b1-2)Man(a1-3)]Man(b1-4)GlcNAc(b1-4)[Fuc(a1-6)]GlcNAc,2.9892266439901505e-10,2,-0.22079610909258918,H-,candycrunch
752.22998046875,-3,37.476995,GalNAcOPCho(b1-4)GlcNAc(b1-4)GlcNAc(b1-?)[GalNAc(b1-4)GlcNAc(b1-?)]Man(a1-6)[GalNAc(b1-4)GlcNAc(b1-2)Man(a1-3)]Man(b1-4)GlcNAc(b1-4)[Fuc(a1-6)]GlcNAc,9.752399998674832e-10,6,-0.2815871247175892,H-,candycrunch
752.5352783203125,-3,46.004888333333334,GlcA(b1-4)GalNAc(b1-4)GlcNAc(b1-4)GlcNAc(b1-2)Man(a1-6)[GlcA(b1-4)GalNAc(b1-4)GlcNAc(b1-2)Man(a1-3)]Man(b1-4)GlcNAc(b1-4)GlcNAc,1.1111850106715337e-08,1,0.3887465563865362,H-,candycrunch
752.5546875,-3,44.449933333333334,GlcA(b1-4)GalNAc(b1-4)GlcNAc(b1-4)GlcNAc(b1-2)Man(a1-6)[GlcA(b1-4)GalNAc(b1-4)GlcNAc(b1-2)Man(a1-3)]Man(b1-4)GlcNAc(b1-4)GlcNAc,3.3149466505122405e-10,1,0.3693373766990362,H-,candycrunch
753.205322265625,-3,37.23504666666667,GlcA(b1-4)GalNAc(b1-4)GlcNAc(b1-4)GlcNAc(b1-2)Man(a1-6)[GlcA(b1-4)GalNAc(b1-4)GlcNAc(b1-2)Man(a1-3)]Man(b1-4)GlcNAc(b1-4)GlcNAc,2.518122377281884e-10,2,-0.2812973889259638,H-,candycrunch
753.5403442382812,-3,35.20653,Neu5Ac(a2-6)Gal(b1-4)GlcNAc(b1-2)Man(a1-3)[Fuc(a1-3)[Gal(b1-4)]GlcNAc(b1-2)Man(a1-6)][GlcNAc(b1-4)]Man(b1-4)GlcNAc(b1-4)GlcNAc,4.962286038789898e-05,2,0.3956976959510712,H-,candycrunch
753.564697265625,-3,41.86072166666667,Neu5Ac(a2-6)Gal(b1-4)GlcNAc(b1-2)Man(a1-3)[Fuc(a1-3)[Gal(b1-4)]GlcNAc(b1-2)Man(a1-6)][GlcNAc(b1-4)]Man(b1-4)GlcNAc(b1-4)GlcNAc,7.55854052840732e-05,1,0.3713446686073212,H-,candycrunch
754.4224853515625,-3,37.302863333333335,Neu5Ac(a2-6)Gal(b1-4)GlcNAc(b1-2)Man(a1-3)[Fuc(a1-3)[Gal(b1-4)]GlcNAc(b1-2)Man(a1-6)][GlcNAc(b1-4)]Man(b1-4)GlcNAc(b1-4)GlcNAc,5.718404736398952e-06,3,-0.4864434173301788,H-,candycrunch
754.5316162109375,-3,44.052445,Neu5Ac(a2-6)Gal(b1-4)GlcNAc(b1-2)Man(a1-?)[Fuc(a1-3)[Gal(b1-4)]GlcNAc(b1-2)Man(a1-?)][GlcNAc(b1-4)]Man(b1-4)GlcNAc(b1-4)GlcNAc,2.7822288757306524e-06,1,-0.5955742767051788,H-,candycrunch
754.53271484375,-3,35.27298,Neu5Ac(a2-6)Gal(b1-4)GlcNAc(b1-2)Man(a1-3)[Fuc(a1-3)[Gal(b1-4)]GlcNAc(b1-2)Man(a1-6)][GlcNAc(b1-4)]Man(b1-4)GlcNAc(b1-4)GlcNAc,1.8898101188824512e-05,2,-0.5966729095176788,H-,candycrunch
755.1898193359375,-4,13.363001666666666,Gal(b1-4)GlcNAc(b1-3)Gal(b1-4)GlcNAc(b1-3)Gal(b1-4)GlcNAc(b1-3)Gal(b1-4)GlcNAc(b1-2)Man(a1-3)[Neu5Gc(a2-?)Gal(b1-4)GlcNAc(b1-2)Man(a1-6)]Man(b1-4)GlcNAc(b1-4)GlcNAc,4.706394562958849e-08,2,0.5739482909565368,H-,candycrunch
755.3276977539062,-4,19.604461666666666,Gal(b1-4)GlcNAc(b1-3)Gal(b1-4)GlcNAc(b1-3)Gal(b1-4)GlcNAc(b1-3)Gal(b1-4)GlcNAc(b1-2)Man(a1-3)[Neu5Gc(a2-?)Gal(b1-4)GlcNAc(b1-2)Man(a1-6)]Man(b1-4)GlcNAc(b1-4)GlcNAc,2.0816822043911998e-08,4,0.43606987298778677,H-,candycrunch
755.45068359375,-4,39.74160833333333,Gal(b1-4)GlcNAc(b1-3)Gal(b1-4)GlcNAc(b1-3)Gal(b1-4)GlcNAc(b1-3)Gal(b1-4)GlcNAc(b1-2)Man(a1-3)[Neu5Gc(a2-?)Gal(b1-4)GlcNAc(b1-2)Man(a1-6)]Man(b1-4)GlcNAc(b1-4)GlcNAc,6.275455461945967e-07,1,0.31308403314403677,H-,candycrunch
757.5399169921875,-3,41.606584999999995,Neu5Ac(a2-?)Gal(b1-4)GlcNAc(b1-3)Gal(b1-4)GlcNAc(b1-2)Man(a1-6)[Gal(b1-4)GlcNAc(b1-2)Man(a1-3)]Man(b1-4)GlcNAc(b1-4)GlcNAc,0.00011669943341985345,1,1.7277631495448986,H-,candycrunch
757.7703857421875,-3,36.592263333333335,Neu5Ac(a2-?)Gal(b1-4)GlcNAc(b1-3)Gal(b1-4)GlcNAc(b1-2)Man(a1-6)[Gal(b1-4)GlcNAc(b1-2)Man(a1-3)]Man(b1-4)GlcNAc(b1-4)GlcNAc,0.0005346107063814998,1,1.4972943995448986,H-,candycrunch
759.2703857421875,-3,41.248153333333335,Neu5Ac(a2-?)Gal(b1-4)GlcNAc(b1-3)Gal(b1-4)GlcNAc(b1-2)Man(a1-6)[Gal(b1-4)GlcNAc(b1-2)Man(a1-3)]Man(b1-4)GlcNAc(b1-4)GlcNAc,0.0012094556586816907,1,-0.0027056004551013757,H-,candycrunch
759.4816284179688,-3,45.678356666666666,Neu5Ac(a2-?)Gal(b1-4)GlcNAc(b1-3)Gal(b1-4)GlcNAc(b1-2)Man(a1-6)[Gal(b1-4)GlcNAc(b1-2)Man(a1-3)]Man(b1-4)GlcNAc(b1-4)GlcNAc,0.0016839902382344007,3,-0.21394827623635138,H-,candycrunch
759.631591796875,-3,45.287346666666664,Neu5Ac(a2-?)Gal(b1-4)GlcNAc(b1-2)[Gal(b1-4)GlcNAc(b1-4)]Man(a1-3)[Gal(b1-4)GlcNAc(b1-2)Man(a1-6)]Man(b1-4)GlcNAc(b1-4)GlcNAc,1.4024738447915297e-05,18,-0.3639116551426014,H-,candycrunch
759.6748046875,-3,37.855893333333334,Neu5Ac(a2-?)Gal(b1-4)GlcNAc(b1-3)Gal(b1-4)GlcNAc(b1-2)Man(a1-6)[Gal(b1-4)GlcNAc(b1-2)Man(a1-3)]Man(b1-4)GlcNAc(b1-4)GlcNAc,0.0002587351482361555,1,-0.4071245457676014,H-,candycrunch
759.8021240234375,-3,27.94036666666667,Neu5Ac(a2-?)Gal(b1-4)GlcNAc(b1-3)Gal(b1-4)GlcNAc(b1-2)Man(a1-6)[Gal(b1-4)GlcNAc(b1-2)Man(a1-3)]Man(b1-4)GlcNAc(b1-4)GlcNAc,0.00017408349958714098,1,-0.5344438817051014,H-,candycrunch
759.8519287109375,-3,24.793411666666668,Neu5Ac(a2-6)Gal(b1-4)GlcNAc(b1-6)[Gal(b1-4)GlcNAc(b1-2)]Man(a1-6)[Gal(b1-4)GlcNAc(b1-2)Man(a1-3)]Man(b1-4)GlcNAc(b1-4)GlcNAc,0.0002963182341773063,4,-0.5842485692051014,H-,candycrunch
760.10205078125,-3,23.92148166666667,Neu5Ac(a2-6)Gal(b1-4)GlcNAc(b1-6)[Gal(b1-4)GlcNAc(b1-2)]Man(a1-6)[Gal(b1-4)GlcNAc(b1-2)Man(a1-3)]Man(b1-4)GlcNAc(b1-4)GlcNAc,4.1678722482174635e-05,15,-0.8343706395176014,H-,candycrunch
760.1936645507812,-3,44.270453333333336,Neu5Ac(a2-?)Gal(b1-4)GlcNAc(b1-2)[Gal(b1-4)GlcNAc(b1-4)]Man(a1-3)[Gal(b1-4)GlcNAc(b1-2)Man(a1-6)]Man(b1-4)GlcNAc(b1-4)GlcNAc,0.00016735935059841722,3,-0.9259844090488514,H-,candycrunch
760.2174682617188,-3,45.407070000000004,Neu5Ac(a2-?)Gal(b1-4)GlcNAc(b1-2)[Gal(b1-4)GlcNAc(b1-4)]Man(a1-3)[Gal(b1-4)GlcNAc(b1-2)Man(a1-6)]Man(b1-4)GlcNAc(b1-4)GlcNAc,0.00011619803262874484,1,-0.9497881199863514,H-,candycrunch
760.6137084960938,-3,23.798985000000002,Neu5Ac(a2-?)GalNAc(b1-4)GlcNAc(b1-2)Man(a1-3)[Neu5Ac(a2-?)GalNAc(b1-4)GlcNAc(b1-2)Man(a1-6)]Man(b1-4)GlcNAc(b1-4)GlcNAc,1.4844100405753125e-05,1,1.326077894005266,H-,candycrunch
761.0919189453125,-3,23.936731666666667,Neu5Ac(a2-?)GalNAc(b1-4)GlcNAc(b1-2)Man(a1-3)[Neu5Ac(a2-?)GalNAc(b1-4)GlcNAc(b1-2)Man(a1-6)]Man(b1-4)GlcNAc(b1-4)GlcNAc,7.121791895770002e-06,7,0.847867444786516,H-,candycrunch
762.4754638671875,-3,46.02524666666667,Neu5Ac(a2-?)GalNAc(b1-4)GlcNAc(b1-2)Man(a1-3)[Neu5Ac(a2-?)GalNAc(b1-4)GlcNAc(b1-2)Man(a1-6)]Man(b1-4)GlcNAc(b1-4)GlcNAc,1.94604353964678e-07,1,-0.535677477088484,H-,candycrunch
764.4628295898438,-4,44.934646666666666,Neu5Ac(a2-?)Gal(b1-4)GlcNAc(b1-2)[Neu5Ac(a2-?)Gal(b1-4)GlcNAc(b1-4)]Man(a1-3)[Neu5Ac(a2-?)[GalNAc(b1-4)]Gal(b1-4)GlcNAc(b1-2)Man(a1-6)]Man(b1-4)GlcNAc(b1-4)GlcNAc,0.0011242819018661976,1,1.0536627863501735,H-,candycrunch
766.5037841796875,-2,38.12833833333334,Neu5Ac(a2-3)Gal(b1-4)[Fuc(a1-3)]GlcNAc(b1-2)Man(a1-6)Man(b1-4)GlcNAc(b1-4)GlcNAc,6.68961632754872e-08,1,-0.22827900952847813,H-,candycrunch
766.50830078125,-2,42.15770666666666,Neu5Ac(a2-3)Gal(b1-4)[Fuc(a1-3)]GlcNAc(b1-2)Man(a1-6)Man(b1-4)GlcNAc(b1-4)GlcNAc,2.2794411052018404e-06,6,-0.23279561109097813,H-,candycrunch
766.547119140625,-2,41.04075666666667,Neu5Ac(a2-3)Gal(b1-4)[Fuc(a1-3)]GlcNAc(b1-2)Man(a1-6)Man(b1-4)GlcNAc(b1-4)GlcNAc,3.8159748783073155e-07,2,-0.2716139704659781,H-,candycrunch
766.5509033203125,-2,35.72493,Neu5Ac(a2-3)Gal(b1-4)[Fuc(a1-3)]GlcNAc(b1-2)Man(a1-6)Man(b1-4)GlcNAc(b1-4)GlcNAc,4.4531952880788594e-06,1,-0.2753981501534781,H-,candycrunch
768.3635864257812,-4,43.106415000000005,Neu5Ac(a2-?)Gal(b1-4)[Fuc(a1-3)]GlcNAc(b1-?)[Neu5Ac(a2-?)Gal(b1-4)GlcNAc(b1-?)]Man(a1-6)[Gal(b1-4)GlcNAc(b1-2)[Gal(b1-4)GlcNAc(b1-4)]Man(a1-3)]Man(b1-4)GlcNAc(b1-4)GlcNAc,0.00164745282381773,1,1.4067348838877933,H-,candycrunch
769.386962890625,-4,45.47427833333333,Neu5Ac(a2-?)Gal(b1-4)[Fuc(a1-3)]GlcNAc(b1-?)[Neu5Ac(a2-?)Gal(b1-4)GlcNAc(b1-?)]Man(a1-6)[Gal(b1-4)GlcNAc(b1-2)[Gal(b1-4)GlcNAc(b1-4)]Man(a1-3)]Man(b1-4)GlcNAc(b1-4)GlcNAc,0.00339243421331048,1,0.38335841904404333,H-,candycrunch
770.40771484375,-2,44.63706833333333,Man(a1-2)Man(a1-6)[Man(a1-3)]Man(a1-6)[Man(a1-2)Man(a1-3)]Man(b1-4)GlcNAc(b1-4)GlcNAc,0.027731815353035927,1,-0.14291173489095854,H-,candycrunch
770.508544921875,-2,41.599738333333335,Man(a1-2)Man(a1-6)[Man(a1-3)]Man(a1-6)[Man(a1-2)Man(a1-3)]Man(b1-4)GlcNAc(b1-4)GlcNAc,0.05560387298464775,1,-0.24374181301595854,H-,candycrunch
771.30859375,-2,17.61347166666667,Man(a1-2)Man(a1-6)[Man(a1-3)]Man(a1-6)[Man(a1-2)Man(a1-3)]Man(b1-4)GlcNAc(b1-4)GlcNAc,0.055801283568143845,3,-1.0437906411409585,H-,candycrunch
771.3341064453125,-2,18.694326666666665,Man(a1-2)Man(a1-6)[Man(a1-3)]Man(a1-6)[Man(a1-2)Man(a1-3)]Man(b1-4)GlcNAc(b1-4)GlcNAc,0.25618278980255127,1,-1.0693033364534585,H-,candycrunch
771.5406494140625,-2,22.102696666666667,Man(a1-2)Man(a1-6)[Man(a1-3)]Man(a1-6)[Man(a1-2)Man(a1-3)]Man(b1-4)GlcNAc(b1-4)GlcNAc,0.004474220797419548,6,-1.2758463052034585,H-,candycrunch
771.5692749023438,-2,23.907745000000002,Man(a1-2)Man(a1-6)[Man(a1-3)]Man(a1-6)[Man(a1-2)Man(a1-3)]Man(b1-4)GlcNAc(b1-4)GlcNAc,0.40944257378578186,3,-1.3044717934847085,H-,candycrunch
772.416015625,-2,23.414928333333332,Neu5Ac(a2-3)Gal(b1-4)GlcNAc(b1-2)Man(a1-3)[Man(a1-6)]Man(b1-4)GlcNAc(b1-4)GlcNAc,0.05657986178994179,3,1.8569468564090812,H-,candycrunch
772.4908447265625,-3,37.79606666666667,Neu5Ac(a2-3)[GalNAc(b1-4)]Gal(b1-4)GlcNAc(b1-2)Man(a1-3)[GalOS(b1-4)GlcNAc(b1-?)[Gal(b1-4)GlcNAc(b1-?)]Man(a1-6)]Man(b1-4)GlcNAc(b1-4)GlcNAc,6.737672038070741e-07,1,0.45235178233645,H-,candycrunch
772.52783203125,-3,39.33891,Neu5Ac(a2-3)[GalNAc(b1-4)]Gal(b1-4)GlcNAc(b1-2)Man(a1-3)[GalOS(b1-4)GlcNAc(b1-?)[Gal(b1-4)GlcNAc(b1-?)]Man(a1-6)]Man(b1-4)GlcNAc(b1-4)GlcNAc,1.6943267837632447e-06,1,0.41536447764895,H-,candycrunch
776.5277709960938,-3,41.32096,Neu5Ac(a2-?)Gal(b1-4)[Neu5Ac(a2-?)]GlcNAc(b1-2)Man(a1-3)[Neu5Ac(a2-6)GlcNAc(b1-2)Man(a1-6)]Man(b1-4)GlcNAc(b1-4)GlcNAc,1.9083849110757e-05,3,1.0751803513718414,H-,candycrunch
777.5324096679688,-3,41.37408333333333,Neu5Ac(a2-?)Gal(b1-4)[Neu5Ac(a2-?)]GlcNAc(b1-2)Man(a1-3)[Neu5Ac(a2-6)GlcNAc(b1-2)Man(a1-6)]Man(b1-4)GlcNAc(b1-4)GlcNAc,6.574698545591673e-06,1,0.07054167949684143,H-,candycrunch
777.6204833984375,-3,40.10588166666667,Neu5Ac(a2-?)Gal(b1-4)[Neu5Ac(a2-?)]GlcNAc(b1-2)Man(a1-3)[Neu5Ac(a2-6)GlcNAc(b1-2)Man(a1-6)]Man(b1-4)GlcNAc(b1-4)GlcNAc,2.6750674805953167e-05,1,-0.017532050971908575,H-,candycrunch
778.526123046875,-3,37.822493333333334,Gal(b1-4)GlcNAc(b1-2)Man(a1-3)[Gal(b1-4)GlcNAc(b1-2)[Fuc(a1-3)[Gal(b1-4)]GlcNAc(b1-6)]Man(a1-6)][GlcNAc(b1-4)]Man(b1-4)GlcNAc(b1-4)GlcNAc,0.0005065714358352125,1,0.08884537332403397,H-,candycrunch
778.5323486328125,-3,42.038988333333336,Gal(b1-4)GlcNAc(b1-2)Man(a1-3)[Gal(b1-4)GlcNAc(b1-2)[Fuc(a1-3)[Gal(b1-4)]GlcNAc(b1-6)]Man(a1-6)][GlcNAc(b1-4)]Man(b1-4)GlcNAc(b1-4)GlcNAc,0.0007470755372196436,2,0.08261978738653397,H-,candycrunch
778.5479736328125,-3,39.04693333333333,Gal(b1-4)GlcNAc(b1-2)Man(a1-3)[Fuc(a1-3)[Gal(b1-4)]GlcNAc(b1-?)[Gal(b1-4)GlcNAc(b1-?)]Man(a1-6)][GlcNAc(b1-4)]Man(b1-4)GlcNAc(b1-4)GlcNAc,0.0018918138230219483,8,0.06699478738653397,H-,candycrunch
779.39501953125,-3,37.716073333333334,Gal(b1-4)GlcNAc(b1-2)Man(a1-3)[Fuc(a1-3)[Gal(b1-4)]GlcNAc(b1-?)[Gal(b1-4)GlcNAc(b1-?)]Man(a1-6)][GlcNAc(b1-4)]Man(b1-4)GlcNAc(b1-4)GlcNAc,0.0005081320414319634,1,-0.780051111050966,H-,candycrunch
779.56689453125,-3,38.737854999999996,Gal(b1-4)GlcNAc(b1-2)Man(a1-3)[Gal(b1-4)GlcNAc(b1-2)[Fuc(a1-3)[Gal(b1-4)]GlcNAc(b1-6)]Man(a1-6)][GlcNAc(b1-4)]Man(b1-4)GlcNAc(b1-4)GlcNAc,0.00947136152535677,7,-0.951926111050966,H-,candycrunch
780.3340454101562,-4,40.57646,Neu5Ac(a2-?)Gal(b1-4)GlcNAc(b1-2)[Gal(a1-4)Gal(b1-4)GlcNAc(b1-4)]Man(a1-3)[Gal(a1-4)Gal(b1-4)GlcNAc(b1-2)[Gal(a1-4)Gal(b1-4)GlcNAc(b1-6)]Man(a1-6)]Man(b1-4)GlcNAc(b1-4)GlcNAc,2.4101920644170605e-05,1,1.687562144237745,H-,candycrunch
780.5180053710938,-4,38.44042833333333,Neu5Ac(a2-?)Gal(b1-4)GlcNAc(b1-2)[Gal(a1-4)Gal(b1-4)GlcNAc(b1-4)]Man(a1-3)[Gal(a1-4)Gal(b1-4)GlcNAc(b1-2)[Gal(a1-4)Gal(b1-4)GlcNAc(b1-6)]Man(a1-6)]Man(b1-4)GlcNAc(b1-4)GlcNAc,6.362271233228967e-05,1,1.503602183300245,H-,candycrunch
780.5803833007812,-4,23.27684,Neu5Ac(a2-?)Gal(b1-4)GlcNAc(b1-2)[Gal(a1-4)Gal(b1-4)GlcNAc(b1-4)]Man(a1-3)[Gal(a1-4)Gal(b1-4)GlcNAc(b1-2)[Gal(a1-4)Gal(b1-4)GlcNAc(b1-6)]Man(a1-6)]Man(b1-4)GlcNAc(b1-4)GlcNAc,0.0005319113261066377,3,1.441224253612745,H-,candycrunch
782.3450927734375,-2,39.873884999999994,Neu5Gc(a2-?)Gal(b1-4)GlcNAc(b1-2)Man(a1-3)[Man(a1-6)]Man(b1-4)GlcNAc(b1-4)GlcNAc,7.1029995218907516e-09,1,-0.07467298202845996,H-,candycrunch
783.0021362304688,-2,23.54108666666667,Fuc(a1-3)[Gal(b1-4)]GlcNAc(b1-2)Man(a1-3)[Man(a1-?)Man(a1-6)]Man(b1-4)GlcNAc(b1-4)GlcNAc,0.00011338173499098048,3,-0.22151588210965656,H-,candycrunch
783.576416015625,-3,23.510455,Neu5Ac(a2-6)Gal(b1-4)GlcNAc(b1-2)Man(a1-3)[Neu5Ac(a2-3)Gal(b1-4)[Fuc(a1-3)]GlcNAc(b1-2)Man(a1-6)]Man(b1-4)GlcNAc(b1-4)GlcNAc,0.00019004814384970814,1,-0.3016927568593246,H-,candycrunch
789.6424560546875,-3,26.12825666666667,Neu5Ac(a2-?)Gal(b1-4)GlcNAc(b1-2)[Neu5Ac(a2-?)Gal(b1-4)GlcNAc(b1-4)]Man(a1-3)[Man(a1-?)Man(a1-6)]Man(b1-4)GlcNAc(b1-4)GlcNAc,0.14122794568538666,2,-1.0360945884217472,H-,candycrunch
790.3299560546875,-2,18.482421666666667,Gal(b1-4)GlcNAc(b1-2)Man(a1-3)[Man(a1-3)[Man(a1-6)]Man(a1-6)]Man(b1-4)GlcNAc(b1-4)GlcNAc,0.003482534782961011,8,0.44812160492165276,H-,candycrunch
790.3526611328125,-2,16.85055,Gal(b1-4)GlcNAc(b1-2)Man(a1-3)[Man(a1-3)[Man(a1-6)]Man(a1-6)]Man(b1-4)GlcNAc(b1-4)GlcNAc,0.09294404834508896,20,0.42541652679665276,H-,candycrunch
790.83447265625,-2,23.950923333333332,Gal(b1-4)GlcNAc(b1-2)Man(a1-3)[Man(a1-3)[Man(a1-6)]Man(a1-6)]Man(b1-4)GlcNAc(b1-4)GlcNAc,0.09593408554792404,5,-0.05639499664084724,H-,candycrunch
791.3106079101562,-2,16.85813,Gal(b1-4)GlcNAc(b1-2)Man(a1-3)[Man(a1-3)[Man(a1-6)]Man(a1-6)]Man(b1-4)GlcNAc(b1-4)GlcNAc,0.13159510493278503,17,-0.5325302505470972,H-,candycrunch
792.3082275390625,-2,16.872875,Gal(b1-4)GlcNAc(b1-2)Man(a1-3)[Man(a1-3)[Man(a1-6)]Man(a1-6)]Man(b1-4)GlcNAc(b1-4)GlcNAc,0.018033485859632492,6,-1.5301498794533472,H-,candycrunch
793.4398193359375,-2,45.567305,Neu5Ac(a2-?)GalNAc(b1-4)GlcNAc(b1-2)Man(a1-?)[Man(a1-?)]Man(b1-4)GlcNAc(b1-4)GlcNAc,0.00024060672149062157,2,1.3464176962215788,H-,candycrunch
794.65478515625,-2,40.522938333333336,Neu5Ac(a2-?)GalNAc(b1-4)GlcNAc(b1-2)Man(a1-?)[Man(a1-?)]Man(b1-4)GlcNAc(b1-4)GlcNAc,0.0004020091437269002,2,0.1314518759090788,H-,candycrunch
795.561767578125,-2,40.065754999999996,Neu5Ac(a2-?)[GalNAc(b1-4)]GlcNAc(b1-2)Man(a1-3)[Man(a1-6)]Man(b1-4)GlcNAc(b1-4)GlcNAc,0.00012120047176722437,2,-0.7755305459659212,H-,candycrunch
797.5410766601562,-2,35.548253333333335,Neu5Ac(a2-?)GalNAc(b1-4)GlcNAc(b1-2)Man(a1-?)[Man(a1-?)]Man(b1-4)GlcNAc(b1-4)GlcNAc,0.0030201291665434837,12,-2.754839627997171,H-,candycrunch
803.3359375,-2,40.29084833333334,Fuc(a1-?)[Gal(b1-?)]GlcNAc(b1-2)Man(a1-6)[GlcNAc(b1-2)Man(a1-3)]Man(b1-4)GlcNAc(b1-4)GlcNAc,1.3248830327938776e-05,1,-0.04204260089090894,H-,candycrunch
804.0379638671875,-2,24.325856666666667,Fuc(a1-?)[Gal(b1-?)]GlcNAc(b1-2)Man(a1-6)[GlcNAc(b1-2)Man(a1-3)]Man(b1-4)GlcNAc(b1-4)GlcNAc,8.820927905617282e-05,2,-0.7440689680784089,H-,candycrunch
804.548583984375,-2,34.845165,Fuc(a1-?)[Gal(b1-?)]GlcNAc(b1-2)Man(a1-6)[GlcNAc(b1-2)Man(a1-3)]Man(b1-4)GlcNAc(b1-4)GlcNAc,1.1374814675946254e-05,4,-1.254689085265909,H-,candycrunch
804.55078125,-2,18.356165,Fuc(a1-?)[Gal(b1-?)]GlcNAc(b1-2)Man(a1-6)[GlcNAc(b1-2)Man(a1-3)]Man(b1-4)GlcNAc(b1-4)GlcNAc,5.202399279369274e-06,3,-1.256886350890909,H-,candycrunch
804.5591430664062,-2,33.720455,Fuc(a1-?)[Gal(b1-?)]GlcNAc(b1-2)Man(a1-6)[GlcNAc(b1-2)Man(a1-3)]Man(b1-4)GlcNAc(b1-4)GlcNAc,1.5659056771255564e-06,1,-1.265248167297159,H-,candycrunch
804.5848388671875,-2,31.197570000000002,Fuc(a1-?)[Gal(b1-?)]GlcNAc(b1-2)Man(a1-6)[GlcNAc(b1-2)Man(a1-3)]Man(b1-4)GlcNAc(b1-4)GlcNAc,5.570665234699845e-05,22,-1.290943968078409,H-,candycrunch
804.5938720703125,-2,32.30494,Fuc(a1-?)[Gal(b1-?)]GlcNAc(b1-2)Man(a1-6)[GlcNAc(b1-2)Man(a1-3)]Man(b1-4)GlcNAc(b1-4)GlcNAc,1.3683723409485538e-05,4,-1.299977171203409,H-,candycrunch
804.6055908203125,-2,26.69699166666667,Fuc(a1-?)[Gal(b1-?)]GlcNAc(b1-2)Man(a1-6)[GlcNAc(b1-2)Man(a1-3)]Man(b1-4)GlcNAc(b1-4)GlcNAc,2.0977984149794793e-06,5,-1.311695921203409,H-,candycrunch
804.6695556640625,-4,29.334141666666667,Neu5Ac(a2-?)Gal(b1-4)GlcNAc(b1-2)[Neu5Ac(a2-?)Gal(b1-4)GlcNAc(b1-4)]Man(a1-3)[Neu5Ac(a2-?)Gal(b1-4)GlcNAc(b1-?)[Gal(b1-4)GlcNAc(b1-?)]Man(a1-6)]Man(b1-4)GlcNAc(b1-4)GlcNAc,0.001835829927586019,1,1.3601425700064738,H-,candycrunch
804.6754760742188,-4,28.916845000000002,Neu5Ac(a2-?)Gal(b1-4)GlcNAc(b1-2)[Neu5Ac(a2-?)Gal(b1-4)GlcNAc(b1-4)]Man(a1-3)[Neu5Ac(a2-?)Gal(b1-4)GlcNAc(b1-2)[Gal(b1-4)GlcNAc(b1-6)]Man(a1-6)]Man(b1-4)GlcNAc(b1-4)GlcNAc,0.0018622369971126318,19,1.3542221598502238,H-,candycrunch
804.6824951171875,-4,24.428145,Neu5Ac(a2-?)Gal(b1-4)GlcNAc(b1-2)[Neu5Ac(a2-?)Gal(b1-4)GlcNAc(b1-4)]Man(a1-3)[Neu5Ac(a2-?)Gal(b1-4)GlcNAc(b1-?)[Gal(b1-4)GlcNAc(b1-?)]Man(a1-6)]Man(b1-4)GlcNAc(b1-4)GlcNAc,0.0017183461459353566,1,1.3472031168814738,H-,candycrunch
805.5446166992188,-4,31.212553333333332,Neu5Ac(a2-?)Gal(b1-4)GlcNAc(b1-2)[Neu5Ac(a2-?)Gal(b1-4)GlcNAc(b1-4)]Man(a1-3)[Neu5Ac(a2-?)Gal(b1-4)GlcNAc(b1-2)[Gal(b1-4)GlcNAc(b1-6)]Man(a1-6)]Man(b1-4)GlcNAc(b1-4)GlcNAc,0.0020922389812767506,12,0.48508153485022376,H-,candycrunch
805.6535034179688,-4,28.952686666666665,Neu5Ac(a2-?)Gal(b1-4)GlcNAc(b1-2)[Neu5Ac(a2-?)Gal(b1-4)GlcNAc(b1-4)]Man(a1-3)[Neu5Ac(a2-?)Gal(b1-4)GlcNAc(b1-2)[Gal(b1-4)GlcNAc(b1-6)]Man(a1-6)]Man(b1-4)GlcNAc(b1-4)GlcNAc,0.000912388029973954,6,0.37619481610022376,H-,candycrunch
806.565673828125,-4,39.57533166666666,Fuc(a1-2)Gal(b1-4)[Fuc(a1-3)]GlcNAc(b1-?)[Gal(b1-4)GlcNAc(b1-?)]Man(a1-3)[Neu5Ac(a2-?)Gal(b1-4)[Fuc(a1-3)]GlcNAc(b1-?)[Fuc(a1-3)[Gal(b1-4)]GlcNAc(b1-?)]Man(a1-6)]Man(b1-4)GlcNAc(b1-4)GlcNAc,5.493918069987558e-05,3,-0.025775038355959623,H-,candycrunch
808.1137084960938,-4,41.061025,Neu5Ac(a2-?)Gal(b1-4)GlcNAc(b1-2)[Neu5Ac(a2-?)GlcNAc(b1-4)]Man(a1-3)[Neu5Ac(a2-?)GalNAc(b1-4)GlcNAc(b1-2)[Neu5Ac(a2-?)GlcNAc(b1-6)]Man(a1-6)]Man(b1-4)GlcNAc(b1-4)GlcNAc,0.0020429862197488546,2,-0.07993057574981322,H-,candycrunch
809.5340576171875,-4,40.814173333333336,Neu5Ac(a2-?)Gal(b1-4)GlcNAc(b1-2)[Neu5Ac(a2-?)GlcNAc(b1-4)]Man(a1-3)[Neu5Ac(a2-?)GalNAc(b1-4)GlcNAc(b1-2)[Neu5Ac(a2-?)GlcNAc(b1-6)]Man(a1-6)]Man(b1-4)GlcNAc(b1-4)GlcNAc,0.0005984021117910743,1,-1.5002796968435632,H-,candycrunch
809.6154174804688,-4,37.50934166666667,Neu5Ac(a2-?)Gal(b1-4)GlcNAc(b1-2)[Neu5Ac(a2-?)GlcNAc(b1-4)]Man(a1-3)[Neu5Ac(a2-?)GalNAc(b1-4)GlcNAc(b1-2)[Neu5Ac(a2-?)GlcNAc(b1-6)]Man(a1-6)]Man(b1-4)GlcNAc(b1-4)GlcNAc,0.0012607285752892494,6,-1.5816395601248132,H-,candycrunch
811.599609375,-2,25.2806,Gal(b1-4)GlcNAc(b1-2)Man(a1-3)[Gal(b1-4)GlcNAc(b1-2)Man(a1-6)]Man(b1-4)GlcNAc(b1-4)GlcNAc,0.23674938082695007,2,-0.3082571646409633,H-,candycrunch
812.2628784179688,-2,30.975305,Gal(b1-4)GlcNAc(b1-2)Man(a1-3)[Gal(b1-4)GlcNAc(b1-2)Man(a1-6)]Man(b1-4)GlcNAc(b1-4)GlcNAc,0.03157235309481621,7,-0.9715262076097133,H-,candycrunch
812.297119140625,-2,16.865728333333333,Gal(b1-4)GlcNAc(b1-2)Man(a1-3)[Gal(b1-4)GlcNAc(b1-2)Man(a1-6)]Man(b1-4)GlcNAc(b1-4)GlcNAc,0.09992501884698868,7,-1.0057669302659633,H-,candycrunch
812.718994140625,-2,27.453111666666665,Gal(b1-4)GlcNAc(b1-2)Man(a1-3)[Gal(b1-4)GlcNAc(b1-2)Man(a1-6)]Man(b1-4)GlcNAc(b1-4)GlcNAc,0.15706202387809753,11,-1.4276419302659633,H-,candycrunch
813.1676025390625,-3,30.954368333333335,Neu5Ac(a2-?)Gal(b1-4)GlcNAc(b1-2)[Gal(a1-?)[Gal(b1-?)]Gal(b1-4)GlcNAc(b1-4)]Man(a1-3)[GlcNAc(b1-2)Man(a1-6)]Man(b1-4)GlcNAc(b1-4)GlcNAc,9.44092153076781e-06,10,0.11768541316985193,H-,candycrunch
813.283935546875,-3,16.887,Neu5Ac(a2-?)Gal(b1-4)GlcNAc(b1-2)[Gal(a1-?)[Gal(b1-?)]Gal(b1-4)GlcNAc(b1-4)]Man(a1-3)[GlcNAc(b1-2)Man(a1-6)]Man(b1-4)GlcNAc(b1-4)GlcNAc,4.940894200444745e-07,4,0.0013524053573519268,H-,candycrunch
813.3042602539062,-3,29.102595,Neu5Ac(a2-?)Gal(b1-4)GlcNAc(b1-2)[Gal(a1-?)[Gal(b1-?)]Gal(b1-4)GlcNAc(b1-4)]Man(a1-3)[GlcNAc(b1-2)Man(a1-6)]Man(b1-4)GlcNAc(b1-4)GlcNAc,1.9444489225861616e-05,18,-0.018972301673898073,H-,candycrunch
813.312255859375,-3,32.63156166666666,Neu5Ac(a2-?)Gal(b1-4)GlcNAc(b1-?)[Gal(b1-4)GlcNAc(b1-?)]Man(a1-3)[Gal(a1-3)Gal(b1-4)GlcNAc(b1-2)Man(a1-6)]Man(b1-4)GlcNAc(b1-4)GlcNAc,2.1067062334623188e-06,1,-0.026967907142648073,H-,candycrunch
814.2647705078125,-4,29.109238333333337,Neu5Ac(a2-?)Gal(b1-4)GlcNAc(b1-2)[Neu5Ac(a2-?)Gal(b1-4)GlcNAc(b1-4)]Man(a1-3)[Gal(a1-4)Gal(b1-4)GlcNAc(b1-2)[Gal(a1-4)Gal(b1-4)GlcNAc(b1-6)]Man(a1-6)]Man(b1-4)GlcNAc(b1-4)GlcNAc,8.716999218449928e-06,13,0.017485315356452702,H-,candycrunch
815.2792358398438,-3,29.122384999999998,Neu5Ac(a2-?)GalNAc(b1-4)GlcNAc(b1-2)Man(a1-3)[Neu5Ac(a2-3)[GalNAc(b1-4)]Gal(b1-4)GlcNAc(b1-2)Man(a1-6)]Man(b1-4)GlcNAc(b1-4)GlcNAc,1.8509477740735747e-05,10,0.6781583607552193,H-,candycrunch
816.0647583007812,-3,31.156761666666664,Neu5Ac(a2-?)GalNAc(b1-4)GlcNAc(b1-2)Man(a1-3)[Neu5Ac(a2-3)[GalNAc(b1-4)]Gal(b1-4)GlcNAc(b1-2)Man(a1-6)]Man(b1-4)GlcNAc(b1-4)GlcNAc,1.474055079597747e-05,8,-0.10736410018228071,H-,candycrunch
821.463623046875,-4,29.235805,Fuc(a1-2)Gal(b1-4)[Fuc(a1-3)]GlcNAc(b1-3)Gal(b1-4)GlcNAc(b1-?)[GlcNAc(b1-?)]Man(a1-6)[Fuc(a1-2)Gal(b1-4)[Fuc(a1-3)]GlcNAc(b1-?)[Fuc(a1-3)[Gal(b1-4)]GlcNAc(b1-?)]Man(a1-3)]Man(b1-4)GlcNAc(b1-4)GlcNAc,2.6181500288657844e-05,10,-0.41325804825601153,H-,candycrunch
822.4317626953125,-2,29.270836666666664,Fuc(a1-3)[GalNAcOPCho(b1-4)]GlcNAc(b1-2)Man(a1-3)[GalNAc(b1-4)GlcNAc(b1-2)Man(a1-6)]Man(b1-4)GlcNAc(b1-4)GlcNAc,1.3235971429992333e-08,3,1.3754067545465887,H-,candycrunch
822.4735107421875,-2,41.02138,GlcNAc(b1-4)GlcNAc(b1-2)Man(a1-6)[GlcNAc(b1-2)Man(a1-3)]Man(b1-4)GlcNAc(b1-4)[Fuc(a1-6)]GlcNAc,1.983195163646201e-09,1,1.3336587076715887,H-,candycrunch
823.5523681640625,-2,37.96181,Fuc(a1-3)[GalNAcOPCho(b1-4)]GlcNAc(b1-2)Man(a1-3)[GalNAc(b1-4)GlcNAc(b1-2)Man(a1-6)]Man(b1-4)GlcNAc(b1-4)GlcNAc,4.694698407803344e-09,2,0.2548012857965887,H-,candycrunch
824.5511474609375,-4,39.15851666666667,Gal(b1-4)GlcNAc(b1-3)Gal(b1-4)GlcNAc(b1-2)[Gal(b1-4)GlcNAc(b1-6)]Man(a1-6)[Neu5Ac(a2-?)Gal(b1-4)GlcNAc(b1-2)[Neu5Ac(a2-?)Gal(b1-4)GlcNAc(b1-4)]Man(a1-3)]Man(b1-4)GlcNAc(b1-4)GlcNAc,1.304789634559711e-06,1,-0.012254362393491647,H-,candycrunch
824.6599731445312,-4,3.059876666666667,Gal(b1-4)GlcNAc(b1-3)Gal(b1-4)GlcNAc(b1-2)[Gal(b1-4)GlcNAc(b1-6)]Man(a1-6)[Neu5Ac(a2-?)Gal(b1-4)GlcNAc(b1-2)[Neu5Ac(a2-?)Gal(b1-4)GlcNAc(b1-4)]Man(a1-3)]Man(b1-4)GlcNAc(b1-4)GlcNAc,1.4689042473037262e-05,2,-0.12108004598724165,H-,candycrunch
825.5111083984375,-4,43.80862166666667,Gal(b1-4)GlcNAc(b1-3)Gal(b1-4)GlcNAc(b1-2)[Gal(b1-4)GlcNAc(b1-6)]Man(a1-6)[Neu5Ac(a2-?)Gal(b1-4)GlcNAc(b1-2)[Neu5Ac(a2-?)Gal(b1-4)GlcNAc(b1-4)]Man(a1-3)]Man(b1-4)GlcNAc(b1-4)GlcNAc,3.6464809909375617e-06,1,-0.9722152998934916,H-,candycrunch
830.4962158203125,-3,38.79787,Fuc(a1-3)GlcNAc(b1-4)GlcNAc(b1-4)[Fuc(a1-3)]GlcNAc(b1-4)[Fuc(a1-3)]GlcNAc(b1-2)Man(a1-6)[GlcNAc(b1-2)Man(a1-3)]Man(b1-4)GlcNAc(b1-4)[Fuc(a1-6)]GlcNAc,8.162086562180093e-10,2,-0.1830378449468526,H-,candycrunch
832.8413696289062,-3,26.447105,Gal(b1-4)GlcNAc(b1-2)[Gal(b1-4)GlcNAc(b1-4)]Man(a1-3)[Fuc(a1-3)[Gal(b1-4)]GlcNAc(b1-?)[Gal(b1-4)GlcNAc(b1-?)]Man(a1-6)]Man(b1-4)GlcNAc(b1-4)GlcNAc,8.021138455660548e-06,1,-0.20879339820714904,H-,candycrunch
833.0634765625,-3,27.58846666666667,Gal(b1-4)GlcNAc(b1-2)[Gal(b1-4)GlcNAc(b1-4)]Man(a1-3)[Fuc(a1-3)[Gal(b1-4)]GlcNAc(b1-?)[Gal(b1-4)GlcNAc(b1-?)]Man(a1-6)]Man(b1-4)GlcNAc(b1-4)GlcNAc,0.00017909263260662556,1,-0.43090033180089904,H-,candycrunch
833.07958984375,-3,28.80590833333333,Gal(b1-4)GlcNAc(b1-2)[Gal(b1-4)GlcNAc(b1-4)]Man(a1-3)[Fuc(a1-3)[Gal(b1-4)]GlcNAc(b1-?)[Gal(b1-4)GlcNAc(b1-?)]Man(a1-6)]Man(b1-4)GlcNAc(b1-4)GlcNAc,4.0178179915528744e-05,4,-0.44701361305089904,H-,candycrunch
833.08544921875,-3,21.881361666666667,Gal(b1-4)GlcNAc(b1-2)[Gal(b1-4)GlcNAc(b1-4)]Man(a1-3)[Fuc(a1-3)[Gal(b1-4)]GlcNAc(b1-?)[Gal(b1-4)GlcNAc(b1-?)]Man(a1-6)]Man(b1-4)GlcNAc(b1-4)GlcNAc,0.0004419304896146059,11,-0.45287298805089904,H-,candycrunch
833.08642578125,-3,23.071138333333334,Gal(b1-4)GlcNAc(b1-2)[Gal(b1-4)GlcNAc(b1-4)]Man(a1-3)[Fuc(a1-3)[Gal(b1-4)]GlcNAc(b1-?)[Gal(b1-4)GlcNAc(b1-?)]Man(a1-6)]Man(b1-4)GlcNAc(b1-4)GlcNAc,3.622623989940621e-05,8,-0.45384955055089904,H-,candycrunch
833.123046875,-3,26.660496666666667,Gal(b1-4)GlcNAc(b1-2)[Gal(b1-4)GlcNAc(b1-4)]Man(a1-3)[Fuc(a1-3)[Gal(b1-4)]GlcNAc(b1-?)[Gal(b1-4)GlcNAc(b1-?)]Man(a1-6)]Man(b1-4)GlcNAc(b1-4)GlcNAc,8.514185174135491e-05,20,-0.49047064430089904,H-,candycrunch
834.173583984375,-3,26.711051666666666,Gal(b1-4)GlcNAc(b1-2)[Gal(b1-4)GlcNAc(b1-4)]Man(a1-3)[Fuc(a1-3)[Gal(b1-4)]GlcNAc(b1-?)[Gal(b1-4)GlcNAc(b1-?)]Man(a1-6)]Man(b1-4)GlcNAc(b1-4)GlcNAc,0.00024832424242049456,16,-1.541007753675899,H-,candycrunch
835.1826171875,-4,29.142568333333333,Neu5Ac(a2-?)[Gal(b1-?)]Gal(b1-4)GlcNAc(b1-2)[Neu5Ac(a2-?)[Gal(b1-?)]Gal(b1-4)GlcNAc(b1-4)]Man(a1-3)[Neu5Ac(a2-?)[Gal(b1-?)]Gal(b1-4)GlcNAc(b1-2)Man(a1-6)]Man(b1-4)GlcNAc(b1-4)GlcNAc,8.361439540749416e-09,4,1.1036496290689684,H-,candycrunch
836.4655151367188,-4,43.39700833333333,Neu5Ac(a2-?)[Gal(b1-?)]Gal(b1-4)GlcNAc(b1-2)[Neu5Ac(a2-?)[Gal(b1-?)]Gal(b1-4)GlcNAc(b1-4)]Man(a1-3)[Neu5Ac(a2-?)[Gal(b1-?)]Gal(b1-4)GlcNAc(b1-2)Man(a1-6)]Man(b1-4)GlcNAc(b1-4)GlcNAc,2.9301734372211286e-09,2,-0.17924832014978165,H-,candycrunch
836.494384765625,-4,40.35017666666667,Neu5Ac(a2-?)[Gal(b1-?)]Gal(b1-4)GlcNAc(b1-2)[Neu5Ac(a2-?)[Gal(b1-?)]Gal(b1-4)GlcNAc(b1-4)]Man(a1-3)[Neu5Ac(a2-?)[Gal(b1-?)]Gal(b1-4)GlcNAc(b1-2)Man(a1-6)]Man(b1-4)GlcNAc(b1-4)GlcNAc,2.3746167254756756e-09,4,-0.20811794905603165,H-,candycrunch
837.6094970703125,-3,40.94095166666666,Neu5Ac(a2-8)Neu5Ac(a2-3)Gal(b1-4)GlcNAc(b1-2)Man(a1-3)[Neu5Gc(a2-3)Gal(b1-4)GlcNAc(b1-2)Man(a1-6)]Man(b1-4)GlcNAc(b1-4)GlcNAc,2.5735538656590506e-05,1,-0.6572997056802024,H-,candycrunch
838.290771484375,-4,36.585276666666665,Neu5Ac(a2-?)Gal(b1-4)GlcNAc(b1-2)[Neu5Ac(a2-?)Gal(b1-4)GlcNAc(b1-4)]Man(a1-3)[Neu5Ac(a2-?)Gal(b1-4)GlcNAc(b1-2)[Neu5Ac(a2-?)GlcNAc(b1-6)]Man(a1-6)]Man(b1-4)GlcNAc(b1-4)GlcNAc,0.00010925582319032401,2,-0.0004249815309549376,H-,candycrunch
838.406494140625,-4,37.596628333333335,Neu5Ac(a2-?)Gal(b1-4)GlcNAc(b1-2)[Neu5Ac(a2-?)Gal(b1-4)GlcNAc(b1-4)]Man(a1-3)[Neu5Ac(a2-?)Gal(b1-4)GlcNAc(b1-2)[Neu5Ac(a2-?)GlcNAc(b1-6)]Man(a1-6)]Man(b1-4)GlcNAc(b1-4)GlcNAc,0.0011023142142221332,1,-0.11614763778095494,H-,candycrunch
840.8662719726562,-3,25.200676666666666,Neu5Gc(a2-8)Neu5Gc(a2-3)Gal(b1-4)GlcNAc(b1-2)Man(a1-?)[Neu5Ac(a2-3)Gal(b1-4)GlcNAc(b1-2)Man(a1-?)]Man(b1-4)GlcNAc(b1-4)GlcNAc,2.5029364678630373e-06,5,1.4175635986426869,H-,candycrunch
841.6322021484375,-3,25.193708333333333,Neu5Gc(a2-8)Neu5Gc(a2-3)Gal(b1-4)GlcNAc(b1-2)Man(a1-?)[Neu5Ac(a2-3)Gal(b1-4)GlcNAc(b1-2)Man(a1-?)]Man(b1-4)GlcNAc(b1-4)GlcNAc,2.8997297704336233e-05,2,0.6516334228614369,H-,candycrunch
842.65673828125,-3,40.933965,Neu5Ac(a2-?)[Gal(b1-?)]Gal(b1-4)GlcNAc(b1-2)Man(a1-3)[Neu5Ac(a2-?)[Gal(b1-?)]Gal(b1-4)GlcNAc(b1-2)Man(a1-6)]Man(b1-4)GlcNAc(b1-4)GlcNAc,3.641469675130793e-06,2,-0.03276900448429387,H-,candycrunch
844.2399291992188,-4,28.056168333333336,Fuc(a1-2)Gal(b1-4)[Fuc(a1-3)]GlcNAc(b1-?)[Neu5Ac(a2-?)Gal(b1-4)GlcNAc(b1-?)]Man(a1-3)[Neu5Ac(a2-?)Gal(b1-4)GlcNAc(b1-?)[Fuc(a1-3)[Gal(b1-4)]GlcNAc(b1-?)]Man(a1-6)]Man(b1-4)GlcNAc(b1-4)GlcNAc,0.003227897919714451,2,-1.4406534850497792,H-,candycrunch
844.5748291015625,-4,30.758038333333335,Neu5Ac(a2-6)Gal(b1-4)GlcNAc(b1-3)Gal(b1-4)GlcNAc(b1-3)Gal(b1-4)GlcNAc(b1-6)[Gal(b1-4)GlcNAc(b1-2)]Man(a1-6)[Gal(b1-4)GlcNAc(b1-2)[Gal(b1-4)GlcNAc(b1-4)]Man(a1-3)]Man(b1-4)GlcNAc(b1-4)GlcNAc,1.1431909570092103e-06,10,-1.5267411385435707,H-,candycrunch
844.5945434570312,-4,27.759326666666666,Neu5Ac(a2-6)Gal(b1-4)GlcNAc(b1-3)Gal(b1-4)GlcNAc(b1-3)Gal(b1-4)GlcNAc(b1-6)[Gal(b1-4)GlcNAc(b1-2)]Man(a1-6)[Gal(b1-4)GlcNAc(b1-2)[Gal(b1-4)GlcNAc(b1-4)]Man(a1-3)]Man(b1-4)GlcNAc(b1-4)GlcNAc,1.509616595285479e-06,13,-1.5464554940123207,H-,candycrunch
845.51123046875,-4,30.716403333333332,Neu5Ac(a2-?)Gal(b1-4)GlcNAc(b1-2)[Neu5Ac(a2-?)Gal(b1-4)GlcNAc(b1-4)]Man(a1-3)[Neu5Ac(a2-?)Gal(b1-4)GlcNAc(b1-2)[Gal(a1-4)Gal(b1-4)GlcNAc(b1-6)]Man(a1-6)]Man(b1-4)GlcNAc(b1-4)GlcNAc,1.5879844994515224e-08,5,1.031673623194024,H-,candycrunch
845.5419921875,-4,27.774823333333334,Neu5Ac(a2-?)Gal(b1-4)GlcNAc(b1-2)[Neu5Ac(a2-?)Gal(b1-4)GlcNAc(b1-4)]Man(a1-3)[Neu5Ac(a2-?)Gal(b1-4)GlcNAc(b1-2)[Gal(a1-4)Gal(b1-4)GlcNAc(b1-6)]Man(a1-6)]Man(b1-4)GlcNAc(b1-4)GlcNAc,8.676467544432853e-09,6,1.000911904444024,H-,candycrunch
847.485595703125,-2,35.32697666666667,Neu5Ac(a2-3)Gal(b1-4)[Fuc(a1-3)]GlcNAc(b1-2)Man(a1-3)[Man(a1-6)]Man(b1-4)GlcNAc(b1-4)GlcNAc,0.0014190498040989041,1,-0.18367881721599133,H-,candycrunch
850.564453125,-3,41.294738333333335,Neu5Ac(a2-6)Gal(b1-4)[Fuc(a1-3)]GlcNAc(b1-2)[GlcNAc(b1-4)]Man(a1-3)[Neu5Ac(a2-6)Gal(b1-4)GlcNAc(b1-2)Man(a1-6)]Man(b1-4)GlcNAc(b1-4)GlcNAc,1.964564398804214e-05,1,0.40339431143229376,H-,candycrunch
851.59765625,-2,41.639885,Man(a1-2)Man(a1-2)Man(a1-6)[Man(a1-3)]Man(a1-6)[Man(a1-2)Man(a1-3)]Man(b1-4)GlcNAc(b1-4)GlcNAc,0.17403937876224518,2,-0.30644142539097174,H-,candycrunch
852.4743041992188,-2,30.219318333333334,GalNAc(b1-4)GlcNAc(b1-2)Man(a1-3)[GalNAc(b1-4)GlcNAc(b1-2)Man(a1-6)]Man(b1-4)GlcNAc(b1-4)GlcNAc,0.22710835933685303,4,-0.15640288735971808,H-,candycrunch
853.403076171875,-2,30.197554999999998,GalNAc(b1-4)GlcNAc(b1-2)Man(a1-3)[GalNAc(b1-4)GlcNAc(b1-2)Man(a1-6)]Man(b1-4)GlcNAc(b1-4)GlcNAc,0.0768158957362175,2,-1.085174860015968,H-,candycrunch
855.5848388671875,-2,27.78898,Neu5Ac(a2-?)Gal(b1-4)GlcNAc(b1-2)Man(a1-3)[Man(a1-?)Man(a1-6)]Man(b1-4)GlcNAc(b1-4)GlcNAc,0.24179409444332123,2,-0.285464670028432,H-,candycrunch
856.5189819335938,-3,45.97631333333334,Neu5Ac(a2-3)Gal(b1-4)GlcNAc(b1-2)Man(a1-3)[Neu5Ac(a2-3)Gal(b1-4)GlcNAc(b1-2)[Gal(b1-4)GlcNAc(b1-6)]Man(a1-6)]Man(b1-4)GlcNAc(b1-4)GlcNAc,0.00497647887095809,1,-0.21949628966149248,H-,candycrunch
861.3346557617188,-2,25.097326666666667,Neu5Gc(a2-3)Gal(b1-4)GlcNAc(b1-2)Man(a1-3)[Man(a1-?)Man(a1-6)]Man(b1-4)GlcNAc(b1-4)GlcNAc,0.0010800249874591827,2,1.9621757454402768,H-,candycrunch
861.5560302734375,-2,32.77381166666667,Neu5Gc(a2-3)Gal(b1-4)GlcNAc(b1-2)Man(a1-3)[Man(a1-?)Man(a1-6)]Man(b1-4)GlcNAc(b1-4)GlcNAc,0.003049055580049753,1,1.7408012337215268,H-,candycrunch
861.6472778320312,-2,24.582281666666667,Neu5Gc(a2-3)Gal(b1-4)GlcNAc(b1-2)Man(a1-3)[Man(a1-?)Man(a1-6)]Man(b1-4)GlcNAc(b1-4)GlcNAc,0.000523762428201735,22,1.6495536751277768,H-,candycrunch
862.4951171875,-2,24.618498333333335,Neu5Gc(a2-3)Gal(b1-4)GlcNAc(b1-2)Man(a1-3)[Man(a1-?)Man(a1-6)]Man(b1-4)GlcNAc(b1-4)GlcNAc,0.002104633953422308,10,0.8017143196590268,H-,candycrunch
863.72705078125,-2,27.090751666666666,Neu5Gc(a2-3)Gal(b1-4)GlcNAc(b1-2)Man(a1-3)[Man(a1-?)Man(a1-6)]Man(b1-4)GlcNAc(b1-4)GlcNAc,0.02336014434695244,2,-0.43021927409097316,H-,candycrunch
864.5282592773438,-2,27.08373333333333,Fuc(a1-3)[Gal(b1-4)]GlcNAc(b1-2)Man(a1-3)[Man(a1-3)[Man(a1-6)]Man(a1-6)]Man(b1-4)GlcNAc(b1-4)GlcNAc,0.27014344930648804,3,-0.7212272132346698,H-,candycrunch
865.0316162109375,-2,21.505856666666666,Fuc(a1-3)[Gal(b1-4)]GlcNAc(b1-2)Man(a1-3)[Man(a1-3)[Man(a1-6)]Man(a1-6)]Man(b1-4)GlcNAc(b1-4)GlcNAc,0.003424951573833823,4,-1.2245841468284198,H-,candycrunch
865.5642700195312,-2,21.645678333333333,Fuc(a1-3)[Gal(b1-4)]GlcNAc(b1-2)Man(a1-3)[Man(a1-3)[Man(a1-6)]Man(a1-6)]Man(b1-4)GlcNAc(b1-4)GlcNAc,0.012458211742341518,1,-1.7572379554221698,H-,candycrunch
870.2850341796875,-3,17.58522,Neu5Ac(a2-?)Gal(b1-4)GlcNAc(b1-2)[Neu5Ac(a2-?)Gal(b1-4)GlcNAc(b1-4)]Man(a1-3)[GalOS(b1-4)GlcNAc(b1-2)[GalOS(b1-4)GlcNAc(b1-6)]Man(a1-6)]Man(b1-4)GlcNAc(b1-4)GlcNAc,3.739227759069763e-05,5,-0.3100321685884637,H-,candycrunch
870.459716796875,-3,45.68586833333333,Neu5Ac(a2-?)Gal(b1-4)GlcNAc(b1-2)[Neu5Ac(a2-?)Gal(b1-4)GlcNAc(b1-4)]Man(a1-3)[GalOS(b1-4)GlcNAc(b1-2)[GalOS(b1-4)GlcNAc(b1-6)]Man(a1-6)]Man(b1-4)GlcNAc(b1-4)GlcNAc,0.000424662051955238,1,-0.4847147857759637,H-,candycrunch
871.470947265625,-2,22.458995,Gal(b1-4)GlcNAc(b1-2)Man(a1-3)[Man(a1-2)Man(a1-?)[Man(a1-?)]Man(a1-6)]Man(b1-4)GlcNAc(b1-4)GlcNAc,0.0007059680647216737,2,0.33354210973402587,H-,candycrunch
871.71337890625,-2,38.208905,Gal(a1-3)Gal(b1-4)GlcNAc(b1-2)Man(a1-3)[Man(a1-3)[Man(a1-6)]Man(a1-6)]Man(b1-4)GlcNAc(b1-4)GlcNAc,0.007065990939736366,1,0.09111046910902587,H-,candycrunch
878.3267822265625,-4,16.9664,Neu5Ac(a2-?)Gal(b1-4)GlcNAc(b1-2)[Neu5Ac(a2-?)Gal(b1-4)GlcNAc(b1-4)]Man(a1-3)[Neu5Ac(a2-?)Gal(b1-4)GlcNAc(b1-2)[Neu5Ac(a2-?)Gal(b1-4)GlcNAc(b1-6)]Man(a1-6)]Man(b1-4)GlcNAc(b1-4)GlcNAc,0.00020672054961323738,1,0.4767701341564816,H-,candycrunch
878.364990234375,-4,18.731341666666665,Neu5Ac(a2-?)Gal(b1-4)GlcNAc(b1-2)[Neu5Ac(a2-?)Gal(b1-4)GlcNAc(b1-4)]Man(a1-3)[Neu5Ac(a2-?)Gal(b1-4)GlcNAc(b1-2)[Neu5Ac(a2-?)Gal(b1-4)GlcNAc(b1-6)]Man(a1-6)]Man(b1-4)GlcNAc(b1-4)GlcNAc,0.04830249026417732,4,0.4385621263439816,H-,candycrunch
878.3765869140625,-4,16.063935,Neu5Ac(a2-?)Gal(b1-4)GlcNAc(b1-2)[Neu5Ac(a2-?)Gal(b1-4)GlcNAc(b1-4)]Man(a1-3)[Neu5Ac(a2-?)Gal(b1-4)GlcNAc(b1-2)[Neu5Ac(a2-?)Gal(b1-4)GlcNAc(b1-6)]Man(a1-6)]Man(b1-4)GlcNAc(b1-4)GlcNAc,0.0002864674024749547,14,0.4269654466564816,H-,candycrunch
878.6029052734375,-4,41.500775,Neu5Ac(a2-?)Gal(b1-4)GlcNAc(b1-2)[Neu5Ac(a2-?)Gal(b1-4)GlcNAc(b1-4)]Man(a1-3)[Neu5Ac(a2-?)Gal(b1-4)GlcNAc(b1-2)[Neu5Ac(a2-?)Gal(b1-4)GlcNAc(b1-6)]Man(a1-6)]Man(b1-4)GlcNAc(b1-4)GlcNAc,0.0022033832501620054,1,0.20064708728148162,H-,candycrunch
879.3353881835938,-3,16.079816666666666,Fuc(a1-3)GlcNAc(b1-4)GlcNAc(b1-4)[Fuc(a1-3)]GlcNAc(b1-?)[Fuc(a1-3)GlcNAc(b1-4)[Fuc(a1-3)]GlcNAc(b1-?)]Man(a1-6)[Man(a1-3)]Man(b1-4)GlcNAc(b1-4)[Fuc(a1-6)]GlcNAc,5.130352676019356e-08,11,-0.33624060522799937,H-,candycrunch
879.368408203125,-3,18.673603333333332,Fuc(a1-3)GlcNAc(b1-4)GlcNAc(b1-4)[Fuc(a1-3)]GlcNAc(b1-?)[Fuc(a1-3)GlcNAc(b1-4)[Fuc(a1-3)]GlcNAc(b1-?)]Man(a1-6)[Man(a1-3)]Man(b1-4)GlcNAc(b1-4)[Fuc(a1-6)]GlcNAc,5.199394248478484e-09,1,-0.36926062475924937,H-,candycrunch
879.63818359375,-4,40.70086833333333,Neu5Ac(a2-?)Gal(b1-4)GlcNAc(b1-2)[Neu5Ac(a2-?)Gal(b1-4)GlcNAc(b1-4)]Man(a1-3)[Neu5Ac(a2-?)Gal(b1-4)GlcNAc(b1-2)[Neu5Ac(a2-?)Gal(b1-4)GlcNAc(b1-6)]Man(a1-6)]Man(b1-4)GlcNAc(b1-4)GlcNAc,0.012169470079243183,1,-0.8346312330310184,H-,candycrunch
880.3402709960938,-3,16.107643333333332,Neu5Ac(a2-?)Gal(b1-4)GlcNAc(b1-?)[Gal(b1-4)GlcNAc(b1-?)]Man(a1-?)[Gal(b1-4)GlcNAc(b1-?)[Gal(b1-4)GlcNAc(b1-?)]Man(a1-?)]Man(b1-4)GlcNAc(b1-4)GlcNAc,0.000972794194240123,2,0.6381411338052203,H-,candycrunch
881.7240600585938,-3,39.887346666666666,Neu5Ac(a2-?)Gal(b1-4)GlcNAc(b1-?)[Gal(b1-4)GlcNAc(b1-?)]Man(a1-?)[Gal(b1-4)GlcNAc(b1-?)[Gal(b1-4)GlcNAc(b1-?)]Man(a1-?)]Man(b1-4)GlcNAc(b1-4)GlcNAc,9.971352119464427e-05,1,-0.7456479286947797,H-,candycrunch
882.322509765625,-3,34.76909666666667,Neu5Ac(a2-?)Gal(b1-4)GlcNAc(b1-?)[Gal(b1-4)GlcNAc(b1-?)]Man(a1-?)[Gal(b1-4)GlcNAc(b1-?)[Gal(b1-4)GlcNAc(b1-?)]Man(a1-?)]Man(b1-4)GlcNAc(b1-4)GlcNAc,0.0011299902107566595,1,-1.3440976357260297,H-,candycrunch
883.4317626953125,-2,36.711265000000004,Neu5Gc(a2-?)Gal(b1-4)GlcNAc(b1-2)Man(a1-?)[GlcNAc(b1-2)Man(a1-?)]Man(b1-4)GlcNAc(b1-4)GlcNAc,0.2420453131198883,1,0.37834336259652446,H-,candycrunch
884.3107299804688,-2,23.607689999999998,Fuc(a1-3)[Gal(b1-4)]GlcNAc(b1-2)Man(a1-3)[Man(a1-?)Man(a1-6)][GlcNAc(b1-4)]Man(b1-4)GlcNAc(b1-4)GlcNAc,0.015067537315189838,5,0.009576634390327854,H-,candycrunch
884.52001953125,-2,31.2478,Fuc(a1-3)[Gal(b1-4)]GlcNAc(b1-2)Man(a1-?)[Gal(b1-4)GlcNAc(b1-2)Man(a1-?)]Man(b1-4)GlcNAc(b1-4)GlcNAc,0.05006886273622513,1,-0.19971291639092215,H-,candycrunch
884.589599609375,-2,28.615851666666668,Fuc(a1-3)[Gal(b1-4)]GlcNAc(b1-2)Man(a1-3)[Man(a1-?)Man(a1-6)][GlcNAc(b1-4)]Man(b1-4)GlcNAc(b1-4)GlcNAc,0.0012199481716379523,5,-0.26929299451592215,H-,candycrunch
884.59619140625,-2,25.13469,Fuc(a1-3)[Gal(b1-4)]GlcNAc(b1-2)Man(a1-3)[Man(a1-?)Man(a1-6)][GlcNAc(b1-4)]Man(b1-4)GlcNAc(b1-4)GlcNAc,0.020070942118763924,1,-0.27588479139092215,H-,candycrunch
885.1055908203125,-3,23.61475666666667,Neu5Ac(a2-?)Gal(b1-4)[Neu5Ac(a2-?)]GlcNAc(b1-?)[Neu5Ac(a2-?)Gal(b1-4)GlcNAc(b1-?)]Man(a1-3)[Man(a1-?)Man(a1-6)]Man(b1-4)GlcNAc(b1-4)GlcNAc,1.046187435349566e-06,3,0.5325761481531117,H-,candycrunch
885.5961303710938,-3,28.622921666666667,Neu5Ac(a2-?)Gal(b1-4)[Neu5Ac(a2-?)]GlcNAc(b1-?)[Neu5Ac(a2-?)Gal(b1-4)GlcNAc(b1-?)]Man(a1-3)[Man(a1-?)Man(a1-6)]Man(b1-4)GlcNAc(b1-4)GlcNAc,3.3240958146052435e-06,6,0.04203659737186172,H-,candycrunch
885.6366577148438,-3,27.278801666666666,Neu5Ac(a2-?)Gal(b1-4)[Neu5Ac(a2-?)]GlcNAc(b1-?)[Neu5Ac(a2-?)Gal(b1-4)GlcNAc(b1-?)]Man(a1-3)[Man(a1-?)Man(a1-6)]Man(b1-4)GlcNAc(b1-4)GlcNAc,0.00010267863399349153,3,0.001509253621861717,H-,candycrunch
885.644775390625,-3,31.464558333333333,Neu5Ac(a2-?)Gal(b1-4)[Neu5Ac(a2-?)]GlcNAc(b1-?)[Neu5Ac(a2-?)Gal(b1-4)GlcNAc(b1-?)]Man(a1-3)[Man(a1-?)Man(a1-6)]Man(b1-4)GlcNAc(b1-4)GlcNAc,1.8316583009436727e-05,16,-0.006608422159388283,H-,candycrunch
885.6876220703125,-3,29.8816,Neu5Ac(a2-?)Gal(b1-4)[Neu5Ac(a2-?)]GlcNAc(b1-?)[Neu5Ac(a2-?)Gal(b1-4)GlcNAc(b1-?)]Man(a1-3)[Man(a1-?)Man(a1-6)]Man(b1-4)GlcNAc(b1-4)GlcNAc,0.0005271201953291893,10,-0.04945510184688828,H-,candycrunch
886.59716796875,-3,31.478346666666667,Neu5Ac(a2-?)Gal(b1-4)[Neu5Ac(a2-?)]GlcNAc(b1-?)[Neu5Ac(a2-?)Gal(b1-4)GlcNAc(b1-?)]Man(a1-3)[Man(a1-?)Man(a1-6)]Man(b1-4)GlcNAc(b1-4)GlcNAc,9.754118218552321e-05,3,-0.9590010002843883,H-,candycrunch
888.5457763671875,-3,40.55498166666666,Neu5Ac(a2-?)Gal(b1-4)[Neu5Ac(a2-?)]GlcNAc(b1-?)[Neu5Ac(a2-?)Gal(b1-4)GlcNAc(b1-?)]Man(a1-3)[Man(a1-?)Man(a1-6)]Man(b1-4)GlcNAc(b1-4)GlcNAc,0.0001480997889302671,1,-2.9076093987218883,H-,candycrunch
892.3355712890625,-2,24.597293333333333,Gal(b1-4)GlcNAc(b1-2)Man(a1-3)[Man(a1-3)[Man(a1-6)]Man(a1-6)][GlcNAc(b1-4)]Man(b1-4)GlcNAc(b1-4)GlcNAc,0.5853313207626343,11,-0.017807362953362826,H-,candycrunch
893.142333984375,-1,24.604378333333333,Man(a1-3)[Man(a1-6)]Man(b1-4)GlcNAc(b1-4)GlcNAc,0.0804513692855835,5,0.18325497396415358,H-,candycrunch
893.6322021484375,-1,26.531865000000003,Man(a1-3)[Man(a1-6)]Man(b1-4)GlcNAc(b1-4)GlcNAc,0.008962406776845455,15,-0.3066131900983464,H-,candycrunch
894.5823974609375,-1,26.547345,Man(a1-3)[Man(a1-6)]Man(b1-4)GlcNAc(b1-4)GlcNAc,0.005350027233362198,7,-1.2568085025983464,H-,candycrunch
894.7974853515625,-1,40.766884999999995,Man(a1-3)[Man(a1-6)]Man(b1-4)GlcNAc(b1-4)GlcNAc,0.10864977538585663,1,-1.4718963932233464,H-,candycrunch
895.3741455078125,-2,39.50232833333333,Neu5Ac(a2-?)GalNAc(b1-4)GlcNAc(b1-2)Man(a1-6)[GalNAcOS(b1-4)GlcNAc(b1-2)Man(a1-3)]Man(b1-4)GlcNAc(b1-4)GlcNAc,0.00017679172742646188,3,0.9517777908465632,H-,candycrunch
895.4039306640625,-2,22.344173333333334,Neu5Ac(a2-?)GalNAc(b1-4)GlcNAc(b1-2)Man(a1-6)[GalNAcOS(b1-4)GlcNAc(b1-2)Man(a1-3)]Man(b1-4)GlcNAc(b1-4)GlcNAc,0.003098961664363742,10,0.9219926345965632,H-,candycrunch
895.4066162109375,-2,20.132225,Neu5Ac(a2-?)GalNAc(b1-4)GlcNAc(b1-2)Man(a1-6)[GalNAcOS(b1-4)GlcNAc(b1-2)Man(a1-3)]Man(b1-4)GlcNAc(b1-4)GlcNAc,0.00016503264487255365,3,0.9193070877215632,H-,candycrunch
895.43212890625,-2,29.673070000000003,Neu5Ac(a2-?)GalNAc(b1-4)GlcNAc(b1-2)Man(a1-6)[GalNAcOS(b1-4)GlcNAc(b1-2)Man(a1-3)]Man(b1-4)GlcNAc(b1-4)GlcNAc,0.0032101175747811794,5,0.8937943924090632,H-,candycrunch
895.4619140625,-2,23.591755,Neu5Ac(a2-?)GalNAc(b1-4)GlcNAc(b1-2)Man(a1-6)[GalNAcOS(b1-4)GlcNAc(b1-2)Man(a1-3)]Man(b1-4)GlcNAc(b1-4)GlcNAc,0.001499303849413991,8,0.8640092361590632,H-,candycrunch
895.5126953125,-2,37.416579999999996,Neu5Ac(a2-?)GalNAc(b1-4)GlcNAc(b1-2)Man(a1-6)[GalNAcOS(b1-4)GlcNAc(b1-2)Man(a1-3)]Man(b1-4)GlcNAc(b1-4)GlcNAc,0.0005315700545907021,2,0.8132279861590632,H-,candycrunch
896.400390625,-2,22.351945,Neu5Ac(a2-?)GalNAc(b1-4)GlcNAc(b1-2)Man(a1-6)[GalNAcOS(b1-4)GlcNAc(b1-2)Man(a1-3)]Man(b1-4)GlcNAc(b1-4)GlcNAc,0.006693807430565357,5,-0.07446732634093678,H-,candycrunch
896.4178466796875,-2,29.709248333333335,Neu5Ac(a2-?)GalNAc(b1-4)GlcNAc(b1-2)Man(a1-6)[GalNAcOS(b1-4)GlcNAc(b1-2)Man(a1-3)]Man(b1-4)GlcNAc(b1-4)GlcNAc,0.0007137310458347201,3,-0.09192338102843678,H-,candycrunch
896.453857421875,-2,23.636126666666666,Neu5Ac(a2-?)GalNAc(b1-4)GlcNAc(b1-2)Man(a1-6)[GalNAcOS(b1-4)GlcNAc(b1-2)Man(a1-3)]Man(b1-4)GlcNAc(b1-4)GlcNAc,0.00014029571320861578,5,-0.12793412321593678,H-,candycrunch
897.3956298828125,-4,22.386901666666667,Neu5Ac(a2-?)Gal(b1-4)GlcNAc(b1-3)Gal(b1-4)GlcNAc(b1-2)[Neu5Ac(a2-?)Gal(b1-4)GlcNAc(b1-6)]Man(a1-6)[Neu5Ac(a2-?)Gal(b1-4)GlcNAc(b1-?)[Gal(b1-4)GlcNAc(b1-?)]Man(a1-3)]Man(b1-4)GlcNAc(b1-4)GlcNAc,0.0004917125916108489,1,-0.08288265761859748,H-,candycrunch
897.5499267578125,-4,39.687695,Neu5Ac(a2-?)Gal(b1-4)GlcNAc(b1-3)Gal(b1-4)GlcNAc(b1-2)[Neu5Ac(a2-?)Gal(b1-4)GlcNAc(b1-6)]Man(a1-6)[Neu5Ac(a2-?)Gal(b1-4)GlcNAc(b1-?)[Gal(b1-4)GlcNAc(b1-?)]Man(a1-3)]Man(b1-4)GlcNAc(b1-4)GlcNAc,4.888586045126431e-05,1,-0.23717953261859748,H-,candycrunch
900.3016357421875,-3,16.15811833333333,Neu5Ac(a2-?)Gal(b1-4)[Fuc(a1-3)]GlcNAc(b1-2)Man(a1-3)[Neu5Ac(a2-?)Gal(b1-4)[Fuc(a1-3)]GlcNAc(b1-2)[GlcNAc(b1-6)]Man(a1-6)]Man(b1-4)GlcNAc(b1-4)GlcNAc,0.02538788877427578,9,-0.6478187027552167,H-,candycrunch
900.54296875,-3,22.481056666666667,Neu5Ac(a2-?)Gal(b1-4)[Fuc(a1-3)]GlcNAc(b1-2)Man(a1-3)[Neu5Ac(a2-?)Gal(b1-4)[Fuc(a1-3)]GlcNAc(b1-2)[GlcNAc(b1-6)]Man(a1-6)]Man(b1-4)GlcNAc(b1-4)GlcNAc,0.014887736178934574,6,-0.8891517105677167,H-,candycrunch
904.62060546875,-2,26.56172833333333,Fuc(a1-3)[Gal(b1-4)]GlcNAc(b1-2)Man(a1-6)[GlcNAc(b1-2)Man(a1-3)][GlcNAc(b1-4)]Man(b1-4)GlcNAc(b1-4)GlcNAc,0.04483869671821594,2,0.21297569685907547,H-,candycrunch
906.0933837890625,-3,20.101838333333333,Gal(b1-4)GlcNAc(b1-3)Gal(b1-4)GlcNAc(b1-6)[Gal(b1-4)GlcNAc(b1-2)]Man(a1-6)[Gal(b1-4)GlcNAc(b1-2)[Gal(b1-4)GlcNAc(b1-4)]Man(a1-3)]Man(b1-4)GlcNAc(b1-4)GlcNAc,0.0007745918119326234,5,-0.4360451731968169,H-,candycrunch
906.098388671875,-3,31.31059666666667,Gal(b1-4)GlcNAc(b1-3)Gal(b1-4)GlcNAc(b1-6)[Gal(b1-4)GlcNAc(b1-2)]Man(a1-6)[Gal(b1-4)GlcNAc(b1-2)[Gal(b1-4)GlcNAc(b1-4)]Man(a1-3)]Man(b1-4)GlcNAc(b1-4)GlcNAc,0.0007700853166170418,1,-0.4410500560093169,H-,candycrunch
906.1190185546875,-3,21.189535,Gal(b1-4)GlcNAc(b1-3)Gal(b1-4)GlcNAc(b1-6)[Gal(b1-4)GlcNAc(b1-2)]Man(a1-6)[Gal(b1-4)GlcNAc(b1-2)[Gal(b1-4)GlcNAc(b1-4)]Man(a1-3)]Man(b1-4)GlcNAc(b1-4)GlcNAc,0.00013962364755570889,4,-0.4616799388218169,H-,candycrunch
913.0491943359375,-2,22.84432,Gal(b1-4)GlcNAc(b1-2)Man(a1-3)[Gal(b1-4)GlcNAc(b1-2)Man(a1-6)][GlcNAc(b1-4)]Man(b1-4)GlcNAc(b1-4)GlcNAc,0.1886242926120758,1,-0.2181558590784789,H-,candycrunch
914.1068115234375,-2,27.76704,GalNAc(b1-4)GlcNAc(b1-2)Man(a1-3)[Man(a1-3)[Man(a1-6)]Man(a1-6)][GlcNAc(b1-4)]Man(b1-4)GlcNAc(b1-4)GlcNAc,0.054048292338848114,9,-1.275773046578479,H-,candycrunch
914.9722900390625,-4,27.795990000000003,Neu5Ac(a2-?)Gal(b1-4)[Fuc(a1-3)]GlcNAc(b1-?)[Neu5Ac(a2-?)Gal(b1-4)GlcNAc(b1-?)]Man(a1-?)[Neu5Ac(a2-?)Gal(b1-4)GlcNAc(b1-?)[Neu5Ac(a2-?)Gal(b1-4)GlcNAc(b1-?)]Man(a1-?)]Man(b1-4)GlcNAc(b1-4)GlcNAc,9.764128481037915e-05,7,0.34573952390644536,H-,candycrunch
917.40087890625,-4,22.321641666666665,Gal(b1-4)GlcNAc(b1-3)Gal(b1-4)GlcNAc(b1-3)Gal(b1-4)GlcNAc(b1-6)[Gal(b1-4)GlcNAc(b1-2)]Man(a1-6)[Neu5Ac(a2-3)Gal(b1-4)GlcNAc(b1-2)[Neu5Ac(a2-3)Gal(b1-4)GlcNAc(b1-4)]Man(a1-3)]Man(b1-4)GlcNAc(b1-4)GlcNAc,4.895744950772496e-06,2,-1.5789368165810629,H-,candycrunch
918.5074462890625,-4,39.20482166666667,Gal(b1-4)GlcNAc(b1-3)Gal(b1-4)GlcNAc(b1-3)Gal(b1-4)GlcNAc(b1-6)[Gal(b1-4)GlcNAc(b1-2)]Man(a1-6)[Neu5Ac(a2-3)Gal(b1-4)GlcNAc(b1-2)[Neu5Ac(a2-3)Gal(b1-4)GlcNAc(b1-4)]Man(a1-3)]Man(b1-4)GlcNAc(b1-4)GlcNAc,1.5409263141918927e-05,1,-2.685504199393563,H-,candycrunch
924.5645751953125,-3,26.474806666666666,Neu5Ac(a2-?)Gal(b1-4)[Fuc(a1-3)]GlcNAc(b1-2)[Fuc(a1-3)[Gal(b1-4)]GlcNAc(b1-4)]Man(a1-3)[Gal(b1-4)GlcNAc(b1-2)[GlcNAc(b1-6)]Man(a1-6)]Man(b1-4)GlcNAc(b1-4)GlcNAc,0.0019925967790186405,7,-0.23183166991339021,H-,candycrunch
925.2279052734375,-2,27.803393333333336,GalNAc(b1-4)GlcNAc(b1-4)GlcNAc(b1-2)Man(a1-6)[GlcNAc(b1-2)Man(a1-3)]Man(b1-4)GlcNAc(b1-4)[Fuc(a1-6)]GlcNAc,7.704778681727475e-08,1,0.11895044292157309,H-,candycrunch
925.5001220703125,-2,26.503659999999996,GalNAc(b1-4)GlcNAc(b1-4)GlcNAc(b1-2)Man(a1-6)[GlcNAc(b1-2)Man(a1-3)]Man(b1-4)GlcNAc(b1-4)[Fuc(a1-6)]GlcNAc,2.0305794379282815e-08,2,-0.15326635395342691,H-,candycrunch
925.630126953125,-2,32.75914166666667,GalNAc(b1-4)GlcNAc(b1-4)GlcNAc(b1-2)Man(a1-6)[GlcNAc(b1-2)Man(a1-3)]Man(b1-4)GlcNAc(b1-4)[Fuc(a1-6)]GlcNAc,9.050091165363483e-08,4,-0.2832712367659269,H-,candycrunch
928.5599365234375,-3,40.82768,Neu5Ac(a2-8)Neu5Ac(a2-3)Gal(b1-4)GlcNAc(b1-2)Man(a1-3)[Neu5Ac(a2-8)Neu5Ac(a2-3)Gal(b1-4)GlcNAc(b1-2)Man(a1-6)]Man(b1-4)GlcNAc(b1-4)GlcNAc,1.7479910638940055e-06,1,0.09242813672801731,H-,candycrunch
931.6871337890625,-2,38.454405,Man(a1-2)Man(a1-2)Man(a1-3)[Man(a1-2)Man(a1-3)[Man(a1-2)Man(a1-6)]Man(a1-6)]Man(b1-4)GlcNAc(b1-4)GlcNAc,0.0004237821267452091,1,0.630492751296515,H-,candycrunch
934.62890625,-1,21.830855,GlcNAc(b1-2)Man(a1-3)[ManOS(a1-6)]Man(b1-4)GlcNAc(b1-4)GlcNAc,0.00025757946423254907,4,-0.2767681901608512,H-,candycrunch
934.653076171875,-1,22.86610333333333,GlcNAc(b1-2)Man(a1-3)[ManOS(a1-6)]Man(b1-4)GlcNAc(b1-4)GlcNAc,2.2689695470035076e-05,16,-0.3009381120358512,H-,candycrunch
934.6611328125,-1,23.94375,GlcNAc(b1-2)Man(a1-3)[ManOS(a1-6)]Man(b1-4)GlcNAc(b1-4)GlcNAc,0.0008138715638779104,3,-0.3089947526608512,H-,candycrunch
934.67333984375,-1,27.466998333333333,GlcNAc(b1-2)Man(a1-6)Man(b1-4)GlcNAc(b1-4)GlcNAc,9.641941142035648e-05,8,-0.3212017839108512,H-,candycrunch
935.580810546875,-2,22.909868333333332,Neu5Ac(a2-?)Gal(b1-4)GlcNAc(b1-2)Man(a1-3)[Man(a1-3)[Man(a1-6)]Man(a1-6)]Man(b1-4)GlcNAc(b1-4)GlcNAc,0.2065998762845993,3,0.7449753660340548,H-,candycrunch
936.4188232421875,-2,29.680828333333334,Neu5Ac(a2-?)Gal(b1-4)GlcNAc(b1-2)Man(a1-3)[Man(a1-3)[Man(a1-6)]Man(a1-6)]Man(b1-4)GlcNAc(b1-4)GlcNAc,0.004372867755591869,5,-0.09303732927844521,H-,candycrunch
937.4166259765625,-2,29.652631666666665,Fuc(a1-2)Gal(b1-4)[Fuc(a1-3)]GlcNAc(b1-2)Man(a1-3)[Man(a1-3)[Man(a1-6)]Man(a1-6)]Man(b1-4)GlcNAc(b1-4)GlcNAc,8.283787792606745e-06,1,-0.5806395079533786,H-,candycrunch
937.692626953125,-2,34.52493333333333,Fuc(a1-2)Gal(b1-4)[Fuc(a1-3)]GlcNAc(b1-2)Man(a1-3)[Man(a1-3)[Man(a1-6)]Man(a1-6)]Man(b1-4)GlcNAc(b1-4)GlcNAc,8.222134965762962e-06,2,-0.8566404845158786,H-,candycrunch
941.617919921875,-2,22.087866666666667,Neu5Gc(a2-6)Gal(b1-4)GlcNAc(b1-2)Man(a1-3)[Man(a1-3)[Man(a1-6)]Man(a1-6)]Man(b1-4)GlcNAc(b1-4)GlcNAc,3.315314245355694e-07,4,2.7053233010341273,H-,candycrunch
942.569580078125,-2,22.130951666666665,Neu5Gc(a2-6)Gal(b1-4)GlcNAc(b1-2)Man(a1-3)[Man(a1-3)[Man(a1-6)]Man(a1-6)]Man(b1-4)GlcNAc(b1-4)GlcNAc,1.712225639494136e-06,2,1.7536631447841273,H-,candycrunch
942.68603515625,-2,25.59198,Neu5Gc(a2-6)Gal(b1-4)GlcNAc(b1-2)Man(a1-3)[Man(a1-3)[Man(a1-6)]Man(a1-6)]Man(b1-4)GlcNAc(b1-4)GlcNAc,0.062309082597494125,9,1.6372080666591273,H-,candycrunch
943.211669921875,-2,25.542706666666668,Neu5Gc(a2-6)Gal(b1-4)GlcNAc(b1-2)Man(a1-3)[Man(a1-3)[Man(a1-6)]Man(a1-6)]Man(b1-4)GlcNAc(b1-4)GlcNAc,0.11117434501647949,1,1.1115733010341273,H-,candycrunch
946.2025146484375,-2,23.42888,Neu5Gc(a2-3)Gal(b1-4)GlcNAc(b1-2)Man(a1-3)[Man(a1-3)[Man(a1-6)]Man(a1-6)]Man(b1-4)GlcNAc(b1-4)GlcNAc,0.00912129133939743,1,-1.8792714255283727,H-,candycrunch
948.6968994140625,-3,41.79397,Neu5Ac(a2-6)Gal(b1-4)GlcNAc(b1-?)[Gal(b1-4)GlcNAc(b1-?)]Man(a1-3)[Gal(b1-4)GlcNAc(b1-2)[Gal(b1-4)GlcNAc(b1-6)]Man(a1-6)][GlcNAc(b1-4)]Man(b1-4)GlcNAc(b1-4)GlcNAc,8.530142622475978e-06,1,-0.025363106496911314,H-,candycrunch
952.4315185546875,-2,20.344676666666665,Gal(b1-4)GlcNAc(b1-2)Man(a1-3)[Man(a1-2)Man(a1-3)[Man(a1-2)Man(a1-6)]Man(a1-6)]Man(b1-4)GlcNAc(b1-4)GlcNAc,3.283183468738571e-05,1,0.39938253642162636,H-,candycrunch
952.4439697265625,-2,19.182675,Gal(b1-4)GlcNAc(b1-2)Man(a1-3)[Man(a1-2)Man(a1-3)[Man(a1-2)Man(a1-6)]Man(a1-6)]Man(b1-4)GlcNAc(b1-4)GlcNAc,4.602404260367621e-06,23,0.38693136454662636,H-,candycrunch
953.369384765625,-3,19.190823333333334,Neu5Ac(a2-?)Gal(b1-4)GlcNAc(b1-2)[Neu5Ac(a2-?)Gal(b1-4)GlcNAc(b1-4)]Man(a1-3)[Neu5Ac(a2-?)Gal(b1-4)GlcNAc(b1-2)Man(a1-6)]Man(b1-4)GlcNAc(b1-4)GlcNAc,0.10144244134426117,16,-0.0380936194927699,H-,candycrunch
954.09130859375,-2,27.43752166666667,GalNAc(b1-4)GlcNAc(b1-4)GlcNAc(b1-2)Man(a1-6)[GalNAc(b1-4)GlcNAc(b1-2)Man(a1-3)]Man(b1-4)GlcNAc(b1-4)GlcNAc,5.418337334361922e-09,4,-0.23372101539098367,H-,candycrunch
954.370849609375,-2,19.205916666666667,GalNAc(b1-4)GlcNAc(b1-4)GlcNAc(b1-2)Man(a1-6)[GalNAc(b1-4)GlcNAc(b1-2)Man(a1-3)]Man(b1-4)GlcNAc(b1-4)GlcNAc,5.654510637498333e-09,7,-0.5132620310159837,H-,candycrunch
955.1424560546875,-3,27.488943333333335,GalNAc(b1-4)GlcNAc(b1-4)GlcNAc(b1-?)[GalNAc(b1-4)GlcNAc(b1-?)]Man(a1-?)[GalNAc(b1-4)GlcNAc(b1-?)[GalNAc(b1-4)GlcNAc(b1-?)]Man(a1-?)]Man(b1-4)GlcNAc(b1-4)[Fuc(a1-6)]GlcNAc,1.872504817868048e-09,3,-0.11469017765512035,H-,candycrunch
957.5574951171875,-2,43.861259999999994,Fuc(a1-2)Gal(b1-4)[Fuc(a1-3)]GlcNAc(b1-2)Man(a1-6)[Gal(b1-4)GlcNAc(b1-2)Man(a1-3)]Man(b1-4)GlcNAc(b1-4)GlcNAc,0.0045648543164134026,1,-0.20823409782849467,H-,candycrunch
957.86474609375,-2,32.832193333333336,Fuc(a1-2)Gal(b1-4)[Fuc(a1-3)]GlcNAc(b1-2)Man(a1-6)[Gal(b1-4)GlcNAc(b1-2)Man(a1-3)]Man(b1-4)GlcNAc(b1-4)GlcNAc,0.0002987923508044332,1,-0.5154850743909947,H-,candycrunch
958.64892578125,-2,34.180096666666664,Fuc(a1-2)Gal(b1-4)[Fuc(a1-3)]GlcNAc(b1-2)Man(a1-6)[Gal(b1-4)GlcNAc(b1-2)Man(a1-3)]Man(b1-4)GlcNAc(b1-4)GlcNAc,0.00017840963846538216,15,-1.2996647618909947,H-,candycrunch
958.6666259765625,-2,32.91723666666666,Fuc(a1-2)Gal(b1-4)[Fuc(a1-3)]GlcNAc(b1-2)Man(a1-6)[Gal(b1-4)GlcNAc(b1-2)Man(a1-3)]Man(b1-4)GlcNAc(b1-4)GlcNAc,0.00024367382866330445,23,-1.3173649572034947,H-,candycrunch
958.680908203125,-2,36.35928833333334,Fuc(a1-2)Gal(b1-4)[Fuc(a1-3)]GlcNAc(b1-2)Man(a1-6)[Gal(b1-4)GlcNAc(b1-2)Man(a1-3)]Man(b1-4)GlcNAc(b1-4)GlcNAc,0.00013903414946980774,2,-1.3316471837659947,H-,candycrunch
958.7918701171875,-2,30.189355,Fuc(a1-2)Gal(b1-4)[Fuc(a1-3)]GlcNAc(b1-2)Man(a1-6)[Gal(b1-4)GlcNAc(b1-2)Man(a1-3)]Man(b1-4)GlcNAc(b1-4)GlcNAc,0.007201182655990124,9,-1.4426090978284947,H-,candycrunch
959.643798828125,-2,34.25933833333334,Fuc(a1-2)Gal(b1-4)[Fuc(a1-3)]GlcNAc(b1-2)Man(a1-6)[Gal(b1-4)GlcNAc(b1-2)Man(a1-3)]Man(b1-4)GlcNAc(b1-4)GlcNAc,0.014325051568448544,4,-2.2945378087659947,H-,candycrunch
959.6619873046875,-2,32.925403333333335,Fuc(a1-2)Gal(b1-4)[Fuc(a1-3)]GlcNAc(b1-2)Man(a1-6)[Gal(b1-4)GlcNAc(b1-2)Man(a1-3)]Man(b1-4)GlcNAc(b1-4)GlcNAc,9.086541103897616e-05,16,-2.3127262853284947,H-,candycrunch
959.7178955078125,-2,30.23340833333333,Fuc(a1-2)Gal(b1-4)[Fuc(a1-3)]GlcNAc(b1-2)Man(a1-6)[Gal(b1-4)GlcNAc(b1-2)Man(a1-3)]Man(b1-4)GlcNAc(b1-4)GlcNAc,0.004058056510984898,4,-2.3686344884534947,H-,candycrunch
960.6636962890625,-2,32.89702833333333,Fuc(a1-2)Gal(b1-4)[Fuc(a1-3)]GlcNAc(b1-2)Man(a1-6)[Gal(b1-4)GlcNAc(b1-2)Man(a1-3)]Man(b1-4)GlcNAc(b1-4)GlcNAc,0.00020066366414539516,2,-3.3144352697034947,H-,candycrunch
963.1114501953125,-2,24.98858166666667,Neu5Gc(a2-?)Gal(b1-4)GlcNAc(b1-2)Man(a1-3)[Gal(b1-4)GlcNAc(b1-2)Man(a1-6)]Man(b1-4)GlcNAc(b1-4)GlcNAc,0.017561720684170723,3,1.7250675783465113,H-,candycrunch
963.662841796875,-2,25.149033333333335,Neu5Gc(a2-6)Gal(b1-4)GlcNAc(b1-2)Man(a1-6)[Gal(b1-4)GlcNAc(b1-2)Man(a1-3)]Man(b1-4)GlcNAc(b1-4)GlcNAc,0.011316537857055664,1,1.1736759767840113,H-,candycrunch
964.436279296875,-2,34.21695,Neu5Gc(a2-6)Gal(b1-4)GlcNAc(b1-2)Man(a1-6)[Gal(b1-4)GlcNAc(b1-2)Man(a1-3)]Man(b1-4)GlcNAc(b1-4)GlcNAc,0.003246048465371132,4,0.40023847678401125,H-,candycrunch
965.4205322265625,-2,34.20973166666666,Fuc(a1-3)[Gal(b1-4)]GlcNAc(b1-2)Man(a1-3)[Man(a1-3)[Man(a1-6)]Man(a1-6)][GlcNAc(b1-4)]Man(b1-4)GlcNAc(b1-4)GlcNAc,0.0026350344996899366,1,-0.07381389595343535,H-,candycrunch
965.61669921875,-2,27.738970000000002,Fuc(a1-3)[Gal(b1-4)]GlcNAc(b1-?)[Gal(b1-4)GlcNAc(b1-?)]Man(a1-3)[Man(a1-?)Man(a1-6)]Man(b1-4)GlcNAc(b1-4)GlcNAc,0.033381082117557526,2,-0.26998088814093535,H-,candycrunch
965.6558837890625,-2,21.85952,Fuc(a1-3)[Gal(b1-4)]GlcNAc(b1-?)[Gal(b1-4)GlcNAc(b1-?)]Man(a1-3)[Man(a1-?)Man(a1-6)]Man(b1-4)GlcNAc(b1-4)GlcNAc,0.008856126107275486,2,-0.30916545845343535,H-,candycrunch
966.1156005859375,-2,24.472653333333334,Fuc(a1-3)[Gal(b1-4)]GlcNAc(b1-2)Man(a1-3)[Man(a1-3)[Man(a1-6)]Man(a1-6)][GlcNAc(b1-4)]Man(b1-4)GlcNAc(b1-4)GlcNAc,0.042839571833610535,13,-0.7688822553284353,H-,candycrunch
966.35595703125,-2,16.07191,Fuc(a1-3)[Gal(b1-4)]GlcNAc(b1-?)[Gal(b1-4)GlcNAc(b1-?)]Man(a1-3)[Man(a1-?)Man(a1-6)]Man(b1-4)GlcNAc(b1-4)GlcNAc,0.0516807921230793,10,-1.0092387006409353,H-,candycrunch
966.6246337890625,-2,24.124501666666667,Fuc(a1-3)[Gal(b1-4)]GlcNAc(b1-2)Man(a1-3)[Man(a1-3)[Man(a1-6)]Man(a1-6)][GlcNAc(b1-4)]Man(b1-4)GlcNAc(b1-4)GlcNAc,0.0003795433440245688,2,-1.2779154584534353,H-,candycrunch
967.3258056640625,-2,16.09326833333333,Fuc(a1-3)[Gal(b1-4)]GlcNAc(b1-?)[Gal(b1-4)GlcNAc(b1-?)]Man(a1-3)[Man(a1-?)Man(a1-6)]Man(b1-4)GlcNAc(b1-4)GlcNAc,0.0030666342936456203,8,-1.9790873334534353,H-,candycrunch
969.6475830078125,-3,32.93331666666667,Neu5Gc(a2-6)Gal(b1-4)GlcNAc(b1-2)[Neu5Gc(a2-6)Gal(b1-4)GlcNAc(b1-6)]Man(a1-3)[Neu5Gc(a2-6)Gal(b1-4)GlcNAc(b1-2)Man(a1-6)]Man(b1-4)GlcNAc(b1-4)GlcNAc,6.327808932837797e-06,7,-0.3213772416801248,H-,candycrunch
970.6573486328125,-4,32.96952,Neu5Ac(a2-?)Gal(b1-4)GlcNAc(b1-3)Gal(b1-4)GlcNAc(b1-2)[Neu5Ac(a2-?)Gal(b1-4)GlcNAc(b1-6)]Man(a1-6)[Neu5Ac(a2-?)Gal(b1-4)GlcNAc(b1-2)[Neu5Ac(a2-?)Gal(b1-4)GlcNAc(b1-4)]Man(a1-3)]Man(b1-4)GlcNAc(b1-4)GlcNAc,5.791817238787189e-05,1,-0.5707472809684759,H-,candycrunch
973.5086669921875,-2,38.201656666666665,Gal(a1-3)Gal(b1-?)GlcNAc(b1-2)Man(a1-3)[Gal(a1-3)Gal(b1-?)GlcNAc(b1-2)Man(a1-6)]Man(b1-4)GlcNAc(b1-4)GlcNAc,0.00031796740950085223,1,-0.16449135032848972,H-,candycrunch
974.377685546875,-2,19.198683333333335,Gal(a1-3)Gal(b1-4)GlcNAc(b1-2)Man(a1-3)[Gal(a1-3)Gal(b1-4)GlcNAc(b1-2)Man(a1-6)]Man(b1-4)GlcNAc(b1-4)GlcNAc,0.0007257679244503379,8,-1.0335099050159897,H-,candycrunch
975.3197021484375,-2,18.84855333333333,Gal(a1-3)Gal(b1-4)GlcNAc(b1-2)Man(a1-3)[Gal(a1-3)Gal(b1-4)GlcNAc(b1-2)Man(a1-6)]Man(b1-4)GlcNAc(b1-4)GlcNAc,0.024281904101371765,12,-1.9755265065784897,H-,candycrunch
975.361083984375,-2,17.801920000000003,Neu5Ac(a2-?)Gal(b1-4)GlcNAc(b1-2)Man(a1-6)[GalNAc(b1-4)GlcNAc(b1-2)Man(a1-3)]Man(b1-4)GlcNAc(b1-4)GlcNAc,0.0010614321799948812,1,1.99125103003405,H-,candycrunch
976.317138671875,-2,18.878796666666666,Neu5Ac(a2-?)Gal(b1-4)GlcNAc(b1-2)Man(a1-3)[GalNAc(b1-4)GlcNAc(b1-2)Man(a1-6)]Man(b1-4)GlcNAc(b1-4)GlcNAc,9.664618119131774e-06,5,1.03519634253405,H-,candycrunch
982.330322265625,-2,15.96946,GlcA(b1-4)GalNAc(b1-4)GlcNAc(b1-4)GlcNAc(b1-2)Man(a1-6)[Fuc(a1-3)[GalNAcOPCho(b1-4)]Man(a1-3)]Man(b1-4)GlcNAc(b1-4)[Fuc(a1-6)]GlcNAc,7.918393163386384e-10,2,2.5218455737340264,H-,candycrunch
986.7601318359375,-2,33.965,Fuc(a1-2)Gal(b1-4)GlcNAc(b1-2)Man(a1-3)[Gal(b1-4)GlcNAc(b1-2)Man(a1-6)][GlcNAc(b1-4)]Man(b1-4)GlcNAc(b1-4)GlcNAc,0.0016313912346959114,2,-0.9001389545784377,H-,candycrunch
986.81103515625,-2,35.42729666666667,Fuc(a1-2)Gal(b1-4)GlcNAc(b1-2)Man(a1-3)[Gal(b1-4)GlcNAc(b1-2)Man(a1-6)][GlcNAc(b1-4)]Man(b1-4)GlcNAc(b1-4)GlcNAc,0.008221564814448357,1,-0.9510422748909377,H-,candycrunch
986.9298095703125,-2,31.606193333333334,Fuc(a1-2)Gal(b1-4)GlcNAc(b1-2)Man(a1-3)[Gal(b1-4)GlcNAc(b1-2)Man(a1-6)][GlcNAc(b1-4)]Man(b1-4)GlcNAc(b1-4)GlcNAc,0.0002972036018036306,12,-1.0698166889534377,H-,candycrunch
987.220458984375,-2,30.311666666666667,Fuc(a1-3)[Gal(b1-4)]GlcNAc(b1-2)Man(a1-3)[Gal(b1-4)GlcNAc(b1-2)Man(a1-6)][GlcNAc(b1-4)]Man(b1-4)GlcNAc(b1-4)GlcNAc,0.00022379914298653603,16,-1.3604661030159377,H-,candycrunch
987.62451171875,-4,34.027656666666665,Neu5Ac(a2-?)Gal(b1-4)GlcNAc(b1-3)Gal(b1-4)GlcNAc(b1-?)[Fuc(a1-3)[Gal(b1-4)]GlcNAc(b1-3)Gal(b1-4)GlcNAc(b1-?)]Man(a1-6)[Neu5Ac(a2-?)Gal(b1-4)GlcNAc(b1-?)[Fuc(a1-3)[Gal(b1-4)]GlcNAc(b1-?)]Man(a1-3)]Man(b1-4)GlcNAc(b1-4)GlcNAc,2.014246092585381e-06,2,1.2263847754189783,H-,candycrunch
988.0601806640625,-4,31.740655,Neu5Ac(a2-?)Gal(b1-4)GlcNAc(b1-3)Gal(b1-4)GlcNAc(b1-?)[Fuc(a1-3)[Gal(b1-4)]GlcNAc(b1-3)Gal(b1-4)GlcNAc(b1-?)]Man(a1-6)[Neu5Ac(a2-?)Gal(b1-4)GlcNAc(b1-?)[Fuc(a1-3)[Gal(b1-4)]GlcNAc(b1-?)]Man(a1-3)]Man(b1-4)GlcNAc(b1-4)GlcNAc,9.927255632646848e-06,5,0.7907158301064783,H-,candycrunch
988.1776123046875,-4,30.327736666666663,Neu5Ac(a2-?)Gal(b1-4)GlcNAc(b1-3)Gal(b1-4)GlcNAc(b1-?)[Fuc(a1-3)[Gal(b1-4)]GlcNAc(b1-3)Gal(b1-4)GlcNAc(b1-?)]Man(a1-6)[Neu5Ac(a2-?)Gal(b1-4)GlcNAc(b1-?)[Fuc(a1-3)[Gal(b1-4)]GlcNAc(b1-?)]Man(a1-3)]Man(b1-4)GlcNAc(b1-4)GlcNAc,6.275888154050335e-06,7,0.6732841894814783,H-,candycrunch
988.3067626953125,-4,16.238538333333334,Fuc(a1-3)[Gal(b1-4)]GlcNAc(b1-3)Gal(b1-4)GlcNAc(b1-2)[Fuc(a1-3)[Gal(b1-4)]GlcNAc(b1-3)Gal(b1-4)GlcNAc(b1-6)]Man(a1-6)[Fuc(a1-2)Gal(b1-4)[Fuc(a1-3)]GlcNAc(b1-?)[Neu5Ac(a2-?)Gal(b1-4)GlcNAc(b1-?)]Man(a1-3)]Man(b1-4)GlcNAc(b1-4)GlcNAc,0.006694180425256491,3,0.7992340767065116,H-,candycrunch
989.19140625,-4,30.298470000000002,Fuc(a1-3)[Gal(b1-4)]GlcNAc(b1-3)Gal(b1-4)GlcNAc(b1-2)[Fuc(a1-3)[Gal(b1-4)]GlcNAc(b1-3)Gal(b1-4)GlcNAc(b1-6)]Man(a1-6)[Fuc(a1-2)Gal(b1-4)[Fuc(a1-3)]GlcNAc(b1-?)[Neu5Ac(a2-?)Gal(b1-4)GlcNAc(b1-?)]Man(a1-3)]Man(b1-4)GlcNAc(b1-4)GlcNAc,7.898558396846056e-05,1,-0.08540947798098841,H-,candycrunch
989.29638671875,-4,19.99277,Fuc(a1-3)[Gal(b1-4)]GlcNAc(b1-3)Gal(b1-4)GlcNAc(b1-2)[Fuc(a1-3)[Gal(b1-4)]GlcNAc(b1-3)Gal(b1-4)GlcNAc(b1-6)]Man(a1-6)[Fuc(a1-2)Gal(b1-4)[Fuc(a1-3)]GlcNAc(b1-?)[Neu5Ac(a2-?)Gal(b1-4)GlcNAc(b1-?)]Man(a1-3)]Man(b1-4)GlcNAc(b1-4)GlcNAc,0.007422254886478186,4,-0.1903899467309884,H-,candycrunch
989.7333984375,-4,32.94054666666667,Fuc(a1-3)[Gal(b1-4)]GlcNAc(b1-3)Gal(b1-4)GlcNAc(b1-2)[Fuc(a1-3)[Gal(b1-4)]GlcNAc(b1-3)Gal(b1-4)GlcNAc(b1-6)]Man(a1-6)[Fuc(a1-2)Gal(b1-4)[Fuc(a1-3)]GlcNAc(b1-?)[Neu5Ac(a2-?)Gal(b1-4)GlcNAc(b1-?)]Man(a1-3)]Man(b1-4)GlcNAc(b1-4)GlcNAc,0.00191317789722234,8,-0.6274016654809884,H-,candycrunch
990.3326416015625,-4,20.0206,Fuc(a1-3)[Gal(b1-4)]GlcNAc(b1-3)Gal(b1-4)GlcNAc(b1-2)[Fuc(a1-3)[Gal(b1-4)]GlcNAc(b1-3)Gal(b1-4)GlcNAc(b1-6)]Man(a1-6)[Fuc(a1-2)Gal(b1-4)[Fuc(a1-3)]GlcNAc(b1-?)[Neu5Ac(a2-?)Gal(b1-4)GlcNAc(b1-?)]Man(a1-3)]Man(b1-4)GlcNAc(b1-4)GlcNAc,0.0064894999377429485,2,-1.2266448295434884,H-,candycrunch
990.531005859375,-3,33.162975,Neu5Ac(a2-3)[GalNAc(b1-4)]Gal(b1-4)GlcNAc(b1-?)[Gal(b1-4)GlcNAc(b1-?)]Man(a1-3)[Neu5Ac(a2-3)[GalNAc(b1-4)]Gal(b1-4)GlcNAc(b1-2)Man(a1-6)]Man(b1-4)GlcNAc(b1-4)GlcNAc,3.679650035337545e-05,1,1.1547281398907216,H-,candycrunch
993.3865966796875,-2,18.856493333333333,Gal(b1-4)GlcNAc(b1-2)Man(a1-3)[Gal(b1-4)GlcNAc(b1-2)[Gal(b1-4)GlcNAc(b1-6)]Man(a1-6)]Man(b1-4)GlcNAc(b1-4)GlcNAc,0.011190948076546192,16,0.4708535129216216,H-,candycrunch
994.1103515625,-2,37.782145,Gal(b1-4)GlcNAc(b1-?)[GlcNAc(b1-?)]Man(a1-3)[Man(a1-3)[Man(a1-6)]Man(a1-6)][GlcNAc(b1-4)]Man(b1-4)GlcNAc(b1-4)GlcNAc,0.1479315459728241,1,-0.2529013698908784,H-,candycrunch
994.392822265625,-2,18.864435,Gal(b1-4)GlcNAc(b1-2)Man(a1-3)[Gal(b1-4)GlcNAc(b1-2)[Gal(b1-4)GlcNAc(b1-6)]Man(a1-6)]Man(b1-4)GlcNAc(b1-4)GlcNAc,0.0016905373195186257,9,-0.5353720730158784,H-,candycrunch
994.611083984375,-2,30.919155,Gal(b1-4)GlcNAc(b1-?)[GlcNAc(b1-?)]Man(a1-3)[Man(a1-3)[Man(a1-6)]Man(a1-6)][GlcNAc(b1-4)]Man(b1-4)GlcNAc(b1-4)GlcNAc,0.034855060279369354,2,-0.7536337917658784,H-,candycrunch
994.75634765625,-2,34.96203333333333,Gal(b1-4)GlcNAc(b1-?)[GlcNAc(b1-?)]Man(a1-3)[Man(a1-3)[Man(a1-6)]Man(a1-6)][GlcNAc(b1-4)]Man(b1-4)GlcNAc(b1-4)GlcNAc,0.02938811480998993,8,-0.8988974636408784,H-,candycrunch
995.652587890625,-3,34.87316833333333,GlcA(b1-4)GalNAc(b1-4)GlcNAc(b1-4)GlcNAc(b1-?)[GlcA(b1-4)GalNAc(b1-4)GlcNAc(b1-?)]Man(a1-6)[GlcA(b1-4)GalNAc(b1-4)GlcNAc(b1-2)Man(a1-3)]Man(b1-4)GlcNAc(b1-4)[Fuc(a1-6)]GlcNAc,1.5749931137065687e-08,5,0.021017601074049708,H-,candycrunch
998.3134765625,-2,15.805188333333334,Neu5Ac(a2-?)GalNAc(b1-4)GlcNAc(b1-2)Man(a1-3)[GalNAc(b1-4)GlcNAc(b1-2)Man(a1-6)]Man(b1-4)GlcNAc(b1-4)GlcNAc,0.001582607044838369,4,-0.44786699734095237,H-,candycrunch
998.5289306640625,-2,30.982213333333338,Neu5Ac(a2-?)GalNAc(b1-4)GlcNAc(b1-2)Man(a1-3)[GalNAc(b1-4)GlcNAc(b1-2)Man(a1-6)]Man(b1-4)GlcNAc(b1-4)GlcNAc,0.0012823264114558697,2,-0.6633210989034524,H-,candycrunch
998.641357421875,-2,28.005293333333334,Neu5Ac(a2-?)GalNAc(b1-4)GlcNAc(b1-2)Man(a1-3)[GalNAc(b1-4)GlcNAc(b1-2)Man(a1-6)]Man(b1-4)GlcNAc(b1-4)GlcNAc,0.0028876070864498615,2,-0.7757478567159524,H-,candycrunch
999.31982421875,-3,15.827004999999998,Gal(a1-4)Gal(b1-4)GlcNAc(b1-2)[Gal(a1-4)Gal(b1-4)GlcNAc(b1-4)]Man(a1-3)[Gal(a1-4)Gal(b1-4)GlcNAc(b1-2)[Gal(a1-4)Gal(b1-4)GlcNAc(b1-6)]Man(a1-6)]Man(b1-4)GlcNAc(b1-4)GlcNAc,1.0395093568149605e-06,3,0.6972136509489246,H-,candycrunch
1000.606689453125,-3,32.954678333333334,Gal(a1-4)Gal(b1-4)GlcNAc(b1-2)[Gal(a1-4)Gal(b1-4)GlcNAc(b1-4)]Man(a1-3)[Gal(a1-4)Gal(b1-4)GlcNAc(b1-2)[Gal(a1-4)Gal(b1-4)GlcNAc(b1-6)]Man(a1-6)]Man(b1-4)GlcNAc(b1-4)GlcNAc,7.1664576353214215e-06,4,-0.5896515834260754,H-,candycrunch
1007.6468505859375,-3,20.73335,Gal(b1-4)GlcNAc(b1-3)Gal(b1-4)GlcNAc(b1-3)Gal(b1-4)GlcNAc(b1-3)Gal(b1-4)GlcNAc(b1-2)Man(a1-3)[Neu5Gc(a2-?)Gal(b1-4)GlcNAc(b1-2)Man(a1-6)]Man(b1-4)GlcNAc(b1-4)GlcNAc,9.815520570555236e-06,9,0.3739317387949086,H-,candycrunch
1008.6201171875,-3,21.53400333333333,Gal(b1-4)GlcNAc(b1-3)Gal(b1-4)GlcNAc(b1-3)Gal(b1-4)GlcNAc(b1-3)Gal(b1-4)GlcNAc(b1-2)Man(a1-3)[Neu5Gc(a2-?)Gal(b1-4)GlcNAc(b1-2)Man(a1-6)]Man(b1-4)GlcNAc(b1-4)GlcNAc,8.939757208281662e-06,2,-0.5993348627675914,H-,candycrunch
1010.1195068359375,-2,20.77739,Neu5Ac(a2-?)Gal(b1-4)[Fuc(a1-3)]GlcNAc(b1-2)Man(a1-3)[Man(a1-3)[Man(a1-6)]Man(a1-6)]Man(b1-4)GlcNAc(b1-4)GlcNAc,0.00017117668176069856,14,-0.764766518528404,H-,candycrunch
1011.072021484375,-2,20.806075,Neu5Ac(a2-?)Gal(b1-4)[Fuc(a1-3)]GlcNAc(b1-2)Man(a1-3)[Man(a1-3)[Man(a1-6)]Man(a1-6)]Man(b1-4)GlcNAc(b1-4)GlcNAc,0.0003084132040385157,7,-1.717281166965904,H-,candycrunch
1015.39306640625,-2,19.234625,Gal(b1-4)GlcNAc(b1-2)[Gal(b1-4)GlcNAc(b1-4)]Man(a1-3)[GlcNAc(b1-2)Man(a1-6)][GlcNAc(b1-4)]Man(b1-4)GlcNAc(b1-4)GlcNAc,7.312654481950176e-09,3,-1.0223416628909945,H-,candycrunch
1015.7152099609375,-2,28.084204999999997,Gal(b1-4)GlcNAc(b1-2)[Gal(b1-4)GlcNAc(b1-4)]Man(a1-3)[GlcNAc(b1-2)Man(a1-6)][GlcNAc(b1-4)]Man(b1-4)GlcNAc(b1-4)GlcNAc,1.6322420748338118e-08,20,-1.3444852175784945,H-,candycrunch
1016.2257080078125,-2,33.600073333333334,Neu5Ac(a2-?)Gal(b1-4)GlcNAc(b1-2)Man(a1-3)[Man(a1-2)Man(a1-6)[Man(a1-3)]Man(a1-6)]Man(b1-4)GlcNAc(b1-4)GlcNAc,2.345670054637594e-06,6,1.1264896208465416,H-,candycrunch
1016.33203125,-2,19.01203,Neu5Ac(a2-?)Gal(b1-4)GlcNAc(b1-2)Man(a1-3)[Man(a1-2)Man(a1-6)[Man(a1-3)]Man(a1-6)]Man(b1-4)GlcNAc(b1-4)GlcNAc,9.339811981590174e-07,2,1.0201663786590416,H-,candycrunch
1016.4166259765625,-2,20.740713333333332,Neu5Ac(a2-?)Gal(b1-4)GlcNAc(b1-2)Man(a1-3)[Man(a1-2)Man(a1-6)[Man(a1-3)]Man(a1-6)]Man(b1-4)GlcNAc(b1-4)GlcNAc,1.9596102447394514e-06,2,0.9355716520965416,H-,candycrunch
1016.6229248046875,-2,28.100334999999998,Neu5Gc(a2-3)Gal(b1-4)[Fuc(a1-3)]GlcNAc(b1-2)Man(a1-3)[Man(a1-3)[Man(a1-6)]Man(a1-6)]Man(b1-4)GlcNAc(b1-4)GlcNAc,9.328547093900852e-06,11,0.7292728227215548,H-,candycrunch
1017.8565673828125,-3,31.691021666666668,Neu5Ac(a2-?)[Gal(b1-?)]Gal(b1-4)GlcNAc(b1-2)[Gal(b1-?)Gal(b1-4)GlcNAc(b1-4)]Man(a1-3)[Neu5Ac(a2-?)[Gal(b1-?)]Gal(b1-4)GlcNAc(b1-2)Man(a1-6)]Man(b1-4)GlcNAc(b1-4)GlcNAc,1.6827719662160234e-07,1,0.4957416926198448,H-,candycrunch
1018.247314453125,-3,30.34957,Neu5Ac(a2-?)[Gal(b1-?)]Gal(b1-4)GlcNAc(b1-2)[Gal(b1-?)Gal(b1-4)GlcNAc(b1-4)]Man(a1-3)[Neu5Ac(a2-?)[Gal(b1-?)]Gal(b1-4)GlcNAc(b1-2)Man(a1-6)]Man(b1-4)GlcNAc(b1-4)GlcNAc,4.325923873693682e-05,3,0.1049946223073448,H-,candycrunch
1018.260498046875,-3,34.03517333333333,Neu5Ac(a2-?)[Gal(b1-?)]Gal(b1-4)GlcNAc(b1-2)[Gal(b1-?)Gal(b1-4)GlcNAc(b1-4)]Man(a1-3)[Neu5Ac(a2-?)[Gal(b1-?)]Gal(b1-4)GlcNAc(b1-2)Man(a1-6)]Man(b1-4)GlcNAc(b1-4)GlcNAc,1.6812855392345227e-05,1,0.0918110285573448,H-,candycrunch
1018.39404296875,-3,35.745401666666666,Neu5Ac(a2-?)[Gal(b1-?)]Gal(b1-4)GlcNAc(b1-2)[Gal(b1-?)Gal(b1-4)GlcNAc(b1-4)]Man(a1-3)[Neu5Ac(a2-?)[Gal(b1-?)]Gal(b1-4)GlcNAc(b1-2)Man(a1-6)]Man(b1-4)GlcNAc(b1-4)GlcNAc,0.00016079287161119282,1,-0.0417338933176552,H-,candycrunch
1018.582763671875,-3,31.75486666666667,Neu5Ac(a2-?)[Gal(b1-?)]Gal(b1-4)GlcNAc(b1-2)[Gal(b1-?)Gal(b1-4)GlcNAc(b1-4)]Man(a1-3)[Neu5Ac(a2-?)[Gal(b1-?)]Gal(b1-4)GlcNAc(b1-2)Man(a1-6)]Man(b1-4)GlcNAc(b1-4)GlcNAc,1.881149728433229e-05,1,-0.2304545964426552,H-,candycrunch
1020.2955322265625,-3,15.846796666666668,Neu5Ac(a2-?)Gal(b1-4)GlcNAc(b1-2)[Neu5Ac(a2-?)Gal(b1-4)GlcNAc(b1-4)]Man(a1-3)[Neu5Ac(a2-3)[GalNAc(b1-4)]Gal(b1-4)GlcNAc(b1-2)Man(a1-6)]Man(b1-4)GlcNAc(b1-4)GlcNAc,0.0009334173519164324,1,0.7288830972364622,H-,candycrunch
1027.1016845703125,-3,27.257571666666667,Gal(b1-4)GlcNAc(b1-3)Gal(b1-4)GlcNAc(b1-3)Gal(b1-4)GlcNAc(b1-6)[Gal(b1-4)GlcNAc(b1-2)]Man(a1-6)[Gal(b1-4)GlcNAc(b1-2)[Gal(b1-4)GlcNAc(b1-4)]Man(a1-3)]Man(b1-4)GlcNAc(b1-4)GlcNAc,0.0036292350850999355,4,0.26638603371998215,H-,candycrunch
1027.731201171875,-3,27.35085833333333,Gal(b1-4)GlcNAc(b1-3)Gal(b1-4)GlcNAc(b1-3)Gal(b1-4)GlcNAc(b1-6)[Gal(b1-4)GlcNAc(b1-2)]Man(a1-6)[Gal(b1-4)GlcNAc(b1-2)[Gal(b1-4)GlcNAc(b1-4)]Man(a1-3)]Man(b1-4)GlcNAc(b1-4)GlcNAc,0.0005821189261041582,1,-0.36313056784251785,H-,candycrunch
1031.5201416015625,-2,34.27350166666667,Neu5Ac(a2-?)Gal(b1-4)[Fuc(a1-3)]GlcNAc(b1-2)Man(a1-?)[Gal(b1-4)GlcNAc(b1-2)Man(a1-?)]Man(b1-4)GlcNAc(b1-4)GlcNAc,0.01125264260917902,2,-1.6521267334037475,H-,candycrunch
1034.7464599609375,-2,33.530276666666666,GlcNAc(b1-3)Gal(b1-4)GlcNAc(b1-2)[GlcNAc(b1-4)]Man(a1-3)[GlcNAc(b1-2)[GlcNAc(b1-6)]Man(a1-6)]Man(b1-4)GlcNAc(b1-4)GlcNAc,4.494644656460878e-07,4,0.13753933317138944,H-,candycrunch
1035.65185546875,-2,33.522751666666665,GalNAc(b1-4)GlcNAc(b1-2)[Gal(b1-4)GlcNAc(b1-4)]Man(a1-3)[GalNAc(b1-4)GlcNAc(b1-2)Man(a1-6)]Man(b1-4)GlcNAc(b1-4)GlcNAc,6.271844910088475e-08,4,-0.7678561746411106,H-,candycrunch
1038.5771484375,-2,24.230901666666668,Neu5Ac(a2-?)Gal(b1-4)GlcNAc(b1-2)Man(a1-3)[Gal(a1-4)Gal(b1-4)GlcNAc(b1-2)Man(a1-6)]Man(b1-4)GlcNAc(b1-4)GlcNAc,0.0005242936313152313,1,-0.7116762580910745,H-,candycrunch
1039.2293701171875,-2,26.324559999999998,Neu5Ac(a2-?)Gal(b1-4)GlcNAc(b1-?)[Gal(b1-4)GlcNAc(b1-?)]Man(a1-3)[Man(a1-?)Man(a1-6)]Man(b1-4)GlcNAc(b1-4)GlcNAc,0.006334859412163496,1,-1.3638979377785745,H-,candycrunch
1040.3558349609375,-2,19.969411666666666,GlcA(b1-4)GalNAc(b1-4)GlcNAc(b1-2)Man(a1-3)[GalNAc(b1-4)GlcNAc(b1-4)GlcNAc(b1-2)Man(a1-6)]Man(b1-4)GlcNAc(b1-4)GlcNAc,1.4940354731152183e-08,7,1.517796602421413,H-,candycrunch
1040.3863525390625,-2,21.917703333333332,GlcA(b1-4)GalNAc(b1-4)GlcNAc(b1-2)Man(a1-3)[GalNAc(b1-4)GlcNAc(b1-4)GlcNAc(b1-2)Man(a1-6)]Man(b1-4)GlcNAc(b1-4)GlcNAc,6.390690643343078e-09,3,1.487279024296413,H-,candycrunch
1040.798095703125,-2,32.254513333333335,GlcA(b1-4)GalNAc(b1-4)GlcNAc(b1-4)GlcNAc(b1-2)Man(a1-6)[GalNAc(b1-4)GlcNAc(b1-2)Man(a1-3)]Man(b1-4)GlcNAc(b1-4)GlcNAc,6.527086782170954e-08,1,1.075535860233913,H-,candycrunch
1041.35986328125,-2,19.98551,GlcA(b1-4)GalNAc(b1-4)GlcNAc(b1-2)Man(a1-3)[GalNAc(b1-4)GlcNAc(b1-4)GlcNAc(b1-2)Man(a1-6)]Man(b1-4)GlcNAc(b1-4)GlcNAc,8.938818574222296e-09,4,0.5137682821089129,H-,candycrunch
1041.4798583984375,-2,31.955768333333335,GlcA(b1-4)GalNAc(b1-4)GlcNAc(b1-4)GlcNAc(b1-2)Man(a1-6)[GalNAc(b1-4)GlcNAc(b1-2)Man(a1-3)]Man(b1-4)GlcNAc(b1-4)GlcNAc,3.374870161110266e-08,21,0.3937731649214129,H-,candycrunch
1041.4862060546875,-2,34.640206666666664,GlcA(b1-4)GalNAc(b1-4)GlcNAc(b1-2)Man(a1-3)[GalNAc(b1-4)GlcNAc(b1-4)GlcNAc(b1-2)Man(a1-6)]Man(b1-4)GlcNAc(b1-4)GlcNAc,2.5753068566558568e-09,1,0.3874255086714129,H-,candycrunch
1041.521484375,-2,33.08555666666666,GlcA(b1-4)GalNAc(b1-4)GlcNAc(b1-4)GlcNAc(b1-2)Man(a1-6)[GalNAc(b1-4)GlcNAc(b1-2)Man(a1-3)]Man(b1-4)GlcNAc(b1-4)GlcNAc,1.5160619426524136e-08,6,0.3521471883589129,H-,candycrunch
1041.6102294921875,-2,35.979785,GlcA(b1-4)GalNAc(b1-4)GlcNAc(b1-2)Man(a1-3)[GalNAc(b1-4)GlcNAc(b1-4)GlcNAc(b1-2)Man(a1-6)]Man(b1-4)GlcNAc(b1-4)GlcNAc,1.5445465351149323e-08,1,0.2634020711714129,H-,candycrunch
1042.4599609375,-3,31.962631666666667,Neu5Ac(a2-?)Gal(b1-4)GlcNAc(b1-2)[Gal(a1-4)Gal(b1-4)GlcNAc(b1-4)]Man(a1-3)[Gal(a1-4)Gal(b1-4)GlcNAc(b1-2)[Gal(a1-4)Gal(b1-4)GlcNAc(b1-6)]Man(a1-6)]Man(b1-4)GlcNAc(b1-4)GlcNAc,0.00013766840856987983,17,0.5712746238989439,H-,candycrunch
1043.474853515625,-4,31.969054999999997,Fuc(a1-3)[Gal(b1-4)]GlcNAc(b1-3)Gal(b1-4)GlcNAc(b1-?)[Neu5Ac(a2-?)Gal(b1-4)GlcNAc(b1-?)]Man(a1-3)[Fuc(a1-3)[Gal(b1-4)]GlcNAc(b1-3)Gal(b1-4)GlcNAc(b1-2)[Fuc(a1-3)[Gal(b1-4)]GlcNAc(b1-3)Gal(b1-4)GlcNAc(b1-6)]Man(a1-6)]Man(b1-4)GlcNAc(b1-4)GlcNAc,2.890581890824251e-05,16,0.39971504526874924,H-,candycrunch
1044.1873779296875,-4,26.009539999999998,Fuc(a1-3)[Gal(b1-4)]GlcNAc(b1-3)Gal(b1-4)GlcNAc(b1-?)[Neu5Ac(a2-?)Gal(b1-4)GlcNAc(b1-?)]Man(a1-3)[Fuc(a1-3)[Gal(b1-4)]GlcNAc(b1-3)Gal(b1-4)GlcNAc(b1-2)[Fuc(a1-3)[Gal(b1-4)]GlcNAc(b1-3)Gal(b1-4)GlcNAc(b1-6)]Man(a1-6)]Man(b1-4)GlcNAc(b1-4)GlcNAc,0.0006117019802331924,10,-0.31280936879375076,H-,candycrunch
1044.4788818359375,-4,31.990066666666667,Fuc(a1-3)[Gal(b1-4)]GlcNAc(b1-3)Gal(b1-4)GlcNAc(b1-?)[Neu5Ac(a2-?)Gal(b1-4)GlcNAc(b1-?)]Man(a1-3)[Fuc(a1-3)[Gal(b1-4)]GlcNAc(b1-3)Gal(b1-4)GlcNAc(b1-2)[Fuc(a1-3)[Gal(b1-4)]GlcNAc(b1-3)Gal(b1-4)GlcNAc(b1-6)]Man(a1-6)]Man(b1-4)GlcNAc(b1-4)GlcNAc,0.00011714335414581001,4,-0.6043132750437508,H-,candycrunch
1044.69287109375,-4,30.356845,Fuc(a1-3)[Gal(b1-4)]GlcNAc(b1-3)Gal(b1-4)GlcNAc(b1-?)[Neu5Ac(a2-?)Gal(b1-4)GlcNAc(b1-?)]Man(a1-3)[Fuc(a1-3)[Gal(b1-4)]GlcNAc(b1-3)Gal(b1-4)GlcNAc(b1-2)[Fuc(a1-3)[Gal(b1-4)]GlcNAc(b1-3)Gal(b1-4)GlcNAc(b1-6)]Man(a1-6)]Man(b1-4)GlcNAc(b1-4)GlcNAc,0.0010676124366000295,1,-0.8183025328562508,H-,candycrunch
1045.1744384765625,-3,26.04015,Neu5Ac(a2-?)Gal(b1-4)GlcNAc(b1-?)[Gal(b1-4)GlcNAc(b1-?)]Man(a1-3)[Neu5Ac(a2-3)[GalNAc(b1-4)]Gal(b1-4)GlcNAc(b1-?)[Gal(b1-4)GlcNAc(b1-?)]Man(a1-6)]Man(b1-4)GlcNAc(b1-4)GlcNAc,0.00013268660404719412,6,0.5289033332030613,H-,candycrunch
1046.6441650390625,-2,33.571255,Fuc(a1-3)[Gal(b1-4)]GlcNAc(b1-?)[Gal(b1-4)GlcNAc(b1-?)]Man(a1-3)[Man(a1-3)[Man(a1-6)]Man(a1-6)]Man(b1-4)GlcNAc(b1-4)GlcNAc,9.853259143710602e-06,4,-0.27103499270356224,H-,candycrunch
1046.684326171875,-2,28.300998333333332,Fuc(a1-?)[Gal(b1-?)]GlcNAc(b1-?)[Gal(b1-?)GlcNAc(b1-?)]Man(a1-3)[Man(a1-3)[Man(a1-6)]Man(a1-6)]Man(b1-4)GlcNAc(b1-4)GlcNAc,3.432446874285233e-06,8,-0.31119612551606224,H-,candycrunch
1046.695068359375,-2,23.180031666666668,Fuc(a1-3)[Gal(b1-4)]GlcNAc(b1-?)[Gal(b1-4)GlcNAc(b1-?)]Man(a1-3)[Man(a1-3)[Man(a1-6)]Man(a1-6)]Man(b1-4)GlcNAc(b1-4)GlcNAc,1.1087005987064913e-05,1,-0.32193831301606224,H-,candycrunch
1047.30615234375,-2,28.379975,Neu5Gc(a2-?)Gal(b1-4)GlcNAc(b1-2)Man(a1-3)[Gal(a1-3)Gal(b1-4)GlcNAc(b1-2)Man(a1-6)]Man(b1-4)GlcNAc(b1-4)GlcNAc,0.013664512895047665,2,-1.4432228543412293,H-,candycrunch
1047.6607666015625,-3,21.453473333333335,Neu5Ac(a2-?)Gal(b1-4)[Neu5Ac(a2-?)]GlcNAc(b1-2)[Neu5Ac(a2-?)Gal(b1-4)GlcNAc(b1-4)]Man(a1-3)[Neu5Ac(a2-?)Gal(b1-4)GlcNAc(b1-2)Man(a1-6)]Man(b1-4)GlcNAc(b1-4)GlcNAc,0.19558560848236084,3,2.7023300467697027,H-,candycrunch
1054.4041748046875,-1,34.16748666666666,Man(a1-?)Man(a1-?)[Man(a1-?)]Man(b1-4)GlcNAc(b1-4)GlcNAc,0.04226486012339592,1,0.9742375851515135,H-,candycrunch
1057.25439453125,-2,34.900045,Neu5Ac(a2-?)Gal(b1-4)GlcNAc(b1-2)Man(a1-3)[Gal(b1-4)GlcNAc(b1-2)Man(a1-6)][GlcNAc(b1-4)]Man(b1-4)GlcNAc(b1-4)GlcNAc,0.0009283946710638702,1,1.1243521989088094,H-,candycrunch
1057.7735595703125,-2,35.01686,Neu5Ac(a2-?)Gal(b1-4)GlcNAc(b1-2)[Gal(b1-4)GlcNAc(b1-4)]Man(a1-3)[GalOS(b1-4)GlcNAc(b1-2)Man(a1-6)]Man(b1-4)GlcNAc(b1-4)GlcNAc,0.002469360828399658,1,0.6051871598463094,H-,candycrunch
1059.672119140625,-2,27.249656666666667,Fuc(a1-3)[Gal(b1-4)]GlcNAc(b1-2)Man(a1-3)[Fuc(a1-3)[Gal(b1-4)]GlcNAc(b1-2)Man(a1-6)][GlcNAc(b1-4)]Man(b1-4)GlcNAc(b1-4)GlcNAc,3.168009061482735e-05,5,-0.7831718547661239,H-,candycrunch
1060.2010498046875,-4,27.481690000000004,Neu5Ac(a2-?)Gal(b1-4)GlcNAc(b1-3)Gal(b1-4)GlcNAc(b1-2)[Neu5Ac(a2-?)Gal(b1-4)GlcNAc(b1-3)Gal(b1-4)GlcNAc(b1-6)]Man(a1-6)[Neu5Ac(a2-?)Gal(b1-4)GlcNAc(b1-2)[Neu5Ac(a2-?)Gal(b1-4)GlcNAc(b1-4)]Man(a1-3)]Man(b1-4)GlcNAc(b1-4)GlcNAc,0.0009814136428758502,1,1.1686005382814528,H-,candycrunch
1063.385986328125,-4,31.982815000000002,Neu5Ac(a2-?)Gal(b1-4)GlcNAc(b1-3)Gal(b1-4)GlcNAc(b1-2)[Neu5Ac(a2-?)Gal(b1-4)GlcNAc(b1-3)Gal(b1-4)GlcNAc(b1-6)]Man(a1-6)[Neu5Ac(a2-?)Gal(b1-4)GlcNAc(b1-2)[Neu5Ac(a2-?)Gal(b1-4)GlcNAc(b1-4)]Man(a1-3)]Man(b1-4)GlcNAc(b1-4)GlcNAc,0.00011096530215581879,8,-2.016335985156047,H-,candycrunch
1064.420654296875,-1,31.997325,GlcNAc(b1-2)Man(a1-6)[Xyl(b1-2)]Man(b1-4)GlcNAc(b1-4)GlcNAc,0.0012846010504290462,3,1.9737425079640616,H-,candycrunch
1067.01513671875,-1,26.518311666666666,GlcNAc(b1-2)Man(a1-3)[Xyl(b1-2)]Man(b1-4)GlcNAc(b1-4)GlcNAc,0.004738185554742813,1,-0.6207399139109384,H-,candycrunch
1068.1927490234375,-1,35.09282666666667,GlcNAc(b1-2)Man(a1-6)[Xyl(b1-2)]Man(b1-4)GlcNAc(b1-4)GlcNAc,5.101752685732208e-05,1,-1.7983522185984384,H-,candycrunch
1070.487060546875,-1,37.356654999999996,GlcNAc(b1-2)Man(a1-3)[Xyl(b1-2)]Man(b1-4)GlcNAc(b1-4)GlcNAc,0.0020417682826519012,1,-4.092663742035938,H-,candycrunch
1075.09228515625,-3,33.57852166666667,Neu5Ac(a2-?)Gal(b1-4)GlcNAc(b1-2)[Neu5Ac(a2-?)Gal(b1-4)GlcNAc(b1-4)]Man(a1-3)[Neu5Ac(a2-?)Gal(b1-4)GlcNAc(b1-?)[Gal(b1-4)GlcNAc(b1-?)]Man(a1-6)]Man(b1-4)GlcNAc(b1-4)GlcNAc,0.00020328212121967226,2,-0.050262021951084535,H-,candycrunch
1075.146240234375,-3,26.01749333333333,Neu5Ac(a2-?)Gal(b1-4)GlcNAc(b1-2)[Neu5Ac(a2-?)Gal(b1-4)GlcNAc(b1-4)]Man(a1-3)[Neu5Ac(a2-?)Gal(b1-4)GlcNAc(b1-?)[Gal(b1-4)GlcNAc(b1-?)]Man(a1-6)]Man(b1-4)GlcNAc(b1-4)GlcNAc,0.0011472755577415228,8,-0.10421710007608453,H-,candycrunch
1075.6697998046875,-3,33.91600666666667,Fuc(a1-2)Gal(b1-4)[Fuc(a1-3)]GlcNAc(b1-?)[Gal(b1-4)GlcNAc(b1-?)]Man(a1-3)[Neu5Ac(a2-?)Gal(b1-4)[Fuc(a1-3)]GlcNAc(b1-?)[Fuc(a1-3)[Gal(b1-4)]GlcNAc(b1-?)]Man(a1-6)]Man(b1-4)GlcNAc(b1-4)GlcNAc,0.00033020612318068743,1,0.05249073721165587,H-,candycrunch
1076.1187744140625,-3,26.047408333333333,Fuc(a1-2)Gal(b1-4)[Fuc(a1-3)]GlcNAc(b1-?)[Gal(b1-4)GlcNAc(b1-?)]Man(a1-3)[Neu5Ac(a2-?)Gal(b1-4)[Fuc(a1-3)]GlcNAc(b1-?)[Fuc(a1-3)[Gal(b1-4)]GlcNAc(b1-?)]Man(a1-6)]Man(b1-4)GlcNAc(b1-4)GlcNAc,6.274190673138946e-05,4,-0.39648387216334413,H-,candycrunch
1078.471435546875,-3,41.97920833333333,Neu5Ac(a2-?)Gal(b1-4)GlcNAc(b1-2)[Neu5Ac(a2-?)GlcNAc(b1-4)]Man(a1-3)[Neu5Ac(a2-?)GalNAc(b1-4)GlcNAc(b1-2)[Neu5Ac(a2-?)GlcNAc(b1-6)]Man(a1-6)]Man(b1-4)GlcNAc(b1-4)GlcNAc,4.464283483684994e-05,1,-0.7573061642094672,H-,candycrunch
1081.40771484375,-2,18.538441666666667,Kdn(a2-3)Gal(b1-4)GlcNAc(b1-2)Man(a1-?)[Neu5Ac(a2-?)Gal(b1-4)GlcNAc(b1-2)Man(a1-?)]Man(b1-4)GlcNAc(b1-4)GlcNAc,4.71537987323245e-06,3,0.4657791199088024,H-,candycrunch
1090.6781005859375,-3,23.099961666666665,Neu5Ac(a2-3)[GalNAc(b1-4)]Gal(b1-4)GlcNAc(b1-?)[Neu5Ac(a2-?)Gal(b1-4)GlcNAc(b1-?)]Man(a1-3)[Neu5Ac(a2-3)[GalNAc(b1-4)]Gal(b1-4)GlcNAc(b1-2)Man(a1-6)]Man(b1-4)GlcNAc(b1-4)GlcNAc,0.0001543310354463756,4,-1.960561084471692,H-,candycrunch
1098.4039306640625,-3,29.987008333333332,Gal(b1-4)GlcNAc(b1-3)Gal(b1-4)GlcNAc(b1-2)[Gal(b1-4)GlcNAc(b1-6)]Man(a1-6)[Neu5Ac(a2-?)Gal(b1-4)GlcNAc(b1-2)[Neu5Ac(a2-?)Gal(b1-4)GlcNAc(b1-4)]Man(a1-3)]Man(b1-4)GlcNAc(b1-4)GlcNAc,4.126474323129514e-06,15,1.3170189562031283,H-,candycrunch
1098.4383544921875,-1,16.727165,GlcNAc(b1-2)Man(a1-3)[Man(a1-6)]Man(b1-4)GlcNAc(b1-4)GlcNAc,0.011403262615203857,22,-2.0333930008484913,H-,candycrunch
1098.453125,-3,17.935936666666667,Gal(b1-4)GlcNAc(b1-3)Gal(b1-4)GlcNAc(b1-2)[Gal(b1-4)GlcNAc(b1-6)]Man(a1-6)[Neu5Ac(a2-?)Gal(b1-4)GlcNAc(b1-2)[Neu5Ac(a2-?)Gal(b1-4)GlcNAc(b1-4)]Man(a1-3)]Man(b1-4)GlcNAc(b1-4)GlcNAc,0.00010936132457572967,4,1.2678246202656283,H-,candycrunch
1098.481201171875,-1,24.068083333333334,GlcNAc(b1-2)Man(a1-3)[Man(a1-6)]Man(b1-4)GlcNAc(b1-4)GlcNAc,0.015378286130726337,5,-2.0762396805359913,H-,candycrunch
1098.531494140625,-1,25.62073,GlcNAc(b1-2)Man(a1-3)[Man(a1-6)]Man(b1-4)GlcNAc(b1-4)GlcNAc,0.01960950717329979,15,-2.1265326492859913,H-,candycrunch
1099.3992919921875,-3,16.735066666666665,Gal(b1-4)GlcNAc(b1-3)Gal(b1-4)GlcNAc(b1-2)[Gal(b1-4)GlcNAc(b1-6)]Man(a1-6)[Neu5Ac(a2-?)Gal(b1-4)GlcNAc(b1-2)[Neu5Ac(a2-?)Gal(b1-4)GlcNAc(b1-4)]Man(a1-3)]Man(b1-4)GlcNAc(b1-4)GlcNAc,6.936013051017653e-06,11,0.32165762807812825,H-,candycrunch
1099.4185791015625,-3,29.99519,Gal(b1-4)GlcNAc(b1-3)Gal(b1-4)GlcNAc(b1-2)[Gal(b1-4)GlcNAc(b1-6)]Man(a1-6)[Neu5Ac(a2-?)Gal(b1-4)GlcNAc(b1-2)[Neu5Ac(a2-?)Gal(b1-4)GlcNAc(b1-4)]Man(a1-3)]Man(b1-4)GlcNAc(b1-4)GlcNAc,1.0738272067101207e-06,7,0.30237051870312825,H-,candycrunch
1099.4227294921875,-3,25.62806833333333,Gal(b1-4)GlcNAc(b1-3)Gal(b1-4)GlcNAc(b1-2)[Gal(b1-4)GlcNAc(b1-6)]Man(a1-6)[Neu5Ac(a2-?)Gal(b1-4)GlcNAc(b1-2)[Neu5Ac(a2-?)Gal(b1-4)GlcNAc(b1-4)]Man(a1-3)]Man(b1-4)GlcNAc(b1-4)GlcNAc,1.6494584997417405e-05,11,0.29822012807812825,H-,candycrunch
1100.3956298828125,-3,25.641623333333335,Gal(b1-4)GlcNAc(b1-3)Gal(b1-4)GlcNAc(b1-2)[Gal(b1-4)GlcNAc(b1-6)]Man(a1-6)[Neu5Ac(a2-?)Gal(b1-4)GlcNAc(b1-2)[Neu5Ac(a2-?)Gal(b1-4)GlcNAc(b1-4)]Man(a1-3)]Man(b1-4)GlcNAc(b1-4)GlcNAc,6.197011680342257e-05,6,-0.6746802625468717,H-,candycrunch
1100.4166259765625,-3,17.344463333333334,Gal(b1-4)GlcNAc(b1-3)Gal(b1-4)GlcNAc(b1-2)[Gal(b1-4)GlcNAc(b1-6)]Man(a1-6)[Neu5Ac(a2-?)Gal(b1-4)GlcNAc(b1-2)[Neu5Ac(a2-?)Gal(b1-4)GlcNAc(b1-4)]Man(a1-3)]Man(b1-4)GlcNAc(b1-4)GlcNAc,1.0246682222714298e-06,3,-0.6956763562968717,H-,candycrunch
1100.42724609375,-3,30.030959999999997,Gal(b1-4)GlcNAc(b1-3)Gal(b1-4)GlcNAc(b1-2)[Gal(b1-4)GlcNAc(b1-6)]Man(a1-6)[Neu5Ac(a2-?)Gal(b1-4)GlcNAc(b1-2)[Neu5Ac(a2-?)Gal(b1-4)GlcNAc(b1-4)]Man(a1-3)]Man(b1-4)GlcNAc(b1-4)GlcNAc,2.466285593527573e-07,4,-0.7062964734843717,H-,candycrunch
1108.2415771484375,-2,32.23996833333334,Neu5Ac(a2-?)Gal(b1-4)GlcNAc(b1-2)Man(a1-?)[Neu5Gc(a2-?)Gal(b1-4)GlcNAc(b1-2)Man(a1-?)]Man(b1-4)GlcNAc(b1-4)GlcNAc,5.49367796338629e-05,7,2.1426488785214133,H-,candycrunch
1111.716064453125,-2,24.508461666666665,Neu5Ac(a2-6)Gal(b1-4)GlcNAc(b1-2)Man(a1-3)[Neu5Gc(a2-6)Gal(b1-4)GlcNAc(b1-2)Man(a1-6)]Man(b1-4)GlcNAc(b1-4)GlcNAc,0.0020837951451539993,23,-1.3318384261660867,H-,candycrunch
1112.66650390625,-2,24.51641833333333,Neu5Ac(a2-6)Gal(b1-4)GlcNAc(b1-2)Man(a1-3)[Neu5Gc(a2-6)Gal(b1-4)GlcNAc(b1-2)Man(a1-6)]Man(b1-4)GlcNAc(b1-4)GlcNAc,0.003966689575463533,7,-2.2822778792910867,H-,candycrunch
1114.498779296875,-2,23.40767,GlcA(b1-4)GalNAc(b1-4)GlcNAc(b1-4)GlcNAc(b1-2)Man(a1-6)[GalNAc(b1-4)GlcNAc(b1-2)Man(a1-3)]Man(b1-4)GlcNAc(b1-4)[Fuc(a1-6)]GlcNAc,2.759932282714317e-09,3,0.4038066709838404,H-,candycrunch
1117.16455078125,-4,25.295438333333333,Neu5Ac(a2-?)Gal(b1-4)GlcNAc(b1-3)Gal(b1-4)GlcNAc(b1-?)[Fuc(a1-3)[Gal(b1-4)]GlcNAc(b1-3)Gal(b1-4)GlcNAc(b1-?)]Man(a1-6)[Fuc(a1-3)[Gal(b1-4)]GlcNAc(b1-3)Gal(b1-4)GlcNAc(b1-?)[Neu5Ac(a2-?)Gal(b1-4)[Fuc(a1-3)]GlcNAc(b1-?)]Man(a1-3)]Man(b1-4)GlcNAc(b1-4)GlcNAc,0.002603583736345172,7,-0.5161280937061292,H-,candycrunch
1117.6719970703125,-3,25.120183333333333,Neu5Ac(a2-?)Gal(b1-4)GlcNAc(b1-2)[Neu5Ac(a2-?)Gal(b1-4)GlcNAc(b1-4)]Man(a1-3)[Neu5Ac(a2-?)Gal(b1-4)GlcNAc(b1-2)[Neu5Ac(a2-?)GlcNAc(b1-6)]Man(a1-6)]Man(b1-4)GlcNAc(b1-4)GlcNAc,5.806955596199259e-05,1,0.3842237556866621,H-,candycrunch
1118.2276611328125,-2,25.207676666666668,Neu5Gc(a2-?)Gal(b1-4)GlcNAc(b1-2)Man(a1-3)[Neu5Gc(a2-?)Gal(b1-4)GlcNAc(b1-2)Man(a1-6)]Man(b1-4)GlcNAc(b1-4)GlcNAc,0.001976212253794074,4,0.15402220414625845,H-,candycrunch
1118.6434326171875,-2,22.314383333333335,Neu5Gc(a2-6)Gal(b1-4)GlcNAc(b1-2)Man(a1-3)[Neu5Gc(a2-6)Gal(b1-4)GlcNAc(b1-2)Man(a1-6)]Man(b1-4)GlcNAc(b1-4)GlcNAc,0.0028549442067742348,2,-0.26174928022874155,H-,candycrunch
1119.6939697265625,-2,24.493571666666668,Neu5Gc(a2-6)Gal(b1-4)GlcNAc(b1-2)Man(a1-3)[Neu5Gc(a2-3)Gal(b1-4)GlcNAc(b1-2)Man(a1-6)]Man(b1-4)GlcNAc(b1-4)GlcNAc,0.09786508232355118,3,-1.3122863896037416,H-,candycrunch
1120.390869140625,-2,17.292761666666667,Neu5Ac(a2-?)Gal(b1-4)GlcNAc(b1-3)Gal(b1-4)GlcNAc(b1-2)Man(a1-3)[Man(a1-3)[Man(a1-6)]Man(a1-6)]Man(b1-4)GlcNAc(b1-4)GlcNAc,4.527227793005295e-05,1,-1.4989852454662014,H-,candycrunch
1120.453857421875,-2,25.66332166666667,Neu5Ac(a2-?)Gal(b1-4)GlcNAc(b1-3)Gal(b1-4)GlcNAc(b1-2)Man(a1-3)[Man(a1-3)[Man(a1-6)]Man(a1-6)]Man(b1-4)GlcNAc(b1-4)GlcNAc,8.416809009759163e-07,4,-1.5619735267162014,H-,candycrunch
1121.3985595703125,-2,29.354611666666663,Neu5Ac(a2-?)GalNAc(b1-4)GlcNAc(b1-2)Man(a1-?)[Neu5Ac(a2-?)Gal(b1-4)GlcNAc(b1-2)Man(a1-?)]Man(b1-4)GlcNAc(b1-4)GlcNAc,0.0009987378725782037,9,1.5014836973962247,H-,candycrunch
1122.4014892578125,-2,29.37643333333333,Neu5Ac(a2-?)GalNAc(b1-4)GlcNAc(b1-2)Man(a1-?)[Neu5Ac(a2-?)Gal(b1-4)GlcNAc(b1-2)Man(a1-?)]Man(b1-4)GlcNAc(b1-4)GlcNAc,0.0007092755986377597,6,0.49855400989622467,H-,candycrunch
1123.099365234375,-2,24.62552833333333,Neu5Ac(a2-?)GalNAc(b1-4)GlcNAc(b1-2)Man(a1-3)[Neu5Ac(a2-?)Gal(b1-4)GlcNAc(b1-2)Man(a1-6)]Man(b1-4)GlcNAc(b1-4)GlcNAc,0.000691223714966327,1,-0.19932196666627533,H-,candycrunch
1134.205078125,-4,26.803103333333333,Neu5Ac(a2-?)Gal(b1-4)GlcNAc(b1-3)Gal(b1-4)GlcNAc(b1-2)[Neu5Ac(a2-?)Gal(b1-4)GlcNAc(b1-3)Gal(b1-4)GlcNAc(b1-6)]Man(a1-6)[Neu5Ac(a2-?)Gal(b1-4)[Neu5Ac(a2-?)]GlcNAc(b1-?)[Neu5Ac(a2-?)Gal(b1-4)GlcNAc(b1-?)]Man(a1-3)]Man(b1-4)GlcNAc(b1-4)GlcNAc,3.92168658436276e-05,5,-0.061573655381153,H-,candycrunch
1135.1334228515625,-4,26.838898333333333,Neu5Ac(a2-?)Gal(b1-4)GlcNAc(b1-3)Gal(b1-4)GlcNAc(b1-2)[Neu5Ac(a2-?)Gal(b1-4)GlcNAc(b1-3)Gal(b1-4)GlcNAc(b1-6)]Man(a1-6)[Neu5Ac(a2-?)Gal(b1-4)[Neu5Ac(a2-?)]GlcNAc(b1-?)[Neu5Ac(a2-?)Gal(b1-4)GlcNAc(b1-?)]Man(a1-3)]Man(b1-4)GlcNAc(b1-4)GlcNAc,3.6596709378500236e-06,1,-0.989918381943653,H-,candycrunch
1140.625,-3,33.282736666666665,GlcA(b1-4)GalNAc(b1-4)GlcNAc(b1-4)GlcNAc(b1-?)[GlcA(b1-4)GalNAc(b1-4)GlcNAc(b1-?)]Man(a1-?)[GlcA(b1-4)GalNAc(b1-4)GlcNAc(b1-?)[GlcA(b1-4)GalNAc(b1-4)GlcNAc(b1-?)]Man(a1-?)]Man(b1-4)GlcNAc(b1-4)GlcNAc,9.84891546096378e-09,2,0.4262469006991978,H-,candycrunch
1141.2333984375,-3,33.95164666666667,GlcA(b1-4)GalNAc(b1-4)GlcNAc(b1-4)GlcNAc(b1-?)[GlcA(b1-4)GalNAc(b1-4)GlcNAc(b1-?)]Man(a1-?)[GlcA(b1-4)GalNAc(b1-4)GlcNAc(b1-?)[GlcA(b1-4)GalNAc(b1-4)GlcNAc(b1-?)]Man(a1-?)]Man(b1-4)GlcNAc(b1-4)GlcNAc,2.6356699933671734e-08,2,-0.1821515368008022,H-,candycrunch
1141.5791015625,-3,32.326526666666666,GlcA(b1-4)GalNAc(b1-4)GlcNAc(b1-4)GlcNAc(b1-?)[GlcA(b1-4)GalNAc(b1-4)GlcNAc(b1-?)]Man(a1-?)[GlcA(b1-4)GalNAc(b1-4)GlcNAc(b1-?)[GlcA(b1-4)GalNAc(b1-4)GlcNAc(b1-?)]Man(a1-?)]Man(b1-4)GlcNAc(b1-4)GlcNAc,4.776165951625444e-08,4,-0.5278546618008022,H-,candycrunch
1141.740966796875,-3,33.89467166666667,GlcA(b1-4)GalNAc(b1-4)GlcNAc(b1-4)GlcNAc(b1-?)[GlcA(b1-4)GalNAc(b1-4)GlcNAc(b1-?)]Man(a1-?)[GlcA(b1-4)GalNAc(b1-4)GlcNAc(b1-?)[GlcA(b1-4)GalNAc(b1-4)GlcNAc(b1-?)]Man(a1-?)]Man(b1-4)GlcNAc(b1-4)GlcNAc,1.209587168204962e-07,1,-0.6897198961758022,H-,candycrunch
1143.361083984375,-3,32.839395,Fuc(a1-2)Gal(b1-4)[Fuc(a1-3)]GlcNAc(b1-3)Gal(b1-4)GlcNAc(b1-?)[GlcNAc(b1-?)]Man(a1-6)[Fuc(a1-2)Gal(b1-4)[Fuc(a1-3)]GlcNAc(b1-2)[Fuc(a1-2)Gal(b1-4)[Fuc(a1-3)]GlcNAc(b1-4)]Man(a1-3)]Man(b1-4)GlcNAc(b1-4)GlcNAc,0.009548434056341648,1,0.39446443899078076,H-,candycrunch
1147.7691650390625,-3,35.393409999999996,Fuc(a1-2)Gal(b1-4)[Fuc(a1-3)]GlcNAc(b1-3)Gal(b1-4)GlcNAc(b1-?)[GlcNAc(b1-?)]Man(a1-6)[Fuc(a1-2)Gal(b1-4)[Fuc(a1-3)]GlcNAc(b1-2)[Fuc(a1-2)Gal(b1-4)[Fuc(a1-3)]GlcNAc(b1-4)]Man(a1-3)]Man(b1-4)GlcNAc(b1-4)GlcNAc,0.005889901425689459,1,-4.013616615696719,H-,candycrunch
1148.238525390625,-3,25.31853166666667,Fuc(a1-2)Gal(b1-4)[Fuc(a1-3)]GlcNAc(b1-3)Gal(b1-4)GlcNAc(b1-?)[GlcNAc(b1-?)]Man(a1-6)[Fuc(a1-2)Gal(b1-4)[Fuc(a1-3)]GlcNAc(b1-2)[Fuc(a1-2)Gal(b1-4)[Fuc(a1-3)]GlcNAc(b1-4)]Man(a1-3)]Man(b1-4)GlcNAc(b1-4)GlcNAc,0.015585840679705143,3,-4.482976967259219,H-,candycrunch
1155.4434814453125,-2,21.889025,Neu5Ac(a2-3)[GalNAc(b1-4)]Gal(b1-4)GlcNAc(b1-2)Man(a1-3)[GalOS(b1-4)GlcNAc(b1-?)[Gal(b1-4)GlcNAc(b1-?)]Man(a1-6)]Man(b1-4)GlcNAc(b1-4)GlcNAc,7.337096030823886e-05,7,4.474951551346294,H-,candycrunch
1155.4493408203125,-2,20.82749666666667,Neu5Ac(a2-3)[GalNAc(b1-4)]Gal(b1-4)GlcNAc(b1-2)Man(a1-3)[GalOS(b1-4)GlcNAc(b1-?)[Gal(b1-4)GlcNAc(b1-?)]Man(a1-6)]Man(b1-4)GlcNAc(b1-4)GlcNAc,0.00014378115884028375,19,4.469092176346294,H-,candycrunch
1156.3919677734375,-2,20.835385000000002,Neu5Ac(a2-3)[GalNAc(b1-4)]Gal(b1-4)GlcNAc(b1-2)Man(a1-3)[GalOS(b1-4)GlcNAc(b1-?)[Gal(b1-4)GlcNAc(b1-?)]Man(a1-6)]Man(b1-4)GlcNAc(b1-4)GlcNAc,7.550479494966567e-05,17,3.526465223221294,H-,candycrunch
1156.45556640625,-2,21.845223333333333,Neu5Ac(a2-3)[GalNAc(b1-4)]Gal(b1-4)GlcNAc(b1-2)Man(a1-3)[GalOS(b1-4)GlcNAc(b1-?)[Gal(b1-4)GlcNAc(b1-?)]Man(a1-6)]Man(b1-4)GlcNAc(b1-4)GlcNAc,3.4366017644060776e-05,4,3.462866590408794,H-,candycrunch
1157.39990234375,-2,20.86447833333333,Neu5Ac(a2-3)[GalNAc(b1-4)]Gal(b1-4)GlcNAc(b1-2)Man(a1-3)[GalOS(b1-4)GlcNAc(b1-?)[Gal(b1-4)GlcNAc(b1-?)]Man(a1-6)]Man(b1-4)GlcNAc(b1-4)GlcNAc,6.859825225546956e-05,14,2.518530652908794,H-,candycrunch
1160.2763671875,-2,16.769535,Fuc(a1-2)Gal(b1-4)[Fuc(a1-3)]GlcNAc(b1-?)[GlcNAc(b1-?)]Man(a1-6)[Gal(b1-4)GlcNAc(b1-2)[GlcNAc(b1-4)]Man(a1-3)]Man(b1-4)GlcNAc(b1-4)GlcNAc,0.0008599903085269034,6,0.15226636485886047,H-,candycrunch
1160.4710693359375,-2,25.58474,Fuc(a1-2)Gal(b1-4)[Fuc(a1-3)]GlcNAc(b1-?)[GlcNAc(b1-?)]Man(a1-6)[Gal(b1-4)GlcNAc(b1-2)[GlcNAc(b1-4)]Man(a1-3)]Man(b1-4)GlcNAc(b1-4)GlcNAc,0.0013637073570862412,5,-0.04243578357863953,H-,candycrunch
1161.3961181640625,-2,25.599386666666668,Fuc(a1-2)Gal(b1-4)[Fuc(a1-3)]GlcNAc(b1-?)[GlcNAc(b1-?)]Man(a1-6)[Gal(b1-4)GlcNAc(b1-2)[GlcNAc(b1-4)]Man(a1-3)]Man(b1-4)GlcNAc(b1-4)GlcNAc,0.002443329431116581,5,-0.9674846117036395,H-,candycrunch
1172.19140625,-3,33.845845000000004,Neu5Ac(a2-?)Gal(b1-4)GlcNAc(b1-2)[Neu5Ac(a2-?)Gal(b1-4)GlcNAc(b1-4)]Man(a1-3)[Neu5Ac(a2-?)Gal(b1-4)GlcNAc(b1-2)[Neu5Ac(a2-?)Gal(b1-4)GlcNAc(b1-6)]Man(a1-6)]Man(b1-4)GlcNAc(b1-4)GlcNAc,0.06526602804660797,1,-0.11757761350099827,H-,candycrunch
1178.37353515625,-2,16.587685,Gal(b1-4)GlcNAc(b1-2)[Gal(b1-4)GlcNAc(b1-4)]Man(a1-3)[Gal(b1-4)GlcNAc(b1-2)[Gal(b1-4)GlcNAc(b1-6)]Man(a1-6)]Man(b1-4)GlcNAc(b1-4)GlcNAc,0.00018581894983071834,7,-1.9499869813912483,H-,candycrunch
1178.390380859375,-2,21.765113333333332,Gal(b1-4)GlcNAc(b1-2)Man(a1-3)[Gal(b1-4)GlcNAc(b1-2)[Gal(b1-4)GlcNAc(b1-4)][Gal(b1-4)GlcNAc(b1-6)]Man(a1-6)]Man(b1-4)GlcNAc(b1-4)GlcNAc,0.000127262799651362,5,-1.9668326845162483,H-,candycrunch
1179.36279296875,-2,21.793375,Gal(b1-4)GlcNAc(b1-2)Man(a1-3)[Gal(b1-4)GlcNAc(b1-2)[Gal(b1-4)GlcNAc(b1-4)][Gal(b1-4)GlcNAc(b1-6)]Man(a1-6)]Man(b1-4)GlcNAc(b1-4)GlcNAc,0.00013125551049597561,2,-2.9392447938912483,H-,candycrunch
1179.3721923828125,-2,16.610008333333333,Gal(b1-4)GlcNAc(b1-2)Man(a1-3)[Gal(b1-4)GlcNAc(b1-2)[Gal(b1-4)GlcNAc(b1-4)][Gal(b1-4)GlcNAc(b1-6)]Man(a1-6)]Man(b1-4)GlcNAc(b1-4)GlcNAc,0.00028632915928028524,3,-2.9486442079537483,H-,candycrunch
1183.734130859375,-2,26.87565833333333,Neu5Ac(a2-?)Gal(b1-4)GlcNAc(b1-2)[Neu5Ac(a2-?)Gal(b1-4)GlcNAc(b1-4)]Man(a1-3)[Man(a1-?)Man(a1-6)]Man(b1-4)GlcNAc(b1-4)GlcNAc,0.03583722934126854,3,-0.3209504266660588,H-,candycrunch
1183.7757568359375,-2,28.092446666666667,Neu5Ac(a2-?)Gal(b1-4)GlcNAc(b1-2)[Neu5Ac(a2-?)Gal(b1-4)GlcNAc(b1-4)]Man(a1-3)[Man(a1-?)Man(a1-6)]Man(b1-4)GlcNAc(b1-4)GlcNAc,0.031212788075208664,10,-0.3625764032285588,H-,candycrunch
1184.6986083984375,-2,28.11482,Neu5Ac(a2-?)Gal(b1-4)GlcNAc(b1-2)[Neu5Ac(a2-?)Gal(b1-4)GlcNAc(b1-4)]Man(a1-3)[Man(a1-?)Man(a1-6)]Man(b1-4)GlcNAc(b1-4)GlcNAc,0.015002799220383167,6,-1.2854279657285588,H-,candycrunch
1184.7288818359375,-2,26.083614999999998,Neu5Ac(a2-?)Gal(b1-4)GlcNAc(b1-2)[Neu5Ac(a2-?)Gal(b1-4)GlcNAc(b1-4)]Man(a1-3)[Man(a1-?)Man(a1-6)]Man(b1-4)GlcNAc(b1-4)GlcNAc,0.008567769080400467,8,-1.3157014032285588,H-,candycrunch
1185.6156005859375,-2,26.098976666666665,Neu5Ac(a2-?)Gal(b1-4)GlcNAc(b1-2)[Neu5Ac(a2-?)Gal(b1-4)GlcNAc(b1-4)]Man(a1-3)[Man(a1-?)Man(a1-6)]Man(b1-4)GlcNAc(b1-4)GlcNAc,0.004435883369296789,6,-2.2024201532285588,H-,candycrunch
1187.7313232421875,-3,40.11308,GlcA(b1-4)GalNAc(b1-4)GlcNAc(b1-4)GlcNAc(b1-?)[GlcA(b1-4)GalNAc(b1-4)GlcNAc(b1-?)]Man(a1-?)[GlcA(b1-4)GalNAc(b1-4)GlcNAc(b1-?)[GlcA(b1-4)GalNAc(b1-4)GlcNAc(b1-?)]Man(a1-?)]Man(b1-4)GlcNAc(b1-4)[Fuc(a1-6)]GlcNAc,1.9009734231190123e-08,1,2.0058932615115737,H-,candycrunch
1190.2249755859375,-3,23.533011666666667,GlcA(b1-4)GalNAc(b1-4)GlcNAc(b1-4)GlcNAc(b1-?)[GlcA(b1-4)GalNAc(b1-4)GlcNAc(b1-?)]Man(a1-?)[GlcA(b1-4)GalNAc(b1-4)GlcNAc(b1-?)[GlcA(b1-4)GalNAc(b1-4)GlcNAc(b1-?)]Man(a1-?)]Man(b1-4)GlcNAc(b1-4)[Fuc(a1-6)]GlcNAc,1.4694580841023708e-07,6,-0.48775908223842634,H-,candycrunch
1191.1982421875,-3,23.569656666666667,GlcA(b1-4)GalNAc(b1-4)GlcNAc(b1-4)GlcNAc(b1-?)[GlcA(b1-4)GalNAc(b1-4)GlcNAc(b1-?)]Man(a1-?)[GlcA(b1-4)GalNAc(b1-4)GlcNAc(b1-?)[GlcA(b1-4)GalNAc(b1-4)GlcNAc(b1-?)]Man(a1-?)]Man(b1-4)GlcNAc(b1-4)[Fuc(a1-6)]GlcNAc,1.5102749273410154e-08,3,-1.4610256838009263,H-,candycrunch
1193.2547607421875,-3,41.18109333333334,Neu5Ac(a2-?)Gal(b1-4)GlcNAc(b1-3)Gal(b1-4)GlcNAc(b1-2)[Neu5Ac(a2-?)Gal(b1-4)GlcNAc(b1-6)]Man(a1-6)[Neu5Ac(a2-?)Gal(b1-4)GlcNAc(b1-?)[Gal(b1-4)GlcNAc(b1-?)]Man(a1-3)]Man(b1-4)GlcNAc(b1-4)GlcNAc,0.0003468598297331482,1,3.497994380277987,H-,candycrunch
1196.5941162109375,-3,39.36675833333333,Neu5Ac(a2-?)Gal(b1-4)GlcNAc(b1-3)Gal(b1-4)GlcNAc(b1-2)[Neu5Ac(a2-?)Gal(b1-4)GlcNAc(b1-6)]Man(a1-6)[Neu5Ac(a2-?)Gal(b1-4)GlcNAc(b1-?)[Gal(b1-4)GlcNAc(b1-?)]Man(a1-3)]Man(b1-4)GlcNAc(b1-4)GlcNAc,0.01185072585940361,1,0.15863891152798715,H-,candycrunch
1217.469482421875,-1,20.995515,Man(a1-3)[Man(a1-6)]Man(a1-6)[Man(a1-3)]Man(b1-4)GlcNAc(b1-4)GlcNAc,0.15126195549964905,7,-0.03824660053601292,H-,candycrunch
1218.40576171875,-1,21.002945,Man(a1-3)[Man(a1-6)]Man(a1-6)[Man(a1-3)]Man(b1-4)GlcNAc(b1-4)GlcNAc,0.09904617816209793,4,-0.9745258974110129,H-,candycrunch
1219.413818359375,-1,17.750711666666668,Man(a1-3)[Man(a1-6)]Man(a1-6)[Man(a1-3)]Man(b1-4)GlcNAc(b1-4)GlcNAc,0.9907004237174988,1,-1.982582538036013,H-,candycrunch
1221.219482421875,-3,23.628673333333335,Gal(b1-4)GlcNAc(b1-3)Gal(b1-4)GlcNAc(b1-3)Gal(b1-4)GlcNAc(b1-6)[Gal(b1-4)GlcNAc(b1-2)]Man(a1-6)[Neu5Ac(a2-3)Gal(b1-4)GlcNAc(b1-2)[Neu5Ac(a2-3)Gal(b1-4)GlcNAc(b1-4)]Man(a1-3)]Man(b1-4)GlcNAc(b1-4)GlcNAc,5.57505381948431e-06,4,0.21219918655719994,H-,candycrunch
1221.72705078125,-3,23.69574,Gal(b1-4)GlcNAc(b1-3)Gal(b1-4)GlcNAc(b1-3)Gal(b1-4)GlcNAc(b1-6)[Gal(b1-4)GlcNAc(b1-2)]Man(a1-6)[Neu5Ac(a2-3)Gal(b1-4)GlcNAc(b1-2)[Neu5Ac(a2-3)Gal(b1-4)GlcNAc(b1-4)]Man(a1-3)]Man(b1-4)GlcNAc(b1-4)GlcNAc,5.028533450968098e-06,1,-0.29536917281780006,H-,candycrunch
1242.607177734375,-1,34.202286666666666,Fuc(a1-3)[Gal(b1-4)]GlcNAc(b1-2)Man(a1-3)Man(b1-4)GlcNAc(b1-4)GlcNAc,2.9147091481718235e-05,2,-0.14430743403590895,H-,candycrunch
1243.4420166015625,-2,20.117776666666668,Fuc(a1-2)Gal(b1-4)[Fuc(a1-3)]GlcNAc(b1-6)[Gal(b1-4)GlcNAc(b1-2)]Man(a1-6)[Gal(b1-4)GlcNAc(b1-2)Man(a1-3)][GlcNAc(b1-4)]Man(b1-4)GlcNAc(b1-4)GlcNAc,0.012268135324120522,4,-1.986971333453539,H-,candycrunch
1243.4735107421875,-1,23.063223333333333,Fuc(a1-3)[Gal(b1-4)]GlcNAc(b1-2)Man(a1-6)Man(b1-4)GlcNAc(b1-4)GlcNAc,5.0795952120097354e-05,8,-1.010640441848409,H-,candycrunch
1244.447021484375,-3,20.153348333333334,Neu5Ac(a2-?)Gal(b1-4)[Fuc(a1-3)]GlcNAc(b1-3)Gal(b1-4)GlcNAc(b1-2)[Neu5Ac(a2-?)Gal(b1-4)[Fuc(a1-3)]GlcNAc(b1-3)Gal(b1-4)GlcNAc(b1-6)]Man(a1-6)[Fuc(a1-3)[Gal(b1-4)]GlcNAc(b1-2)Man(a1-3)]Man(b1-4)GlcNAc(b1-4)GlcNAc,1.6962841300482978e-06,2,1.3318369448907106,H-,candycrunch
1244.4610595703125,-3,23.07874,Neu5Ac(a2-?)Gal(b1-4)[Fuc(a1-3)]GlcNAc(b1-3)Gal(b1-4)GlcNAc(b1-2)[Neu5Ac(a2-?)Gal(b1-4)[Fuc(a1-3)]GlcNAc(b1-3)Gal(b1-4)GlcNAc(b1-6)]Man(a1-6)[Fuc(a1-3)[Gal(b1-4)]GlcNAc(b1-2)Man(a1-3)]Man(b1-4)GlcNAc(b1-4)GlcNAc,4.2933470467687584e-06,5,1.3177988589532106,H-,candycrunch
1244.488037109375,-3,29.874395,Neu5Ac(a2-?)Gal(b1-4)[Fuc(a1-3)]GlcNAc(b1-3)Gal(b1-4)GlcNAc(b1-2)[Neu5Ac(a2-?)Gal(b1-4)[Fuc(a1-3)]GlcNAc(b1-3)Gal(b1-4)GlcNAc(b1-6)]Man(a1-6)[Fuc(a1-3)[Gal(b1-4)]GlcNAc(b1-2)Man(a1-3)]Man(b1-4)GlcNAc(b1-4)GlcNAc,3.655932800938899e-08,6,1.2908213198907106,H-,candycrunch
1245.479248046875,-3,29.895801666666667,Neu5Ac(a2-?)Gal(b1-4)[Fuc(a1-3)]GlcNAc(b1-3)Gal(b1-4)GlcNAc(b1-2)[Neu5Ac(a2-?)Gal(b1-4)[Fuc(a1-3)]GlcNAc(b1-3)Gal(b1-4)GlcNAc(b1-6)]Man(a1-6)[Fuc(a1-3)[Gal(b1-4)]GlcNAc(b1-2)Man(a1-3)]Man(b1-4)GlcNAc(b1-4)GlcNAc,2.160013821139728e-07,4,0.2996103823907106,H-,candycrunch
1249.602294921875,-2,32.19732166666667,Gal(b1-4)GlcNAc(b1-2)[Gal(b1-4)GlcNAc(b1-4)]Man(a1-3)[Fuc(a1-3)[Gal(b1-4)]GlcNAc(b1-?)[Gal(b1-4)GlcNAc(b1-?)]Man(a1-6)]Man(b1-4)GlcNAc(b1-4)GlcNAc,0.16402848064899445,2,-0.1497923425160934,H-,candycrunch
1252.22216796875,-2,23.554988333333334,Gal(b1-4)GlcNAc(b1-2)[Gal(b1-4)GlcNAc(b1-4)]Man(a1-3)[Fuc(a1-3)[Gal(b1-4)]GlcNAc(b1-?)[Gal(b1-4)GlcNAc(b1-?)]Man(a1-6)]Man(b1-4)GlcNAc(b1-4)GlcNAc,0.009503739885985851,4,-2.7696653893910934,H-,candycrunch
1252.7421875,-2,23.703165,Neu5Ac(a2-8)Neu5Ac(a2-3)Gal(b1-4)GlcNAc(b1-2)Man(a1-3)[Neu5Gc(a2-3)Gal(b1-4)GlcNAc(b1-2)Man(a1-6)]Man(b1-4)GlcNAc(b1-4)GlcNAc,0.0006758769159205258,1,3.1897467802587016,H-,candycrunch
1263.23291015625,-2,22.69825666666667,Neu5Gc(a2-8)Neu5Gc(a2-3)Gal(b1-4)GlcNAc(b1-2)Man(a1-?)[Neu5Ac(a2-3)Gal(b1-4)GlcNAc(b1-2)Man(a1-?)]Man(b1-4)GlcNAc(b1-4)GlcNAc,0.0016186995198950171,3,0.6964814340087742,H-,candycrunch
1273.736572265625,-2,34.231006666666666,Neu5Gc(a2-8)Neu5Gc(a2-3)Gal(b1-4)GlcNAc(b1-2)Man(a1-?)[Neu5Gc(a2-3)Gal(b1-4)GlcNAc(b1-2)Man(a1-?)]Man(b1-4)GlcNAc(b1-4)GlcNAc,0.0028656318318098783,1,-1.8097233653661533,H-,candycrunch
1294.1915283203125,-3,22.712776666666667,Neu5Ac(a2-?)Gal(b1-4)GlcNAc(b1-3)Gal(b1-4)GlcNAc(b1-2)[Neu5Ac(a2-?)Gal(b1-4)GlcNAc(b1-6)]Man(a1-6)[Neu5Ac(a2-?)Gal(b1-4)GlcNAc(b1-2)[Neu5Ac(a2-?)Gal(b1-4)GlcNAc(b1-4)]Man(a1-3)]Man(b1-4)GlcNAc(b1-4)GlcNAc,0.000723143108189106,2,-0.4069676956466992,H-,candycrunch
1301.5135498046875,-2,20.366071666666667,Neu5Ac(a2-?)Gal(b1-4)GlcNAc(b1-2)Man(a1-3)[Gal(a1-4)Gal(b1-4)GlcNAc(b1-2)[Gal(a1-4)Gal(b1-4)GlcNAc(b1-6)]Man(a1-6)]Man(b1-4)GlcNAc(b1-4)GlcNAc,0.00023378158221021295,8,-0.05556792727861648,H-,candycrunch
1301.5390625,-2,24.217055,Neu5Ac(a2-?)Gal(b1-4)GlcNAc(b1-2)Man(a1-3)[Gal(a1-4)Gal(b1-4)GlcNAc(b1-2)[Gal(a1-4)Gal(b1-4)GlcNAc(b1-6)]Man(a1-6)]Man(b1-4)GlcNAc(b1-4)GlcNAc,3.673072569654323e-05,2,-0.08108062259111648,H-,candycrunch
1301.57373046875,-2,22.735195,Neu5Ac(a2-?)Gal(b1-4)GlcNAc(b1-2)Man(a1-3)[Gal(a1-4)Gal(b1-4)GlcNAc(b1-2)[Gal(a1-4)Gal(b1-4)GlcNAc(b1-6)]Man(a1-6)]Man(b1-4)GlcNAc(b1-4)GlcNAc,0.0003033796965610236,7,-0.11574859134111648,H-,candycrunch
1302.4793701171875,-2,20.38122166666667,Neu5Ac(a2-?)Gal(b1-4)GlcNAc(b1-2)Man(a1-3)[Gal(a1-4)Gal(b1-4)GlcNAc(b1-2)[Gal(a1-4)Gal(b1-4)GlcNAc(b1-6)]Man(a1-6)]Man(b1-4)GlcNAc(b1-4)GlcNAc,8.332118159160018e-05,6,-1.0213882397786165,H-,candycrunch
1302.5391845703125,-2,22.750495,Neu5Ac(a2-?)Gal(b1-4)GlcNAc(b1-2)Man(a1-3)[Gal(a1-4)Gal(b1-4)GlcNAc(b1-2)[Gal(a1-4)Gal(b1-4)GlcNAc(b1-6)]Man(a1-6)]Man(b1-4)GlcNAc(b1-4)GlcNAc,0.00014491722686216235,2,-1.0812026929036165,H-,candycrunch
1303.5023193359375,-2,20.395796666666666,Neu5Ac(a2-?)Gal(b1-4)GlcNAc(b1-2)[Neu5Ac(a2-?)Gal(b1-4)GlcNAc(b1-4)]Man(a1-3)[GalOS(b1-4)GlcNAc(b1-2)[GalOS(b1-4)GlcNAc(b1-6)]Man(a1-6)]Man(b1-4)GlcNAc(b1-4)GlcNAc,0.0009455102845095098,5,1.9638219140213096,H-,candycrunch
1317.49853515625,-3,23.246076666666667,Neu5Ac(a2-?)Gal(b1-4)GlcNAc(b1-3)Gal(b1-4)GlcNAc(b1-?)[Fuc(a1-3)[Gal(b1-4)]GlcNAc(b1-3)Gal(b1-4)GlcNAc(b1-?)]Man(a1-6)[Neu5Ac(a2-?)Gal(b1-4)GlcNAc(b1-?)[Fuc(a1-3)[Gal(b1-4)]GlcNAc(b1-?)]Man(a1-3)]Man(b1-4)GlcNAc(b1-4)GlcNAc,2.238716660940554e-05,1,1.3050856581824064,H-,candycrunch
1325.162353515625,-2,22.618216666666665,Neu5Ac(a2-?)Gal(b1-4)GlcNAc(b1-?)[Gal(b1-4)GlcNAc(b1-?)]Man(a1-?)[Gal(b1-4)GlcNAc(b1-?)[Gal(b1-4)GlcNAc(b1-?)]Man(a1-?)]Man(b1-4)GlcNAc(b1-4)GlcNAc,0.34918010234832764,1,-3.1910970874662326,H-,candycrunch
1325.7099609375,-2,22.691101666666665,Neu5Ac(a2-?)Gal(b1-4)GlcNAc(b1-?)[Gal(b1-4)GlcNAc(b1-?)]Man(a1-?)[Gal(b1-4)GlcNAc(b1-?)[Gal(b1-4)GlcNAc(b1-?)]Man(a1-?)]Man(b1-4)GlcNAc(b1-4)GlcNAc,0.01657414436340332,2,-3.7387045093412326,H-,candycrunch
1363.4388427734375,-2,20.38866,Neu5Ac(a2-?)Gal(b1-4)GlcNAc(b1-2)Man(a1-3)[Neu5Ac(a2-?)Gal(b1-4)GlcNAc(b1-2)[Gal(a1-4)Gal(b1-4)GlcNAc(b1-6)]Man(a1-6)]Man(b1-4)GlcNAc(b1-4)GlcNAc,8.775360038271174e-05,5,2.5404356415212987,H-,candycrunch
1363.7635498046875,-2,33.64980333333333,Neu5Ac(a2-?)Gal(b1-4)GlcNAc(b1-2)Man(a1-3)[Neu5Ac(a2-?)Gal(b1-4)GlcNAc(b1-2)[Gal(a1-4)Gal(b1-4)GlcNAc(b1-6)]Man(a1-6)]Man(b1-4)GlcNAc(b1-4)GlcNAc,0.00026695115957409143,2,2.2157286102712987,H-,candycrunch
1364.4434814453125,-2,20.402953333333333,Neu5Ac(a2-?)Gal(b1-4)GlcNAc(b1-2)Man(a1-3)[Neu5Ac(a2-?)Gal(b1-4)GlcNAc(b1-2)[Gal(a1-4)Gal(b1-4)GlcNAc(b1-6)]Man(a1-6)]Man(b1-4)GlcNAc(b1-4)GlcNAc,0.00015570924733765423,5,1.5357969696462987,H-,candycrunch
1365.4346923828125,-2,20.416946666666668,Neu5Ac(a2-?)Gal(b1-4)GlcNAc(b1-2)Man(a1-3)[Neu5Ac(a2-?)Gal(b1-4)GlcNAc(b1-2)[Gal(a1-4)Gal(b1-4)GlcNAc(b1-6)]Man(a1-6)]Man(b1-4)GlcNAc(b1-4)GlcNAc,0.0001169297393062152,1,0.5445860321462987,H-,candycrunch
1382.4686279296875,-1,18.552946666666667,Man(a1-2)Man(a1-3)[Man(a1-6)]Man(a1-6)[Man(a1-3)]Man(b1-4)GlcNAc(b1-4)GlcNAc,0.0026548285968601704,1,-2.9845686768485393,H-,candycrunch
1389.489013671875,-1,17.482689999999998,Neu5Ac(a2-6)Gal(b1-4)GlcNAc(b1-2)Man(a1-6)Man(b1-4)GlcNAc(b1-4)GlcNAc,8.338637371707591e-07,2,-1.9886356739359599,H-,candycrunch
1389.5029296875,-1,19.88735666666667,Neu5Ac(a2-6)Gal(b1-4)GlcNAc(b1-2)Man(a1-6)Man(b1-4)GlcNAc(b1-4)GlcNAc,2.2007896404829808e-05,2,-2.00255168956096,H-,candycrunch
1406.5335693359375,-1,31.296131666666664,Fuc(a1-3)[Gal(b1-4)]GlcNAc(b1-2)Man(a1-3)[Man(a1-6)]Man(b1-4)GlcNAc(b1-4)GlcNAc,0.0020473008044064045,4,-2.0178756040984354,H-,candycrunch
1407.5469970703125,-1,31.436185,Fuc(a1-3)[Gal(b1-4)]GlcNAc(b1-2)Man(a1-3)[Man(a1-6)]Man(b1-4)GlcNAc(b1-4)GlcNAc,0.009774205274879932,1,-3.0313033384734354,H-,candycrunch
1427.8651123046875,-2,35.60883666666666,Neu5Ac(a2-?)Gal(b1-4)GlcNAc(b1-2)[Neu5Ac(a2-?)Gal(b1-4)GlcNAc(b1-4)]Man(a1-3)[Neu5Ac(a2-?)Gal(b1-4)GlcNAc(b1-2)Man(a1-6)]Man(b1-4)GlcNAc(b1-4)GlcNAc,0.152584508061409,1,2.635462647821214,H-,candycrunch
1430.3515625,-2,36.53892833333333,Neu5Ac(a2-?)Gal(b1-4)GlcNAc(b1-2)[Neu5Ac(a2-?)Gal(b1-4)GlcNAc(b1-4)]Man(a1-3)[Neu5Ac(a2-?)Gal(b1-4)GlcNAc(b1-2)Man(a1-6)]Man(b1-4)GlcNAc(b1-4)GlcNAc,0.12732510268688202,1,0.14901245250871398,H-,candycrunch
1447.521728515625,-1,22.50248,GlcNAc(b1-4)GlcNAc(b1-2)Man(a1-6)[Man(a1-3)]Man(b1-4)GlcNAc(b1-4)[Fuc(a1-6)]GlcNAc,6.3682552564614525e-09,4,-1.9794856822859401,H-,candycrunch
1448.5126953125,-1,22.451843333333333,GlcNAc(b1-4)GlcNAc(b1-2)Man(a1-6)[Man(a1-3)]Man(b1-4)GlcNAc(b1-4)[Fuc(a1-6)]GlcNAc,1.1200120830778815e-08,2,-2.97045247916094,H-,candycrunch
1509.4302978515625,-1,22.523665,GlcNAc(b1-2)[GlcNAc(b1-4)]Man(a1-3)[GlcNAc(b1-2)Man(a1-6)]Man(b1-4)GlcNAc(b1-4)GlcNAc,0.2915714681148529,1,-6.866591294223554,H-,candycrunch
1520.5938720703125,-2,23.957745000000003,Neu5Ac(a2-?)[Gal(b1-?)]Gal(b1-4)GlcNAc(b1-2)[Gal(b1-?)Gal(b1-4)GlcNAc(b1-4)]Man(a1-3)[Neu5Ac(a2-?)[Gal(b1-?)]Gal(b1-4)GlcNAc(b1-2)Man(a1-6)]Man(b1-4)GlcNAc(b1-4)GlcNAc,3.7225117921479978e-06,3,7.438229776146272,H-,candycrunch
1548.792236328125,-1,44.920856666666666,Neu5Ac(a2-3)Gal(b1-4)GlcNAc(b1-2)Man(a1-3)[Man(a1-6)]Man(b1-4)GlcNAc(b1-4)GlcNAc,0.0005785013781860471,1,0.7609651013140137,H-,candycrunch
1574.6650390625,-2,39.27816333333334,Neu5Ac(a2-6)Gal(b1-4)GlcNAc(b1-2)[Neu5Ac(a2-3)Gal(b1-4)[Neu5Ac(a2-6)]GlcNAc(b1-4)]Man(a1-3)[Neu5Ac(a2-6)Gal(b1-4)GlcNAc(b1-2)Man(a1-6)]Man(b1-4)GlcNAc(b1-4)GlcNAc,0.0025555486790835857,1,1.3832441433087297,H-,candycrunch
1620.419189453125,-1,41.45944333333333,Gal(b1-4)GlcNAc(b1-2)Man(a1-3)[Gal(b1-4)GlcNAc(b1-2)Man(a1-6)]Man(b1-4)GlcNAc(b1-4)GlcNAc,0.08007912337779999,1,3.1707914342139247,H-,candycrunch
1689.4931640625,-2,27.810495,Neu5Ac(a2-6)Gal(b1-4)GlcNAc(b1-3)Gal(b1-4)GlcNAc(b1-3)Gal(b1-4)GlcNAc(b1-6)[Gal(b1-4)GlcNAc(b1-2)]Man(a1-6)[Gal(b1-4)GlcNAc(b1-2)[Gal(b1-4)GlcNAc(b1-4)]Man(a1-3)]Man(b1-4)GlcNAc(b1-4)GlcNAc,4.58728609373793e-05,1,-2.38971166984129,H-,candycrunch
