m/z,charge,RT,top1_pred,confidence,num_spectra,candidate_mass_error,candidate_adduct,model_mode
380.4040222167969,-1,33.380825,HexA(?1-?)GalNAc,2.256511288578622e-05,1,-0.2841881159579316,H-,candycrunch
380.4229736328125,-1,36.671155,HexA(?1-?)GalNAc,1.2534500228866818e-06,1,-0.3031395319735566,H-,candycrunch
381.1955871582031,-1,4.0702533333333335,HexA(?1-?)GalNAc,7.76007345848484e-06,1,-1.0757530573641816,H-,candycrunch
381.2422790527344,-1,47.640631666666664,HexA(?1-?)GalNAc,1.0724994353950024e-05,7,-1.1224449518954316,H-,candycrunch
381.2510986328125,-1,36.874115,HexA(?1-?)GalNAc,1.5661675206501968e-05,1,-1.1312645319735566,H-,candycrunch
381.2966003417969,-1,49.65365833333333,HexA(?1-?)GalNAc,0.00011308834655210376,1,-1.1767662409579316,H-,candycrunch
381.36602783203125,-4,32.96583666666666,Fuc(a1-2)Gal(b1-3)[Fuc(a1-4)]GlcNAc(b1-3)[Neu5Gc(a2-3)Gal(b1-3)[GlcNAcOS(b1-4)]GlcNAc(b1-6)]GalNAc,0.00033175520366057754,1,1.2680865191127282,H-,candycrunch
382.11822509765625,-4,17.250071666666667,Fuc(a1-2)Gal(b1-3)[Fuc(a1-4)]GlcNAc(b1-3)[Neu5Gc(a2-3)Gal(b1-3)[GlcNAcOS(b1-4)]GlcNAc(b1-6)]GalNAc,4.502306546783075e-05,2,0.5158892534877282,H-,candycrunch
382.2409362792969,-4,3.793336666666667,Fuc(a1-?)[Gal(b1-?)]GlcNAc(b1-3)Gal(b1-3)[Neu5Ac(a2-3)Gal(b1-4)GlcNAc(b1-6)]GalNAc,3.260115408920683e-05,1,0.3931780724720966,H-,candycrunch
382.2973937988281,-4,14.346264999999999,Fuc(a1-2)Gal(b1-3)[Fuc(a1-4)]GlcNAc(b1-3)[Neu5Gc(a2-3)Gal(b1-3)[GlcNAcOS(b1-4)]GlcNAc(b1-6)]GalNAc,0.0032842971850186586,2,0.3367205523158532,H-,candycrunch
382.3122253417969,-4,39.243204999999996,Fuc(a1-2)Gal(b1-3)[Fuc(a1-4)]GlcNAc(b1-3)[Neu5Gc(a2-3)Gal(b1-3)[GlcNAcOS(b1-4)]GlcNAc(b1-6)]GalNAc,0.003649774705991149,1,0.3218890093471032,H-,candycrunch
382.31768798828125,-4,49.28641666666667,Neu5Ac(a2-3)[GalNAc(b1-4)]Gal(b1-?)GlcNAc(b1-6)[Fuc(a1-2)[Gal(a1-3)]Gal(b1-3)]GalNAc,0.019343530759215355,1,0.3164263634877216,H-,candycrunch
382.39691162109375,-4,44.038475,Fuc(a1-2)Gal(b1-3)[Fuc(a1-4)]GlcNAc(b1-3)[Neu5Gc(a2-3)Gal(b1-3)[GlcNAcOS(b1-4)]GlcNAc(b1-6)]GalNAc,0.0013733828673139215,1,0.23720273005022818,H-,candycrunch
382.5017395019531,-4,47.87851833333333,Fuc(a1-2)Gal(b1-3)[Fuc(a1-4)]GlcNAc(b1-3)[Neu5Gc(a2-3)Gal(b1-3)[GlcNAcOS(b1-4)]GlcNAc(b1-6)]GalNAc,0.0003588023246265948,1,0.13237484919085318,H-,candycrunch
383.2247009277344,-3,33.04188666666666,Fuc(a1-2)Gal(?1-?)[Fuc(a1-?)]HexNAc(?1-3)[Neu5Ac(a2-6)]GalNAc,0.025967273861169815,1,0.24750683449792632,H-,candycrunch
383.2301940917969,-3,39.229884999999996,Neu5Ac(a2-3)[GalNAc(b1-4)]Gal(b1-3)[Neu5Ac(a2-6)]GalNAc,0.00027882392168976367,5,-0.09812003336452335,H-,candycrunch
383.3085632324219,-3,42.14555,Neu5Ac(a2-3)[GalNAc(b1-4)]Gal(b1-3)[Neu5Ac(a2-6)]GalNAc,0.0008116206736303866,1,-0.17648917398952335,H-,candycrunch
383.31353759765625,-3,46.27065,Fuc(a1-2)Gal(?1-?)[Fuc(a1-?)]HexNAc(?1-3)[Neu5Ac(a2-6)]GalNAc,0.00023389339912682772,1,0.15867016457605132,H-,candycrunch
383.3154296875,-3,47.47845833333333,Fuc(a1-2)Gal(?1-?)[Fuc(a1-?)]HexNAc(?1-3)[Neu5Ac(a2-6)]GalNAc,1.9243581846239977e-05,2,0.15677807473230132,H-,candycrunch
383.3339538574219,-3,41.91017,Fuc(a1-2)Gal(?1-?)[Fuc(a1-?)]HexNAc(?1-3)[Neu5Ac(a2-6)]GalNAc,3.397231921553612e-05,11,0.13825390481042632,H-,candycrunch
383.3959655761719,-3,37.18382833333333,Fuc(a1-2)Gal(?1-?)[Fuc(a1-?)]HexNAc(?1-3)[Neu5Ac(a2-6)]GalNAc,5.971628979750676e-06,4,0.07624218606042632,H-,candycrunch
383.4400634765625,-3,40.762458333333335,Fuc(a1-2)Gal(?1-?)[Fuc(a1-?)]HexNAc(?1-3)[Neu5Ac(a2-6)]GalNAc,0.00013247858441900462,1,0.03214428566980132,H-,candycrunch
383.46435546875,-3,42.56197,Fuc(a1-2)Gal(?1-?)[Fuc(a1-?)]HexNAc(?1-3)[Neu5Ac(a2-6)]GalNAc,1.5510469893342815e-05,4,0.00785229348230132,H-,candycrunch
383.49847412109375,-3,44.55679,Fuc(a1-2)Gal(?1-?)[Fuc(a1-?)]HexNAc(?1-3)[Neu5Ac(a2-6)]GalNAc,4.2827297875192016e-05,5,-0.02626635886144868,H-,candycrunch
383.57794189453125,-3,34.284145,Fuc(a1-2)Gal(?1-?)[Fuc(a1-?)]HexNAc(?1-3)[Neu5Ac(a2-6)]GalNAc,3.485102206468582e-05,2,-0.10573413229894868,H-,candycrunch
384.1610107421875,-3,31.599361666666663,Fuc(a1-2)Gal(?1-?)[Fuc(a1-?)]HexNAc(?1-3)[Neu5Ac(a2-6)]GalNAc,1.2410710041876882e-05,15,-0.6888029799551987,H-,candycrunch
384.1877136230469,-3,13.976611666666667,Fuc(a1-2)Gal(?1-?)[Fuc(a1-?)]HexNAc(?1-3)[Neu5Ac(a2-6)]GalNAc,4.736263144877739e-05,11,-0.7155058608145737,H-,candycrunch
384.21270751953125,-3,12.994913333333333,Fuc(a1-2)Gal(?1-?)[Fuc(a1-?)]HexNAc(?1-3)[Neu5Ac(a2-6)]GalNAc,2.0632439827750204e-06,18,-0.7404997572989487,H-,candycrunch
384.2474670410156,-3,13.082158333333332,Fuc(a1-2)Gal(?1-?)[Fuc(a1-?)]HexNAc(?1-3)[Neu5Ac(a2-6)]GalNAc,4.374365289550042e-06,38,-0.7752592787833237,H-,candycrunch
384.2555236816406,-3,35.84469833333333,Fuc(a1-2)Gal(?1-?)[Fuc(a1-?)]HexNAc(?1-3)[Neu5Ac(a2-6)]GalNAc,1.578193041495979e-05,7,-0.7833159194083237,H-,candycrunch
384.2873840332031,-3,36.906508333333335,Fuc(a1-2)Gal(?1-?)[Fuc(a1-?)]HexNAc(?1-3)[Neu5Ac(a2-6)]GalNAc,4.9623293307377025e-05,11,-0.8151762709708237,H-,candycrunch
384.2911071777344,-3,15.861035000000001,Fuc(a1-2)Gal(?1-?)[Fuc(a1-?)]HexNAc(?1-3)[Neu5Ac(a2-6)]GalNAc,0.0002574301906861365,11,-0.8188994155020737,H-,candycrunch
384.2926940917969,-3,11.960516666666667,Fuc(a1-2)Gal(?1-?)[Fuc(a1-?)]HexNAc(?1-3)[Neu5Ac(a2-6)]GalNAc,1.58040456881281e-05,27,-0.8204863295645737,H-,candycrunch
384.3226318359375,-3,32.63142666666667,Fuc(a1-2)Gal(?1-?)[Fuc(a1-?)]HexNAc(?1-3)[Neu5Ac(a2-6)]GalNAc,1.0411963557999115e-06,6,-0.8504240737051987,H-,candycrunch
384.3270263671875,-3,34.257286666666666,Fuc(a1-2)Gal(?1-?)[Fuc(a1-?)]HexNAc(?1-3)[Neu5Ac(a2-6)]GalNAc,2.0579313968482893e-06,23,-0.8548186049551987,H-,candycrunch
384.41473388671875,-3,10.935158333333332,Fuc(a1-2)Gal(?1-?)[Fuc(a1-?)]HexNAc(?1-3)[Neu5Ac(a2-6)]GalNAc,0.0008797760820016265,3,-0.9425261244864487,H-,candycrunch
384.42724609375,-3,38.54182333333333,Fuc(a1-2)Gal(?1-?)[Fuc(a1-?)]HexNAc(?1-3)[Neu5Ac(a2-6)]GalNAc,3.6636613458540523e-06,5,-0.9550383315176987,H-,candycrunch
385.145751953125,-2,41.76336833333333,Gal(b1-4)GlcNAc(b1-3)[GlcNAc(b1-6)]GalNAc,0.0002531221543904394,3,0.5002671277339914,H-,candycrunch
385.23480224609375,-2,46.870395,GlcNAc(a1-4)Gal(b1-4)GlcNAc(b1-3)Gal6S(b1-3)GalNAc,0.0007264342857524753,1,0.4112168347652414,H-,candycrunch
385.2673034667969,-2,3.5625333333333336,GlcNAc(a1-4)Gal(b1-4)GlcNAc(b1-3)Gal6S(b1-3)GalNAc,0.012643205933272839,1,0.3787156140621164,H-,candycrunch
385.30816650390625,-2,15.930193333333332,GlcNAc(a1-4)Gal(b1-4)GlcNAc(b1-3)Gal6S(b1-3)GalNAc,0.0006908446084707975,2,0.3378525769527414,H-,candycrunch
385.31341552734375,-2,32.753148333333336,HexNAc(?1-?)Gal(b1-3)[GlcNAc(b1-3)]GalNAc,0.0004913969896733761,1,0.3326035535152414,H-,candycrunch
385.31488037109375,-2,13.095641666666667,HexNAc(?1-?)Gal(b1-3)[GlcNAc(b1-3)]GalNAc,3.7820016132172896e-06,11,0.3311387097652414,H-,candycrunch
385.3180236816406,-2,43.470175,GlcNAc(a1-4)Gal(b1-4)GlcNAc(b1-3)Gal6S(b1-3)GalNAc,2.786277264021919e-06,5,0.3279953992183664,H-,candycrunch
385.3518371582031,-2,38.19370333333333,GlcNAc(a1-4)Gal(b1-4)GlcNAc(b1-3)Gal6S(b1-3)GalNAc,2.9089621875755256e-06,7,0.2941819226558664,H-,candycrunch
385.3618469238281,-2,45.28877,GlcNAc(a1-4)Gal(b1-4)GlcNAc(b1-3)Gal6S(b1-3)GalNAc,0.0024324392434209585,1,0.2841721570308664,H-,candycrunch
385.3704833984375,-2,36.161465,GlcNAc(a1-4)Gal(b1-4)GlcNAc(b1-3)Gal6S(b1-3)GalNAc,0.0021675797179341316,1,0.2755356824214914,H-,candycrunch
385.3890380859375,-2,34.828285,GlcNAc(a1-4)Gal(b1-4)GlcNAc(b1-3)Gal6S(b1-3)GalNAc,0.0053184665739536285,1,0.2569809949214914,H-,candycrunch
385.4144592285156,-2,39.767311666666664,GlcNAc(a1-4)Gal(b1-4)GlcNAc(b1-3)Gal6S(b1-3)GalNAc,0.00356246717274189,5,0.2315598523433664,H-,candycrunch
385.4647216796875,-2,48.09791166666666,GlcNAc(a1-4)Gal(b1-4)GlcNAc(b1-3)Gal6S(b1-3)GalNAc,0.00012285799311939627,3,0.1812974011714914,H-,candycrunch
386.38507080078125,-4,13.237206666666667,Neu5Gc(a2-3)[GalNAc(b1-4)]Gal(b1-?)GlcNAc(b1-6)[Fuc(a1-2)[Gal(a1-3)]Gal(b1-3)]GalNAc,1.7630174625082873e-05,1,0.24777220598775784,H-,candycrunch
387.25146484375,-4,37.43261833333334,Fuc(a1-2)Gal(b1-?)GlcNAc(b1-3)Gal(b1-3)[Fuc(a1-2)[Gal(a1-3)]Gal(b1-?)GlcNAc(b1-6)]GalNAc,0.0009978431044146419,2,-0.3635215585060223,H-,candycrunch
387.2859191894531,-4,34.66396666666667,Fuc(a1-2)Gal(b1-?)GlcNAc(b1-3)Gal(b1-3)[Fuc(a1-2)[Gal(a1-3)]Gal(b1-?)GlcNAc(b1-6)]GalNAc,0.000348359695635736,1,-0.3979759042091473,H-,candycrunch
387.2861633300781,-4,35.695843333333336,Fuc(a1-2)Gal(b1-?)GlcNAc(b1-3)Gal(b1-3)[Fuc(a1-2)[Gal(a1-3)]Gal(b1-?)GlcNAc(b1-6)]GalNAc,1.0066076356451958e-05,4,-0.3982200448341473,H-,candycrunch
387.2980041503906,-4,13.150291666666666,Fuc(a1-2)Gal(b1-?)GlcNAc(b1-3)Gal(b1-3)[Fuc(a1-2)[Gal(a1-3)]Gal(b1-4)GlcNAc(b1-6)]GalNAc,0.00013379481970332563,5,-0.4100608651466473,H-,candycrunch
387.4095764160156,-4,33.01363333333333,Fuc(a1-2)Gal(b1-?)GlcNAc(b1-3)Gal(b1-3)[Fuc(a1-2)[Gal(a1-3)]Gal(b1-?)GlcNAc(b1-6)]GalNAc,0.0015390770277008414,1,-0.5216331307716473,H-,candycrunch
387.40960693359375,-4,40.22499833333333,Fuc(a1-2)Gal(b1-?)GlcNAc(b1-3)Gal(b1-3)[Fuc(a1-2)[Gal(a1-3)]Gal(b1-?)GlcNAc(b1-6)]GalNAc,8.576140680816025e-05,9,-0.5216636483497723,H-,candycrunch
387.412353515625,-4,40.487375,Fuc(a1-2)Gal(b1-?)GlcNAc(b1-3)Gal(b1-3)[Fuc(a1-2)[Gal(a1-3)]Gal(b1-?)GlcNAc(b1-6)]GalNAc,1.420124954165658e-05,17,-0.5244102303810223,H-,candycrunch
387.4452819824219,-4,41.896795000000004,Fuc(a1-2)Gal(b1-?)GlcNAc(b1-3)Gal(b1-3)[Fuc(a1-2)[Gal(a1-3)]Gal(b1-?)GlcNAc(b1-6)]GalNAc,4.039487612317316e-05,7,-0.5573386971778973,H-,candycrunch
387.4704284667969,-4,38.967371666666665,Fuc(a1-2)Gal(b1-?)GlcNAc(b1-3)Gal(b1-3)[Fuc(a1-2)[Gal(a1-3)]Gal(b1-?)GlcNAc(b1-6)]GalNAc,0.00010650986223481596,4,-0.5824851815528973,H-,candycrunch
387.6172180175781,-4,47.40526666666667,Fuc(a1-2)Gal(b1-?)GlcNAc(b1-3)Gal(b1-3)[Fuc(a1-2)[Gal(a1-3)]Gal(b1-?)GlcNAc(b1-6)]GalNAc,0.0010380444582551718,1,-0.7292747323341473,H-,candycrunch
388.12445068359375,-2,5.254245,Neu5Gc(a2-3)Gal(b1-?)[Fuc(a1-?)]GlcNAc6S(b1-3)Gal,8.205740869016154e-07,19,0.5030412813152338,H-,candycrunch
388.26910400390625,-2,7.195930000000001,Neu5Gc(a2-3)Gal(b1-?)[Fuc(a1-?)]GlcNAc6S(b1-3)Gal,7.4842951107712e-06,8,0.35838796100273385,H-,candycrunch
388.27947998046875,-2,40.19263,Neu5Gc(a2-3)Gal(b1-?)[Fuc(a1-?)]GlcNAc6S(b1-3)Gal,3.3269725463469513e-07,7,0.34801198444023385,H-,candycrunch
388.294921875,-2,42.47494833333333,Neu5Gc(a2-3)Gal(b1-?)[Fuc(a1-?)]GlcNAc6S(b1-3)Gal,3.705244125740137e-06,1,0.33257008990898385,H-,candycrunch
388.32403564453125,-2,37.446081666666664,Neu5Gc(a2-3)Gal(b1-?)[Fuc(a1-?)]GlcNAc6S(b1-3)Gal,1.5480160300285206e-06,1,0.30345632037773385,H-,candycrunch
388.4839782714844,-2,42.58879666666667,Neu5Gc(a2-3)Gal(b1-?)[Fuc(a1-?)]GlcNAc6S(b1-3)Gal,3.7401127883640584e-07,4,0.14351369342460885,H-,candycrunch
391.3399353027344,-4,46.122205,Neu5Gc(a2-3)Gal(b1-4)GlcNAc(b1-3)Gal(b1-3)[Gal(a1-3)Gal(b1-4)GlcNAc(b1-6)]GalNAc,2.3828208739473666e-08,2,-0.7083636403403943,H-,candycrunch
392.24505615234375,-2,36.308596666666666,Neu5Ac(a2-3)Gal6S(b1-3)[Neu5Ac(a2-6)]GalNAc,7.160279346862808e-05,1,0.3905951863652035,H-,candycrunch
392.29248046875,-2,17.311415,Neu5Ac(a2-3)Gal6S(b1-3)[Neu5Ac(a2-6)]GalNAc,0.00014192171511240304,5,0.3431708699589535,H-,candycrunch
392.3735656738281,-2,19.195671666666666,Neu5Ac(a2-3)Gal6S(b1-3)[Neu5Ac(a2-6)]GalNAc,0.0003735920472536236,1,0.2620856648808285,H-,candycrunch
392.9197082519531,-4,4.12908,Fuc(a1-2)[GalNAc(a1-3)]Gal(b1-?)GlcNAc(b1-?)[Neu5Ac(a2-3)Gal(b1-?)GlcNAc(b1-?)]GalNAc,0.0016289990162476897,8,-0.02895662480915462,H-,candycrunch
392.9957275390625,-4,5.208266666666667,Fuc(a1-2)Gal(b1-4)GlcNAc(b1-3)[Fuc(a1-2)[GalNAc(a1-3)]Gal(b1-?)[Fuc(a1-?)]GlcNAc(b1-6)]GalNAc,0.0018831378547474742,3,0.1501243659315037,H-,candycrunch
393.3821105957031,-4,36.84726666666667,Fuc(a1-2)Gal(b1-4)GlcNAc(b1-3)[Fuc(a1-2)[GalNAc(a1-3)]Gal(b1-?)[Fuc(a1-?)]GlcNAc(b1-6)]GalNAc,0.00010248251783195883,1,-0.2362586907091213,H-,candycrunch
393.4660949707031,-4,39.606145,Fuc(a1-2)[GalNAc(a1-3)]Gal(b1-?)GlcNAc(b1-3)[Fuc(a1-2)[GalNAc(a1-3)]Gal(b1-?)[Fuc(a1-?)]GlcNAc6S(b1-6)]GalNAc,0.002995085436850786,1,-0.3202430657091213,H-,candycrunch
394.21466064453125,-3,31.671508333333332,Gal(a1-3)Gal(b1-4)GlcNAc(b1-6)[Neu5Ac(a2-3)Gal(b1-3)]GalNAc,0.00102750095538795,6,-0.07917646729885064,H-,candycrunch
394.2166442871094,-3,34.29745333333333,Gal(a1-3)Gal(b1-4)GlcNAc(b1-6)[Neu5Ac(a2-3)Gal(b1-3)]GalNAc,0.0023165952879935503,5,-0.08116010987697564,H-,candycrunch
394.4482727050781,-3,44.399840000000005,Neu5Gc(a2-3)Gal(b1-3)[Fuc(a1-3)[Gal(b1-4)]GlcNAc(b1-6)]GalNAc,0.003720345441251993,1,-0.31278852867916385,H-,candycrunch
395.0060119628906,-3,5.341538333333333,Fuc(a1-?)[Gal(b1-?)]GlcNAc(b1-3)Gal(b1-?)[Fuc(a1-?)]GlcNAc6S(b1-3)Gal(b1-3)GalNAc,0.0009915493428707123,3,-0.530394081858276,H-,candycrunch
395.03228759765625,-3,37.88100166666667,Fuc(a1-2)Gal(b1-4)GlcNAc(b1-6)[Fuc(a1-2)[Gal(a1-3)]Gal(b1-3)]GalNAc,0.0001910233695525676,2,-0.556669716623901,H-,candycrunch
395.2319030761719,-3,49.13908166666666,Fuc(a1-?)[Gal(b1-?)]GlcNAc(b1-3)Gal(b1-?)[Fuc(a1-?)]GlcNAc6S(b1-3)Gal(b1-3)GalNAc,0.0004141266690567136,1,-0.756285195139526,H-,candycrunch
395.2378845214844,-3,43.233763333333336,Fuc(a1-?)[Gal(b1-?)]GlcNAc(b1-3)Gal(b1-?)[Fuc(a1-?)]GlcNAc6S(b1-3)Gal(b1-3)GalNAc,0.0017409175634384155,4,-0.762266640452026,H-,candycrunch
395.4203186035156,-3,36.13286,Fuc(a1-2)[Gal(a1-3)]Gal(b1-3)[Fuc(a1-?)[Gal(b1-?)]GlcNAc(b1-6)]GalNAc,0.0016526971012353897,1,-0.944700722483276,H-,candycrunch
395.4269714355469,-3,46.37072333333333,Fuc(a1-2)[Gal(a1-3)]Gal(b1-3)[Fuc(a1-?)[Gal(b1-?)]GlcNAc(b1-6)]GalNAc,0.00039885693695396185,2,-0.951353554514526,H-,candycrunch
395.4404296875,-3,44.487645,Fuc(a1-2)[Gal(a1-3)]Gal(b1-?)GlcNAc(b1-6)[Fuc(a1-2)Gal(b1-3)]GalNAc,0.00015830212214495987,1,-0.964811806467651,H-,candycrunch
396.26153564453125,-4,33.354013333333334,Neu5Ac(a2-?)Gal(b1-?)GlcNAc(b1-3)Gal(b1-4)GlcNAc(b1-3)Gal6S(b1-4)GlcNAc(b1-6)[Gal(b1-3)]GalNAc,3.5155164823663654e-07,8,0.62794463823775,H-,candycrunch
396.28558349609375,-4,17.77574333333333,Neu5Ac(a2-3)Gal(b1-4)GlcNAc(b1-6)[Gal(b1-4)GlcNAc(b1-3)]Gal(b1-3)[GlcNAc(b1-6)]GalNAc,0.0008945270092226565,4,0.60389678667525,H-,candycrunch
396.2909240722656,-4,36.94896833333333,Neu5Ac(a2-?)Gal(b1-?)GlcNAc(b1-3)Gal(b1-4)GlcNAc(b1-3)Gal6S(b1-4)GlcNAc(b1-6)[Gal(b1-3)]GalNAc,3.2672533052391373e-06,4,0.598556210503375,H-,candycrunch
396.42230224609375,-4,35.119618333333335,Neu5Ac(a2-3)Gal(b1-4)GlcNAc(b1-6)[Gal(b1-4)GlcNAc(b1-3)]Gal(b1-3)[GlcNAc(b1-6)]GalNAc,1.6985579350148328e-05,1,0.46717803667525004,H-,candycrunch
398.9603576660156,-3,47.123961666666666,Neu5Gc(a2-3)Gal(b1-4)GlcNAc(b1-6)[Gal(a1-3)Gal(b1-3)]GalNAc,1.4187658052833285e-06,1,0.5067647178834136,H-,candycrunch
399.2574462890625,-3,41.078696666666666,Gal(a1-3)Gal(b1-4)GlcNAc(b1-6)[Neu5Gc(a2-3)Gal(b1-3)]GalNAc,0.0006205809768289328,1,0.2096760948365386,H-,candycrunch
399.270263671875,-3,42.11872833333333,Neu5Gc(a2-3)Gal(b1-4)GlcNAc(b1-6)[Gal(a1-3)Gal(b1-3)]GalNAc,4.194056600681506e-05,1,0.1968587120240386,H-,candycrunch
399.2740478515625,-3,34.01860833333333,Neu5Gc(a2-3)Gal(b1-4)GlcNAc(b1-6)[Gal(a1-3)Gal(b1-3)]GalNAc,4.149648702878039e-06,3,0.1930745323365386,H-,candycrunch
399.31707763671875,-3,35.60726,Neu5Gc(a2-3)Gal(b1-4)GlcNAc(b1-6)[Gal(a1-3)Gal(b1-3)]GalNAc,1.9273324141977355e-05,6,0.1500447471802886,H-,candycrunch
399.32904052734375,-3,38.44115333333333,Neu5Gc(a2-3)Gal(b1-4)GlcNAc(b1-6)[Gal(a1-3)Gal(b1-3)]GalNAc,1.1623105820035562e-05,5,0.1380818565552886,H-,candycrunch
399.3408203125,-3,49.71345833333333,Gal(a1-3)Gal(b1-4)GlcNAc(b1-6)[Neu5Gc(a2-3)Gal(b1-3)]GalNAc,0.0003744377172552049,2,0.1263020713990386,H-,candycrunch
399.3445129394531,-3,44.514813333333336,Gal(a1-3)Gal(b1-4)GlcNAc(b1-6)[Neu5Gc(a2-3)Gal(b1-3)]GalNAc,1.356323900836287e-05,6,0.1226094444459136,H-,candycrunch
399.3758544921875,-3,45.68530833333333,Neu5Gc(a2-3)Gal(b1-4)GlcNAc(b1-6)[Gal(a1-3)Gal(b1-3)]GalNAc,0.0002179805451305583,1,0.0912678917115386,H-,candycrunch
399.3912353515625,-3,38.02907166666667,Gal(a1-3)Gal(b1-4)GlcNAc(b1-6)[Neu5Gc(a2-3)Gal(b1-3)]GalNAc,1.659180952628958e-07,6,0.0758870323365386,H-,candycrunch
399.4335021972656,-3,40.775765,Neu5Gc(a2-3)Gal(b1-4)GlcNAc(b1-6)[Gal(a1-3)Gal(b1-3)]GalNAc,1.1865341775774141e-07,11,0.033620186633413596,H-,candycrunch
400.2782897949219,-4,34.270601666666664,{Neu5Ac(a2-8)}Neu5Ac(a2-3)Gal(b1-4)GlcNAc(b1-6)[Neu5Ac(a2-3)Gal(b1-3)]GalNAc,0.0008969575283117592,2,0.1060066167721061,H-,candycrunch
400.3476867675781,-4,31.642745,{Neu5Ac(a2-8)}Neu5Ac(a2-3)Gal(b1-4)GlcNAc(b1-6)[Neu5Ac(a2-3)Gal(b1-3)]GalNAc,0.0005519710830412805,4,0.0366096441158561,H-,candycrunch
401.5164794921875,-2,46.97126666666667,Fuc(a1-2)Gal(b1-3)[Neu5Ac(a2-6)]GalNAc,0.026683440431952477,1,-0.37317028652853423,H-,candycrunch
403.0374755859375,-3,4.056736666666667,Fuc(a1-2)Gal(b1-?)[Fuc(a1-?)]GlcNAc(b1-3)Gal6S(b1-3)[Fuc(a1-?)[Gal6S(b1-?)]GlcNAc(b1-6)]GalNAc,1.1690274732245598e-05,1,-0.21797954523844965,H-,candycrunch
403.3481140136719,-3,36.17478166666667,Fuc(a1-2)Gal(b1-?)[Fuc(a1-?)]GlcNAc(b1-3)Gal6S(b1-3)[Fuc(a1-?)[Gal6S(b1-?)]GlcNAc(b1-6)]GalNAc,2.9174721021263395e-06,2,-0.5286179729728246,H-,candycrunch
403.3766784667969,-3,18.295481666666667,Fuc(a1-2)Gal(b1-?)[Fuc(a1-?)]GlcNAc(b1-3)Gal6S(b1-3)[Fuc(a1-?)[Gal6S(b1-?)]GlcNAc(b1-6)]GalNAc,8.981568839772081e-07,3,-0.5571824260978246,H-,candycrunch
403.3794250488281,-3,40.165645,Fuc(a1-2)Gal(b1-?)[Fuc(a1-?)]GlcNAc(b1-3)Gal6S(b1-3)[Fuc(a1-?)[Gal6S(b1-?)]GlcNAc(b1-6)]GalNAc,1.981969262487837e-06,5,-0.5599290081290746,H-,candycrunch
403.38580322265625,-3,43.160091666666666,Fuc(a1-2)Gal(b1-?)[Fuc(a1-?)]GlcNAc(b1-3)Gal6S(b1-3)[Fuc(a1-?)[Gal6S(b1-?)]GlcNAc(b1-6)]GalNAc,7.756773356959457e-07,2,-0.5663071819571996,H-,candycrunch
406.20452880859375,-2,5.280961666666667,GalNAc(b1-4)GlcNAc(b1-6)[GlcNAc(b1-3)]GalNAc,0.00017000034858938307,2,-0.04523517698476098,H-,candycrunch
406.2135925292969,-2,13.854143333333331,GalNAc(b1-4)GlcNAc(b1-6)[GlcNAc(b1-3)]GalNAc,5.6636083172634244e-05,2,-0.05429889768788598,H-,candycrunch
406.21649169921875,-2,13.021583333333332,GalNAc(b1-4)GlcNAc(b1-6)[GlcNAc(b1-3)]GalNAc,4.197289854346309e-06,15,-0.05719806760976098,H-,candycrunch
406.2828674316406,-2,32.92262,GalNAc(b1-4)GlcNAc(b1-6)[GlcNAc(b1-3)]GalNAc,6.319902604445815e-05,1,-0.12357380003163598,H-,candycrunch
406.2996826171875,-2,3.929701666666667,GalNAc(b1-4)GlcNAc(b1-6)[GlcNAc(b1-3)]GalNAc,1.7258915249840356e-05,4,-0.14038898557851098,H-,candycrunch
408.45843505859375,-3,5.7607566666666665,Fuc(a1-?)[GalOS(b1-?)]GlcNAc(b1-3)[Fuc(a1-?)[Gal(b1-?)]GlcNAc(b1-6)]Gal(b1-3)GalNAc,0.014751492999494076,1,-0.3073008103947359,H-,candycrunch
410.1612854003906,-4,5.441661666666667,Neu5Ac(a2-?)GlcNAc(?1-?)[Gal(b1-?)]GlcNAc(b1-3)[Neu5Ac(a2-8)Neu5Ac(a2-6)]GalNAc,6.516199135830902e-08,5,0.4796482866783549,H-,candycrunch
410.228271484375,-4,7.2339,Neu5Ac(a2-?)GlcNAc(?1-?)[Gal(b1-?)]GlcNAc(b1-3)[Neu5Ac(a2-8)Neu5Ac(a2-6)]GalNAc,8.54129325489339e-07,3,0.4126622026939799,H-,candycrunch
411.2960205078125,-4,38.348681666666664,GalNAc(b1-4)GlcNAc(b1-3)[Gal(b1-4)GlcNAc(b1-6)]Gal(b1-3)[Fuc(a1-2)Gal(b1-4)GlcNAc(b1-6)]GalNAc,0.002523754956200719,4,0.10392598380650497,H-,candycrunch
411.3363342285156,-4,48.614955,GalNAc(b1-4)GlcNAc(b1-3)[Gal(b1-4)GlcNAc(b1-6)]Gal(b1-3)[Fuc(a1-2)Gal(b1-4)GlcNAc(b1-6)]GalNAc,0.00012072506069671363,2,0.06361226310337997,H-,candycrunch
411.33648681640625,-4,45.211425,GalNAc(b1-4)GlcNAc(b1-3)[Gal(b1-4)GlcNAc(b1-6)]Gal(b1-3)[Fuc(a1-2)Gal(b1-4)GlcNAc(b1-6)]GalNAc,0.0009021684527397156,4,0.06345967521275497,H-,candycrunch
411.36236572265625,-4,41.67663833333334,GalNAc(b1-4)GlcNAc(b1-3)[Gal(b1-4)GlcNAc(b1-6)]Gal(b1-3)[Fuc(a1-2)Gal(b1-4)GlcNAc(b1-6)]GalNAc,0.000990372966043651,1,0.037580768962754973,H-,candycrunch
411.36566162109375,-4,35.45979166666667,GalNAc(b1-4)GlcNAc(b1-3)[Gal(b1-4)GlcNAc(b1-6)]Gal(b1-3)[Fuc(a1-2)Gal(b1-4)GlcNAc(b1-6)]GalNAc,0.00034184876130893826,2,0.034284870525254973,H-,candycrunch
411.4347229003906,-4,46.343718333333335,GalNAc(b1-4)GlcNAc(b1-3)[Gal(b1-4)GlcNAc(b1-6)]Gal(b1-3)[Fuc(a1-2)Gal(b1-4)GlcNAc(b1-6)]GalNAc,0.001185123692266643,2,-0.034776408771620027,H-,candycrunch
412.181396484375,-3,34.32570333333333,Neu5Ac(a2-3)Gal(b1-3)[Neu5Ac(a2-8)Neu5Ac(a2-6)]GalNAc,0.005465546622872353,4,0.28935889859059216,H-,candycrunch
412.35772705078125,-3,38.935190000000006,Neu5Ac(a2-3)Gal(b1-3)[Neu5Ac(a2-8)Neu5Ac(a2-6)]GalNAc,0.00027483730809763074,1,0.11302833218434216,H-,candycrunch
412.68011474609375,-3,42.353245,Neu5Gc(a2-3)[GalNAc(b1-4)]Gal(b1-4)GlcNAc(b1-6)[Gal(a1-3)]GalNAc,0.019976653158664703,1,0.4625240049719537,H-,candycrunch
413.1715087890625,-3,39.17042166666667,Neu5Gc(a2-3)[GalNAc(b1-4)]Gal(b1-4)GlcNAc(b1-6)[Gal(a1-3)]GalNAc,0.008356999605894089,2,-0.028870037996796327,H-,candycrunch
413.2627868652344,-3,40.179025,Neu5Gc(a2-3)[GalNAc(b1-4)]Gal(b1-4)GlcNAc(b1-6)[Gal(a1-3)]GalNAc,0.014288338832557201,2,-0.12014811416867133,H-,candycrunch
413.28839111328125,-3,41.21266666666667,Neu5Gc(a2-3)[GalNAc(b1-4)]Gal(b1-4)GlcNAc(b1-6)[Gal(a1-3)]GalNAc,0.002917869947850704,3,-0.14575236221554633,H-,candycrunch
413.33837890625,-3,43.79096333333334,Neu5Gc(a2-3)[GalNAc(b1-4)]Gal(b1-4)GlcNAc(b1-6)[Gal(a1-3)]GalNAc,0.00211000326089561,7,-0.19574015518429633,H-,candycrunch
413.3536376953125,-3,37.995848333333335,Neu5Gc(a2-3)[GalNAc(b1-4)]Gal(b1-4)GlcNAc(b1-6)[Gal(a1-3)]GalNAc,0.0008820164948701859,1,-0.21099894424679633,H-,candycrunch
413.3849182128906,-3,46.46412166666667,Neu5Gc(a2-3)[GalNAc(b1-4)]Gal(b1-4)GlcNAc(b1-6)[Gal(a1-3)]GalNAc,0.0033570192754268646,4,-0.24227946182492133,H-,candycrunch
413.41094970703125,-3,45.26183333333333,Neu5Gc(a2-3)[GalNAc(b1-4)]Gal(b1-4)GlcNAc(b1-6)[Gal(a1-3)]GalNAc,0.025274118408560753,2,-0.2683109559655463,H-,candycrunch
413.43389892578125,-3,47.364518333333336,Fuc(a1-?)[Gal(b1-?)]GlcNAc(b1-3)Gal(b1-3)[Gal(b1-4)GlcNAc(b1-6)]GalNAc,0.00017533932987134904,4,0.04887352991778471,H-,candycrunch
413.46075439453125,-3,42.54850333333333,Fuc(a1-?)[Gal(b1-?)]GlcNAc(b1-3)Gal(b1-3)[Gal(b1-4)GlcNAc(b1-6)]GalNAc,0.005060085095465183,4,0.022018061167784708,H-,candycrunch
413.5507507324219,-3,48.89076333333334,Fuc(a1-?)[Gal(b1-?)]GlcNAc(b1-3)Gal(b1-3)[Gal(b1-4)GlcNAc(b1-6)]GalNAc,0.0003668075951281935,1,-0.06797827672284029,H-,candycrunch
414.162353515625,-4,46.827938333333336,Neu5Ac(a2-?)GlcNAc(?1-?)[Gal(b1-?)]GlcNAc(b1-3)[Neu5Gc(a2-8)Neu5Ac(a2-6)]GalNAc,5.373721705836942e-06,1,0.47730882644395933,H-,candycrunch
415.2476806640625,-4,14.824098333333334,HexNAc(?1-?)Gal(b1-4)GlcNAc(b1-?)[Gal(b1-4)GlcNAc(b1-?)]Gal(b1-3)[Gal(b1-4)GlcNAc(b1-6)]GalNAc,3.336556255817413e-05,3,0.1509944831814778,H-,candycrunch
415.26312255859375,-4,37.22414166666667,HexNAc(?1-?)Gal(b1-4)GlcNAc(b1-?)[Gal(b1-4)GlcNAc(b1-?)]Gal(b1-3)[Gal(b1-4)GlcNAc(b1-6)]GalNAc,4.291825916880043e-06,2,0.1355525886502278,H-,candycrunch
415.282470703125,-4,43.84512,HexNAc(?1-?)Gal(b1-4)GlcNAc(b1-?)[Gal(b1-4)GlcNAc(b1-?)]Gal(b1-3)[Gal(b1-4)GlcNAc(b1-6)]GalNAc,4.0308361349161714e-05,2,0.11620444411897779,H-,candycrunch
415.29931640625,-4,35.62066333333333,HexNAc(?1-4)Gal(b1-4)GlcNAc(b1-3)[Gal(b1-4)GlcNAc(b1-6)]Gal(b1-3)[HexNAc(?1-4)Gal(b1-4)GlcNAc6S(b1-6)]GalNAc,3.1880097139946884e-06,6,0.09935874099397779,H-,candycrunch
415.3060607910156,-4,38.07144,HexNAc(?1-4)Gal(b1-4)GlcNAc(b1-3)[Gal(b1-4)GlcNAc(b1-6)]Gal(b1-3)[HexNAc(?1-4)Gal(b1-4)GlcNAc6S(b1-6)]GalNAc,6.294530408013088e-07,3,0.09261435622835279,H-,candycrunch
415.3098449707031,-4,39.85549833333334,HexNAc(?1-4)Gal(b1-4)GlcNAc(b1-3)[Gal(b1-4)GlcNAc(b1-6)]Gal(b1-3)[HexNAc(?1-4)Gal(b1-4)GlcNAc6S(b1-6)]GalNAc,2.2829592580819735e-06,3,0.08883017654085279,H-,candycrunch
415.34259033203125,-4,49.770331666666664,HexNAc(?1-?)Gal(b1-4)GlcNAc(b1-?)[Gal(b1-4)GlcNAc(b1-?)]Gal(b1-3)[Gal(b1-4)GlcNAc(b1-6)]GalNAc,8.343188710568938e-06,1,0.05608481521272779,H-,candycrunch
415.3553161621094,-4,17.401006666666667,HexNAc(?1-?)Gal(b1-4)GlcNAc(b1-?)[Gal(b1-4)GlcNAc(b1-?)]Gal(b1-3)[Gal(b1-4)GlcNAc(b1-6)]GalNAc,1.3751436199527234e-05,2,0.04335898513460279,H-,candycrunch
415.40350341796875,-4,41.69009833333333,HexNAc(?1-?)Gal(b1-4)GlcNAc(b1-?)[Gal(b1-4)GlcNAc(b1-?)]Gal(b1-3)[Gal(b1-4)GlcNAc(b1-6)]GalNAc,4.122044174437178e-06,5,-0.00482827072477221,H-,candycrunch
417.27191162109375,-2,38.495691666666666,Neu5Gc(a2-3)Gal(b1-?)GlcNAc6S(b1-6)[Gal(b1-3)]GalNAc,3.9407987628692354e-07,3,-0.13368779418476606,H-,candycrunch
417.4082946777344,-2,41.98312166666667,Fuc(a1-2)[Gal(a1-3)]Gal(b1-3)[Gal(b1-4)GlcNAc6S(b1-6)]GalNAc,7.637290400452912e-05,2,0.2401297061246055,H-,candycrunch
417.40985107421875,-2,47.256440000000005,Fuc(a1-2)[Gal(a1-3)]Gal(b1-3)[Gal(b1-4)GlcNAc6S(b1-6)]GalNAc,4.5248667447594926e-05,1,0.2385733096402305,H-,candycrunch
417.42401123046875,-2,34.48816166666666,Fuc(a1-2)[Gal(a1-3)]Gal(b1-3)[Gal(b1-4)GlcNAc6S(b1-6)]GalNAc,0.00018649765115696937,2,0.2244131533902305,H-,candycrunch
418.884765625,-4,43.27544666666667,Neu5Ac(a2-3)Gal(b1-4)GlcNAc(b1-3)Gal(b1-4)GlcNAc(b1-6)[Neu5Ac(a2-3)Gal(b1-3)]GalNAc,0.00038223425508476794,1,0.008725651169015691,H-,candycrunch
419.2593078613281,-4,40.863665000000005,Fuc(a1-?)HexNAc(?1-?)Gal(?1-3)[Fuc(a1-?)[Gal(b1-?)]GlcNAc(b1-6)]Gal(b1-3)[Neu5Ac(a2-6)]GalNAc,0.00034371495712548494,1,-0.11071630730913284,H-,candycrunch
419.32757568359375,-4,42.25212,Fuc(a1-?)HexNAc(?1-?)Gal(?1-3)[Fuc(a1-?)[Gal(b1-?)]GlcNAc(b1-6)]Gal(b1-3)[Neu5Ac(a2-6)]GalNAc,0.0015499737346544862,1,-0.17898412957475784,H-,candycrunch
421.2485046386719,-3,40.71664666666667,Neu5Ac(a2-3)[GalNAc(b1-4)]Gal(b1-4)GlcNAc(b1-3)Gal6S(b1-3)[GlcNAc(b1-6)]GalNAc,4.873019747719809e-07,1,0.23801227289374083,H-,candycrunch
421.4964294433594,-3,48.60151333333334,HexNAc(?1-?)Gal(?1-3)[GlcNAc(b1-6)]GalNAc(a1-3)[Neu5Ac(a2-6)]GalNAc,3.0017922654224094e-06,2,-0.009912531793759172,H-,candycrunch
422.3147277832031,-3,13.136691666666666,Fuc(a1-?)[GalOS(b1-?)]GlcNAc(b1-3)[Fuc(a1-?)[GalOS(b1-?)]GlcNAc(b1-6)]Gal(b1-3)[GlcNAc(b1-6)]GalNAc,1.0276417924615089e-05,2,-0.4880771678374458,H-,candycrunch
424.2326354980469,-4,3.97082,Fuc(a1-2)[Gal(a1-3)]Gal(b1-?)[Fuc(a1-?)]GlcNAc(b1-3)[Fuc(a1-2)[Gal(a1-3)]Gal(b1-4)GlcNAc(b1-6)]GalNAc,1.070455946106108e-09,1,-0.8302150105528767,H-,candycrunch
424.76031494140625,-4,43.35429833333333,Fuc(a1-?)HexNAc(?1-?)HexNAc(?1-?)Gal(b1-?)GlcNAc(b1-3)[Neu5Ac(a2-8)Neu5Ac(a2-6)]GalNAc,1.5042377526697237e-05,1,0.39108495451273484,H-,candycrunch
425.2220458984375,-4,46.43628833333334,Fuc(a1-?)HexNAc(?1-?)HexNAc(?1-?)Gal(b1-?)GlcNAc(b1-3)[Neu5Ac(a2-8)Neu5Ac(a2-6)]GalNAc,7.70916699366353e-07,6,-0.07064600251851516,H-,candycrunch
425.28558349609375,-4,45.23473,Fuc(a1-?)HexNAc(?1-?)HexNAc(?1-?)Gal(b1-?)GlcNAc(b1-3)[Neu5Ac(a2-8)Neu5Ac(a2-6)]GalNAc,1.3401715932559455e-06,11,-0.13418360017476516,H-,candycrunch
425.2991638183594,-4,13.724513333333332,Fuc(a1-?)HexNAc(?1-?)HexNAc(?1-?)Gal(b1-?)GlcNAc(b1-3)[Neu5Ac(a2-8)Neu5Ac(a2-6)]GalNAc,2.5468973596787237e-09,3,-0.14776392244039016,H-,candycrunch
425.3367004394531,-4,16.138571666666667,Fuc(a1-?)HexNAc(?1-?)HexNAc(?1-?)Gal(b1-?)GlcNAc(b1-3)[Neu5Ac(a2-8)Neu5Ac(a2-6)]GalNAc,1.630630386273424e-08,5,-0.18530054353414016,H-,candycrunch
425.36895751953125,-4,47.78407333333333,Fuc(a1-?)HexNAc(?1-?)HexNAc(?1-?)Gal(b1-?)GlcNAc(b1-3)[Neu5Ac(a2-8)Neu5Ac(a2-6)]GalNAc,1.0037272346608006e-08,4,-0.21755762361226516,H-,candycrunch
426.18988037109375,-4,46.720666666666666,GlcNAc(a1-4)Gal(b1-4)GlcNAc(b1-3)[GlcNAc(b1-6)]Gal(b1-3)[GlcNAc(a1-4)Gal(b1-4)GlcNAc(b1-6)]GalNAc,0.00016676337691023946,2,-0.5345679484747734,H-,candycrunch
426.253173828125,-4,17.05901,HexNAc(?1-?)Gal(b1-4)GlcNAc(b1-3)[HexNAc(?1-?)Gal(b1-4)GlcNAc(b1-6)]Gal(b1-3)[GlcNAc(b1-6)]GalNAc,8.548643677386281e-07,4,-0.5978614055060234,H-,candycrunch
426.3359680175781,-4,45.27525333333333,Neu5Gc(a2-3)Gal(b1-4)GlcNAc(b1-3)Gal(b1-3)[Neu5Gc(a2-3)Gal(b1-4)GlcNAc(b1-6)]GalNAc,1.1669054401863832e-05,3,0.5549805685908495,H-,candycrunch
427.1160583496094,-3,20.921468333333333,Fuc(a1-2)[GalNAc(a1-3)]Gal(b1-4)GlcNAc(b1-6)[GlcNAc(?1-?)Gal(b1-3)]GalNAc,3.4470499485905748e-06,2,0.04223047325626794,H-,candycrunch
427.3175964355469,-3,43.28902,Fuc(a1-2)[GalNAc(a1-3)]Gal(b1-4)GlcNAc(b1-6)[GlcNAc(?1-?)Gal(b1-3)]GalNAc,7.386274205600785e-07,3,-0.15930761268123206,H-,candycrunch
427.3307189941406,-3,39.283845,Fuc(a1-2)[GalNAc(a1-3)]Gal(b1-4)GlcNAc(b1-6)[GlcNAc(?1-?)Gal(b1-3)]GalNAc,4.666077074944042e-06,3,-0.17243017127498206,H-,candycrunch
427.34197998046875,-3,46.677798333333335,Fuc(a1-2)[GalNAc(a1-3)]Gal(b1-4)GlcNAc(b1-6)[GlcNAc(?1-?)Gal(b1-3)]GalNAc,1.5076532235980267e-06,6,-0.18369115760310706,H-,candycrunch
427.3656921386719,-3,41.936975,Fuc(a1-2)[GalNAc(a1-3)]Gal(b1-4)GlcNAc(b1-6)[GlcNAc(?1-?)Gal(b1-3)]GalNAc,1.3812281167702167e-06,10,-0.20740331580623206,H-,candycrunch
427.3660583496094,-3,48.628365,Fuc(a1-?)HexNAc(?1-?)HexNAc(?1-?)Gal(b1-3)[Gal(b1-?)GlcNAc(b1-6)]GalNAc,8.56414999361732e-07,2,-0.20776952674373206,H-,candycrunch
427.40594482421875,-3,45.248225,Fuc(a1-2)[GalNAc(a1-3)]Gal(b1-4)GlcNAc(b1-6)[GlcNAc(?1-?)Gal(b1-3)]GalNAc,2.9323996386665385e-06,1,-0.24765600135310706,H-,candycrunch
428.162353515625,-3,5.6639816666666665,HexNAc(?1-?)HexA(?1-?)Hex(?1-?)HexNAc(?1-?)HexA(?1-4)Gal(b1-3)GalNAc,1.7230293451575562e-05,11,-0.028433160092674825,H-,candycrunch
428.18890380859375,-3,8.193916666666667,HexNAc(?1-?)GlcA(b1-?)Gal(?1-?)HexNAc(?1-?)GlcA(b1-3)Gal(b1-3)GalNAc,4.158162937528687e-06,1,-0.054983453061424825,H-,candycrunch
428.25341796875,-3,7.149830000000001,HexNAc(?1-?)HexA(?1-?)Hex(?1-?)HexNAc(?1-?)HexA(?1-4)Gal(b1-3)GalNAc,1.1913401976926252e-05,5,-0.11949761321767483,H-,candycrunch
428.2543029785156,-3,3.9161966666666665,HexNAc(?1-?)HexA(?1-?)Hex(?1-?)HexNAc(?1-?)HexA(?1-4)Gal(b1-3)GalNAc,2.6271447950421134e-06,25,-0.12038262298329983,H-,candycrunch
429.19439697265625,-4,5.368521666666667,Neu5Ac(a2-3)[GalNAc(b1-4)]Gal(b1-4)GlcNAc(b1-6)[Neu5Ac(a2-3)[GalNAc(b1-4)]Gal(b1-3)]GalNAc,8.954393706517294e-05,2,-0.044268421112292344,H-,candycrunch
429.2384948730469,-2,43.340826666666665,Neu5Ac(a2-3)Gal(b1-3)[GlcNAc(b1-6)]GalNAc,0.0075326901860535145,3,0.41554619461209086,H-,candycrunch
429.2806091308594,-4,39.706495000000004,Neu5Ac(a2-3)[GalNAc(b1-4)]Gal(b1-4)GlcNAc(b1-6)[Neu5Ac(a2-3)[GalNAc(b1-4)]Gal(b1-3)]GalNAc,6.21671715634875e-05,1,-0.13048057931541734,H-,candycrunch
429.2855224609375,-4,36.43659166666667,Fuc(a1-?)GalNAc(?1-?)Gal(?1-3)[Fuc(a1-?)[Gal(b1-?)]GlcNAc(b1-6)]GalNAc(a1-3)[Neu5Ac(a2-6)]GalNAc,2.686236086901772e-07,2,0.11970636845649096,H-,candycrunch
429.2906494140625,-4,7.424410000000001,Fuc(a1-?)HexNAc(?1-?)Gal(?1-3)[Fuc(a1-?)[Gal(b1-?)]GlcNAc(b1-6)]GalNAc(a1-3)[Neu5Ac(a2-6)]GalNAc,2.584040481590222e-10,35,0.11457941533149096,H-,candycrunch
429.3287353515625,-4,46.13554333333334,Fuc(a1-?)HexNAc(?1-?)Gal(?1-3)[Fuc(a1-?)[Gal(b1-?)]GlcNAc(b1-6)]GalNAc(a1-3)[Neu5Ac(a2-6)]GalNAc,6.235097060880435e-08,1,0.07649347783149096,H-,candycrunch
429.3323669433594,-4,48.26805,Fuc(a1-?)GalNAc(?1-?)Gal(?1-3)[Fuc(a1-?)[Gal(b1-?)]GlcNAc(b1-6)]GalNAc(a1-3)[Neu5Ac(a2-6)]GalNAc,2.0529702737803746e-07,3,0.07286188603461596,H-,candycrunch
429.345947265625,-4,33.94217833333333,Fuc(a1-?)GalNAc(?1-?)Gal(?1-3)[Fuc(a1-?)[Gal(b1-?)]GlcNAc(b1-6)]GalNAc(a1-3)[Neu5Ac(a2-6)]GalNAc,6.6701670675684e-07,2,0.059281563768990964,H-,candycrunch
429.3613586425781,-4,38.234136666666664,Fuc(a1-?)GalNAc(?1-?)Gal(?1-3)[Fuc(a1-?)[Gal(b1-?)]GlcNAc(b1-6)]GalNAc(a1-3)[Neu5Ac(a2-6)]GalNAc,3.05594554106392e-08,2,0.043870186815865964,H-,candycrunch
429.3900146484375,-4,40.817565,Fuc(a1-?)GalNAc(?1-?)Gal(?1-3)[Fuc(a1-?)[Gal(b1-?)]GlcNAc(b1-6)]GalNAc(a1-3)[Neu5Ac(a2-6)]GalNAc,5.8286570236987245e-08,4,0.015214180956490964,H-,candycrunch
429.4468994140625,-4,41.88330833333333,Fuc(a1-?)GalNAc(?1-?)Gal(?1-3)[Fuc(a1-?)[Gal(b1-?)]GlcNAc(b1-6)]GalNAc(a1-3)[Neu5Ac(a2-6)]GalNAc,5.487212462185198e-08,2,-0.041670584668509036,H-,candycrunch
429.46502685546875,-4,44.24856166666667,Fuc(a1-?)GalNAc(?1-?)Gal(?1-3)[Fuc(a1-?)[Gal(b1-?)]GlcNAc(b1-6)]GalNAc(a1-3)[Neu5Ac(a2-6)]GalNAc,2.5885148247084544e-08,6,-0.059798026074759036,H-,candycrunch
431.1154479980469,-3,5.885133333333334,Fuc(a1-?)HexNAc(?1-4)Gal(b1-3)[Neu5Ac(a2-8)Neu5Ac(a2-6)]GalNAc,7.509779152314877e-06,2,0.7025956633854662,H-,candycrunch
431.325439453125,-3,43.831604999999996,Neu5Ac(a2-3)Gal(b1-?)[Fuc(a1-?)]GlcNAc(b1-3)[Neu5Ac(a2-6)]GalNAc,0.0014040896203368902,2,0.4926042083073412,H-,candycrunch
431.34765625,-3,36.698305,Neu5Ac(a2-3)Gal(b1-?)[Fuc(a1-?)]GlcNAc(b1-3)[Neu5Ac(a2-6)]GalNAc,1.0037854281108594e-06,2,0.4703874114323412,H-,candycrunch
431.44140625,-3,42.616165,Fuc(a1-3)HexNAc(?1-3)Gal(b1-3)[Neu5Ac(a2-8)Neu5Ac(a2-6)]GalNAc,1.4495421964966226e-06,6,0.3766374114323412,H-,candycrunch
431.4449462890625,-3,39.753816666666665,Fuc(a1-?)HexNAc(?1-4)Gal(b1-3)[Neu5Ac(a2-8)Neu5Ac(a2-6)]GalNAc,0.00010967587877530605,2,0.3730973723698412,H-,candycrunch
431.4576416015625,-3,46.917143333333335,Fuc(a1-?)HexNAc(?1-4)Gal(b1-3)[Neu5Ac(a2-8)Neu5Ac(a2-6)]GalNAc,1.79303327740854e-07,5,0.3604020598698412,H-,candycrunch
431.46929931640625,-3,45.58459333333334,Fuc(a1-?)HexNAc(?1-4)Gal(b1-3)[Neu5Ac(a2-8)Neu5Ac(a2-6)]GalNAc,4.433905473888444e-07,2,0.3487443450260912,H-,candycrunch
431.5299072265625,-3,48.78599666666667,Neu5Ac(a2-3)Gal(b1-?)[Fuc(a1-?)]GlcNAc(b1-3)[Neu5Ac(a2-6)]GalNAc,3.906947313225828e-06,3,0.2881364348698412,H-,candycrunch
431.98602294921875,-3,6.715660000000001,Neu5Ac(a2-3)Gal(b1-?)[Fuc(a1-?)]GlcNAc(b1-3)[Neu5Ac(a2-6)]GalNAc,0.0006629916606470942,1,-0.1679792877864088,H-,candycrunch
432.0099182128906,-3,37.54895833333333,Neu5Ac(a2-3)Gal(b1-?)[Fuc(a1-?)]GlcNAc(b1-3)[Neu5Ac(a2-6)]GalNAc,7.574031042167917e-05,1,-0.1918745514582838,H-,candycrunch
432.3343505859375,-3,43.818115,GlcNAc(a1-4)Gal(b1-4)GlcNAc(b1-3)[GlcNAc(a1-4)Gal(b1-4)GlcNAc(b1-6)]Gal,0.001096448628231883,1,0.15557644442816354,H-,candycrunch
432.35498046875,-3,16.672036666666667,GlcNAc(a1-4)Gal(b1-4)GlcNAc(b1-3)[GlcNAc(a1-4)Gal(b1-4)GlcNAc(b1-6)]Gal,4.77265484732925e-06,3,0.13494656161566354,H-,candycrunch
433.1832275390625,-4,37.02291666666667,Neu5Ac(a2-?)GlcNAc(b1-6)[Gal(?1-3)]Gal(b1-?)GlcNAc(b1-6)[Fuc(a1-?)HexNAc(?1-?)Gal(b1-3)]GalNAc,1.3023184308735836e-08,1,0.22072994595646378,H-,candycrunch
433.19976806640625,-4,42.66294166666667,Neu5Ac(a2-?)GlcNAc(b1-6)[Gal(?1-3)]Gal(b1-?)GlcNAc(b1-6)[Fuc(a1-?)HexNAc(?1-?)Gal(b1-3)]GalNAc,4.2639754838091903e-07,1,0.20418941861271378,H-,candycrunch
433.370361328125,-4,18.37194333333333,Neu5Ac(a2-?)GlcNAc(b1-6)[Gal(?1-3)]Gal(b1-?)GlcNAc(b1-6)[Fuc(a1-?)HexNAc(?1-?)Gal(b1-3)]GalNAc,1.0587380216975362e-07,4,0.03359615689396378,H-,candycrunch
433.4004821777344,-4,19.493125,Neu5Ac(a2-?)GlcNAc(b1-6)[Gal(?1-3)]Gal(b1-?)GlcNAc(b1-6)[Fuc(a1-?)HexNAc(?1-?)Gal(b1-3)]GalNAc,1.0264336225418447e-07,3,0.00347530728458878,H-,candycrunch
433.428955078125,-4,39.09659166666667,Neu5Ac(a2-?)GlcNAc(b1-6)[Gal(?1-3)]Gal(b1-?)GlcNAc(b1-6)[Fuc(a1-?)HexNAc(?1-?)Gal(b1-3)]GalNAc,7.2797661232471e-07,2,-0.02499759310603622,H-,candycrunch
434.0842590332031,-4,5.382005,Fuc(a1-2)Gal(b1-4)GlcNAc(b1-3)[Fuc(a1-2)]Gal(b1-4)GlcNAc(b1-6)[Fuc(a1-2)[GalNAc(a1-3)]Gal(b1-3)]GalNAc,0.0005186910275369883,1,-0.4252012703341279,H-,candycrunch
434.24310302734375,-4,39.78075333333333,Fuc(a1-2)Gal(b1-4)GlcNAc(b1-3)[Fuc(a1-2)]Gal(b1-4)GlcNAc(b1-6)[Fuc(a1-2)[GalNAc(a1-3)]Gal(b1-3)]GalNAc,0.00013519125059247017,3,-0.5840452644747529,H-,candycrunch
434.27972412109375,-4,49.514586666666666,Fuc(a1-2)Gal(b1-4)GlcNAc(b1-3)[Fuc(a1-2)]Gal(b1-4)GlcNAc(b1-6)[Fuc(a1-2)[GalNAc(a1-3)]Gal(b1-3)]GalNAc,0.00014695740537717938,1,-0.6206663582247529,H-,candycrunch
434.29205322265625,-4,35.356384999999996,Fuc(a1-2)Gal(b1-4)GlcNAc(b1-3)[Fuc(a1-2)]Gal(b1-4)GlcNAc(b1-6)[Fuc(a1-2)[GalNAc(a1-3)]Gal(b1-3)]GalNAc,5.934280579822371e-06,3,-0.6329954597872529,H-,candycrunch
435.5868835449219,-4,44.05177666666667,Neu5Gc(a2-3)[GalNAc(b1-4)]Gal(b1-4)GlcNAc(b1-6)[Neu5Gc(a2-3)[GalNAc(b1-4)]Gal(b1-3)]GalNAc,0.00011097489186795428,1,1.5607023166220984,H-,candycrunch
435.9560546875,-3,4.403955000000001,Neu5Ac(a2-3)Gal(b1-?)GlcNAc(b1-6)[Neu5Ac(a2-3)Gal(b1-3)]GalNAc,0.004893655888736248,12,1.193627181432305,H-,candycrunch
436.9286804199219,-3,5.560958333333334,Neu5Ac(a2-3)Gal(b1-4)GlcNAc(b1-6)[Neu5Ac(a2-3)Gal(b1-3)]GalNAc,0.0055432566441595554,1,0.22100144901042995,H-,candycrunch
437.0332946777344,-3,4.08816,Neu5Ac(a2-3)Gal(b1-4)GlcNAc(b1-6)[Neu5Ac(a2-3)Gal(b1-3)]GalNAc,0.031886644661426544,6,0.11638719119792995,H-,candycrunch
437.34173583984375,-3,45.184295,Neu5Ac(a2-3)Gal(b1-4)GlcNAc(b1-6)[Neu5Ac(a2-3)Gal(b1-3)]GalNAc,0.016220279037952423,4,-0.19205397091144505,H-,candycrunch
437.3625793457031,-3,43.92503333333333,Neu5Ac(a2-3)Gal(b1-?)GlcNAc(b1-6)[Neu5Ac(a2-3)Gal(b1-3)]GalNAc,0.036048322916030884,1,-0.21289747677082005,H-,candycrunch
437.46820068359375,-3,47.43255666666666,Neu5Ac(a2-3)Gal(b1-?)GlcNAc(b1-6)[Neu5Ac(a2-3)Gal(b1-3)]GalNAc,0.003978336695581675,1,-0.31851881466144505,H-,candycrunch
437.585205078125,-3,42.57527833333333,Neu5Ac(a2-3)Gal(b1-?)GlcNAc(b1-6)[Neu5Ac(a2-3)Gal(b1-3)]GalNAc,0.00714591471478343,21,-0.43552320919269505,H-,candycrunch
438.21636962890625,-2,43.38176833333333,Gal(b1-4)GlcNAc(b1-3)[Fuc(a1-2)]Gal(b1-3)GalNAc,0.0014079941902309656,3,-0.05467069429727189,H-,candycrunch
438.2272033691406,-2,3.535273333333333,Fuc(a1-?)[Gal(b1-?)]GlcNAc(b1-6)[Gal(b1-3)]GalNAc,0.010305652394890785,2,-0.0655044345316469,H-,candycrunch
438.68505859375,-2,37.197134999999996,Fuc(a1-3)[Gal(b1-4)]GlcNAc(b1-6)[Gal(b1-3)]GalNAc,0.00035074164043180645,1,-0.5233596591410219,H-,candycrunch
438.6947937011719,-2,49.818135,Fuc(a1-3)[Gal(b1-4)]GlcNAc(b1-6)[Gal(b1-3)]GalNAc,0.00034294096985831857,1,-0.5330947665628969,H-,candycrunch
439.19049072265625,-2,41.59021666666667,GalOS(b1-?)GlcNAc(b1-3)Gal(b1-4)GlcNAc6S(b1-6)[Fuc(a1-2)Gal(b1-3)]GalNAc,0.005248641595244408,1,-1.028791788047272,H-,candycrunch
439.2821960449219,-2,15.012978333333333,Fuc(a1-2)Gal(b1-3)[Gal(b1-4)GlcNAc(b1-6)]GalNAc,0.0022168264258652925,2,-1.120497110312897,H-,candycrunch
439.4569091796875,-2,48.254533333333335,Fuc(a1-2)Gal(b1-3)[Gal(b1-4)GlcNAc(b1-6)]GalNAc,0.0009399677510373294,1,-1.295210245078522,H-,candycrunch
440.3710021972656,-3,15.115425,Fuc(a1-?)[HexNAc(?1-?)]HexNAc(?1-?)Gal(b1-3)[GlcNAc(b1-6)]GalNAc(a1-3)GalNAc,1.1032826705559273e-06,1,0.462802992766683,H-,candycrunch
440.8758850097656,-3,4.101686666666667,Fuc(a1-?)[HexNAc(?1-?)]HexNAc(?1-?)Gal(b1-3)[GlcNAc(b1-6)]GalNAc(a1-3)GalNAc,2.1315175047220691e-07,14,-0.04207981973331698,H-,candycrunch
440.8931884765625,-3,6.090755000000001,Fuc(a1-?)[HexNAc(?1-?)]HexNAc(?1-?)Gal(?1-3)[GlcNAc(b1-6)]GalNAc(a1-3)GalNAc,9.680271659817663e-07,2,-0.05938328653019198,H-,candycrunch
441.3486022949219,-4,46.49113833333334,Neu5Gc(a2-3)[GalNAc(b1-4)]Gal(b1-4)GlcNAc(b1-3)Gal(b1-3)[Gal(a1-3)Gal(b1-4)GlcNAc(b1-6)]GalNAc,0.001458685495890677,4,0.052812500722097866,H-,candycrunch
441.39788818359375,-4,39.579155,Neu5Gc(a2-3)[GalNAc(b1-4)]Gal(b1-4)GlcNAc(b1-3)Gal(b1-3)[Gal(a1-3)Gal(b1-4)GlcNAc(b1-6)]GalNAc,3.85201201424934e-05,1,0.003526612050222866,H-,candycrunch
441.50457763671875,-4,44.64625833333333,Neu5Gc(a2-3)[GalNAc(b1-4)]Gal(b1-4)GlcNAc(b1-3)Gal(b1-3)[Gal(a1-3)Gal(b1-4)GlcNAc(b1-6)]GalNAc,0.0030616954900324345,2,-0.10316284107477713,H-,candycrunch
443.23724365234375,-3,38.33515833333333,Fuc(a1-2)[Gal(a1-3)]Gal(b1-4)[Fuc(a1-3)]GlcNAc(b1-6)[Fuc(a1-2)Gal(b1-3)]GalNAc,5.686207805410959e-05,1,-0.07565616831135458,H-,candycrunch
443.2949523925781,-3,41.183818333333335,Fuc(a1-2)[Gal(a1-3)]Gal(b1-?)[Fuc(a1-?)]GlcNAc(b1-6)[Fuc(a1-2)Gal(b1-3)]GalNAc,1.272548433917109e-05,3,-0.13336490854572958,H-,candycrunch
443.3486022949219,-3,43.45645666666667,Fuc(a1-2)[Gal(a1-3)]Gal(b1-4)[Fuc(a1-3)]GlcNAc(b1-6)[Fuc(a1-2)Gal(b1-3)]GalNAc,0.00017572399519849569,2,-0.18701481088947958,H-,candycrunch
443.42144775390625,-4,44.908296666666665,Fuc(a1-?)[HexNAc(?1-?)]HexNAc(?1-?)Gal(?1-3)[Gal(b1-?)GlcNAc(b1-6)]GalNAc(a1-3)[Neu5Ac(a2-6)]GalNAc,4.1704859654601023e-07,1,0.2391470064877126,H-,candycrunch
443.437255859375,-4,41.722476666666665,Fuc(a1-?)[HexNAc(?1-?)]HexNAc(?1-?)Gal(?1-3)[Gal(b1-?)GlcNAc(b1-6)]GalNAc(a1-3)[Neu5Ac(a2-6)]GalNAc,1.2725594444873423e-07,3,0.2233389010189626,H-,candycrunch
443.4571228027344,-3,49.87836166666666,Fuc(a1-2)[Gal(a1-3)]Gal(b1-4)[Fuc(a1-3)]GlcNAc(b1-6)[Fuc(a1-2)Gal(b1-3)]GalNAc,0.003789576468989253,2,-0.2955353187019796,H-,candycrunch
444.36676025390625,-4,47.77050666666666,Fuc(a1-?)[HexNAc(?1-?)]HexNAc(?1-?)Gal(?1-3)[Gal(b1-?)GlcNAc(b1-6)]GalNAc(a1-3)[Neu5Ac(a2-6)]GalNAc,1.109856953007693e-07,1,-0.7061654935122874,H-,candycrunch
444.3959045410156,-4,36.78546166666666,Fuc(a1-?)[HexNAc(?1-?)]HexNAc(?1-?)Gal(?1-3)[Gal(b1-?)GlcNAc(b1-6)]GalNAc(a1-3)[Neu5Ac(a2-6)]GalNAc,8.567632159284244e-10,1,-0.7353097806216624,H-,candycrunch
445.2503967285156,-2,39.51883333333333,Gal(a1-3)Gal(b1-4)GlcNAc(b1-6)[Gal(b1-3)]GalNAc,0.00019422695913817734,1,0.9087595173434124,H-,candycrunch
445.25592041015625,-2,47.729283333333335,Gal(a1-3)Gal(b1-4)GlcNAc(b1-6)[Gal(b1-3)]GalNAc,0.0022675166837871075,10,0.9032358357027874,H-,candycrunch
445.3543701171875,-2,45.03165,Gal(a1-3)Gal(b1-4)GlcNAc(b1-6)[Gal(b1-3)]GalNAc,0.00030212875572033226,1,0.8047861286715374,H-,candycrunch
445.41705322265625,-2,41.50134333333334,Gal(a1-3)Gal(b1-4)GlcNAc(b1-6)[Gal(b1-3)]GalNAc,0.00024670956190675497,1,0.7421030232027874,H-,candycrunch
445.482421875,-2,48.79952166666667,Gal(a1-3)Gal(b1-4)GlcNAc(b1-6)[Gal(b1-3)]GalNAc,0.0001248501503141597,1,0.6767343708590374,H-,candycrunch
446.3247375488281,-2,15.305401666666667,Gal(a1-3)Gal(b1-4)GlcNAc(b1-6)[Gal(b1-3)]GalNAc,0.0002527873730286956,1,-0.16558130296908757,H-,candycrunch
448.4029541015625,-3,39.197295000000004,Fuc(a1-2)[Gal(a1-3)]Gal(b1-4)GlcNAc(b1-6)[Fuc(a1-2)[Gal(a1-3)]Gal(b1-3)]GalNAc,5.377072739065625e-05,1,0.09027158996985918,H-,candycrunch
449.38677978515625,-3,39.67921833333334,Fuc(a1-2)[Gal(a1-3)]Gal(b1-4)GlcNAc(b1-6)[Fuc(a1-2)[Gal(a1-3)]Gal(b1-3)]GalNAc,0.00015952714602462947,1,-0.8935540936238908,H-,candycrunch
449.4255676269531,-3,38.569195,Fuc(a1-2)[Gal(a1-3)]Gal(b1-4)GlcNAc(b1-6)[Fuc(a1-2)[Gal(a1-3)]Gal(b1-3)]GalNAc,7.182660192484036e-05,1,-0.9323419354207658,H-,candycrunch
450.1433410644531,-2,5.10655,Fuc(a1-?)[GalOS(b1-?)]GlcNAc(b1-3)[Fuc(a1-?)[GalOS(b1-?)]GlcNAc(b1-6)]GalNAc,4.6739369707893275e-08,9,0.5341751096559051,H-,candycrunch
450.9295654296875,-3,40.38128333333333,Neu5Ac(a2-3)[GalNAc(b1-4)]Gal(b1-3)GlcNAc(b1-3)[Neu5Ac(a2-6)]GalNAc,1.4746781289431965e-06,1,-0.10436719358852997,H-,candycrunch
451.1611328125,-4,6.6241166666666675,Neu5Ac(a2-3)Gal(b1-?)[Fuc(a1-?)]GlcNAc(b1-3)[Neu5Ac(a2-3)Gal(b1-?)[Fuc(a1-?)]GlcNAc(b1-6)]GalNAc,3.335687210892502e-07,1,0.2481070102940066,H-,candycrunch
451.23193359375,-4,45.07792666666666,Neu5Ac(a2-3)Gal(b1-?)[Fuc(a1-?)]GlcNAc(b1-3)[Neu5Ac(a2-3)Gal(b1-?)[Fuc(a1-?)]GlcNAc(b1-6)]GalNAc,1.4688628198200604e-06,1,0.1773062290440066,H-,candycrunch
451.4944152832031,-4,43.80441833333334,Neu5Ac(a2-3)Gal(b1-?)[Fuc(a1-?)]GlcNAc(b1-3)[Neu5Ac(a2-3)Gal(b1-?)[Fuc(a1-?)]GlcNAc(b1-6)]GalNAc,7.288594616738919e-08,1,-0.08517546040911839,H-,candycrunch
452.38861083984375,-4,32.56661666666667,HexNAc(?1-4)HexA(?1-?)Hex(?1-?)HexNAc(?1-?)HexA(?1-?)Hex(?1-?)HexNAc(?1-4)HexA(?1-?)[Fuc(a1-?)]GalNAc,6.70518147671828e-08,1,-0.2476473618497721,H-,candycrunch
453.24505615234375,-2,48.35662166666667,Gal(?1-?)HexNAc(?1-?)GlcA(b1-3)Gal(b1-3)GalNAc,3.253984323237091e-05,1,-0.09626763723474596,H-,candycrunch
454.2284240722656,-1,13.575781666666668,Neu5Ac(a2-3)Gal,0.9990986585617065,2,-0.0718105363266659,H-,candycrunch
454.2901611328125,-1,15.236423333333335,Neu5Ac(a2-3)Gal,0.993893027305603,23,-0.1335475968735409,H-,candycrunch
454.7606201171875,-1,38.908098333333335,Neu5Ac(a2-3)Gal,0.35465434193611145,1,-0.6040065812485409,H-,candycrunch
455.3135070800781,-4,41.864246666666666,Neu5Ac(a2-3)Gal(b1-?)GlcNAc(b1-3)Gal(b1-?)[Fuc(a1-?)]GlcNAc(b1-6)[Neu5Ac(a2-3)Gal(b1-3)]GalNAc,0.0005092744249850512,1,0.09446139834085443,H-,candycrunch
455.41290283203125,-4,46.47754166666667,Neu5Ac(a2-3)Gal(b1-?)[Fuc(a1-?)]GlcNAc(b1-3)Gal(b1-?)GlcNAc(b1-6)[Neu5Ac(a2-3)Gal(b1-3)]GalNAc,0.0010686736786738038,1,-0.00493435361227057,H-,candycrunch
455.41363525390625,-4,15.379823333333334,Neu5Ac(a2-3)Gal(b1-?)[Fuc(a1-?)]GlcNAc(b1-3)Gal(b1-?)GlcNAc(b1-6)[Neu5Ac(a2-3)Gal(b1-3)]GalNAc,0.0003950496029574424,1,-0.00566677548727057,H-,candycrunch
456.8079528808594,-3,5.574598333333333,Fuc(a1-2)Gal(b1-?)[Fuc(a1-?)]GlcNAc(b1-3)[Fuc(a1-2)Gal(b1-4)GlcNAc(b1-6)]GalNAc,2.87284478872607e-06,1,0.0291509703396855,H-,candycrunch
457.0525817871094,-3,3.984276666666667,Fuc(a1-2)Gal(b1-?)GlcNAc(b1-3)[Fuc(a1-2)Gal(b1-?)[Fuc(a1-?)]GlcNAc(b1-6)]GalNAc,3.683988325065002e-05,1,-0.2154779359103145,H-,candycrunch
457.177001953125,-3,36.542973333333336,Fuc(a1-2)Gal(b1-?)GlcNAc(b1-3)[Fuc(a1-2)Gal(b1-?)[Fuc(a1-?)]GlcNAc(b1-6)]GalNAc,1.2125298781029414e-05,2,-0.3398981019259395,H-,candycrunch
457.23773193359375,-3,36.455733333333335,Fuc(a1-2)Gal(b1-?)GlcNAc(b1-3)[Fuc(a1-2)Gal(b1-?)[Fuc(a1-?)]GlcNAc(b1-6)]GalNAc,1.5147604699450312e-06,17,-0.4006280823946895,H-,candycrunch
457.2838134765625,-3,37.926755,Fuc(a1-2)Gal(b1-?)GlcNAc(b1-3)[Fuc(a1-2)Gal(b1-?)[Fuc(a1-?)]GlcNAc(b1-6)]GalNAc,4.362906565802405e-06,2,-0.4467096253634395,H-,candycrunch
457.290283203125,-3,42.29353333333333,Fuc(a1-2)Gal(b1-?)[Fuc(a1-?)]GlcNAc(b1-3)[Fuc(a1-2)Gal(b1-4)GlcNAc(b1-6)]GalNAc,8.567604709242005e-06,1,-0.4531793519259395,H-,candycrunch
457.3021240234375,-3,38.27944166666667,Fuc(a1-2)Gal(b1-?)[Fuc(a1-?)]GlcNAc(b1-3)[Fuc(a1-2)Gal(b1-4)GlcNAc(b1-6)]GalNAc,5.082245934318053e-06,11,-0.4650201722384395,H-,candycrunch
457.3345031738281,-3,45.571025,Fuc(a1-2)Gal(b1-?)[Fuc(a1-?)]GlcNAc(b1-3)[Fuc(a1-2)Gal(b1-4)GlcNAc(b1-6)]GalNAc,1.569957021274604e-05,6,-0.4973993226290645,H-,candycrunch
457.3405456542969,-3,39.61953,Fuc(a1-2)Gal(b1-?)[Fuc(a1-?)]GlcNAc(b1-3)[Fuc(a1-2)Gal(b1-4)GlcNAc(b1-6)]GalNAc,2.028433846135158e-05,1,-0.5034418030978145,H-,candycrunch
457.34814453125,-3,35.051195,Fuc(a1-2)Gal(b1-?)[Fuc(a1-?)]GlcNAc(b1-3)[Fuc(a1-2)Gal(b1-4)GlcNAc(b1-6)]GalNAc,1.793870865185454e-06,7,-0.5110406800509395,H-,candycrunch
457.427001953125,-3,41.95048,Fuc(a1-2)Gal(b1-?)[Fuc(a1-?)]GlcNAc(b1-3)[Fuc(a1-2)Gal(b1-4)GlcNAc(b1-6)]GalNAc,8.252850238932297e-05,5,-0.5898981019259395,H-,candycrunch
457.52117919921875,-4,48.240815000000005,Fuc(a1-?)[HexNAc(?1-?)]HexNAc(?1-?)Gal(b1-?)GlcNAc(b1-6)[Fuc(a1-?)HexNAc(?1-?)Gal(b1-3)]GalNAc(a1-3)GalNAc,9.464390871016803e-08,3,0.6498817700252175,H-,candycrunch
458.1439208984375,-4,4.491405,Fuc(a1-?)[HexNAc(?1-?)]HexNAc(?1-?)Gal(b1-?)GlcNAc(b1-6)[Fuc(a1-?)[HexNAc(?1-?)]HexNAc(?1-?)Gal(b1-3)]GalNAc,1.1814702702395152e-05,8,0.02714007080646752,H-,candycrunch
458.2668151855469,-4,36.469296666666665,Fuc(a1-?)[HexNAc(?1-?)]HexNAc(?1-?)Gal(b1-?)GlcNAc(b1-6)[Fuc(a1-?)[HexNAc(?1-?)]HexNAc(?1-?)Gal(b1-3)]GalNAc,9.028285035128647e-07,7,-0.09575421630290748,H-,candycrunch
458.3421325683594,-4,35.07807833333333,Fuc(a1-?)[HexNAc(?1-?)]HexNAc(?1-?)Gal(b1-?)GlcNAc(b1-6)[Fuc(a1-?)HexNAc(?1-?)Gal(b1-3)]GalNAc(a1-3)GalNAc,6.671361063581571e-08,3,-0.17107159911540748,H-,candycrunch
459.2661437988281,-4,36.39586666666667,Neu5Ac(a2-3)Gal(b1-?)GlcNAc(b1-3)Gal(b1-3)[Fuc(a1-2)[Gal(a1-3)]Gal(b1-?)[Fuc(a1-?)]GlcNAc(b1-6)]GalNAc,2.897108743127319e-06,6,0.39565361306586055,H-,candycrunch
459.3048400878906,-4,35.10603666666666,Neu5Ac(a2-3)Gal(b1-?)GlcNAc(b1-3)Gal(b1-3)[Fuc(a1-2)[Gal(a1-3)]Gal(b1-?)[Fuc(a1-?)]GlcNAc(b1-6)]GalNAc,7.956208719406277e-06,3,0.35695732400336055,H-,candycrunch
459.39215087890625,-4,38.46875333333333,Neu5Ac(a2-3)Gal(b1-?)GlcNAc(b1-3)Gal(b1-3)[Fuc(a1-2)[Gal(a1-3)]Gal(b1-?)[Fuc(a1-?)]GlcNAc(b1-6)]GalNAc,2.8366937385726487e-06,1,0.26964653298773555,H-,candycrunch
459.453857421875,-4,46.39882333333333,Neu5Ac(a2-3)Gal(b1-?)GlcNAc(b1-3)Gal(b1-3)[Fuc(a1-2)[Gal(a1-3)]Gal(b1-?)[Fuc(a1-?)]GlcNAc(b1-6)]GalNAc,1.0586159078229684e-06,2,0.20793999001898555,H-,candycrunch
459.48443603515625,-4,49.66697666666666,Neu5Ac(a2-3)Gal(b1-?)GlcNAc(b1-3)Gal(b1-3)[Fuc(a1-2)[Gal(a1-3)]Gal(b1-?)[Fuc(a1-?)]GlcNAc(b1-6)]GalNAc,9.601951205695514e-06,1,0.17736137673773555,H-,candycrunch
459.51849365234375,-4,41.603761666666664,Neu5Ac(a2-3)Gal(b1-?)GlcNAc(b1-3)Gal(b1-3)[Fuc(a1-2)[Gal(a1-3)]Gal(b1-?)[Fuc(a1-?)]GlcNAc(b1-6)]GalNAc,5.691175829269923e-06,2,0.14330375955023555,H-,candycrunch
459.52435302734375,-4,45.30208833333334,Neu5Ac(a2-3)Gal(b1-?)GlcNAc(b1-3)Gal(b1-3)[Fuc(a1-2)[Gal(a1-3)]Gal(b1-?)[Fuc(a1-?)]GlcNAc(b1-6)]GalNAc,3.4327538742218167e-05,1,0.13744438455023555,H-,candycrunch
459.88922119140625,-4,9.685551666666667,Neu5Ac(a2-3)Gal(b1-?)GlcNAc(b1-3)Gal(b1-3)[Fuc(a1-2)[Gal(a1-3)]Gal(b1-?)[Fuc(a1-?)]GlcNAc(b1-6)]GalNAc,1.287504164793063e-05,1,-0.22742377951226445,H-,candycrunch
460.2315979003906,-2,36.75816,HexNAcOS(?1-?)HexA(?1-?)Hex(?1-?)HexNAc(?1-?)HexA(?1-?)GalNAc,3.4031214454444125e-05,1,-0.09317711603165435,H-,candycrunch
460.2509460449219,-2,34.56234166666667,HexNAcOS(?1-?)HexA(?1-?)Hex(?1-?)HexNAc(?1-?)HexA(?1-?)GalNAc,6.781980118830688e-06,1,-0.11252526056290435,H-,candycrunch
460.25396728515625,-2,31.854668333333336,HexNAcOS(?1-?)HexA(?1-?)Hex(?1-?)HexNAc(?1-?)HexA(?1-?)GalNAc,2.800220863719005e-05,1,-0.11554650079727935,H-,candycrunch
460.6796569824219,-2,43.52142833333333,HexNAcOS(?1-?)HexA(?1-?)Hex(?1-?)HexNAc(?1-?)HexA(?1-?)GalNAc,2.426199171168264e-05,1,-0.5412361980629044,H-,candycrunch
461.3280029296875,-3,34.03216,Neu5Gc(a2-3)[GalNAc(b1-4)]Gal(b1-4)GlcNAc(b1-6)[Fuc(a1-2)Gal(b1-3)]GalNAc,0.000450512976385653,1,0.5006054243781932,H-,candycrunch
461.4380798339844,-3,46.53687,Gal(b1-?)GlcNAc(b1-3)Gal(b1-4)GlcNAc(b1-6)[Neu5Ac(a2-3)Gal(b1-3)]GalNAc,1.9298942788736895e-05,1,0.39052852091464274,H-,candycrunch
461.5791320800781,-3,45.01280666666666,Neu5Gc(a2-3)[GalNAc(b1-4)]Gal(b1-?)GlcNAc(b1-6)[Fuc(a1-2)Gal(b1-3)]GalNAc,3.405240931897424e-05,1,0.24947627398756822,H-,candycrunch
462.19036865234375,-3,12.487293333333334,Fuc(a1-2)Gal(b1-4)GlcNAc(b1-3)[Fuc(a1-2)Gal(b1-4)GlcNAc(b1-6)]Gal(b1-3)GalNAc,0.0001996490900637582,4,-0.021626593644725745,H-,candycrunch
462.2212829589844,-3,13.049531666666667,Fuc(a1-2)Gal(b1-4)GlcNAc(b1-3)[Fuc(a1-2)Gal(b1-4)GlcNAc(b1-6)]Gal(b1-3)GalNAc,4.154916314291768e-05,16,-0.052540900285350745,H-,candycrunch
462.3233642578125,-3,18.220308333333335,Fuc(a1-2)Gal(b1-4)GlcNAc(b1-3)[Fuc(a1-2)Gal(b1-4)GlcNAc(b1-6)]Gal(b1-3)GalNAc,0.0003771831397898495,1,-0.15462219911347574,H-,candycrunch
462.3548889160156,-3,18.53666,Fuc(a1-2)Gal(b1-?)GlcNAc(b1-3)Gal(b1-3)[Fuc(a1-2)Gal(b1-?)GlcNAc(b1-6)]GalNAc,0.001173393800854683,3,-0.18614685731660074,H-,candycrunch
463.37481689453125,-4,41.0651,Fuc(a1-2)[Gal(a1-3)]Gal(b1-?)[Fuc(a1-?)]GlcNAc(b1-3)Gal(b1-3)[Fuc(a1-2)[Gal(a1-3)]Gal(b1-?)GlcNAc(b1-6)]GalNAc,0.004839836619794369,1,0.5408094508377417,H-,candycrunch
463.41314697265625,-4,49.044470000000004,Fuc(a1-2)[Gal(a1-3)]Gal(b1-?)[Fuc(a1-?)]GlcNAc(b1-3)Gal(b1-3)[Fuc(a1-2)[Gal(a1-3)]Gal(b1-?)GlcNAc(b1-6)]GalNAc,0.00039459840627387166,1,0.5024793727127417,H-,candycrunch
463.43170166015625,-4,44.618435,Fuc(a1-2)[Gal(a1-3)]Gal(b1-?)[Fuc(a1-?)]GlcNAc(b1-3)Gal(b1-3)[Fuc(a1-2)[Gal(a1-3)]Gal(b1-?)GlcNAc(b1-6)]GalNAc,0.0005695860018022358,1,0.4839246852127417,H-,candycrunch
464.0293273925781,-4,5.455096666666667,Fuc(a1-2)[Gal(a1-3)]Gal(b1-?)[Fuc(a1-?)]GlcNAc(b1-3)Gal(b1-3)[Fuc(a1-2)[Gal(a1-3)]Gal(b1-?)GlcNAc(b1-6)]GalNAc,0.00026066976715810597,1,-0.11370104720913332,H-,candycrunch
464.2571105957031,-4,15.040118333333332,Fuc(a1-2)[Gal(a1-3)]Gal(b1-?)[Fuc(a1-?)]GlcNAc(b1-3)Gal(b1-3)[Fuc(a1-2)[Gal(a1-3)]Gal(b1-?)GlcNAc(b1-6)]GalNAc,0.0030536355916410685,3,-0.3414842503341333,H-,candycrunch
465.268310546875,-4,44.06543666666666,Neu5Ac(a2-?)HexNAc(?1-?)Gal(?1-3)[Fuc(a1-?)[Gal(b1-?)]GlcNAc(b1-6)]GalNAc(a1-3)[Neu5Ac(a2-6)]GalNAc,9.108063386520371e-05,1,0.39629520691897824,H-,candycrunch
465.2767333984375,-4,42.39921,Neu5Ac(a2-?)HexNAc(?1-?)Gal(?1-3)[Fuc(a1-?)[Gal(b1-?)]GlcNAc(b1-6)]GalNAc(a1-3)[Neu5Ac(a2-6)]GalNAc,6.165966624394059e-05,1,0.38787235535647824,H-,candycrunch
465.28271484375,-4,45.45119666666667,Neu5Ac(a2-?)HexNAc(?1-?)Gal(?1-3)[Fuc(a1-?)[Gal(b1-?)]GlcNAc(b1-6)]GalNAc(a1-3)[Neu5Ac(a2-6)]GalNAc,1.290146065002773e-05,1,0.38189091004397824,H-,candycrunch
465.53546142578125,-4,47.036818333333336,Neu5Ac(a2-?)HexNAc(?1-?)Gal(?1-3)[Fuc(a1-?)[Gal(b1-?)]GlcNAc(b1-6)]GalNAc(a1-3)[Neu5Ac(a2-6)]GalNAc,6.744796223756566e-07,1,0.12914432801272824,H-,candycrunch
467.1152038574219,-2,38.848106666666666,Gal(b1-?)GlcNAc(b1-6)[Gal(?1-3)]GalNAc(a1-3)GalNAc,2.000852873607073e-06,1,-0.44277306081283996,H-,candycrunch
467.2660217285156,-2,44.82877333333333,GlcNAc(a1-4)Gal(b1-4)GlcNAc(b1-6)[Gal(b1-3)]GalNAc,4.931110311190423e-07,1,-0.59359093190659,H-,candycrunch
467.337646484375,-2,46.09422333333333,Gal(b1-?)GlcNAc(b1-3)Gal(b1-4)GalNAc(a1-3)GalNAc,0.0005903537385165691,1,-0.665215687765965,H-,candycrunch
468.36077880859375,-4,35.97132333333333,Neu5Ac(a2-3)Gal(b1-?)GlcNAc(b1-3)Gal(b1-?)GlcNAc(b1-3)Gal(b1-?)GlcNAc(b1-6)[Neu5Ac(a2-6)]GalNAc,3.159251264150953e-06,1,1.302555600825258,H-,candycrunch
468.44091796875,-4,34.63599166666667,Neu5Ac(a2-3)Gal(b1-?)GlcNAc(b1-3)Gal(b1-?)GlcNAc(b1-3)Gal(b1-?)GlcNAc(b1-6)[Neu5Ac(a2-6)]GalNAc,6.171041150082601e-06,5,1.222416440669008,H-,candycrunch
469.2388610839844,-4,45.19777666666667,Neu5Ac(a2-3)Gal(b1-?)GlcNAc(b1-3)Gal(b1-?)GlcNAc(b1-3)Gal(b1-?)GlcNAc(b1-6)[Neu5Ac(a2-6)]GalNAc,1.7843052773969248e-05,1,0.4244733254346329,H-,candycrunch
469.2633361816406,-4,39.31627833333333,Neu5Ac(a2-3)Gal(b1-?)GlcNAc(b1-3)Gal(b1-?)GlcNAc(b1-3)Gal(b1-?)GlcNAc(b1-6)[Neu5Ac(a2-6)]GalNAc,4.428011834534118e-06,9,0.3999982277783829,H-,candycrunch
469.287841796875,-4,33.54933166666667,Neu5Ac(a2-3)Gal(b1-?)GlcNAc(b1-3)Gal(b1-?)GlcNAc(b1-3)Gal(b1-?)GlcNAc(b1-6)[Neu5Ac(a2-6)]GalNAc,5.022131972509669e-07,4,0.3754926125440079,H-,candycrunch
469.3365478515625,-4,38.24759666666667,Neu5Ac(a2-3)Gal(b1-?)GlcNAc(b1-3)Gal(b1-?)GlcNAc(b1-3)Gal(b1-?)GlcNAc(b1-6)[Neu5Ac(a2-6)]GalNAc,2.9279183877406467e-07,7,0.3267865578565079,H-,candycrunch
469.3994140625,-4,48.027901666666665,Neu5Ac(a2-3)Gal(b1-?)GlcNAc(b1-3)Gal(b1-?)GlcNAc(b1-3)Gal(b1-?)GlcNAc(b1-6)[Neu5Ac(a2-6)]GalNAc,4.041544912070094e-07,1,0.2639203469190079,H-,candycrunch
469.4307861328125,-4,43.173635,Neu5Ac(a2-3)Gal(b1-?)GlcNAc(b1-3)Gal(b1-?)GlcNAc(b1-3)Gal(b1-?)GlcNAc(b1-6)[Neu5Ac(a2-6)]GalNAc,0.00010039033804787323,2,0.2325482766065079,H-,candycrunch
469.4649353027344,-4,36.11924333333334,Neu5Ac(a2-3)Gal(b1-?)GlcNAc(b1-3)Gal(b1-?)GlcNAc(b1-3)Gal(b1-?)GlcNAc(b1-6)[Neu5Ac(a2-6)]GalNAc,9.149899597105104e-06,6,0.1983991066846329,H-,candycrunch
469.5110168457031,-4,46.808688333333336,Neu5Ac(a2-3)Gal(b1-?)GlcNAc(b1-3)Gal(b1-?)GlcNAc(b1-3)Gal(b1-?)GlcNAc(b1-6)[Neu5Ac(a2-6)]GalNAc,1.7344275420327904e-06,1,0.1523175637158829,H-,candycrunch
470.21026611328125,-3,15.0593,Fuc(a1-?)HexNAc(?1-?)Gal(?1-3)[GlcNAc(b1-6)]GalNAc(a1-3)[Neu5Ac(a2-6)]GalNAc,4.361850187706295e-06,4,-0.03777959871558778,H-,candycrunch
470.2875671386719,-3,14.883618333333333,Fuc(a1-?)HexNAc(?1-?)Gal(?1-3)[GlcNAc(b1-6)]GalNAc(a1-3)[Neu5Ac(a2-6)]GalNAc,1.2053912541887257e-05,16,-0.11508062410621278,H-,candycrunch
470.3179931640625,-3,16.776065,Fuc(a1-?)HexNAc(?1-?)Gal(?1-?)[HexNAc(?1-?)]GalNAc(a1-3)[Neu5Ac(a2-6)]GalNAc,1.0686509085644502e-05,8,-0.14550664949683778,H-,candycrunch
470.3653564453125,-3,27.922951666666666,Fuc(a1-?)HexNAc(?1-?)Gal(?1-3)[GlcNAc(b1-6)]GalNAc(a1-3)[Neu5Ac(a2-6)]GalNAc,0.0003909268125426024,2,-0.19286993074683778,H-,candycrunch
471.3429260253906,-1,15.026470000000002,Fuc(a1-2)[Gal(a1-3)]Gal,0.45557790994644165,2,-0.1709967555516414,H-,candycrunch
471.407958984375,-1,47.995195,Fuc(a1-2)[Gal(a1-3)]Gal,0.8744992017745972,1,-0.2360297145360164,H-,candycrunch
472.2460632324219,-1,6.286673333333333,Fuc(a1-2)[Gal(a1-3)]Gal,0.3693830072879791,1,-1.0741339625828914,H-,candycrunch
472.34808349609375,-3,17.78924333333333,Gal(a1-3)Gal(b1-4)GlcNAc(b1-3)Gal(b1-3)[Gal(a1-3)Gal(b1-4)GlcNAc(b1-6)]GalNAc,0.00015530141536146402,1,0.4839349776052586,H-,candycrunch
472.41265869140625,-3,42.783505,Gal(a1-3)Gal(b1-4)GlcNAc(b1-3)Gal(b1-3)[Gal(a1-3)Gal(b1-4)GlcNAc(b1-6)]GalNAc,0.0006121316109783947,1,0.4193597822927586,H-,candycrunch
472.955078125,-3,4.156111666666667,Gal(a1-3)Gal(b1-4)GlcNAc(b1-3)Gal(b1-3)[Gal(a1-3)Gal(b1-4)GlcNAc(b1-6)]GalNAc,0.00010159016528632492,2,-0.12305965130099139,H-,candycrunch
473.403564453125,-2,40.877085,Neu5Ac(a2-3)Gal(b1-3)[Neu5Ac(a2-6)]GalNAc,0.29702743887901306,1,0.25849860133399716,H-,candycrunch
475.588134765625,-3,47.891938333333336,HexNAc(?1-?)Gal(?1-?)[Gal(?1-?)HexNAc(?1-?)]GalNAc(a1-3)[Neu5Ac(a2-6)]GalNAc,2.944665538961999e-06,2,-0.08401004355937403,H-,candycrunch
475.6834411621094,-3,45.59809833333333,Fuc(a1-2)[GalNAc(a1-3)]Gal(b1-4)GlcNAc(b1-6)[Fuc(a1-2)[GalNAc(a1-3)]Gal(b1-3)]GalNAc,5.364967728382908e-05,1,0.16081726375631433,H-,candycrunch
476.9588623046875,-4,40.68951833333333,Neu5Gc(a2-3)[GalNAc(b1-4)]Gal(b1-4)GlcNAc(b1-3)Gal(b1-3)[Neu5Gc(a2-3)Gal(b1-4)GlcNAc(b1-6)]GalNAc,2.3309601601795293e-05,1,0.7019294147314667,H-,candycrunch
477.23638916015625,-4,41.82353833333334,Neu5Gc(a2-3)[GalNAc(b1-4)]Gal(b1-4)GlcNAc(b1-3)Gal(b1-3)[Neu5Gc(a2-3)Gal(b1-4)GlcNAc(b1-6)]GalNAc,9.52910431806231e-06,1,0.42440255926271675,H-,candycrunch
477.4790344238281,-4,46.19526666666667,Neu5Gc(a2-3)[GalNAc(b1-4)]Gal(b1-4)GlcNAc(b1-3)Gal(b1-3)[Neu5Gc(a2-3)Gal(b1-4)GlcNAc(b1-6)]GalNAc,4.631896808859892e-05,2,0.18175729559084175,H-,candycrunch
478.359130859375,-4,33.27604,Fuc(a1-2)[Gal(a1-3)]Gal(b1-?)GlcNAc(b1-3)Gal(b1-4)GlcNAc(b1-6)[Fuc(a1-2)[Gal(a1-3)]Gal(b1-?)GlcNAc(b1-3)]GalNAc,4.748450077585176e-09,1,-0.1881385830060367,H-,candycrunch
479.2408142089844,-4,36.49662166666667,Neu5Ac(a2-3)[GalNAc(b1-4)]Gal(b1-4)GlcNAc(b1-3)Gal6S(b1-4)GlcNAc(b1-6)[Neu5Ac(a2-3)[GalNAc(b1-4)]Gal(b1-3)]GalNAc,7.63083080528304e-05,1,0.6791574758095749,H-,candycrunch
480.3618469238281,-4,34.386035,Fuc(a1-?)GlcNAc(b1-6)[Gal(?1-3)]HexNAc(?1-?)Gal(?1-3)[Fuc(a1-?)GlcNAc(b1-6)]GalNAc(a1-3)[Neu5Ac(a2-6)]GalNAc,2.651542854437139e-05,1,-0.18677496118414183,H-,candycrunch
481.5425109863281,-2,49.5281,Neu5Gc(a2-3)Gal(b1-3)[Neu5Ac(a2-6)]GalNAc,0.04406622052192688,1,0.11700937813083101,H-,candycrunch
482.0231628417969,-2,23.740176666666667,Neu5Ac(a2-3)Gal(b1-4)[Fuc(a1-3)]GlcNAc(b1-3)Gal,0.0013271125499159098,1,0.1465580796121344,H-,candycrunch
482.3264465332031,-2,49.16715166666667,Fuc(a1-2)Gal(b1-4)GlcNAc6S(b1-3)Gal(b1-3)[Neu5Ac(a2-6)]GalNAc,0.00110673438757658,1,-0.1567256117941156,H-,candycrunch
484.3272399902344,-4,17.208701666666666,Fuc(a1-2)[GalNAc(a1-3)]Gal(b1-?)GlcNAc(b1-3)[Fuc(a1-2)]Gal(b1-3)[Fuc(a1-2)[GalNAc(a1-3)]Gal(b1-?)GlcNAc(b1-6)]GalNAc,2.516855488465808e-07,2,0.1016609058846143,H-,candycrunch
484.92584228515625,-4,4.142453333333333,Fuc(a1-2)[GalNAc(a1-3)]Gal(b1-?)GlcNAc(b1-3)[Fuc(a1-2)]Gal(b1-3)[Fuc(a1-2)[GalNAc(a1-3)]Gal(b1-?)GlcNAc(b1-6)]GalNAc,7.067160368023906e-06,5,-0.4969413890372607,H-,candycrunch
485.35552978515625,-3,45.76396166666667,Gal(b1-?)[Neu5Ac(a2-?)]GlcNAc(b1-3)[Neu5Gc(a2-8)Neu5Ac(a2-6)]GalNAc,3.1793706511962228e-06,1,0.13998798214271346,H-,candycrunch
485.4404296875,-3,46.18156666666667,Gal(b1-?)[Neu5Ac(a2-?)]GlcNAc(b1-3)[Neu5Gc(a2-8)Neu5Ac(a2-6)]GalNAc,1.9703837097040378e-05,2,0.05508807979896346,H-,candycrunch
486.194580078125,-4,3.95696,Gal(a1-3)Gal(b1-4)GlcNAc(b1-3)[Gal(a1-3)Gal(b1-4)GlcNAc(b1-6)]Gal(b1-3)[Gal(a1-3)Gal(b1-4)GlcNAc(b1-6)]GalNAc,0.0002525577729102224,1,-0.02613049050603422,H-,candycrunch
486.42181396484375,-3,46.593536666666665,Gal(b1-?)GlcNAc(b1-3)[Gal(b1-?)GlcNAc(b1-6)]Gal(b1-3)[Gal(b1-4)GlcNAc(b1-6)]GalNAc,0.0014731871197000146,1,0.08572087602192369,H-,candycrunch
487.2710876464844,-2,47.023151666666664,HexNAc(?1-?)Gal(b1-?)GlcNAc(b1-3)[GlcNAc(b1-6)]GalNAc,7.171607649070211e-06,1,-0.08538229912539919,H-,candycrunch
487.30413818359375,-2,38.641765,HexNAc(?1-?)Gal(b1-?)GlcNAc(b1-3)[GlcNAc(b1-6)]GalNAc,7.323130830627633e-06,1,-0.11843283623477419,H-,candycrunch
487.50006103515625,-2,42.17293333333333,HexNAc(?1-?)Gal(b1-?)GlcNAc(b1-3)[GlcNAc(b1-6)]GalNAc,0.00011743470531655475,1,-0.3143556877972742,H-,candycrunch
488.4886474609375,-4,47.60790166666666,Fuc(a1-?)[Gal(b1-?)]GlcNAc(b1-3)[Fuc(a1-?)[Gal(b1-?)]GlcNAc(b1-6)]Gal(b1-3)[GlcNAc(a1-4)Gal(b1-?)GlcNAc(b1-6)]GalNAc,0.01392935961484909,1,-0.06101790919353789,H-,candycrunch
489.25225830078125,-2,40.11894166666667,Neu5Gc(a2-3)Gal(b1-3)[Neu5Gc(a2-6)]GalNAc,0.011918606236577034,1,0.40471937367777855,H-,candycrunch
489.32568359375,-2,38.86170166666667,Neu5Gc(a2-3)Gal(b1-3)[Neu5Gc(a2-6)]GalNAc,0.006040218286216259,1,0.33129408070902855,H-,candycrunch
489.4573974609375,-2,37.63912,Neu5Gc(a2-3)Gal(b1-3)[Neu5Gc(a2-6)]GalNAc,0.009639387018978596,1,0.19958021352152855,H-,candycrunch
490.4800109863281,-2,46.018505,Fuc(a1-2)[Gal(a1-3)]Gal(b1-3)[Fuc(a1-2)Gal(b1-4)GlcNAc6S(b1-6)]GalNAc,1.7523216229164973e-05,1,0.19736780203089666,H-,candycrunch
491.3199768066406,-3,35.5604,Fuc(a1-3)[Gal(b1-4)]GlcNAc6S(b1-3)Gal(b1-3)[Neu5Ac(a2-3)Gal(b1-4)[Fuc(a1-3)]GlcNAc(b1-6)]GalNAc,6.948953523533419e-05,1,0.18744657659175346,H-,candycrunch
491.3458557128906,-3,40.80386666666667,Neu5Ac(a2-3)Gal(b1-?)[Fuc(a1-?)]GlcNAc6S(b1-3)Gal(b1-?)[Fuc(a1-?)]GlcNAc(b1-6)[Gal(b1-3)]GalNAc,0.00029249268118292093,1,0.16156767034175346,H-,candycrunch
491.53802490234375,-3,39.329883333333335,Neu5Ac(a2-3)Gal(b1-?)[Fuc(a1-?)]GlcNAc6S(b1-3)Gal(b1-?)[Fuc(a1-?)]GlcNAc(b1-6)[Gal(b1-3)]GalNAc,0.00012275465996935964,1,-0.030601519111371545,H-,candycrunch
493.2103271484375,-4,37.35950833333333,Fuc(a1-2)Gal(b1-4)GlcNAc(b1-3)Gal(b1-4)GlcNAc(b1-3)Gal(b1-4)GlcNAc(b1-3)Gal(b1-4)GlcNAc(b1-3)Gal(b1-3)GalNAc,1.586629696248565e-05,1,-0.7839689410685082,H-,candycrunch
494.4454040527344,-2,39.692753333333336,Neu5Ac(a2-8)Neu5Ac(a2-6)[GalNAc(a1-3)]GalNAc,0.0021800368558615446,1,-0.2700664475253802,H-,candycrunch
495.39141845703125,-1,48.55988166666666,Neu5Ac(a2-6)GalNAc,0.9638807773590088,2,-0.20825581959229567,H-,candycrunch
495.5585021972656,-1,48.743718333333334,Neu5Ac(a2-6)GalNAc,0.8822861313819885,13,-0.37533955982667067,H-,candycrunch
495.5919189453125,-1,49.789336666666664,Neu5Ac(a2-6)GalNAc,0.6817851066589355,1,-0.40875630787354567,H-,candycrunch
496.48974609375,-1,48.952378333333336,Fuc(a1-?)[GalOS(b1-?)]GlcNAc(b1-3)Fuc,2.9785201860477173e-08,1,-0.2861823449110261,H-,candycrunch
496.5785827636719,-1,34.930725,Fuc(a1-?)[GalOS(b1-?)]GlcNAc(b1-3)Fuc,2.2552737846126547e-06,1,-0.3750190148329011,H-,candycrunch
496.595703125,-1,36.597226666666664,Fuc(a1-?)[GalOS(b1-?)]GlcNAc(b1-3)Fuc,1.8138516111321223e-07,1,-0.3921393761610261,H-,candycrunch
497.2325439453125,-3,14.911565,Fuc(a1-?)[Gal(b1-?)]GlcNAc6S(b1-3)Gal(b1-?)[Fuc(a1-?)]GlcNAc6S(b1-3)Gal(b1-?)[Fuc(a1-?)]GlcNAc(b1-6)[Gal(b1-3)]GalNAc,5.660501483362168e-05,2,-0.053348650780151274,H-,candycrunch
497.2962646484375,-3,34.399681666666666,Fuc(a1-?)[Gal(b1-?)]GlcNAc6S(b1-3)Gal(b1-?)[Fuc(a1-?)]GlcNAc6S(b1-3)Gal(b1-?)[Fuc(a1-?)]GlcNAc(b1-6)[Gal(b1-3)]GalNAc,0.00024383989511989057,3,-0.11706935390515127,H-,candycrunch
498.9450378417969,-3,4.316741666666666,Fuc(a1-?)HexNAc(?1-?)Gal(b1-?)GlcNAc(b1-3)[Neu5Ac(a2-8)Neu5Ac(a2-6)]GalNAc,1.2717898243863601e-05,1,0.5661299973021414,H-,candycrunch
499.40350341796875,-3,49.726818333333334,Fuc(a1-?)HexNAc(?1-?)Gal(b1-?)GlcNAc(b1-3)[Neu5Ac(a2-8)Neu5Ac(a2-6)]GalNAc,1.7676441075309413e-06,1,0.10766442113026642,H-,candycrunch
499.4172668457031,-3,47.565598333333334,Fuc(a1-?)HexNAc(?1-?)Gal(b1-?)GlcNAc(b1-3)[Neu5Ac(a2-8)Neu5Ac(a2-6)]GalNAc,1.0881873322432511e-06,1,0.09390099339589142,H-,candycrunch
499.5328369140625,-3,42.68980833333333,Fuc(a1-?)HexNAc(?1-?)Gal(b1-?)GlcNAc(b1-3)[Neu5Ac(a2-8)Neu5Ac(a2-6)]GalNAc,3.9894050132716075e-05,1,-0.02166907496348358,H-,candycrunch
501.376708984375,-4,42.30708666666666,Neu5Ac(a2-3)[GalNAc(b1-4)]Gal(b1-?)GlcNAc(b1-3)Gal(b1-?)GlcNAc(b1-3)[Neu5Ac(a2-8)Neu5Ac(a2-6)]GalNAc,9.646613762015477e-06,1,0.5472736938189655,H-,candycrunch
501.58013916015625,-4,46.50465166666667,Neu5Ac(a2-3)[GalNAc(b1-4)]Gal(b1-?)GlcNAc(b1-3)Gal(b1-?)GlcNAc(b1-3)[Neu5Ac(a2-8)Neu5Ac(a2-6)]GalNAc,1.4312347047962248e-05,1,0.3438435180377155,H-,candycrunch
501.77166748046875,-4,40.58987166666667,Neu5Ac(a2-3)[GalNAc(b1-4)]Gal(b1-?)GlcNAc(b1-3)Gal(b1-?)GlcNAc(b1-3)[Neu5Ac(a2-8)Neu5Ac(a2-6)]GalNAc,5.684898951585637e-06,2,0.1523151977252155,H-,candycrunch
503.49334716796875,-2,38.99496333333334,Fuc(a1-2)Gal(b1-?)[Fuc(a1-?)]GlcNAc(b1-3)[Fuc(a1-?)[GalOS(b1-?)]GlcNAc6S(b1-6)]GalNAc,1.9051265553571284e-05,1,-0.3001511401097332,H-,candycrunch
505.389404296875,-3,36.086483333333334,Fuc(a1-3)HexNAc(?1-3)Gal(b1-4)[Fuc(a1-3)]GlcNAc(b1-6)[Neu5Ac(a2-3)Gal(b1-3)]GalNAc,0.0035932441242039204,1,-0.20646454647595647,H-,candycrunch
505.3996887207031,-3,17.55397166666667,Fuc(a1-2)Gal(b1-?)[Fuc(a1-?)]GlcNAc(b1-3)[Fuc(a1-2)Gal(b1-?)[Fuc(a1-?)]GlcNAc(b1-6)]GalNAc,1.3578019206761383e-06,4,0.1233847334958682,H-,candycrunch
506.39813232421875,-4,17.58201,Neu5Ac(a2-3)Gal(b1-?)[Fuc(a1-?)]GlcNAc(b1-3)Gal(b1-?)GlcNAc(b1-6)[Neu5Ac(a2-3)Gal(b1-3)GlcNAc(b1-3)]GalNAc,3.1446995762962615e-06,2,-0.22032071254977836,H-,candycrunch
507.0054626464844,-4,4.115331666666666,Neu5Ac(a2-?)GlcNAc(b1-6)[Gal(?1-3)]Gal(b1-?)[Fuc(a1-?)]GlcNAc(b1-6)[Neu5Ac(a2-?)HexNAc(?1-?)Gal(b1-3)]GalNAc,1.065550804923987e-05,2,-0.8276510348154034,H-,candycrunch
507.33892822265625,-4,36.510243333333335,Neu5Ac(a2-3)Gal(b1-?)[Fuc(a1-?)]GlcNAc(b1-3)Gal(b1-?)GlcNAc(b1-6)[Neu5Ac(a2-3)Gal(b1-3)GlcNAc(b1-3)]GalNAc,2.1351598888941226e-07,3,-1.1611166109872784,H-,candycrunch
508.59375,-4,46.794940000000004,Neu5Ac(a2-3)Gal(b1-?)GlcNAc(b1-?)[Gal(b1-?)GlcNAc(b1-?)]Gal(b1-?)GlcNAc(b1-6)[Neu5Ac(a2-3)Gal(b1-3)]GalNAc,6.60712830722332e-05,1,1.5827902672939445,H-,candycrunch
508.6955261230469,-2,36.248491666666666,Neu5Gc(a2-8)Neu5Gc(a2-6)[GlcNAc(b1-3)]GalNAc,1.634381987969391e-06,1,1.4747261021621512,H-,candycrunch
509.07171630859375,-2,41.776696666666666,Neu5Gc(a2-8)Neu5Gc(a2-6)[GlcNAc(b1-3)]GalNAc,9.05654815142043e-06,2,1.0985359166152762,H-,candycrunch
509.41717529296875,-2,40.557251666666666,Neu5Gc(a2-8)Neu5Gc(a2-6)[GlcNAc(b1-3)]GalNAc,5.344115265870641e-07,1,0.7530769322402762,H-,candycrunch
510.41583251953125,-2,27.503443333333333,Neu5Ac(a2-3)[GalNAc(b1-4)]Gal(b1-3)[Gal(b1-4)GlcNAc6S(b1-6)]GalNAc,0.015705058351159096,4,0.26462026387770266,H-,candycrunch
511.28594970703125,-1,43.89226666666667,Neu5Gc(a2-6)GalNAc,0.684964120388031,1,-0.10787244959220743,H-,candycrunch
511.2967224121094,-1,15.632223333333334,Neu5Gc(a2-6)GalNAc,0.2353661209344864,1,-0.11864515467033243,H-,candycrunch
512.3441162109375,-1,36.349270000000004,Fuc(a1-2)Gal(b1-3)GalNAc,0.3644770383834839,1,-0.14563783959840748,H-,candycrunch
513.333984375,-4,42.70366666666667,Neu5Ac(a2-?)GlcNAc(b1-6)[Gal(?1-3)]Gal(b1-?)[Fuc(a1-?)]GlcNAc(b1-6)[Gal(?1-3)]Gal(b1-?)GlcNAc(b1-6)[Gal(b1-3)]GalNAc,0.00026869779685512185,1,1.0963848257689506,H-,candycrunch
513.4581909179688,-1,36.409455,Fuc(a1-2)Gal(b1-3)GalNAc,0.3747928738594055,2,-1.2597125466296575,H-,candycrunch
513.495361328125,-1,15.365886666666666,Fuc(a1-2)Gal(b1-3)GalNAc,0.05144105106592178,2,-1.2968829567859075,H-,candycrunch
513.5694580078125,-1,37.820053333333334,Fuc(a1-2)Gal(b1-3)GalNAc,0.5264630913734436,1,-1.3709796364734075,H-,candycrunch
515.4105224609375,-3,46.29746333333333,Neu5Gc(a2-3)[GalNAc(b1-4)]Gal(b1-?)GlcNAc(b1-6)[Fuc(a1-2)[Gal(a1-3)]Gal(b1-3)]GalNAc,0.00016501454229000956,1,0.43569370362820337,H-,candycrunch
517.3200073242188,-4,45.976085,HexNAc(?1-?)Gal(b1-?)GlcNAc(b1-3)[HexNAc(?1-?)Gal(b1-?)GlcNAc(b1-6)]Gal(b1-3)[HexNAc(?1-?)Gal(b1-?)GlcNAc(b1-6)]GalNAc,3.7711913591920165e-06,1,-0.38164591047473095,H-,candycrunch
517.4640502929688,-4,38.292991666666666,HexNAc(?1-?)Gal(b1-?)GlcNAc(b1-3)[HexNAc(?1-?)Gal(b1-?)GlcNAc(b1-6)]Gal(b1-3)[HexNAc(?1-?)Gal(b1-?)GlcNAc(b1-6)]GalNAc,7.614058995386586e-05,1,-0.525688879224731,H-,candycrunch
522.5403442382812,-3,44.46814666666667,Neu5Gc(a2-3)Gal(b1-4)GlcNAc(b1-3)Gal(b1-3)[Gal(a1-3)Gal(b1-4)GlcNAc(b1-6)]GalNAc,2.191599560319446e-05,1,-1.3624898662155829,H-,candycrunch
525.3612060546875,-4,42.3854,Fuc(a1-2)Gal(b1-?)GlcNAc(b1-3)[Fuc(a1-2)Gal(b1-?)GlcNAc(b1-6)]Gal(b1-3)[Fuc(a1-2)[GalNAc(a1-3)]Gal(b1-?)GlcNAc(b1-6)]GalNAc,5.664556738338433e-06,1,-0.41909930069357415,H-,candycrunch
525.36279296875,-4,38.13294833333333,Fuc(a1-2)Gal(b1-?)GlcNAc(b1-3)[Fuc(a1-2)Gal(b1-?)GlcNAc(b1-6)]Gal(b1-3)[Fuc(a1-2)[GalNAc(a1-3)]Gal(b1-?)GlcNAc(b1-6)]GalNAc,3.118233507848345e-05,1,-0.42068621475607415,H-,candycrunch
525.6465454101562,-1,45.62528833333334,HexNAc(?1-?)GlcA(b1-?)Fuc,0.07417135685682297,1,0.5311974996827757,H-,candycrunch
529.114013671875,-4,20.995338333333333,Fuc(a1-2)Gal(b1-4)GlcNAc(b1-3)[Fuc(a1-2)Gal(b1-4)GlcNAc(b1-6)]Gal(b1-3)[Gal(b1-?)GlcNAc(b1-3)Gal(b1-4)GlcNAc(b1-6)]GalNAc,2.4565110834373627e-07,1,-0.17317826225598765,H-,candycrunch
529.13427734375,-4,47.4187,Fuc(a1-2)Gal(b1-4)GlcNAc(b1-3)[Fuc(a1-2)Gal(b1-4)GlcNAc(b1-6)]Gal(b1-3)[Gal(b1-?)GlcNAc(b1-3)Gal(b1-4)GlcNAc(b1-6)]GalNAc,4.096618511084671e-08,3,-0.19344193413098765,H-,candycrunch
529.365478515625,-3,42.89847,Neu5Ac(a2-3)Gal(b1-4)GlcNAc(b1-6)[Gal(b1-4)GlcNAc(b1-3)]Gal(b1-3)[GlcNAc(b1-6)]GalNAc,1.3461279195325915e-05,1,0.15625401694069296,H-,candycrunch
530.3530883789062,-3,26.574316666666668,Fuc(a1-?)[GalOS(b1-?)]GlcNAc(b1-3)[Fuc(a1-?)[Gal(b1-?)]GlcNAc(b1-6)]Gal(b1-3)[Gal(b1-?)GlcNAc(b1-6)]GalNAc,5.744927200623806e-09,2,-0.4912221425405505,H-,candycrunch
530.4216918945312,-3,44.50098166666667,Fuc(a1-2)[GalNAc(a1-3)]Gal(b1-4)GlcNAc(b1-3)Gal(b1-3)[Fuc(a1-2)Gal(b1-4)GlcNAc(b1-6)]GalNAc,5.859721568413079e-05,1,-0.5598256581655505,H-,candycrunch
530.4266357421875,-3,26.485856666666667,Fuc(a1-2)[GalNAc(a1-3)]Gal(b1-4)GlcNAc(b1-3)Gal(b1-3)[Fuc(a1-2)Gal(b1-4)GlcNAc(b1-6)]GalNAc,3.727055331026463e-10,12,-0.5647695058218005,H-,candycrunch
530.46728515625,-3,27.879001666666667,Fuc(a1-2)[GalNAc(a1-3)]Gal(b1-4)GlcNAc(b1-3)Gal(b1-3)[Fuc(a1-2)Gal(b1-4)GlcNAc(b1-6)]GalNAc,2.0428018998597253e-10,4,-0.6054189198843005,H-,candycrunch
531.2638549804688,-2,40.467976666666665,Neu5Ac(a2-3)Gal(b1-?)GlcNAc(b1-?)[GlcNAc(b1-?)]GalNAc,0.0002132900117430836,1,-0.07012764630974289,H-,candycrunch
531.4093627929688,-2,26.497329999999998,GalOS(b1-4)GlcNAc(b1-3)Gal(b1-4)GlcNAc(b1-3)[Neu5Ac(a2-6)]GalNAc,6.98039400504058e-07,5,-0.21563545880974289,H-,candycrunch
531.5185546875,-2,41.51502,Fuc(a1-?)[Gal3S(b1-?)]GlcNAc(b1-3)Gal(b1-3)[Fuc(a1-2)Gal3S(b1-?)GlcNAc(b1-6)]GalNAc,0.0009434816893190145,1,0.18537320235907373,H-,candycrunch
532.4361572265625,-2,26.631311666666665,HexNAcOS(?1-?)HexA(?1-?)Hex(?1-?)HexNAc(?1-?)HexA(?1-?)[Fuc(a1-?)]GalNAc,2.229672801945526e-08,1,0.7312179622965687,H-,candycrunch
533.4019775390625,-2,17.62493166666667,HexNAcOS(?1-?)HexA(?1-?)Hex(?1-?)HexNAc(?1-?)HexA(?1-?)[Fuc(a1-?)]GalNAc,4.4971380702918395e-05,2,-0.23460235020343134,H-,candycrunch
535.4490966796875,-3,48.84643833333334,HexNAcOS(?1-?)HexA(?1-?)Hex(?1-?)HexNAc(?1-?)HexA(?1-?)Hex(?1-?)HexNAc(?1-?)HexA(?1-?)[Fuc(a1-?)]GalNAc,9.150469963969954e-07,1,0.04815593551154507,H-,candycrunch
541.22509765625,-2,40.51519166666667,HexNAcOS(?1-?)HexA(?1-?)Hex(?1-?)HexNAc(?1-?)HexA(?1-4)Gal(b1-3)GalNAc,2.4890954364309437e-07,1,-0.06026515614098571,H-,candycrunch
541.430908203125,-2,43.36786166666666,HexNAcOS(?1-?)HexA(?1-?)Hex(?1-?)HexNAc(?1-?)HexA(?1-4)Gal(b1-3)GalNAc,3.264802330704697e-07,1,-0.2660757030159857,H-,candycrunch
541.4658203125,-2,48.309525,HexNAcOS(?1-?)HexA(?1-?)Hex(?1-?)HexNAc(?1-?)HexA(?1-4)Gal(b1-3)GalNAc,7.708926546001749e-07,1,-0.3009878123909857,H-,candycrunch
542.3035888671875,-1,19.4159,HexA(?1-?)Gal(b1-3)GalNAc,0.014686401933431625,3,-0.1309313348484693,H-,candycrunch
542.4530029296875,-1,21.396328333333333,HexA(?1-?)Gal(b1-3)GalNAc,0.0019171832827851176,3,-0.2803453973484693,H-,candycrunch
543.4133911132812,-3,44.45428833333334,Fuc(a1-2)[GalNAc(a1-3)]Gal(b1-?)GlcNAc(b1-3)[Fuc(a1-2)[GalNAc(a1-3)]Gal(b1-?)GlcNAc(b1-6)]GalNAc,8.799514034762979e-05,1,0.12399149025111456,H-,candycrunch
543.4227294921875,-3,49.86000833333333,Fuc(a1-2)[GalNAc(a1-3)]Gal(b1-?)GlcNAc(b1-3)[Fuc(a1-2)[GalNAc(a1-3)]Gal(b1-?)GlcNAc(b1-6)]GalNAc,7.727004231128376e-06,2,0.11465311134486456,H-,candycrunch
543.4627075195312,-3,45.49749166666667,Fuc(a1-2)[GalNAc(a1-3)]Gal(b1-4)GlcNAc(b1-3)[Fuc(a1-2)[GalNAc(a1-3)]Gal(b1-?)GlcNAc(b1-6)]GalNAc,1.774546217347961e-05,1,0.07467508400111456,H-,candycrunch
543.4742431640625,-3,47.22813333333333,Fuc(a1-2)[GalNAc(a1-3)]Gal(b1-4)GlcNAc(b1-3)[Fuc(a1-2)[GalNAc(a1-3)]Gal(b1-?)GlcNAc(b1-6)]GalNAc,1.4359166925714817e-05,1,0.06313943946986456,H-,candycrunch
543.7188110351562,-3,42.20552833333333,Fuc(a1-2)[GalNAc(a1-3)]Gal(b1-4)GlcNAc(b1-3)[Fuc(a1-2)[GalNAc(a1-3)]Gal(b1-?)GlcNAc(b1-6)]GalNAc,5.4036896472098306e-05,1,-0.18142843162388544,H-,candycrunch
545.4471435546875,-4,41.74946166666666,Neu5Ac(a2-3)Gal(b1-?)GlcNAc(b1-3)Gal(b1-?)GlcNAc(b1-3)Gal(b1-?)[Fuc(a1-?)]GlcNAc(b1-6)[Neu5Ac(a2-3)Gal(b1-3)]GalNAc,3.3696323953336105e-07,1,1.2438739148565219,H-,candycrunch
545.53662109375,-4,47.33254,Neu5Ac(a2-3)Gal(b1-?)GlcNAc(b1-3)Gal(b1-?)GlcNAc(b1-3)Gal(b1-?)[Fuc(a1-?)]GlcNAc(b1-6)[Neu5Ac(a2-3)Gal(b1-3)]GalNAc,3.6915248529112432e-06,1,1.1543963757940219,H-,candycrunch
545.5718994140625,-4,45.69865333333333,Neu5Ac(a2-3)Gal(b1-?)GlcNAc(b1-3)Gal(b1-?)GlcNAc(b1-3)Gal(b1-?)[Fuc(a1-?)]GlcNAc(b1-6)[Neu5Ac(a2-3)Gal(b1-3)]GalNAc,6.604571467505593e-08,1,1.1191180554815219,H-,candycrunch
547.3592529296875,-4,16.508638333333334,Fuc(a1-2)Gal(b1-?)[Fuc(a1-?)]GlcNAc(b1-3)Gal(b1-3)[Fuc(a1-?)[Gal(b1-?)]GlcNAc(b1-3)[Fuc(a1-2)]Gal(b1-4)[Fuc(a1-3)]GlcNAc(b1-6)]GalNAc,1.0089861461892724e-06,2,-0.1580349044435252,H-,candycrunch
547.411865234375,-2,44.67030833333333,Gal(b1-4)GlcNAc(b1-3)Gal(b1-4)GlcNAc(b1-6)[Gal(b1-3)]GalNAc,0.0013781186426058412,1,0.2869772779840787,H-,candycrunch
547.544189453125,-2,42.60226333333333,Gal(b1-4)GlcNAc(b1-3)Gal(b1-4)GlcNAc(b1-6)[Gal(b1-3)]GalNAc,0.0015112216351553798,1,0.15465305923407868,H-,candycrunch
548.1738891601562,-3,3.9430783333333332,Neu5Ac(a2-?)GlcNAc(b1-6)[Gal(?1-3)]GalNAc(a1-3)[Neu5Ac(a2-8)Neu5Ac(a2-6)]GalNAc,2.7164051061845385e-06,1,-0.31688542185725055,H-,candycrunch
548.341552734375,-3,37.48034166666667,Neu5Ac(a2-?)GlcNAc(b1-6)[Gal(?1-3)]GalNAc(a1-3)[Neu5Ac(a2-8)Neu5Ac(a2-6)]GalNAc,2.9337456908251625e-06,8,-0.48454899607600055,H-,candycrunch
548.4056396484375,-3,40.543373333333335,GalNAc(b1-4)GlcNAc(b1-3)[Gal(b1-4)GlcNAc(b1-6)]Gal(b1-3)[Fuc(a1-2)Gal(b1-4)GlcNAc(b1-6)]GalNAc,8.588354830862954e-05,4,0.4633811625948283,H-,candycrunch
549.2604370117188,-3,41.27282833333333,GalNAc(b1-4)GlcNAc(b1-3)[Gal(b1-4)GlcNAc(b1-6)]Gal(b1-3)[Fuc(a1-2)Gal(b1-4)GlcNAc(b1-6)]GalNAc,0.0003217553021386266,1,-0.3914162006864217,H-,candycrunch
549.298583984375,-3,37.50796666666667,GalNAc(b1-4)GlcNAc(b1-3)[Gal(b1-4)GlcNAc(b1-6)]Gal(b1-3)[Fuc(a1-2)Gal(b1-4)GlcNAc(b1-6)]GalNAc,0.00029937588260509074,4,-0.4295631733426717,H-,candycrunch
549.4080200195312,-3,49.22785,Fuc(a1-?)[Gal(b1-?)]GlcNAc(b1-3)Gal(b1-4)GlcNAc(b1-3)[GlcNAc(a1-4)Gal(b1-4)GlcNAc(b1-6)]GalNAc,1.9459646409814013e-06,1,-0.5389992084989217,H-,candycrunch
551.0963745117188,-4,44.33718833333334,Fuc(a1-2)[Gal(a1-3)]Gal(b1-?)[Fuc(a1-?)]GlcNAc(b1-3)Gal(b1-4)GlcNAc(b1-6)[Fuc(a1-2)[Gal(a1-3)]Gal(b1-?)[Fuc(a1-?)]GlcNAc(b1-3)]GalNAc,1.6628979082611295e-08,2,0.10357216915019762,H-,candycrunch
551.146484375,-4,39.794266666666665,Fuc(a1-2)[Gal(a1-3)]Gal(b1-?)[Fuc(a1-?)]GlcNAc(b1-3)Gal(b1-4)GlcNAc(b1-6)[Fuc(a1-2)[Gal(a1-3)]Gal(b1-?)[Fuc(a1-?)]GlcNAc(b1-3)]GalNAc,1.8187915173939473e-08,1,0.053462305868947624,H-,candycrunch
551.3518676757812,-4,38.555125,Fuc(a1-2)[Gal(a1-3)]Gal(b1-?)[Fuc(a1-?)]GlcNAc(b1-3)Gal(b1-4)GlcNAc(b1-6)[Fuc(a1-2)[Gal(a1-3)]Gal(b1-?)[Fuc(a1-?)]GlcNAc(b1-3)]GalNAc,1.6980161277047046e-08,1,-0.15192099491230238,H-,candycrunch
551.563232421875,-4,48.116625,Fuc(a1-2)[Gal(a1-3)]Gal(b1-?)[Fuc(a1-?)]GlcNAc(b1-3)Gal(b1-4)GlcNAc(b1-6)[Fuc(a1-2)[Gal(a1-3)]Gal(b1-?)[Fuc(a1-?)]GlcNAc(b1-3)]GalNAc,3.230330447578922e-10,1,-0.3632857410060524,H-,candycrunch
552.3956298828125,-4,26.645118333333336,Neu5Ac(a2-?)HexNAc(?1-?)Gal(b1-?)GlcNAc(b1-6)[Neu5Ac(a2-?)HexNAc(?1-?)Gal(?1-3)]GalNAc(a1-3)[Neu5Ac(a2-6)]GalNAc,1.1608759820092018e-07,1,0.2981959286314577,H-,candycrunch
553.649658203125,-1,49.4249,Fuc(a1-?)GalNAc(a1-3)GalNAc,0.9477822184562683,1,-0.42463073028591225,H-,candycrunch
554.2000122070312,-3,42.15886833333334,HexNAc(?1-?)Gal(b1-4)GlcNAc(b1-?)[Gal(b1-4)GlcNAc(b1-?)]Gal(b1-3)[Gal(b1-4)GlcNAc(b1-6)]GalNAc,4.249058292771224e-06,1,0.0006468115010420661,H-,candycrunch
555.4468994140625,-2,46.88373166666666,Fuc(a1-2)Gal(b1-?)[Fuc(a1-?)]GlcNAc6S(b1-6)[Neu5Ac(a2-3)Gal(b1-3)]GalNAc,5.393081664806232e-05,1,-0.24822408815350627,H-,candycrunch
555.4973754882812,-2,41.427996666666665,Fuc(a1-2)Gal(b1-?)[Fuc(a1-?)]GlcNAc6S(b1-6)[Neu5Ac(a2-3)Gal(b1-3)]GalNAc,0.00026993866777047515,1,-0.2987001623722563,H-,candycrunch
557.3077392578125,-3,45.80625166666667,Neu5Ac(a2-3)Gal(b1-?)GlcNAc(b1-3)Gal(b1-?)GlcNAc(b1-6)[Neu5Ac(a2-3)Gal(b1-3)]GalNAc,0.0031602925155311823,1,1.5526745992865472,H-,candycrunch
557.4209594726562,-3,42.412926666666664,Neu5Ac(a2-3)Gal(b1-?)GlcNAc(b1-3)Gal(b1-?)GlcNAc(b1-6)[Neu5Ac(a2-3)Gal(b1-3)]GalNAc,0.0006563406786881387,1,1.4394543844427972,H-,candycrunch
557.58349609375,-3,48.771885,Neu5Ac(a2-3)Gal(b1-?)GlcNAc(b1-3)Gal(b1-?)GlcNAc(b1-6)[Neu5Ac(a2-3)Gal(b1-3)]GalNAc,0.006906608119606972,1,1.2769177633490472,H-,candycrunch
559.1217041015625,-3,26.73532833333333,Fuc(a1-?)HexNAc(?1-?)Gal(?1-3)[Fuc(a1-?)[Gal(b1-?)]GlcNAc(b1-6)]Gal(b1-3)[Neu5Ac(a2-6)]GalNAc,0.001579383504576981,1,0.07884345933655368,H-,candycrunch
559.195556640625,-3,37.12314833333333,Fuc(a1-?)HexNAc(?1-?)Gal(?1-3)[Fuc(a1-?)[Gal(b1-?)]GlcNAc(b1-6)]Gal(b1-3)[Neu5Ac(a2-6)]GalNAc,0.002090996131300926,1,0.0049909202740536784,H-,candycrunch
559.45849609375,-3,44.26201833333334,Fuc(a1-?)[Gal(b1-?)]GlcNAc(b1-3)[Fuc(a1-2)]Gal(b1-3)[Fuc(a1-2)Gal(b1-?)[Fuc(a1-?)]GlcNAc(b1-6)]GalNAc,0.00031820550793781877,1,0.0821851709489465,H-,candycrunch
561.2700805664062,-2,41.80957333333333,HexNAc(?1-?)GlcA(b1-?)Gal(?1-?)HexNAc(?1-?)GlcA(b1-?)GalNAc,4.465392976271687e-06,1,0.4080264844527619,H-,candycrunch
561.3380126953125,-2,45.06379833333333,HexNAc(?1-?)GlcA(b1-?)Gal(?1-?)HexNAc(?1-?)GlcA(b1-?)GalNAc,5.573983071371913e-05,1,0.3400943555465119,H-,candycrunch
561.3963623046875,-2,15.291423333333334,HexNAc(?1-?)GlcA(b1-?)Gal(?1-?)HexNAc(?1-?)GlcA(b1-?)GalNAc,0.00040934901335276663,2,0.2817447461715119,H-,candycrunch
561.4772338867188,-2,49.34833,HexNAc(?1-?)HexA(?1-?)Hex(?1-?)HexNAc(?1-4)HexA(?1-?)GalNAc,0.00012900630827061832,1,0.2008731641402619,H-,candycrunch
563.686767578125,-2,47.91904666666667,Fuc(a1-2)[Gal(a1-3)]Gal(b1-4)[Fuc(a1-3)]GlcNAc6S(b1-6)[Fuc(a1-2)Gal(b1-3)]GalNAc,4.281728251953609e-05,1,0.019565614734119663,H-,candycrunch
565.3443603515625,-4,45.40955,Fuc(a1-?)[Gal(b1-?)]GlcNAc(b1-3)Gal(b1-4)GlcNAc(b1-3)Gal(b1-4)GlcNAc(b1-6)[Fuc(a1-2)[Gal(a1-3)]Gal(b1-?)[Fuc(a1-?)]GlcNAc(b1-3)]GalNAc,9.526074373766846e-10,1,0.11095226030647609,H-,candycrunch
567.1464233398438,-2,26.436745000000002,Fuc(a1-?)GalNAc(a1-3)[Neu5Ac(a2-8)Neu5Ac(a2-6)]GalNAc,8.835424523567781e-06,3,0.057868669865229094,H-,candycrunch
568.4630126953125,-2,44.351225,Gal(b1-?)GlcNAc(b1-3)Gal6S(b1-?)GlcNAc(b1-6)[Gal(b1-?)GlcNAc(b1-3)]GalNAc,0.0008694144198670983,1,-0.2508956322034237,H-,candycrunch
568.8275146484375,-1,42.44036333333334,Gal(b1-3)[GlcNAc(b1-6)]GalNAc,0.9123733639717102,1,0.3924274469015927,H-,candycrunch
569.52587890625,-1,37.09569333333334,Gal(b1-3)[GlcNAc(b1-6)]GalNAc,0.5195048451423645,1,-0.3059368109109073,H-,candycrunch
569.7022705078125,-1,44.89415833333333,Gal(b1-3)[GlcNAc(b1-6)]GalNAc,0.3809099793434143,1,-0.4823284124734073,H-,candycrunch
570.4093017578125,-3,45.119103333333335,Neu5Gc(a2-3)Gal(b1-4)GlcNAc(b1-3)Gal(b1-3)[Neu5Gc(a2-3)Gal(b1-4)GlcNAc(b1-6)]GalNAc,0.00046154792653396726,1,-0.8856114873801744,H-,candycrunch
571.3184204101562,-3,45.71269,Neu5Ac(a2-3)[GalNAc(b1-4)]Gal(b1-4)GlcNAc(b1-6)[Neu5Ac(a2-3)[GalNAc(b1-4)]Gal(b1-3)]GalNAc,0.00016554172907490283,1,1.2175098141093486,H-,candycrunch
571.45654296875,-3,47.377915,Neu5Ac(a2-3)[GalNAc(b1-4)]Gal(b1-4)GlcNAc(b1-6)[Neu5Ac(a2-3)[GalNAc(b1-4)]Gal(b1-3)]GalNAc,0.0035091349855065346,2,1.0793872555155986,H-,candycrunch
572.3804931640625,-3,34.13397,Neu5Ac(a2-3)[GalNAc(b1-4)]Gal(b1-4)GlcNAc(b1-6)[Neu5Ac(a2-3)[GalNAc(b1-4)]Gal(b1-3)]GalNAc,0.00010784266487462446,3,0.15543706020309855,H-,candycrunch
572.4629516601562,-3,32.168063333333336,Neu5Ac(a2-3)[GalNAc(b1-4)]Gal(b1-4)GlcNAc(b1-6)[Neu5Ac(a2-3)[GalNAc(b1-4)]Gal(b1-3)]GalNAc,7.189729331003036e-06,3,0.07297856410934855,H-,candycrunch
573.4081420898438,-3,48.19269333333334,Neu5Ac(a2-3)[GalNAc(b1-4)]Gal(b1-4)GlcNAc(b1-6)[Neu5Ac(a2-3)[GalNAc(b1-4)]Gal(b1-3)]GalNAc,0.004626049660146236,1,-0.8722118655781514,H-,candycrunch
574.40185546875,-2,48.39022333333333,Neu5Ac(a2-3)[GalNAc(b1-4)]Gal(b1-3)[Neu5Ac(a2-6)]GalNAc,0.0020724365022033453,1,0.7998938522090384,H-,candycrunch
575.5947265625,-2,48.72419333333333,Fuc(a1-2)Gal(?1-?)[Fuc(a1-?)]HexNAc(?1-3)[Neu5Ac(a2-6)]GalNAc,4.170678221271373e-05,1,0.11722331415899134,H-,candycrunch
578.4251098632812,-3,37.95389,Fuc(a1-2)Gal(b1-4)GlcNAc(b1-3)[Fuc(a1-2)]Gal(b1-4)GlcNAc(b1-6)[Fuc(a1-2)[GalNAc(a1-3)]Gal(b1-3)]GalNAc,0.003344225464388728,1,0.12272597608443903,H-,candycrunch
579.6461791992188,-3,40.293955,Fuc(a1-2)Gal(b1-4)GlcNAc(b1-3)[Fuc(a1-2)]Gal(b1-4)GlcNAc(b1-6)[Fuc(a1-2)[GalNAc(a1-3)]Gal(b1-3)]GalNAc,0.0005130834761075675,1,-1.098343359853061,H-,candycrunch
580.7881469726562,-4,43.696709999999996,Neu5Ac(a2-3)Gal(b1-?)GlcNAc(b1-3)[Neu5Ac(a2-3)Gal(b1-?)GlcNAc(b1-6)]Gal(b1-3)[Neu5Ac(a2-3)Gal(b1-?)GlcNAc(b1-6)]GalNAc,6.705325358780101e-05,1,2.1622474212877023,H-,candycrunch
581.41259765625,-1,44.865905,HexNAc(?1-?)GlcA(b1-?)GalNAc,0.00454403692856431,1,1.786608977589026,H-,candycrunch
582.5053100585938,-4,49.56151833333333,Neu5Ac(a2-3)Gal(b1-?)GlcNAc(b1-3)[Neu5Ac(a2-3)Gal(b1-?)GlcNAc(b1-6)]Gal(b1-3)[Neu5Ac(a2-3)Gal(b1-?)GlcNAc(b1-6)]GalNAc,0.00013110942381899804,1,0.4450843353502023,H-,candycrunch
583.1596069335938,-1,48.993786666666665,HexNAc(?1-?)GlcA(b1-?)GalNAc,0.03761793300509453,2,0.039599700245275926,H-,candycrunch
583.592529296875,-2,21.756451666666667,Neu5Ac(a2-3)[GalNAc(b1-4)]Gal(b1-4)GlcNAc6S(b1-6)[Fuc(a1-2)Gal(b1-3)]GalNAc,0.03420652821660042,1,0.11687789103405066,H-,candycrunch
583.8717041015625,-2,44.95630833333333,Neu5Ac(a2-3)Gal(b1-?)[Fuc(a1-?)]GlcNAc(b1-6)[Gal(b1-3)]GalNAc,0.09299249947071075,1,-0.16229691365344934,H-,candycrunch
584.6407470703125,-2,17.98629,Fuc(a1-2)Gal(b1-?)[Fuc(a1-?)]GlcNAc(b1-6)[Fuc(a1-2)Gal(b1-3)]GalNAc,0.0023032533936202526,1,-0.4211393267034964,H-,candycrunch
585.19677734375,-2,18.352363333333333,Fuc(a1-2)Gal(b1-?)[Fuc(a1-?)]GlcNAc(b1-6)[Fuc(a1-2)Gal(b1-3)]GalNAc,0.04504508525133133,1,-0.9771696001409964,H-,candycrunch
585.3341674804688,-2,16.356048333333334,Fuc(a1-2)Gal(b1-?)[Fuc(a1-?)]GlcNAc(b1-6)[Fuc(a1-2)Gal(b1-3)]GalNAc,0.0007639921386726201,5,-1.1145597368597464,H-,candycrunch
585.4483642578125,-2,42.52881333333334,Fuc(a1-2)Gal(b1-?)[Fuc(a1-?)]GlcNAc(b1-6)[Fuc(a1-2)Gal(b1-3)]GalNAc,0.00028298102552071214,2,-1.2287565142034964,H-,candycrunch
585.5333862304688,-2,49.83177666666666,Fuc(a1-2)Gal(b1-?)[Fuc(a1-?)]GlcNAc(b1-6)[Fuc(a1-2)Gal(b1-3)]GalNAc,0.005073429085314274,1,-1.3137784868597464,H-,candycrunch
585.5555419921875,-2,47.57929333333333,Fuc(a1-2)Gal(b1-?)[Fuc(a1-?)]GlcNAc(b1-6)[Fuc(a1-2)Gal(b1-3)]GalNAc,0.003463011933490634,1,-1.3359342485784964,H-,candycrunch
587.3545532226562,-4,43.18722666666667,Neu5Ac(a2-?)GlcNAc(b1-6)[Gal(?1-3)]Gal(b1-?)[Fuc(a1-?)]GlcNAc(b1-6)[Neu5Ac(a2-?)Gal(?1-3)]Gal(b1-?)GlcNAc(b1-6)[Gal(b1-3)]GalNAc,0.0028774652164429426,1,-0.15032989523729157,H-,candycrunch
587.356201171875,-4,33.606784999999995,Neu5Ac(a2-?)GlcNAc(b1-6)[Gal(?1-3)]Gal(b1-?)[Fuc(a1-?)]GlcNAc(b1-6)[Neu5Ac(a2-?)Gal(?1-3)]Gal(b1-?)GlcNAc(b1-6)[Gal(b1-3)]GalNAc,0.0014936832012608647,1,-0.15197784445604157,H-,candycrunch
587.3594970703125,-4,17.94145333333333,Neu5Ac(a2-?)GlcNAc(b1-6)[Gal(?1-3)]Gal(b1-?)[Fuc(a1-?)]GlcNAc(b1-6)[Neu5Ac(a2-?)Gal(?1-3)]Gal(b1-?)GlcNAc(b1-6)[Gal(b1-3)]GalNAc,1.4257350812840741e-05,18,-0.15527374289354157,H-,candycrunch
587.38720703125,-4,16.303138333333333,Neu5Ac(a2-?)GlcNAc(b1-6)[Gal(?1-3)]Gal(b1-?)[Fuc(a1-?)]GlcNAc(b1-6)[Neu5Ac(a2-?)Gal(?1-3)]Gal(b1-?)GlcNAc(b1-6)[Gal(b1-3)]GalNAc,2.6344718207838014e-05,11,-0.18298370383104157,H-,candycrunch
587.4094848632812,-4,38.32093833333334,Neu5Ac(a2-?)GlcNAc(b1-6)[Gal(?1-3)]Gal(b1-?)[Fuc(a1-?)]GlcNAc(b1-6)[Neu5Ac(a2-?)Gal(?1-3)]Gal(b1-?)GlcNAc(b1-6)[Gal(b1-3)]GalNAc,0.0003512570110615343,3,-0.20526153586229157,H-,candycrunch
587.4620361328125,-4,41.996563333333334,Neu5Ac(a2-?)GlcNAc(b1-6)[Gal(?1-3)]Gal(b1-?)[Fuc(a1-?)]GlcNAc(b1-6)[Neu5Ac(a2-?)Gal(?1-3)]Gal(b1-?)GlcNAc(b1-6)[Gal(b1-3)]GalNAc,0.000253638019785285,1,-0.25781280539354157,H-,candycrunch
587.4844970703125,-4,39.808146666666666,Neu5Ac(a2-?)GlcNAc(b1-6)[Gal(?1-3)]Gal(b1-?)[Fuc(a1-?)]GlcNAc(b1-6)[Neu5Ac(a2-?)Gal(?1-3)]Gal(b1-?)GlcNAc(b1-6)[Gal(b1-3)]GalNAc,0.0006685775006189942,1,-0.28027374289354157,H-,candycrunch
587.6223754882812,-4,47.21411833333333,Neu5Ac(a2-?)GlcNAc(b1-6)[Gal(?1-3)]Gal(b1-?)[Fuc(a1-?)]GlcNAc(b1-6)[Neu5Ac(a2-?)Gal(?1-3)]Gal(b1-?)GlcNAc(b1-6)[Gal(b1-3)]GalNAc,0.0002334082528250292,3,-0.41815216086229157,H-,candycrunch
588.3987426757812,-3,16.3136,Neu5Ac(a2-3)Gal(b1-?)[Fuc(a1-?)]GlcNAc6S(b1-3)Gal(b1-?)[Fuc(a1-?)]GlcNAc(b1-6)[Neu5Ac(a2-3)Gal(b1-3)]GalNAc,7.145440758904442e-05,10,0.1404862096510442,H-,candycrunch
589.3978271484375,-4,16.370221666666666,Neu5Ac(a2-?)HexNAc(?1-?)Gal(b1-?)[Fuc(a1-?)]GlcNAc(b1-6)[Neu5Ac(a2-?)HexNAc(?1-?)Gal(?1-3)]GalNAc(a1-3)[Neu5Ac(a2-6)]GalNAc,8.31578361726315e-08,2,-0.18952413474357854,H-,candycrunch
590.4950561523438,-2,42.912301666666664,Neu5Gc(a2-3)Gal(b1-3)[Fuc(a1-3)[Gal(b1-4)]GlcNAc(b1-6)]GalNAc,0.02947770059108734,1,1.2118083455652595,H-,candycrunch
590.6446533203125,-2,19.756485,Neu5Gc(a2-3)Gal(b1-3)[Fuc(a1-3)[Gal(b1-4)]GlcNAc(b1-6)]GalNAc,0.007505284622311592,1,1.0622111775965095,H-,candycrunch
591.255126953125,-2,48.938341666666666,Neu5Gc(a2-3)Gal(b1-3)[Fuc(a1-3)[Gal(b1-4)]GlcNAc(b1-6)]GalNAc,0.2436804473400116,1,0.4517375447840095,H-,candycrunch
593.525146484375,-4,41.02366333333334,Fuc(a1-?)[Gal(b1-?)]GlcNAc(b1-3)Gal(b1-4)GlcNAc(b1-3)Gal(b1-4)GlcNAc(b1-3)[GlcNAc(a1-4)Gal(b1-?)GlcNAc(b1-3)Gal(b1-4)GlcNAc(b1-6)]GalNAc,1.0865794930481343e-09,1,0.440897989494033,H-,candycrunch
593.5856323242188,-4,46.20887833333333,Fuc(a1-?)[Gal(b1-?)]GlcNAc(b1-3)Gal(b1-4)GlcNAc(b1-3)Gal(b1-4)GlcNAc(b1-3)[GlcNAc(a1-4)Gal(b1-?)GlcNAc(b1-3)Gal(b1-4)GlcNAc(b1-6)]GalNAc,3.042733176528145e-09,1,0.380412149650283,H-,candycrunch
594.368896484375,-4,3.5914183333333334,Fuc(a1-?)[Gal(b1-?)]GlcNAc(b1-3)Gal(b1-4)GlcNAc(b1-3)Gal(b1-4)GlcNAc(b1-3)[GlcNAc(a1-4)Gal(b1-?)GlcNAc(b1-3)Gal(b1-4)GlcNAc(b1-6)]GalNAc,2.6365279737206038e-08,1,-0.402852010505967,H-,candycrunch
597.071533203125,-3,45.10505666666666,Neu5Ac(a2-3)[GalNAc(b1-4)]Gal(b1-?)GlcNAc(b1-3)Gal(b1-4)GlcNAc(b1-3)Gal(b1-4)GlcNAc(b1-3)GalNAc,6.404491159628378e-09,1,0.14332350710731134,H-,candycrunch
598.1387939453125,-3,46.706579999999995,Fuc(a1-2)[GalNAc(a1-3)]Gal(b1-4)GlcNAc(b1-3)Gal(b1-3)[Fuc(a1-2)[GalNAc(a1-3)]Gal(b1-4)GlcNAc(b1-6)]GalNAc,0.0007838388555683196,1,-0.5838035312801821,H-,candycrunch
598.4772338867188,-3,44.63214666666667,Fuc(a1-2)[GalNAc(a1-3)]Gal(b1-4)GlcNAc(b1-3)Gal(b1-3)[Fuc(a1-2)[GalNAc(a1-3)]Gal(b1-4)GlcNAc(b1-6)]GalNAc,1.3409273378783837e-05,1,-0.9222434726864321,H-,candycrunch
599.2020263671875,-2,45.894925,Gal(a1-3)Gal(b1-4)GlcNAc(b1-6)[Neu5Gc(a2-3)Gal(b1-3)]GalNAc,0.0005952148931100965,1,0.5022954419715688,H-,candycrunch
600.715087890625,-2,44.15358166666667,Fuc(a1-3)[Gal(b1-4)]GlcNAc(b1-3)[Gal(b1-6)]Gal(b1-3)[Gal(b1-6)]GalNAc,2.670083449629601e-05,1,-0.5005655245159915,H-,candycrunch
601.1107788085938,-4,36.07243,Neu5Ac(a2-3)Gal(b1-?)GlcNAc(b1-3)Gal(b1-?)GlcNAc(b1-3)Gal(b1-3)[Neu5Ac(a2-3)Gal(b1-?)GlcNAc(b1-3)Gal(b1-?)GlcNAc(b1-6)]GalNAc,0.0001700092980172485,1,0.3488104498252369,H-,candycrunch
601.359375,-4,43.2471,Neu5Ac(a2-3)Gal(b1-?)GlcNAc(b1-3)Gal(b1-?)GlcNAc(b1-3)Gal(b1-3)[Neu5Ac(a2-3)Gal(b1-?)GlcNAc(b1-3)Gal(b1-?)GlcNAc(b1-6)]GalNAc,7.901741628302261e-05,2,0.1002142584189869,H-,candycrunch
601.5430908203125,-4,47.49174166666667,Neu5Ac(a2-3)Gal(b1-?)GlcNAc(b1-3)Gal(b1-?)GlcNAc(b1-3)Gal(b1-3)[Neu5Ac(a2-3)Gal(b1-?)GlcNAc(b1-3)Gal(b1-?)GlcNAc(b1-6)]GalNAc,4.482017538975924e-05,1,-0.0835015618935131,H-,candycrunch
603.3389282226562,-3,1.840075,HexNAc(?1-4)HexA(?1-?)Hex(?1-?)HexNAc(?1-?)HexA(?1-?)Hex(?1-?)HexNAc(?1-4)HexA(?1-?)[Fuc(a1-?)]GalNAc,1.9091289686912205e-06,1,-0.14855142979058655,H-,candycrunch
605.253662109375,-2,39.896565,Fuc(a1-2)[GlcNAc(a1-4)]Gal(b1-4)GlcNAc(b1-3)[Neu5Ac(a2-6)]GalNAc,0.11153154820203781,1,-1.0309803707159517,H-,candycrunch
608.2906494140625,-3,18.665878333333332,Fuc(a1-2)Gal(b1-?)[Fuc(a1-?)]GlcNAc(b1-3)[Fuc(a1-2)]Gal(b1-3)[Fuc(a1-2)Gal(b1-4)[Fuc(a1-3)]GlcNAc(b1-6)]GalNAc,1.6899564343475504e-06,2,-0.06399854636345026,H-,candycrunch
609.3090209960938,-1,16.32762166666667,GlcNAc(b1-3)[GlcNAc(b1-6)]GalNAc,0.06108603999018669,4,0.9374702007453379,H-,candycrunch
609.6633911132812,-1,42.648835,GlcNAc(b1-3)[GlcNAc(b1-6)]GalNAc,0.43449661135673523,1,0.5831000835578379,H-,candycrunch
611.3428955078125,-3,49.086288333333336,Fuc(a1-?)HexNAc(?1-?)Gal(b1-3)[GlcNAc(b1-6)]GlcNAc(b1-6)[Fuc(a1-?)HexNAc(?1-?)Gal(b1-3)]GalNAc(a1-3)GalNAc,0.0006133396527729928,1,-0.11238872661351706,H-,candycrunch
612.6331176757812,-2,48.328878333333336,Fuc(a1-2)[GalNAc(a1-3)]Gal(b1-?)[Fuc(a1-?)]GlcNAc(b1-6)[Gal(b1-3)]GalNAc,0.003841348458081484,2,0.09722192982781053,H-,candycrunch
613.001708984375,-3,4.2430449999999995,Neu5Ac(a2-3)Gal(b1-?)GlcNAc(b1-3)Gal(b1-3)[Fuc(a1-2)[Gal(a1-3)]Gal(b1-?)[Fuc(a1-?)]GlcNAc(b1-6)]GalNAc,3.718787638717913e-06,1,0.21644638702400698,H-,candycrunch
613.3228149414062,-3,48.666084999999995,Neu5Ac(a2-3)Gal(b1-?)GlcNAc(b1-3)Gal(b1-3)[Fuc(a1-2)[Gal(a1-3)]Gal(b1-?)[Fuc(a1-?)]GlcNAc(b1-6)]GalNAc,0.0002319720369996503,1,-0.10465957000724302,H-,candycrunch
615.2274780273438,-1,44.68421166666666,Gal(b1-3)[Kdn(a2-6)]GalNAc,0.028436344116926193,1,0.9819585349953286,H-,candycrunch
615.5615234375,-1,48.54016333333334,Gal(b1-3)[Kdn(a2-6)]GalNAc,0.006113078445196152,1,0.6479131248390786,H-,candycrunch
616.450927734375,-1,44.426535,Gal(b1-3)[Kdn(a2-6)]GalNAc,0.0023005278781056404,1,-0.2414911720359214,H-,candycrunch
617.1276245117188,-3,3.7372716666666665,GlcNAc(a1-4)Gal(b1-?)GlcNAc(b1-3)Gal(b1-?)[Fuc(a1-?)]GlcNAc(b1-6)[GlcNAc(a1-4)Gal(b1-?)GlcNAc(b1-3)]GalNAc,3.588944963439644e-08,3,-0.5654795230196896,H-,candycrunch
617.184326171875,-3,3.8257199999999996,GlcNAc(a1-4)Gal(b1-?)GlcNAc(b1-3)Gal(b1-?)[Fuc(a1-?)]GlcNAc(b1-6)[GlcNAc(a1-4)Gal(b1-?)GlcNAc(b1-3)]GalNAc,4.737860237469249e-08,3,-0.6221811831759396,H-,candycrunch
617.2437744140625,-1,4.856273333333333,Gal(b1-3)[Kdn(a2-6)]GalNAc,0.008044108748435974,2,-1.0343378517234214,H-,candycrunch
618.0567626953125,-3,48.44825,Fuc(a1-2)[Gal(a1-3)]Gal(b1-?)[Fuc(a1-?)]GlcNAc(b1-3)Gal(b1-3)[Fuc(a1-2)[Gal(a1-3)]Gal(b1-?)GlcNAc(b1-6)]GalNAc,0.019576342776417732,1,0.8331645873864773,H-,candycrunch
618.1265869140625,-3,3.867455,Fuc(a1-2)[Gal(a1-3)]Gal(b1-?)[Fuc(a1-?)]GlcNAc(b1-3)Gal(b1-3)[Fuc(a1-2)[Gal(a1-3)]Gal(b1-?)GlcNAc(b1-6)]GalNAc,0.0043716770596802235,2,0.7633403686364773,H-,candycrunch
618.392578125,-3,46.64996166666666,Fuc(a1-2)[Gal(a1-3)]Gal(b1-?)[Fuc(a1-?)]GlcNAc(b1-3)Gal(b1-3)[Fuc(a1-2)[Gal(a1-3)]Gal(b1-?)GlcNAc(b1-6)]GalNAc,0.01953374594449997,1,0.49734915769897725,H-,candycrunch
621.3450927734375,-3,46.44976,Neu5Ac(a2-?)HexNAc(?1-?)Gal(?1-3)[Fuc(a1-?)[Gal(b1-?)]GlcNAc(b1-6)]GalNAc(a1-3)[Neu5Ac(a2-6)]GalNAc,1.5864134184084833e-05,1,-0.12319294617179821,H-,candycrunch
621.5166015625,-3,48.51034,Neu5Ac(a2-3)Gal(b1-?)[Fuc(a1-?)]GlcNAc(b1-3)Gal6S(b1-?)[Fuc(a1-?)]GlcNAc(b1-3)Gal6S(b1-?)[Fuc(a1-?)]GlcNAc(b1-6)[Gal(b1-3)]GalNAc,1.4083158248467953e-06,1,0.045431968565594616,H-,candycrunch
622.3157958984375,-3,18.143688333333333,GlcNAc(a1-4)Gal(b1-4)GlcNAc(b1-3)[Gal(b1-4)GlcNAc(b1-6)]Gal(b1-3)[GlcNAc(a1-4)Gal(b1-4)GlcNAc(b1-6)]GalNAc,3.0861069717502687e-06,2,-0.42201270223847587,H-,candycrunch
622.4379272460938,-3,49.241906666666665,GlcNAc(a1-4)Gal(b1-4)GlcNAc(b1-3)[Gal(b1-4)GlcNAc(b1-6)]Gal(b1-3)[GlcNAc(a1-4)Gal(b1-4)GlcNAc(b1-6)]GalNAc,2.3643724489375018e-05,1,-0.5441440498947259,H-,candycrunch
623.471435546875,-3,47.96740166666667,HexNAc(?1-4)Gal(b1-4)GlcNAc(b1-3)[Gal(b1-4)GlcNAc(b1-6)]Gal(b1-3)[HexNAc(?1-4)Gal(b1-4)GlcNAc(b1-6)]GalNAc,0.0005140186403878033,1,-1.5776523506759759,H-,candycrunch
625.2589111328125,-3,10.301773333333333,Neu5Ac(a2-3)Gal(b1-?)GlcNAc(b1-3)Gal(b1-?)GlcNAc(b1-3)Gal(b1-?)GlcNAc(b1-6)[Neu5Ac(a2-6)]GalNAc,2.888468407036271e-05,1,1.2946269019531655,H-,candycrunch
625.373779296875,-3,16.460598333333333,Neu5Ac(a2-3)Gal(b1-?)GlcNAc(b1-3)Gal(b1-?)GlcNAc(b1-3)Gal(b1-?)GlcNAc(b1-6)[Neu5Ac(a2-6)]GalNAc,7.602264668093994e-05,1,1.1797587378906655,H-,candycrunch
627.2388916015625,-2,32.39845666666667,Neu5Ac(a2-3)Gal(b1-3)[Neu5Gc(a2-8)Neu5Ac(a2-6)]GalNAc,2.502359208733651e-08,1,-0.031662983803471434,H-,candycrunch
628.181640625,-2,32.340518333333335,Neu5Ac(a2-3)Gal(b1-?)[Fuc(a1-?)]GlcNAc6S(b1-6)[Neu5Ac(a2-3)Gal(b1-3)]GalNAc,0.00023217096168082207,9,-0.4642114502910317,H-,candycrunch
628.2786865234375,-2,35.57975333333333,Gal(b1-?)GlcNAc(b1-3)Gal(b1-?)GlcNAc(b1-3)Gal(b1-?)GlcNAc6S(b1-6)[Gal(b1-3)]GalNAc,9.091045285458677e-06,8,0.4465677046715655,H-,candycrunch
628.2875366210938,-2,36.91995,Gal(b1-?)GlcNAc(b1-3)Gal(b1-?)GlcNAc(b1-3)Gal(b1-?)GlcNAc6S(b1-6)[Gal(b1-3)]GalNAc,1.93508344636939e-06,7,0.4377176070153155,H-,candycrunch
628.372314453125,-2,34.621790000000004,Gal(b1-?)GlcNAc(b1-3)Gal(b1-?)GlcNAc(b1-3)Gal(b1-?)GlcNAc6S(b1-6)[Gal(b1-3)]GalNAc,1.0544886208663229e-05,11,0.3529397749840655,H-,candycrunch
628.4236450195312,-2,33.51618833333334,Gal(b1-?)GlcNAc(b1-3)Gal(b1-?)GlcNAc(b1-3)Gal(b1-?)GlcNAc6S(b1-6)[Gal(b1-3)]GalNAc,8.297730573758599e-07,1,0.3016092085778155,H-,candycrunch
628.42626953125,-2,17.105083333333333,Gal(b1-?)GlcNAc(b1-3)Gal(b1-?)GlcNAc(b1-3)Gal(b1-?)GlcNAc6S(b1-6)[Gal(b1-3)]GalNAc,0.00015714092296548188,3,0.2989846968590655,H-,candycrunch
628.7119140625,-2,45.777615000000004,Gal(b1-?)GlcNAc(b1-3)Gal(b1-?)GlcNAc(b1-3)Gal(b1-?)GlcNAc6S(b1-6)[Gal(b1-3)]GalNAc,4.004728452855488e-06,1,0.01334016560906548,H-,candycrunch
628.7459716796875,-2,38.01484833333333,Gal(b1-?)GlcNAc(b1-3)Gal(b1-?)GlcNAc(b1-3)Gal(b1-?)GlcNAc6S(b1-6)[Gal(b1-3)]GalNAc,1.3757672832070966e-06,4,-0.02071745157843452,H-,candycrunch
629.2017822265625,-2,41.23963833333334,Gal(b1-?)GlcNAc(b1-3)Gal(b1-?)GlcNAc(b1-3)Gal(b1-?)GlcNAc6S(b1-6)[Gal(b1-3)]GalNAc,3.892788754455978e-06,1,-0.4765279984534345,H-,candycrunch
629.2611694335938,-2,33.85227833333333,Gal(b1-?)GlcNAc(b1-3)Gal(b1-?)GlcNAc(b1-3)Gal(b1-?)GlcNAc6S(b1-6)[Gal(b1-3)]GalNAc,5.570097073359648e-06,1,-0.5359152054846845,H-,candycrunch
629.2742919921875,-2,46.10784,Gal(b1-?)GlcNAc(b1-3)Gal(b1-?)GlcNAc(b1-3)Gal(b1-?)GlcNAc6S(b1-6)[Gal(b1-3)]GalNAc,1.0850636499526445e-05,1,-0.5490377640784345,H-,candycrunch
629.306884765625,-2,39.88240833333333,Gal(b1-?)GlcNAc(b1-3)Gal(b1-?)GlcNAc(b1-3)Gal(b1-?)GlcNAc6S(b1-6)[Gal(b1-3)]GalNAc,3.94615608456661e-06,3,-0.5816305375159345,H-,candycrunch
629.3497314453125,-2,17.174838333333334,Gal(b1-?)GlcNAc(b1-3)Gal(b1-?)GlcNAc(b1-3)Gal(b1-?)GlcNAc6S(b1-6)[Gal(b1-3)]GalNAc,0.000231855534366332,1,-0.6244772172034345,H-,candycrunch
629.3856811523438,-2,44.289425,Gal(b1-?)GlcNAc(b1-3)Gal(b1-?)GlcNAc(b1-3)Gal(b1-?)GlcNAc6S(b1-6)[Gal(b1-3)]GalNAc,1.0474695955053903e-05,2,-0.6604269242346845,H-,candycrunch
629.40087890625,-2,34.548161666666665,Gal(b1-?)GlcNAc(b1-3)Gal(b1-?)GlcNAc(b1-3)Gal(b1-?)GlcNAc6S(b1-6)[Gal(b1-3)]GalNAc,1.3180846508475952e-05,6,-0.6756246781409345,H-,candycrunch
629.5330810546875,-2,38.30674666666667,Gal(b1-?)GlcNAc(b1-3)Gal(b1-?)GlcNAc(b1-3)Gal(b1-?)GlcNAc6S(b1-6)[Gal(b1-3)]GalNAc,1.0132349643754424e-06,1,-0.8078268265784345,H-,candycrunch
632.1185913085938,-3,49.541734999999996,Fuc(a1-?)[Gal(b1-?)]GlcNAc(b1-3)Gal(b1-?)GlcNAc(b1-3)Gal(b1-?)GlcNAc(b1-6)[Neu5Ac(a2-3)Gal(b1-3)]GalNAc,0.010372059419751167,1,0.10671863747188581,H-,candycrunch
632.294921875,-3,15.798676666666667,Fuc(a1-2)Gal(b1-?)[Fuc(a1-?)]GlcNAc(b1-3)[Gal(b1-?)GlcNAc(b1-6)]Gal(b1-3)[Fuc(a1-2)Gal(b1-4)GlcNAc(b1-6)]GalNAc,0.027379922568798065,2,0.27052177486564233,H-,candycrunch
633.1908569335938,-2,49.62556,Fuc(a1-2)Gal(b1-?)[Fuc(a1-?)]GlcNAc(b1-6)[GalNAc(b1-4)GlcNAc(b1-3)]GalNAc,0.00015755371714476496,2,0.05275722276530814,H-,candycrunch
634.376220703125,-2,17.0448,HexNAc(?1-?)HexA(?1-?)Hex(?1-?)HexNAc(?1-?)HexA(?1-?)[Fuc(a1-?)]GalNAc,8.861350215738639e-05,2,0.33084075223405307,H-,candycrunch
634.5820922851562,-2,48.81303166666667,HexNAc(?1-?)GlcA(b1-?)Gal(?1-?)HexNAc(?1-?)GlcA(b1-?)[Fuc(a1-?)]GalNAc,0.0014053607592359185,1,0.12496917020280307,H-,candycrunch
635.0166015625,-2,45.99003833333334,HexNAc(?1-?)GlcA(b1-?)Gal(?1-?)HexNAc(?1-?)GlcA(b1-?)[Fuc(a1-?)]GalNAc,0.000872007803991437,1,-0.30954010714094693,H-,candycrunch
635.3832397460938,-2,47.24199166666667,HexNAc(?1-?)GlcA(b1-?)Gal(?1-?)HexNAc(?1-?)GlcA(b1-?)[Fuc(a1-?)]GalNAc,0.0008753275615163147,1,-0.6761782907346969,H-,candycrunch
637.7598876953125,-3,47.654084999999995,Fuc(a1-2)[Gal(a1-3)]Gal(b1-?)GlcNAc(b1-3)Gal(b1-4)GlcNAc(b1-6)[Fuc(a1-2)[Gal(a1-3)]Gal(b1-?)GlcNAc(b1-3)]GalNAc,1.880624154182442e-07,1,0.13719416205310608,H-,candycrunch
639.1072387695312,-3,45.436995,Neu5Ac(a2-3)[GalNAc(b1-4)]Gal(b1-4)GlcNAc(b1-3)Gal6S(b1-4)GlcNAc(b1-6)[Neu5Ac(a2-3)[GalNAc(b1-4)]Gal(b1-3)]GalNAc,3.9520757127320394e-05,1,1.1218156324010806,H-,candycrunch
639.2606201171875,-3,3.8398383333333332,Neu5Ac(a2-3)[GalNAc(b1-4)]Gal(b1-4)GlcNAc(b1-3)Gal6S(b1-4)GlcNAc(b1-6)[Neu5Ac(a2-3)[GalNAc(b1-4)]Gal(b1-3)]GalNAc,2.2854943381389603e-05,1,0.9684342847448306,H-,candycrunch
639.300048828125,-3,4.889411666666667,Neu5Ac(a2-3)[GalNAc(b1-4)]Gal(b1-4)GlcNAc(b1-3)Gal6S(b1-4)GlcNAc(b1-6)[Neu5Ac(a2-3)[GalNAc(b1-4)]Gal(b1-3)]GalNAc,5.287366988682152e-08,2,0.9290055738073306,H-,candycrunch
639.3203735351562,-3,4.564733333333334,Neu5Ac(a2-3)[GalNAc(b1-4)]Gal(b1-4)GlcNAc(b1-3)Gal6S(b1-4)GlcNAc(b1-6)[Neu5Ac(a2-3)[GalNAc(b1-4)]Gal(b1-3)]GalNAc,8.043343768804334e-07,9,0.9086808667760806,H-,candycrunch
641.2144775390625,-2,48.573571666666666,HexNAc(?1-?)Gal(b1-?)GlcNAc(b1-6)[Fuc(a1-2)[GalNAc(a1-3)]Gal(b1-3)]GalNAc,0.000304323504678905,2,0.026593928546503776,H-,candycrunch
641.2923583984375,-2,44.54255666666666,Fuc(a1-2)[GalNAc(a1-3)]Gal(b1-4)GlcNAc(b1-6)[HexNAc(?1-?)Gal(b1-3)]GalNAc,0.0007480579661205411,1,-0.051286930828496224,H-,candycrunch
641.7279052734375,-2,48.97959,HexNAc(?1-?)Gal(b1-?)GlcNAc(b1-6)[Fuc(a1-2)[GalNAc(a1-3)]Gal(b1-3)]GalNAc,1.07672012745752e-05,1,-0.4868338058284962,H-,candycrunch
643.4804077148438,-4,49.84576666666667,Neu5Ac(a2-8)Neu5Ac(a2-3)[GalNAc(b1-4)]Gal(b1-?)GlcNAc(b1-?)[Neu5Ac(a2-3)[GalNAc(b1-4)]Gal(b1-?)GlcNAc(b1-?)]Gal(b1-3)[GlcNAc(b1-6)]GalNAc,5.501415785147401e-07,1,0.49646708772525017,H-,candycrunch
645.30712890625,-3,25.53988,Neu5Ac(a2-3)Gal(b1-?)[Fuc(a1-?)]GlcNAc(b1-3)Gal(b1-4)GlcNAc(b1-3)Gal(b1-4)GlcNAc(b1-6)[GlcNAc(b1-3)]GalNAc,5.870239017102818e-11,3,0.5936974069823009,H-,candycrunch
645.3206787109375,-3,46.41719833333333,Neu5Ac(a2-3)Gal(b1-?)[Fuc(a1-?)]GlcNAc(b1-3)Gal(b1-4)GlcNAc(b1-3)Gal(b1-4)GlcNAc(b1-6)[GlcNAc(b1-3)]GalNAc,3.523293212737144e-09,1,0.5801476022948009,H-,candycrunch
647.2152099609375,-3,26.422288333333338,Fuc(a1-2)[GalNAc(a1-3)]Gal(b1-?)GlcNAc(b1-3)[Fuc(a1-2)]Gal(b1-3)[Fuc(a1-2)[GalNAc(a1-3)]Gal(b1-?)GlcNAc(b1-6)]GalNAc,2.2016743628228141e-07,7,-0.9742499439051926,H-,candycrunch
647.4685668945312,-2,49.07203666666666,Fuc(a1-3)HexNAc(?1-3)Gal(b1-3)[Neu5Ac(a2-8)Neu5Ac(a2-6)]GalNAc,0.0008573367376811802,1,0.7621368309278296,H-,candycrunch
647.4852294921875,-2,44.13932833333333,Neu5Ac(a2-3)Gal(b1-?)[Fuc(a1-?)]GlcNAc(b1-3)[Neu5Ac(a2-6)]GalNAc,0.0010891922283917665,1,0.7454742332715796,H-,candycrunch
651.3017578125,-3,32.951365,Neu5Ac(a2-6)Gal(b1-4)GlcNAc(b1-3)Gal(b1-4)GlcNAc(b1-3)Gal(b1-4)GlcNAc(b1-3)Gal(b1-4)GlcNAc(b1-3)GalNAc,3.801052059770882e-07,1,-0.06929329176762167,H-,candycrunch
651.47412109375,-3,46.631015000000005,Fuc(a1-?)[Gal(b1-?)]GlcNAc(b1-3)[Fuc(a1-?)[Gal(b1-?)]GlcNAc(b1-6)]Gal(b1-3)[GlcNAc(a1-4)Gal(b1-?)GlcNAc(b1-6)]GalNAc,0.00019125957624055445,1,0.09847713078227116,H-,candycrunch
652.3165283203125,-3,44.87992,Fuc(a1-2)Gal(b1-4)GlcNAc(b1-3)[Fuc(a1-2)Gal(b1-4)GlcNAc(b1-6)]Gal(b1-3)[GlcNAc(a1-4)Gal(b1-4)GlcNAc(b1-6)]GalNAc,6.839477464382071e-06,1,-0.7439300957802288,H-,candycrunch
652.3878173828125,-3,43.40009166666667,Fuc(a1-?)[Gal(b1-?)]GlcNAc(b1-3)[Fuc(a1-?)[Gal(b1-?)]GlcNAc(b1-6)]Gal(b1-3)[GlcNAc(a1-4)Gal(b1-?)GlcNAc(b1-6)]GalNAc,0.00039652379928156734,11,-0.8152191582802288,H-,candycrunch
652.4697265625,-3,39.42994166666667,Fuc(a1-?)[Gal(b1-?)]GlcNAc(b1-3)[Fuc(a1-?)[Gal(b1-?)]GlcNAc(b1-6)]Gal(b1-3)[GlcNAc(a1-4)Gal(b1-?)GlcNAc(b1-6)]GalNAc,0.00016371093806810677,1,-0.8971283379677288,H-,candycrunch
653.5089721679688,-3,43.68246166666666,Fuc(a1-?)[Gal(b1-?)]GlcNAc(b1-3)[Fuc(a1-?)[Gal(b1-?)]GlcNAc(b1-6)]Gal(b1-3)[GlcNAc(a1-4)Gal(b1-?)GlcNAc(b1-6)]GalNAc,0.0009119423921220005,1,-1.9363739434364788,H-,candycrunch
653.612060546875,-3,47.68268166666667,Fuc(a1-?)[Gal(b1-?)]GlcNAc(b1-3)[Fuc(a1-?)[Gal(b1-?)]GlcNAc(b1-6)]Gal(b1-3)[GlcNAc(a1-4)Gal(b1-?)GlcNAc(b1-6)]GalNAc,4.41494703409262e-05,1,-2.039462322342729,H-,candycrunch
654.5379638671875,-2,46.57928666666666,Neu5Ac(a2-3)Gal(b1-4)GlcNAc(b1-6)[Neu5Ac(a2-3)Gal(b1-3)]GalNAc,0.8981042504310608,1,1.6901971695215252,H-,candycrunch
655.2281494140625,-3,31.077443333333335,Neu5Ac(a2-?)GlcNAc(b1-6)[Gal(?1-3)]Gal(b1-?)GlcNAc(b1-6)[Neu5Ac(a2-8)Neu5Ac(a2-?)Gal(b1-3)]GalNAc,3.0109198632999323e-05,1,0.6640699452365197,H-,candycrunch
656.18603515625,-2,34.767415,Neu5Ac(a2-3)Gal(b1-4)GlcNAc(b1-6)[Neu5Ac(a2-3)Gal(b1-3)]GalNAc,0.21765044331550598,1,0.04212588045902521,H-,candycrunch
657.2745361328125,-1,13.412054999999999,Gal(b1-3)[Neu5Ac(a2-6)]GalNAc,0.1891726851463318,1,-0.038550063873458384,H-,candycrunch
658.56298828125,-1,49.74068833333334,Fuc(a1-2)Gal(b1-?)[Fuc(a1-?)]GlcNAc6S(b1-3)GalNAc,0.003757258178666234,1,-0.30660110091093884,H-,candycrunch
659.1672973632812,-3,46.004225,Fuc(a1-?)[HexNAc(?1-?)]HexNAc(?1-?)Gal(b1-?)[Fuc(a1-?)]GlcNAc(b1-6)[Fuc(a1-?)[HexNAc(?1-?)]HexNAc(?1-?)Gal(b1-3)]GalNAc,8.812750820652582e-06,1,0.7491790209177225,H-,candycrunch
659.9600830078125,-3,45.791761666666666,Fuc(a1-?)[HexNAc(?1-?)]HexNAc(?1-?)Gal(b1-?)[Fuc(a1-?)]GlcNAc(b1-6)[Fuc(a1-?)[HexNAc(?1-?)]HexNAc(?1-?)Gal(b1-3)]GalNAc,2.0389472865645075e-06,1,-0.04360662361352752,H-,candycrunch
660.4547119140625,-4,25.66519,Fuc(a1-2)[Gal(a1-3)]Gal(b1-?)GlcNAc(b1-3)Gal(b1-4)GlcNAc(b1-3)Gal(b1-4)GlcNAc(b1-3)[Fuc(a1-2)[Gal(a1-3)]Gal(b1-?)GlcNAc(b1-3)Gal(b1-4)GlcNAc(b1-6)]GalNAc,1.1057347393261807e-07,4,0.28237834455649136,H-,candycrunch
661.1511840820312,-4,5.0785833333333334,Fuc(a1-2)[Gal(a1-3)]Gal(b1-?)GlcNAc(b1-3)Gal(b1-4)GlcNAc(b1-3)Gal(b1-4)GlcNAc(b1-3)[Fuc(a1-2)[Gal(a1-3)]Gal(b1-?)GlcNAc(b1-3)Gal(b1-4)GlcNAc(b1-6)]GalNAc,7.019188075219063e-08,1,-0.41409382341225864,H-,candycrunch
661.1767578125,-4,25.679456666666667,Fuc(a1-2)[Gal(a1-3)]Gal(b1-?)GlcNAc(b1-3)Gal(b1-4)GlcNAc(b1-3)Gal(b1-4)GlcNAc(b1-3)[Fuc(a1-2)[Gal(a1-3)]Gal(b1-?)GlcNAc(b1-3)Gal(b1-4)GlcNAc(b1-6)]GalNAc,3.321521901966662e-08,1,-0.43966755388100864,H-,candycrunch
663.7236328125,-2,45.956934999999994,Neu5Gc(a2-3)Gal(b1-4)GlcNAc(b1-6)[Neu5Ac(a2-3)Gal(b1-3)]GalNAc,0.0033387152943760157,1,0.5019855342090978,H-,candycrunch
664.568115234375,-2,46.04765833333333,Fuc(a1-?)HexNAc(?1-4)Gal(b1-3)[Neu5Gc(a2-8)Neu5Gc(a2-6)]GalNAc,0.0615251287817955,1,-0.3424968889160027,H-,candycrunch
665.2437744140625,-2,20.42387,Fuc(a1-2)[Gal(a1-3)]Gal(b1-4)[Fuc(a1-3)]GlcNAc(b1-6)[Fuc(a1-2)Gal(b1-3)]GalNAc,0.0005188033101148903,3,0.0022450452966040757,H-,candycrunch
665.3408813476562,-2,18.989631666666668,Fuc(a1-2)[Gal(a1-3)]Gal(b1-4)[Fuc(a1-3)]GlcNAc(b1-6)[Fuc(a1-2)Gal(b1-3)]GalNAc,0.0012503592297434807,1,-0.09486188829714592,H-,candycrunch
665.3594970703125,-2,31.172303333333332,Fuc(a1-2)[Gal(a1-3)]Gal(b1-4)[Fuc(a1-3)]GlcNAc(b1-6)[Fuc(a1-2)Gal(b1-3)]GalNAc,0.0005143273156136274,1,-0.11347761095339592,H-,candycrunch
665.41943359375,-2,19.054473333333334,Fuc(a1-2)[Gal(a1-3)]Gal(b1-4)[Fuc(a1-3)]GlcNAc(b1-6)[Fuc(a1-2)Gal(b1-3)]GalNAc,0.03821324557065964,7,-0.17341413439089592,H-,candycrunch
665.672119140625,-2,21.616276666666668,Fuc(a1-2)[Gal(a1-3)]Gal(b1-4)[Fuc(a1-3)]GlcNAc(b1-6)[Fuc(a1-2)Gal(b1-3)]GalNAc,0.001605850993655622,6,-0.4260996812658959,H-,candycrunch
667.2989501953125,-3,17.46341333333333,Fuc(a1-2)[Gal(a1-3)]Gal(b1-?)[Fuc(a1-?)]GlcNAc(b1-3)Gal(b1-3)[Fuc(a1-2)[Gal(a1-3)]Gal(b1-?)[Fuc(a1-?)]GlcNAc(b1-6)]GalNAc,2.7078223865828477e-05,7,0.2769466903864668,H-,candycrunch
667.3184814453125,-3,41.35883833333334,Fuc(a1-2)[Gal(a1-3)]Gal(b1-?)[Fuc(a1-?)]GlcNAc(b1-3)Gal(b1-3)[Fuc(a1-2)[Gal(a1-3)]Gal(b1-?)[Fuc(a1-?)]GlcNAc(b1-6)]GalNAc,2.2829361114418134e-05,2,0.2574154403864668,H-,candycrunch
667.3212890625,-3,35.384033333333335,Fuc(a1-2)[Gal(a1-3)]Gal(b1-?)[Fuc(a1-?)]GlcNAc(b1-3)Gal(b1-3)[Fuc(a1-2)[Gal(a1-3)]Gal(b1-?)[Fuc(a1-?)]GlcNAc(b1-6)]GalNAc,0.00016755409887991846,4,0.2546078231989668,H-,candycrunch
667.3304443359375,-3,26.128123333333335,Fuc(a1-2)[Gal(a1-3)]Gal(b1-?)[Fuc(a1-?)]GlcNAc(b1-3)Gal(b1-3)[Fuc(a1-2)[Gal(a1-3)]Gal(b1-?)[Fuc(a1-?)]GlcNAc(b1-6)]GalNAc,1.457541929994477e-05,2,0.2454525497614668,H-,candycrunch
667.3438720703125,-3,44.32288833333334,Fuc(a1-2)[Gal(a1-3)]Gal(b1-?)[Fuc(a1-?)]GlcNAc(b1-3)Gal(b1-3)[Fuc(a1-2)[Gal(a1-3)]Gal(b1-?)[Fuc(a1-?)]GlcNAc(b1-6)]GalNAc,0.00014905823627486825,2,0.2320248153864668,H-,candycrunch
667.372802734375,-3,19.680925,Fuc(a1-2)[Gal(a1-3)]Gal(b1-?)[Fuc(a1-?)]GlcNAc(b1-3)Gal(b1-3)[Fuc(a1-2)[Gal(a1-3)]Gal(b1-?)[Fuc(a1-?)]GlcNAc(b1-6)]GalNAc,1.7334750737063587e-06,3,0.2030941513239668,H-,candycrunch
667.3892211914062,-3,42.985884999999996,Fuc(a1-2)[Gal(a1-3)]Gal(b1-?)[Fuc(a1-?)]GlcNAc(b1-3)Gal(b1-3)[Fuc(a1-2)[Gal(a1-3)]Gal(b1-?)[Fuc(a1-?)]GlcNAc(b1-6)]GalNAc,2.968103899547714e-06,1,0.1866756942927168,H-,candycrunch
667.4658203125,-3,40.50069166666667,Fuc(a1-2)[Gal(a1-3)]Gal(b1-?)[Fuc(a1-?)]GlcNAc(b1-3)Gal(b1-3)[Fuc(a1-2)[Gal(a1-3)]Gal(b1-?)[Fuc(a1-?)]GlcNAc(b1-6)]GalNAc,0.00024254848540294915,9,0.1100765731989668,H-,candycrunch
669.4718017578125,-3,41.57589333333333,Neu5Ac(a2-3)[GalNAc(b1-4)]Gal(b1-?)GlcNAc(b1-3)Gal(b1-?)GlcNAc(b1-3)[Neu5Ac(a2-8)Neu5Ac(a2-6)]GalNAc,1.9621935280156322e-05,1,0.09593396865318482,H-,candycrunch
669.5785522460938,-3,48.496028333333335,Neu5Ac(a2-3)[GalNAc(b1-4)]Gal(b1-?)GlcNAc(b1-3)Gal(b1-?)GlcNAc(b1-3)[Neu5Ac(a2-8)Neu5Ac(a2-6)]GalNAc,3.549985194695182e-05,1,-0.01081651962806518,H-,candycrunch
670.08642578125,-2,33.150425,GlcNAc(a1-4)Gal(b1-4)GlcNAc(b1-3)[GlcNAc(a1-4)Gal(b1-4)GlcNAc(b1-6)]GalNAc,9.409872063770308e-07,1,-0.3346224516409393,H-,candycrunch
670.361572265625,-3,39.44421166666666,GlcNAc(a1-4)Gal(b1-?)GlcNAc(b1-6)[Fuc(a1-?)[Gal(b1-?)]GlcNAc(b1-3)]Gal(b1-3)[GlcNAc(a1-4)Gal(b1-?)GlcNAc(b1-6)]GalNAc,2.445071550027933e-05,1,0.21818053357401368,H-,candycrunch
670.50341796875,-3,40.52902833333333,HexNAc(?1-?)Gal(b1-4)GlcNAc(b1-6)[Fuc(a1-?)[Gal(b1-?)]GlcNAc(b1-3)]Gal(b1-3)[HexNAc(?1-?)Gal(b1-4)GlcNAc(b1-6)]GalNAc,1.1906026884389576e-05,1,0.07633483044901368,H-,candycrunch
671.0587768554688,-3,39.11005,HexNAc(?1-?)Gal(b1-4)GlcNAc(b1-6)[Fuc(a1-?)[Gal(b1-?)]GlcNAc(b1-3)]Gal(b1-3)[HexNAc(?1-?)Gal(b1-4)GlcNAc(b1-6)]GalNAc,7.282807200681418e-05,1,-0.4790240562697363,H-,candycrunch
671.29736328125,-3,14.496928333333333,HexNAc(?1-?)Gal(b1-4)GlcNAc(b1-6)[Fuc(a1-?)[Gal(b1-?)]GlcNAc(b1-3)]Gal(b1-3)[HexNAc(?1-?)Gal(b1-4)GlcNAc(b1-6)]GalNAc,0.001050619874149561,7,-0.7176104820509863,H-,candycrunch
673.1341552734375,-1,33.74619666666667,Gal(b1-3)[Neu5Gc(a2-6)]GalNAc,0.41179585456848145,1,0.096745415501573,H-,candycrunch
673.3104248046875,-1,14.454976666666667,Neu5Gc(a2-3)Gal(b1-3)GalNAc,0.21627897024154663,22,-0.079524115748427,H-,candycrunch
673.360107421875,-1,13.445301666666666,Neu5Gc(a2-3)Gal(b1-3)GalNAc,0.16979052126407623,14,-0.129206732935927,H-,candycrunch
673.390380859375,-1,47.13733,Gal(b1-3)[Neu5Gc(a2-6)]GalNAc,0.1555698812007904,2,-0.159480170435927,H-,candycrunch
673.3931884765625,-1,15.693781666666668,Neu5Gc(a2-3)Gal(b1-3)GalNAc,0.1377180814743042,3,-0.162287787623427,H-,candycrunch
673.3941650390625,-1,19.90016333333333,Neu5Gc(a2-3)Gal(b1-3)GalNAc,0.029343755915760994,3,-0.163264350123427,H-,candycrunch
673.4448852539062,-1,23.996085,Neu5Gc(a2-3)Gal(b1-3)GalNAc,0.0265177134424448,6,-0.213984564967177,H-,candycrunch
674.2998046875,-1,14.46931,Fuc(a1-2)[Gal(a1-3)]Gal(b1-3)GalNAc,0.010550952516496181,15,-0.04850288466093389,H-,candycrunch
674.359375,-1,47.1656,Gal(b1-3)[Fuc(a1-4)]GlcNAc(b1-3)Gal,0.011724320240318775,1,-0.10807319716093389,H-,candycrunch
674.459228515625,-1,13.397756666666668,Gal(b1-3)[Fuc(a1-4)]GlcNAc(b1-3)Gal,0.0037182883825153112,1,-0.2079267127859339,H-,candycrunch
675.2894287109375,-3,14.43516,Neu5Ac(a2-3)Gal(b1-?)[Fuc(a1-?)]GlcNAc(b1-3)Gal(b1-?)GlcNAc(b1-6)[Neu5Ac(a2-3)Gal(b1-3)GlcNAc(b1-3)]GalNAc,1.0388661394244991e-05,1,-0.04992107317184491,H-,candycrunch
675.3433837890625,-3,49.48665666666667,Neu5Ac(a2-3)Gal(b1-?)[Fuc(a1-?)]GlcNAc(b1-3)Gal(b1-?)GlcNAc(b1-6)[Neu5Ac(a2-3)Gal(b1-3)GlcNAc(b1-3)]GalNAc,3.803947038250044e-05,1,-0.10387615129684491,H-,candycrunch
675.3871459960938,-3,16.341728333333332,Neu5Ac(a2-3)Gal(b1-?)[Fuc(a1-?)]GlcNAc(b1-3)Gal(b1-?)GlcNAc(b1-6)[Neu5Ac(a2-3)Gal(b1-3)GlcNAc(b1-3)]GalNAc,1.116824705604813e-06,7,-0.1476383583280949,H-,candycrunch
675.446533203125,-3,17.912586666666666,Neu5Ac(a2-3)Gal(b1-?)[Fuc(a1-?)]GlcNAc(b1-3)Gal(b1-?)GlcNAc(b1-6)[Neu5Ac(a2-3)Gal(b1-3)GlcNAc(b1-3)]GalNAc,1.2166286467163445e-07,4,-0.2070255653593449,H-,candycrunch
676.4627685546875,-2,17.926928333333333,Neu5Ac(a2-8)Neu5Ac(a2-?)Gal(?1-?)[HexNAc(?1-?)]GlcNAc(b1-3)GalNAc,2.404562337687821e-06,3,0.2786670327715228,H-,candycrunch
677.7103271484375,-2,41.40000666666666,Neu5Ac(a2-3)[GalNAc(b1-4)]Gal(b1-?)GlcNAc(b1-3)[Neu5Ac(a2-6)]GalNAc,4.343904220149852e-05,1,-0.9688915609784772,H-,candycrunch
678.779296875,-2,48.28152166666667,Neu5Ac(a2-3)[GalNAc(b1-4)]Gal(b1-?)GlcNAc(b1-3)[Neu5Ac(a2-6)]GalNAc,0.008493066765367985,1,-2.037861287540977,H-,candycrunch
679.4085693359375,-3,31.946340000000003,Neu5Ac(a2-3)Gal(b1-?)GlcNAc(b1-?)[Gal(b1-?)GlcNAc(b1-?)]Gal(b1-?)GlcNAc(b1-6)[Neu5Ac(a2-3)Gal(b1-3)]GalNAc,1.2868306839664001e-05,1,1.1625765093281188,H-,candycrunch
680.4440307617188,-3,32.616795,Neu5Ac(a2-3)Gal(b1-?)GlcNAc(b1-?)[Gal(b1-?)GlcNAc(b1-?)]Gal(b1-?)GlcNAc(b1-6)[Neu5Ac(a2-3)Gal(b1-3)]GalNAc,6.485820631496608e-05,5,0.12711508354686885,H-,candycrunch
681.3050537109375,-3,44.99844166666667,Neu5Ac(a2-3)Gal(b1-?)[Fuc(a1-?)]GlcNAc(b1-3)Gal(b1-4)GlcNAc(b1-6)[Fuc(a1-?)[Gal(b1-?)]GlcNAc(b1-3)Gal(b1-3)]GalNAc,3.939621819881722e-05,1,-0.39377416187187464,H-,candycrunch
681.3597412109375,-3,32.68991166666667,Neu5Ac(a2-3)Gal(b1-?)[Fuc(a1-?)]GlcNAc(b1-3)Gal(b1-4)GlcNAc(b1-6)[Fuc(a1-?)[Gal(b1-?)]GlcNAc(b1-3)Gal(b1-3)]GalNAc,0.0013787583447992802,1,-0.44846166187187464,H-,candycrunch
683.1868896484375,-2,15.100988333333333,Neu5Ac(a2-?)Gal(?1-?)[HexNAc(?1-?)]Gal(b1-3)[Fuc(a1-?)GlcNAc(b1-6)]GalNAc,0.0001975673221750185,1,2.062203805971535,H-,candycrunch
683.45263671875,-2,34.752856666666666,Neu5Ac(a2-3)Gal(b1-?)[Fuc(a1-?)]GlcNAc(b1-6)[Gal(b1-?)GlcNAc(b1-3)]GalNAc,0.0022897524759173393,1,1.796456735659035,H-,candycrunch
683.589599609375,-2,45.334583333333335,Neu5Ac(a2-3)Gal(b1-?)[Fuc(a1-?)]GlcNAc(b1-6)[Gal(b1-?)GlcNAc(b1-3)]GalNAc,0.003165619447827339,1,1.659493845034035,H-,candycrunch
684.2402954101562,-2,49.36223833333334,Neu5Ac(a2-3)[GalNAc(b1-4)]Gal(b1-4)GlcNAc(b1-6)[Fuc(a1-2)Gal(b1-3)]GalNAc,0.0066959732212126255,1,1.008798044252785,H-,candycrunch
685.16162109375,-2,45.34892333333333,Neu5Ac(a2-3)[GalNAc(b1-4)]Gal(b1-4)GlcNAc(b1-6)[Fuc(a1-2)Gal(b1-3)]GalNAc,0.0013473680010065436,1,0.08747236065903508,H-,candycrunch
685.458251953125,-2,47.593295,Neu5Ac(a2-3)[GalNAc(b1-4)]Gal(b1-4)GlcNAc(b1-6)[Fuc(a1-2)Gal(b1-3)]GalNAc,0.04149217903614044,1,-0.20915849871596492,H-,candycrunch
685.6156005859375,-2,49.68051666666667,Neu5Ac(a2-3)[GalNAc(b1-4)]Gal(b1-4)GlcNAc(b1-6)[Fuc(a1-2)Gal(b1-3)]GalNAc,0.07851406186819077,1,-0.3665071315284649,H-,candycrunch
685.816650390625,-2,21.851979999999998,Fuc(a1-2)Gal(b1-?)GlcNAc(b1-3)[Fuc(a1-2)Gal(b1-?)[Fuc(a1-?)]GlcNAc(b1-6)]GalNAc,0.009669579565525055,1,-0.05735638051589831,H-,candycrunch
686.109375,-3,23.187943333333333,Neu5Ac(a2-?)GlcNAc(b1-6)[Gal(?1-3)]Gal(?1-?)[Fuc(a1-?)]GlcNAc(b1-6)[Gal(?1-3)]Gal(b1-?)GlcNAc(b1-6)[Gal(b1-3)]GalNAc,4.431953129824251e-05,2,0.13354275656558912,H-,candycrunch
687.42138671875,-3,15.501283333333335,Fuc(a1-2)[Gal(a1-3)]Gal(b1-?)[Fuc(a1-?)]GlcNAc(b1-3)Gal(b1-4)GlcNAc(b1-6)[Fuc(a1-2)[Gal(a1-3)]Gal(b1-?)GlcNAc(b1-3)]GalNAc,2.902188533937533e-08,3,-0.8383352583842907,H-,candycrunch
687.4376220703125,-3,16.761689999999998,Fuc(a1-2)[Gal(a1-3)]Gal(b1-?)[Fuc(a1-?)]GlcNAc(b1-3)Gal(b1-4)GlcNAc(b1-6)[Fuc(a1-2)[Gal(a1-3)]Gal(b1-?)GlcNAc(b1-3)]GalNAc,7.413305525005853e-08,4,-0.8545706099467907,H-,candycrunch
688.4423828125,-3,15.570854999999998,HexNAc(?1-?)Gal(b1-?)GlcNAc(b1-3)[HexNAc(?1-?)Gal(b1-?)GlcNAc(b1-6)]Gal(b1-3)[HexNAc(?1-?)Gal(b1-?)GlcNAc(b1-6)]GalNAc,0.005113614723086357,1,1.1445245613657562,H-,candycrunch
688.7650756835938,-1,33.21246666666667,Gal(?1-?)[Gal(?1-?)]Gal(?1-3)GalNAc,0.015090640634298325,1,1.481140741745321,H-,candycrunch
688.9105224609375,-1,48.709788333333336,Gal(?1-?)[Gal(?1-?)]Gal(?1-3)GalNAc,0.03671013563871384,1,1.335693964401571,H-,candycrunch
690.4644165039062,-1,44.380111666666664,Gal(?1-?)[Gal(?1-?)]Gal(?1-3)GalNAc,0.00971794780343771,1,-0.21820007856717893,H-,candycrunch
690.618896484375,-1,40.01766666666667,Gal(?1-?)[Gal(?1-?)]Gal(?1-3)GalNAc,0.003641351591795683,1,-0.37268005903592893,H-,candycrunch
691.3098754882812,-1,17.733578333333334,Gal(?1-?)[Gal(?1-?)]Gal(?1-3)GalNAc,0.000446859747171402,3,-1.063659062942179,H-,candycrunch
698.2724609375,-1,29.49935833333333,GalNAc(a1-3)[Neu5Ac(a2-6)]GalNAc,0.03564964607357979,2,-0.009925767060963153,H-,candycrunch
700.6953125,-3,25.981405,Fuc(a1-2)Gal(b1-?)GlcNAc(b1-3)[Fuc(a1-2)Gal(b1-?)GlcNAc(b1-6)]Gal(b1-3)[Fuc(a1-2)[GalNAc(a1-3)]Gal(b1-?)GlcNAc(b1-6)]GalNAc,7.2248476499225944e-06,1,-0.4367446724677393,H-,candycrunch
703.1817016601562,-1,21.983163333333334,Gal(b1-4)GlcNAc(b1-3)[Xyl(?1-?)]GalNAc,7.932905532470613e-07,1,-1.9195008198172445,H-,candycrunch
709.0035400390625,-2,40.26566666666667,Fuc(a1-?)HexNAc(?1-?)Gal(?1-3)[GlcNAc(b1-6)]GalNAc(a1-3)[Neu5Ac(a2-6)]GalNAc,0.05587654560804367,1,-3.2411720339034673,H-,candycrunch
709.282470703125,-2,47.66826,Gal(a1-3)Gal(b1-4)GlcNAc(b1-3)Gal(b1-3)[Gal(a1-3)Gal(b1-4)GlcNAc(b1-6)]GalNAc,0.0003563068457879126,1,0.4691952407340523,H-,candycrunch
709.566162109375,-2,44.983781666666665,Gal(a1-3)Gal(b1-4)GlcNAc(b1-3)Gal(b1-3)[Gal(a1-3)Gal(b1-4)GlcNAc(b1-6)]GalNAc,1.762647229952563e-06,1,0.18550383448405228,H-,candycrunch
711.216796875,-4,35.31486666666667,Fuc(a1-2)[Gal(a1-3)]Gal(b1-?)GlcNAc(b1-3)Gal(b1-4)GlcNAc(b1-3)Gal(b1-4)GlcNAc(b1-3)Gal(b1-4)GlcNAc(b1-6)[Fuc(a1-?)[Gal(b1-?)]GlcNAc(b1-3)Gal(b1-4)GlcNAc(b1-3)]GalNAc,6.81410750047462e-09,3,0.29013651686898356,H-,candycrunch
715.38671875,-1,17.26332,Gal(b1-3)[Fuc(a1-4)]GlcNAc(b1-3)GalNAc,0.04355761036276817,1,-0.10886784566093866,H-,candycrunch
715.7320556640625,-1,47.80304833333334,Fuc(a1-?)[Gal(b1-?)]GlcNAc(b1-3)GalNAc,0.007204090710729361,1,-0.45420475972343866,H-,candycrunch
716.1773071289062,-1,40.890705,Fuc(a1-2)Gal(b1-3)[GalOS(b1-4)GlcNAc(b1-6)]GalNAc,4.202676427667029e-05,1,-0.8994562245671887,H-,candycrunch
717.4857177734375,-3,48.757421666666666,GlcNAc(a1-4)Gal(b1-4)GlcNAc(b1-3)[GlcNAc(a1-4)Gal(b1-4)GlcNAc(b1-6)]Gal(b1-3)[Fuc(a1-2)Gal(b1-?)[Fuc(a1-?)]GlcNAc(b1-6)]GalNAc,1.2634029644686962e-07,2,1.7800046287615032,H-,candycrunch
723.1943969726562,-3,35.736088333333335,Neu5Ac(a2-3)Gal(b1-?)[Fuc(a1-?)]GlcNAc(b1-3)Gal(b1-?)[Fuc(a1-?)]GlcNAc(b1-6)[Neu5Ac(a2-3)Gal(b1-3)GlcNAc(b1-3)]GalNAc,2.7436379923528875e-07,1,0.7310802681093946,H-,candycrunch
725.1796264648438,-3,31.719134999999998,Neu5Ac(a2-3)Gal(b1-?)[Fuc(a1-?)]GlcNAc(b1-3)Gal(b1-?)[Fuc(a1-?)]GlcNAc(b1-6)[Neu5Ac(a2-3)Gal(b1-3)GlcNAc(b1-3)]GalNAc,5.324650942384324e-07,3,-1.2541492240781054,H-,candycrunch
725.351806640625,-3,34.35794166666667,Neu5Ac(a2-3)Gal(b1-?)[Fuc(a1-?)]GlcNAc(b1-3)Gal(b1-?)[Fuc(a1-?)]GlcNAc(b1-6)[Neu5Ac(a2-3)Gal(b1-3)GlcNAc(b1-3)]GalNAc,1.2519434733349044e-07,5,-1.4263293998593554,H-,candycrunch
727.569091796875,-2,47.31803333333333,Neu5Ac(a2-3)Gal(b1-3)[Fuc(a1-4)]GlcNAc(b1-6)[Neu5Ac(a2-3)Gal(b1-3)]GalNAc,0.01013911608606577,1,1.6880236443340664,H-,candycrunch
731.2467651367188,-1,26.90325,Gal(b1-4)GlcNAc(b1-6)[Gal(b1-3)]GalNAc,0.4361967146396637,2,0.026000390120316297,H-,candycrunch
731.6181030273438,-1,48.08335,Gal(b1-4)GlcNAc(b1-6)[Gal(b1-3)]GalNAc,0.35105958580970764,1,-0.3453375005046837,H-,candycrunch
733.34326171875,-3,30.676896666666668,HexNAc(?1-?)HexA(?1-?)Hex(?1-?)HexNAc(?1-?)HexA(?1-?)Hex(?1-?)HexNAc(?1-?)HexA(?1-?)Hex(?1-?)HexNAc(?1-?)HexA(?1-?)GalNAc,1.3740933013650647e-07,1,1.5492401159490328,H-,candycrunch
733.40869140625,-3,19.429733333333335,HexNAc(?1-?)HexA(?1-?)Hex(?1-?)HexNAc(?1-?)HexA(?1-?)Hex(?1-?)HexNAc(?1-?)HexA(?1-?)Hex(?1-?)HexNAc(?1-?)HexA(?1-?)GalNAc,1.4282230953455155e-09,3,1.4838104284490328,H-,candycrunch
733.4529418945312,-3,26.937251666666665,HexNAc(?1-?)HexA(?1-?)Hex(?1-?)HexNAc(?1-?)HexA(?1-?)Hex(?1-?)HexNAc(?1-?)HexA(?1-?)Hex(?1-?)HexNAc(?1-?)HexA(?1-?)GalNAc,1.3494025097315898e-07,13,1.4395599401677828,H-,candycrunch
733.4549560546875,-3,40.849115000000005,HexNAc(?1-?)HexA(?1-?)Hex(?1-?)HexNAc(?1-?)HexA(?1-?)Hex(?1-?)HexNAc(?1-?)HexA(?1-?)Hex(?1-?)HexNAc(?1-?)HexA(?1-?)GalNAc,1.6290921394102043e-06,1,1.4375457800115328,H-,candycrunch
733.4900512695312,-3,28.99785,HexNAc(?1-?)HexA(?1-?)Hex(?1-?)HexNAc(?1-?)HexA(?1-?)Hex(?1-?)HexNAc(?1-?)HexA(?1-?)Hex(?1-?)HexNAc(?1-?)HexA(?1-?)GalNAc,1.8845190652427846e-06,5,1.4024505651677828,H-,candycrunch
733.556396484375,-3,27.987745,HexNAc(?1-?)HexA(?1-?)Hex(?1-?)HexNAc(?1-?)HexA(?1-?)Hex(?1-?)HexNAc(?1-?)HexA(?1-?)Hex(?1-?)HexNAc(?1-?)HexA(?1-?)GalNAc,2.530005644985067e-07,2,1.3361053503240328,H-,candycrunch
734.10009765625,-3,40.78908666666666,HexNAc(?1-?)HexA(?1-?)Hex(?1-?)HexNAc(?1-?)HexA(?1-?)Hex(?1-?)HexNAc(?1-?)HexA(?1-?)Hex(?1-?)HexNAc(?1-?)HexA(?1-?)GalNAc,1.0624628288269378e-07,1,0.7924041784490328,H-,candycrunch
734.2831420898438,-3,43.44190666666667,HexNAc(?1-?)HexA(?1-?)Hex(?1-?)HexNAc(?1-?)HexA(?1-?)Hex(?1-?)HexNAc(?1-?)HexA(?1-?)Hex(?1-?)HexNAc(?1-?)HexA(?1-?)GalNAc,3.404149765628972e-06,1,0.6093597448552828,H-,candycrunch
734.4639282226562,-3,26.951005,HexNAc(?1-?)HexA(?1-?)Hex(?1-?)HexNAc(?1-?)HexA(?1-?)Hex(?1-?)HexNAc(?1-?)HexA(?1-?)Hex(?1-?)HexNAc(?1-?)HexA(?1-?)GalNAc,5.8648414125173076e-08,5,0.42857361204278277,H-,candycrunch
734.6231689453125,-3,30.167920000000002,HexNAc(?1-?)HexA(?1-?)Hex(?1-?)HexNAc(?1-?)HexA(?1-?)Hex(?1-?)HexNAc(?1-?)HexA(?1-?)Hex(?1-?)HexNAc(?1-?)HexA(?1-?)GalNAc,7.76666198021303e-09,10,0.26933288938653277,H-,candycrunch
734.767333984375,-3,31.237165,HexNAc(?1-?)HexA(?1-?)Hex(?1-?)HexNAc(?1-?)HexA(?1-?)Hex(?1-?)HexNAc(?1-?)HexA(?1-?)Hex(?1-?)HexNAc(?1-?)HexA(?1-?)GalNAc,1.2288303423702018e-06,1,0.12516785032403277,H-,candycrunch
735.1680908203125,-3,30.117186666666665,Fuc(a1-2)[Gal(a1-3)]Gal(b1-?)[Fuc(a1-?)]GlcNAc(b1-3)Gal(b1-4)GlcNAc(b1-6)[Fuc(a1-2)[Gal(a1-3)]Gal(b1-?)[Fuc(a1-?)]GlcNAc(b1-3)]GalNAc,7.809941848790913e-08,1,0.10093024305308518,H-,candycrunch
735.4254150390625,-3,41.54778666666667,Fuc(a1-2)[Gal(a1-3)]Gal(b1-?)[Fuc(a1-?)]GlcNAc(b1-3)Gal(b1-4)GlcNAc(b1-6)[Fuc(a1-2)[Gal(a1-3)]Gal(b1-?)[Fuc(a1-?)]GlcNAc(b1-3)]GalNAc,2.117324449102398e-08,1,-0.15639397569691482,H-,candycrunch
735.460693359375,-3,27.010075,Fuc(a1-2)[Gal(a1-3)]Gal(b1-?)[Fuc(a1-?)]GlcNAc(b1-3)Gal(b1-4)GlcNAc(b1-6)[Fuc(a1-2)[Gal(a1-3)]Gal(b1-?)[Fuc(a1-?)]GlcNAc(b1-3)]GalNAc,1.292642104466779e-09,2,-0.19167229600941482,H-,candycrunch
735.5731811523438,-3,49.12451333333333,Fuc(a1-2)[Gal(a1-3)]Gal(b1-?)[Fuc(a1-?)]GlcNAc(b1-3)Gal(b1-4)GlcNAc(b1-6)[Fuc(a1-2)[Gal(a1-3)]Gal(b1-?)[Fuc(a1-?)]GlcNAc(b1-3)]GalNAc,1.4195486564005932e-08,1,-0.3041600889781648,H-,candycrunch
738.6632690429688,-2,29.706313333333338,Fuc(a1-2)[Gal(a1-3)]Gal(b1-4)[Fuc(a1-3)]GlcNAc(b1-6)[Neu5Ac(a2-3)Gal(b1-3)]GalNAc,4.662468927563168e-05,6,-0.8984957348096714,H-,candycrunch
738.6917724609375,-2,32.491125,Neu5Ac(a2-3)Gal(b1-?)[Fuc(a1-?)]GlcNAc6S(b1-3)Gal(b1-?)[Fuc(a1-?)]GlcNAc(b1-6)[Gal(b1-3)]GalNAc,0.00066552241332829,1,-0.9269991527784214,H-,candycrunch
738.742919921875,-2,31.18658,Neu5Ac(a2-3)Gal(b1-?)[Fuc(a1-?)]GlcNAc6S(b1-3)Gal(b1-?)[Fuc(a1-?)]GlcNAc(b1-6)[Gal(b1-3)]GalNAc,3.112968261120841e-05,4,-0.9781466137159214,H-,candycrunch
739.180908203125,-2,38.160115000000005,Neu5Ac(a2-3)Gal(b1-?)[Fuc(a1-?)]GlcNAc6S(b1-3)Gal(b1-?)[Fuc(a1-?)]GlcNAc(b1-6)[Gal(b1-3)]GalNAc,0.00010939380445051938,1,-1.4161348949659214,H-,candycrunch
739.2125244140625,-2,29.830953333333333,Fuc(a1-3)[Gal(b1-4)]GlcNAc6S(b1-3)Gal(b1-3)[Neu5Ac(a2-3)Gal(b1-4)[Fuc(a1-3)]GlcNAc(b1-6)]GalNAc,2.2713600174029125e-06,1,-1.4477511059034214,H-,candycrunch
744.447265625,-2,26.252613333333336,Gal(b1-?)[Neu5Gc(a2-?)]GlcNAc(b1-3)[Neu5Gc(a2-8)Neu5Gc(a2-6)]GalNAc,1.3271213106236246e-07,1,0.29456387925904437,H-,candycrunch
749.4366455078125,-2,18.463276666666665,Fuc(a1-3)GalNAc(?1-3)Gal(b1-3)GalNAc(a1-3)[Neu5Ac(a2-8)Neu5Ac(a2-6)]GalNAc,0.000635974167380482,11,0.333744484146564,H-,candycrunch
750.4849243164062,-2,18.506686666666667,GlcNAc(a1-4)Gal(b1-?)GlcNAc(b1-3)Gal(b1-4)GlcNAc(b1-6)[GlcNAc(a1-4)Gal(b1-3)]GalNAc,8.55523524023738e-07,4,0.2932907289527975,H-,candycrunch
751.6619873046875,-4,42.74985,Fuc(a1-2)[Gal(a1-3)]Gal(b1-?)GlcNAc(b1-3)Gal(b1-4)GlcNAc(b1-3)Gal(b1-4)GlcNAc(b1-6)[Fuc(a1-2)[Gal(a1-3)]Gal(b1-?)GlcNAc(b1-3)Gal(b1-4)GlcNAc(b1-3)Gal(b1-4)GlcNAc(b1-3)]GalNAc,2.289770595353957e-09,1,0.3581519450565338,H-,candycrunch
752.412353515625,-4,49.15251833333333,Fuc(a1-2)[Gal(a1-3)]Gal(b1-?)GlcNAc(b1-3)Gal(b1-4)GlcNAc(b1-3)Gal(b1-4)GlcNAc(b1-6)[Fuc(a1-2)[Gal(a1-3)]Gal(b1-?)GlcNAc(b1-3)Gal(b1-4)GlcNAc(b1-3)Gal(b1-4)GlcNAc(b1-3)]GalNAc,6.200460234140337e-08,1,-0.3922142658809662,H-,candycrunch
752.5852661132812,-4,37.83378,Fuc(a1-2)[Gal(a1-3)]Gal(b1-?)GlcNAc(b1-3)Gal(b1-4)GlcNAc(b1-3)Gal(b1-4)GlcNAc(b1-6)[Fuc(a1-2)[Gal(a1-3)]Gal(b1-?)GlcNAc(b1-3)Gal(b1-4)GlcNAc(b1-3)Gal(b1-4)GlcNAc(b1-3)]GalNAc,3.218752908651368e-07,1,-0.5651268635372162,H-,candycrunch
752.7271118164062,-4,43.113173333333336,Fuc(a1-2)[Gal(a1-3)]Gal(b1-?)GlcNAc(b1-3)Gal(b1-4)GlcNAc(b1-3)Gal(b1-4)GlcNAc(b1-6)[Fuc(a1-2)[Gal(a1-3)]Gal(b1-?)GlcNAc(b1-3)Gal(b1-4)GlcNAc(b1-3)Gal(b1-4)GlcNAc(b1-3)]GalNAc,7.010410740804218e-08,1,-0.7069725666622162,H-,candycrunch
753.266845703125,-3,37.283970000000004,Fuc(a1-?)[Gal(b1-?)]GlcNAc(b1-3)Gal(b1-4)GlcNAc(b1-3)Gal(b1-4)GlcNAc(b1-6)[Fuc(a1-2)[Gal(a1-3)]Gal(b1-?)[Fuc(a1-?)]GlcNAc(b1-3)]GalNAc,1.0990775933805708e-07,1,1.0093299349073277,H-,candycrunch
753.2865600585938,-3,21.410320000000002,Fuc(a1-?)[Gal(b1-?)]GlcNAc(b1-3)Gal(b1-4)GlcNAc(b1-3)Gal(b1-4)GlcNAc(b1-6)[Fuc(a1-2)[Gal(a1-3)]Gal(b1-?)[Fuc(a1-?)]GlcNAc(b1-3)]GalNAc,1.1079525563673087e-07,2,0.9896155794385777,H-,candycrunch
755.4291381835938,-1,26.888434999999998,Fuc(a1-3)[GalNAc(b1-4)]GlcNAc(b1-3)GalNAc,2.4377754016313702e-05,1,0.8752618222453066,H-,candycrunch
758.2242431640625,-2,43.877606666666665,Neu5Ac(a2-3)Gal(b1-4)GlcNAc(b1-6)[Neu5Ac(a2-3)[GalNAc(b1-4)]Gal(b1-3)]GalNAc,0.011282039806246758,1,-0.4563958608534904,H-,candycrunch
763.636962890625,-2,46.984701666666666,Fuc(a1-?)[Gal(b1-?)]GlcNAc(b1-3)Gal(b1-3)[Neu5Ac(a2-3)Gal(b1-4)GlcNAc(b1-6)]GalNAc,0.0009090430685319006,1,2.638542279534022,H-,candycrunch
766.18212890625,-2,23.901631666666667,Fuc(a1-2)Gal(b1-3)[Fuc(a1-4)]GlcNAc(b1-3)[Neu5Gc(a2-3)Gal(b1-3)[GlcNAcOS(b1-4)]GlcNAc(b1-6)]GalNAc,0.05964580923318863,7,0.09337626265903509,H-,candycrunch
766.3461303710938,-2,25.805033333333334,Fuc(a1-2)Gal(b1-4)GlcNAc(b1-3)[Fuc(a1-2)]Gal(b1-3)[Fuc(a1-2)Gal(b1-4)GlcNAc(b1-6)]GalNAc,0.08190467953681946,2,0.4395753547653385,H-,candycrunch
766.843505859375,-2,20.63603833333333,Fuc(a1-2)Gal(b1-4)GlcNAc(b1-3)[Fuc(a1-2)]Gal(b1-4)GlcNAc(b1-6)[Fuc(a1-2)Gal(b1-3)]GalNAc,0.010659951716661453,15,-0.05780013351591151,H-,candycrunch
767.2068481445312,-2,22.913861666666666,Fuc(a1-2)Gal(b1-4)GlcNAc(b1-3)[Fuc(a1-2)]Gal(b1-4)GlcNAc(b1-6)[Fuc(a1-2)Gal(b1-3)]GalNAc,0.04545126110315323,1,-0.4211424186721615,H-,candycrunch
767.24658203125,-2,23.961325,Fuc(a1-2)Gal(b1-4)GlcNAc(b1-3)[Fuc(a1-2)]Gal(b1-4)GlcNAc(b1-6)[Fuc(a1-2)Gal(b1-3)]GalNAc,0.11468523740768433,7,-0.4608763053909115,H-,candycrunch
767.610595703125,-2,20.665641666666666,Gal(b1-?)GlcNAc(b1-3)[Fuc(a1-2)]Gal(b1-?)[Fuc(a1-?)]GlcNAc(b1-6)[Fuc(a1-2)Gal(b1-3)]GalNAc,0.003535935655236244,4,-0.8248899772659115,H-,candycrunch
768.3129272460938,-2,20.680625,Fuc(a1-2)[Gal(a1-3)]Gal(b1-?)[Fuc(a1-?)]GlcNAc(b1-6)[Fuc(a1-2)[GalNAc(a1-3)]Gal(b1-3)]GalNAc,0.00014892812760081142,4,-1.5272215202346615,H-,candycrunch
772.68701171875,-1,24.72567,GalOS(b1-4)GlcNAc(b1-3)Gal(b1-?)GlcNAc(b1-6)[GalOS(b1-3)]GalNAc,0.0993107482790947,1,-0.38769709041093847,H-,candycrunch
774.18701171875,-2,26.511115000000004,Neu5Gc(a2-3)[GalNAc(b1-4)]Gal(b1-?)GlcNAc(b1-6)[Fuc(a1-2)[Gal(a1-3)]Gal(b1-3)]GalNAc,4.79447771795094e-05,1,0.08595076140909441,H-,candycrunch
778.4124755859375,-2,27.295581666666664,Neu5Ac(a2-3)HexNAc(?1-?)Gal(?1-3)[GlcNAc(b1-6)]GalNAc(a1-3)[Neu5Ac(a2-6)]GalNAc,7.971549348440021e-05,1,-0.13135373197849276,H-,candycrunch
784.6197509765625,-3,33.22681333333334,Neu5Ac(a2-?)HexNAc(?1-?)Gal(b1-?)[Fuc(a1-?)]GlcNAc(b1-6)[Neu5Ac(a2-?)HexNAc(?1-?)Gal(?1-3)]GalNAc(a1-3)[Neu5Ac(a2-6)]GalNAc,1.3811698806875938e-07,1,1.3270785305697927,H-,candycrunch
785.5390014648438,-3,33.30487166666667,Neu5Ac(a2-?)HexNAc(?1-?)Gal(b1-?)[Fuc(a1-?)]GlcNAc(b1-6)[Neu5Ac(a2-?)HexNAc(?1-?)Gal(?1-3)]GalNAc(a1-3)[Neu5Ac(a2-6)]GalNAc,7.854389423300745e-07,1,0.40782804228854275,H-,candycrunch
787.5528564453125,-2,22.013015,Fuc(a1-2)Gal(b1-4)GlcNAc(b1-3)[Fuc(a1-2)[GalNAc(a1-3)]Gal(b1-?)[Fuc(a1-?)]GlcNAc(b1-6)]GalNAc,0.000583444198127836,1,-0.2538761687034139,H-,candycrunch
787.6201171875,-2,49.3766,Fuc(a1-2)[GalNAc(a1-3)]Gal(b1-?)[Fuc(a1-?)]GlcNAc(b1-6)[Fuc(a1-2)[GalNAc(a1-3)]Gal(b1-3)]GalNAc,0.0016164904227480292,1,-0.3211369108909139,H-,candycrunch
788.5620727539062,-3,44.738751666666666,HexNAc(?1-?)HexA(?1-?)Hex(?1-?)HexNAc(?1-?)HexA(?1-?)Hex(?1-?)HexNAc(?1-?)HexA(?1-?)Hex(?1-?)HexNAc(?1-?)HexA(?1-?)Gal(b1-3)GalNAc,1.3739238511334406e-06,1,0.3480368912927361,H-,candycrunch
788.5927124023438,-3,49.27140166666667,HexNAc(?1-?)HexA(?1-?)Hex(?1-?)HexNAc(?1-?)HexA(?1-?)Hex(?1-?)HexNAc(?1-?)HexA(?1-?)Hex(?1-?)HexNAc(?1-?)HexA(?1-?)Gal(b1-3)GalNAc,1.8583061773824738e-06,1,0.3173972428552361,H-,candycrunch
790.37060546875,-3,18.099311666666665,HexNAc(?1-?)HexA(?1-?)Hex(?1-?)HexNAc(?1-?)HexA(?1-?)Hex(?1-?)HexNAc(?1-?)HexA(?1-?)Hex(?1-?)HexNAc(?1-?)HexA(?1-?)Gal(b1-3)GalNAc,1.0020959706480426e-07,3,-1.460495823551014,H-,candycrunch
790.8552856445312,-3,48.06837,Fuc(a1-?)[Gal(b1-?)]GlcNAc(b1-3)Gal(b1-4)GlcNAc(b1-3)Gal(b1-4)GlcNAc(b1-3)[GlcNAc(a1-4)Gal(b1-?)GlcNAc(b1-3)Gal(b1-4)GlcNAc(b1-6)]GalNAc,9.858955429820071e-09,1,1.435199142834449,H-,candycrunch
791.4644165039062,-3,18.26137166666667,Fuc(a1-?)[Gal(b1-?)]GlcNAc(b1-3)Gal(b1-4)GlcNAc(b1-3)Gal(b1-4)GlcNAc(b1-3)[GlcNAc(a1-4)Gal(b1-?)GlcNAc(b1-3)Gal(b1-4)GlcNAc(b1-6)]GalNAc,8.618250113556769e-09,1,0.826068283459449,H-,candycrunch
791.7460327148438,-3,48.904145,Fuc(a1-?)[Gal(b1-?)]GlcNAc(b1-3)Gal(b1-4)GlcNAc(b1-3)Gal(b1-4)GlcNAc(b1-3)[GlcNAc(a1-4)Gal(b1-?)GlcNAc(b1-3)Gal(b1-4)GlcNAc(b1-6)]GalNAc,1.586312414758595e-09,1,0.544452072521949,H-,candycrunch
795.7141723632812,-2,49.333576666666666,Fuc(a1-?)[Gal(b1-?)]GlcNAc(b1-3)[Fuc(a1-?)[Gal(b1-?)]GlcNAc(b1-6)]Gal(b1-3)[GlcNAc(b1-6)]GalNAc,0.23780623078346252,1,-0.41773477542221826,H-,candycrunch
802.47998046875,-3,46.384035,Neu5Ac(a2-3)Gal(b1-?)GlcNAc(b1-3)Gal(b1-?)GlcNAc(b1-3)Gal(b1-3)[Neu5Ac(a2-3)Gal(b1-?)GlcNAc(b1-3)Gal(b1-?)GlcNAc(b1-6)]GalNAc,0.000810697500128299,1,-0.19810263531769579,H-,candycrunch
804.7797241210938,-2,24.88893,HexNAcOS(?1-?)HexA(?1-?)Hex(?1-?)HexNAc(?1-?)HexA(?1-?)Hex(?1-?)HexNAc(?1-?)HexA(?1-?)[Fuc(a1-?)]GalNAc,9.813967949412472e-08,1,-1.0302069649846999,H-,candycrunch
806.1378173828125,-2,24.34385,HexNAcOS(?1-?)HexA(?1-?)Hex(?1-?)HexNAc(?1-?)HexA(?1-?)Hex(?1-?)HexNAc(?1-?)HexA(?1-?)[Fuc(a1-?)]GalNAc,1.1911818376120209e-07,1,-2.38830022670345,H-,candycrunch
813.3619384765625,-1,28.342368333333336,GalNAc(b1-4)GlcNAc(b1-6)[GlcNAc(b1-3)]GalNAc,3.1132713047554716e-06,12,-0.03607474672344324,H-,candycrunch
813.4943237304688,-1,29.479051666666667,GalNAc(b1-4)GlcNAc(b1-6)[GlcNAc(b1-3)]GalNAc,1.24269809020916e-05,4,-0.16846000062969324,H-,candycrunch
813.5529174804688,-1,30.69162,GalNAc(b1-4)GlcNAc(b1-6)[GlcNAc(b1-3)]GalNAc,3.209968417650089e-05,2,-0.22705375062969324,H-,candycrunch
814.4434814453125,-1,28.417551666666665,GalNAc(b1-4)GlcNAc(b1-6)[GlcNAc(b1-3)]GalNAc,1.539292043162277e-06,2,-1.1176177154734432,H-,candycrunch
815.6599731445312,-2,47.85008333333333,Fuc(a1-2)[GalNAc(a1-3)]Gal(b1-4)GlcNAc(b1-3)[Fuc(a1-2)[GalNAc(a1-3)]Gal(b1-?)GlcNAc(b1-6)]GalNAc,0.004140635021030903,1,0.14973899407777935,H-,candycrunch
819.2811889648438,-1,48.68051666666667,Neu5Ac(a2-6)Gal(b1-4)GlcNAc(b1-3)Gal,7.772676326567307e-05,1,0.00762053559526521,H-,candycrunch
819.4788208007812,-1,25.95125,Neu5Ac(a2-6)Gal(b1-4)GlcNAc(b1-3)Gal,0.020298171788454056,2,-0.1900113003422348,H-,candycrunch
821.8948364257812,-2,48.150326666666665,Neu5Ac(a2-?)GlcNAc(?1-?)[Gal(b1-?)]GlcNAc(b1-3)[Neu5Ac(a2-8)Neu5Ac(a2-6)]GalNAc,4.2002066038548946e-05,1,0.39430741497778854,H-,candycrunch
824.4884033203125,-2,48.220288333333336,GalNAc(b1-4)GlcNAc(b1-3)[Gal(b1-4)GlcNAc(b1-6)]Gal(b1-3)[Fuc(a1-2)Gal(b1-4)GlcNAc(b1-6)]GalNAc,0.2700989842414856,1,-0.6812338704534113,H-,candycrunch
827.4392700195312,-3,36.934081666666664,Fuc(a1-?)[Gal(b1-?)]GlcNAc(b1-3)Gal(b1-4)GlcNAc(b1-3)Gal(b1-4)GlcNAc(b1-6)[Fuc(a1-2)[Gal(a1-3)]Gal(b1-?)GlcNAc(b1-3)Gal(b1-4)GlcNAc(b1-3)]GalNAc,4.46641168494466e-10,2,-0.1383319963321128,H-,candycrunch
827.5278930664062,-3,48.86025166666666,Fuc(a1-?)[Gal(b1-?)]GlcNAc(b1-3)Gal(b1-4)GlcNAc(b1-3)Gal(b1-4)GlcNAc(b1-6)[Fuc(a1-2)[Gal(a1-3)]Gal(b1-?)GlcNAc(b1-3)Gal(b1-4)GlcNAc(b1-3)]GalNAc,3.4622075872903224e-07,1,-0.2269550432071128,H-,candycrunch
829.3218383789062,-2,34.223281666666665,Neu5Ac(a2-?)GlcNAc(?1-?)[Gal(b1-?)]GlcNAc(b1-3)[Neu5Gc(a2-8)Neu5Ac(a2-6)]GalNAc,4.9073685659095645e-05,1,0.9647627718527474,H-,candycrunch
829.406005859375,-2,19.245183333333333,Neu5Ac(a2-?)GlcNAc(?1-?)[Gal(b1-?)]GlcNAc(b1-3)[Neu5Gc(a2-8)Neu5Ac(a2-6)]GalNAc,9.458257466121722e-08,3,0.8805952913839974,H-,candycrunch
829.5001220703125,-2,21.110670000000002,Neu5Ac(a2-?)GlcNAc(?1-?)[Gal(b1-?)]GlcNAc(b1-3)[Neu5Gc(a2-8)Neu5Ac(a2-6)]GalNAc,3.9787533751223236e-05,4,0.7864790804464974,H-,candycrunch
830.462158203125,-2,21.141083333333334,Neu5Ac(a2-?)GlcNAc(?1-?)[Gal(b1-?)]GlcNAc(b1-3)[Neu5Gc(a2-8)Neu5Ac(a2-6)]GalNAc,3.7393310776678845e-05,3,-0.1755570523660026,H-,candycrunch
830.6485595703125,-2,34.19473333333333,Neu5Ac(a2-3)Gal(b1-?)[Fuc(a1-?)]GlcNAc(b1-3)[Neu5Ac(a2-3)Gal(b1-?)GlcNAc(b1-6)]GalNAc,3.5182488318241667e-06,1,0.1482421373965508,H-,candycrunch
831.67138671875,-2,34.310763333333334,HexNAc(?1-?)Gal(b1-4)GlcNAc(b1-?)[Gal(b1-4)GlcNAc(b1-?)]Gal(b1-3)[Gal(b1-4)GlcNAc(b1-6)]GalNAc,0.031527552753686905,1,0.1332400423590343,H-,candycrunch
831.7742919921875,-2,44.81387333333333,HexNAc(?1-?)Gal(b1-4)GlcNAc(b1-?)[Gal(b1-4)GlcNAc(b1-?)]Gal(b1-3)[Gal(b1-4)GlcNAc(b1-6)]GalNAc,0.0015058936551213264,1,0.030334768921534305,H-,candycrunch
832.85693359375,-2,42.824020000000004,HexNAc(?1-?)GlcA(b1-?)Gal(?1-?)HexNAc(?1-?)GlcA(b1-?)Gal(?1-?)HexNAc(?1-?)GlcA(b1-?)GalNAc,0.00017659175500739366,1,-0.5966845756410066,H-,candycrunch
835.5099487304688,-1,20.87197,Neu5Gc(a2-6)Gal(b1-4)GlcNAc(b1-3)Gal,2.9557961624959717e-06,1,-0.2262246100297034,H-,candycrunch
837.8909301757812,-2,44.18654,Neu5Ac(a2-?)Gal(b1-?)GlcNAc(b1-3)Gal(b1-4)GlcNAc(b1-6)[Neu5Ac(a2-3)Gal(b1-3)]GalNAc,0.008195176720619202,1,0.9033288431778601,H-,candycrunch
839.1802978515625,-2,29.940693333333336,Fuc(a1-?)HexNAc(?1-?)Gal(?1-3)[Fuc(a1-?)[Gal(b1-?)]GlcNAc(b1-6)]Gal(b1-3)[Neu5Ac(a2-6)]GalNAc,3.210215800208971e-05,2,0.12416172309656304,H-,candycrunch
840.232421875,-2,30.935043333333336,Fuc(a1-?)[Gal(b1-?)]GlcNAc(b1-3)[Fuc(a1-2)]Gal(b1-3)[Fuc(a1-2)Gal(b1-?)[Fuc(a1-?)]GlcNAc(b1-6)]GalNAc,0.0015757089713588357,5,-0.41776174464098403,H-,candycrunch
840.26123046875,-2,24.613598333333332,Fuc(a1-?)[Gal(b1-?)]GlcNAc(b1-3)[Fuc(a1-2)]Gal(b1-3)[Fuc(a1-2)Gal(b1-?)[Fuc(a1-?)]GlcNAc(b1-6)]GalNAc,0.020028771832585335,4,-0.44657033839098403,H-,candycrunch
840.2684326171875,-2,29.881306666666664,Fuc(a1-?)[Gal(b1-?)]GlcNAc(b1-3)[Fuc(a1-2)]Gal(b1-3)[Fuc(a1-2)Gal(b1-?)[Fuc(a1-?)]GlcNAc(b1-6)]GalNAc,0.010467278771102428,10,-0.45377248682848403,H-,candycrunch
840.6253662109375,-2,32.21178166666667,Fuc(a1-?)[Gal(b1-?)]GlcNAc(b1-3)[Fuc(a1-2)]Gal(b1-3)[Fuc(a1-2)Gal(b1-?)[Fuc(a1-?)]GlcNAc(b1-6)]GalNAc,0.003995456732809544,1,-0.810706080578484,H-,candycrunch
840.6859741210938,-2,29.801346666666667,Fuc(a1-?)[Gal(b1-?)]GlcNAc(b1-3)[Fuc(a1-2)]Gal(b1-3)[Fuc(a1-2)Gal(b1-?)[Fuc(a1-?)]GlcNAc(b1-6)]GalNAc,0.004118278622627258,14,-0.871313990734734,H-,candycrunch
841.190673828125,-2,33.02690333333333,Fuc(a1-?)[Gal(b1-?)]GlcNAc(b1-3)[Fuc(a1-2)]Gal(b1-3)[Fuc(a1-2)Gal(b1-?)[Fuc(a1-?)]GlcNAc(b1-6)]GalNAc,0.25520074367523193,1,-1.376013697765984,H-,candycrunch
841.2542724609375,-2,29.896040000000003,Fuc(a1-?)[Gal(b1-?)]GlcNAc(b1-3)[Fuc(a1-2)]Gal(b1-3)[Fuc(a1-2)Gal(b1-?)[Fuc(a1-?)]GlcNAc(b1-6)]GalNAc,0.005614175461232662,2,-1.439612330578484,H-,candycrunch
841.3368530273438,-2,30.99553333333333,Fuc(a1-?)[Gal(b1-?)]GlcNAc(b1-3)[Fuc(a1-2)]Gal(b1-3)[Fuc(a1-2)Gal(b1-?)[Fuc(a1-?)]GlcNAc(b1-6)]GalNAc,0.03261019289493561,1,-1.522192896984734,H-,candycrunch
841.3403930664062,-2,47.19892166666667,Fuc(a1-?)[Gal(b1-?)]GlcNAc(b1-3)[Fuc(a1-2)]Gal(b1-3)[Fuc(a1-2)Gal(b1-?)[Fuc(a1-?)]GlcNAc(b1-6)]GalNAc,0.00031487722299061716,1,-1.525732936047234,H-,candycrunch
843.5133056640625,-1,33.717128333333335,Fuc(a1-?)GalNAc(a1-3)[Neu5Ac(a2-6)]GalNAc,0.295289546251297,2,0.8071383153765055,H-,candycrunch
843.9636840820312,-1,46.56435,Fuc(a1-?)GalNAc(a1-3)[Neu5Ac(a2-6)]GalNAc,0.09127364307641983,1,0.3567598974077555,H-,candycrunch
844.0038452148438,-1,42.03787166666667,Fuc(a1-?)GalNAc(a1-3)[Neu5Ac(a2-6)]GalNAc,0.029947323724627495,1,0.3165987645952555,H-,candycrunch
844.5523681640625,-1,33.79124,Fuc(a1-?)GalNAc(a1-3)[Neu5Ac(a2-6)]GalNAc,0.09860283881425858,1,-0.2319241846234945,H-,candycrunch
848.255126953125,-2,26.112953333333333,Fuc(a1-2)[Gal(a1-3)]Gal(b1-?)[Fuc(a1-?)]GlcNAc(b1-3)[Fuc(a1-2)[Gal(a1-3)]Gal(b1-4)GlcNAc(b1-6)]GalNAc,6.189161894099016e-08,3,-0.4430095115159247,H-,candycrunch
848.789306640625,-2,44.365185,Neu5Gc(a2-3)Gal(b1-4)GlcNAc(b1-3)Gal(b1-3)[Neu5Ac(a2-3)Gal(b1-4)GlcNAc(b1-6)]GalNAc,0.024502215906977654,1,-1.997590311665931,H-,candycrunch
851.1732177734375,-2,46.22288833333334,Fuc(a1-?)HexNAc(?1-?)HexNAc(?1-?)Gal(b1-?)GlcNAc(b1-3)[Neu5Ac(a2-8)Neu5Ac(a2-6)]GalNAc,0.0008554119267500937,1,0.1368584850215484,H-,candycrunch
854.38818359375,-2,26.540225,Neu5Gc(a2-3)Gal(b1-4)GlcNAc(b1-3)Gal(b1-3)[Neu5Gc(a2-3)Gal(b1-4)GlcNAc(b1-6)]GalNAc,0.00046837341506034136,4,0.4009900452090278,H-,candycrunch
855.1422729492188,-2,33.88056666666667,Neu5Gc(a2-3)Gal(b1-4)GlcNAc(b1-3)Gal(b1-3)[Neu5Gc(a2-3)Gal(b1-4)GlcNAc(b1-6)]GalNAc,0.0008267179946415126,2,-0.3530993102597222,H-,candycrunch
855.2943115234375,-2,36.146213333333336,Neu5Gc(a2-3)Gal(b1-4)GlcNAc(b1-3)Gal(b1-3)[Neu5Gc(a2-3)Gal(b1-4)GlcNAc(b1-6)]GalNAc,0.0001094608087441884,1,-0.5051378844784722,H-,candycrunch
855.53369140625,-2,32.24758333333333,Neu5Gc(a2-3)Gal(b1-4)GlcNAc(b1-3)Gal(b1-3)[Neu5Gc(a2-3)Gal(b1-4)GlcNAc(b1-6)]GalNAc,0.0002661244652699679,3,-0.7445177672909722,H-,candycrunch
858.4405517578125,-3,19.068926666666666,Neu5Ac(a2-8)Neu5Ac(a2-3)[GalNAc(b1-4)]Gal(b1-?)GlcNAc(b1-?)[Neu5Ac(a2-3)[GalNAc(b1-4)]Gal(b1-?)GlcNAc(b1-?)]Gal(b1-3)[GlcNAc(b1-6)]GalNAc,1.5766386241011787e-06,2,0.5310401344864886,H-,candycrunch
861.0535278320312,-1,33.97053833333334,Fuc(a1-2)Gal(b1-?)[Fuc(a1-?)]GlcNAc(b1-3)GalNAc,0.017044279724359512,1,0.28223188130778,H-,candycrunch
868.3883666992188,-2,21.221406666666667,Fuc(a1-2)Gal(b1-4)GlcNAc(b1-3)[Fuc(a1-2)]Gal(b1-4)GlcNAc(b1-6)[Fuc(a1-2)[GalNAc(a1-3)]Gal(b1-3)]GalNAc,0.0014732080744579434,2,-0.0629747068596771,H-,candycrunch
868.6517944335938,-2,23.851035,Fuc(a1-2)Gal(b1-4)GlcNAc(b1-3)[Fuc(a1-2)]Gal(b1-4)GlcNAc(b1-6)[Fuc(a1-2)[GalNAc(a1-3)]Gal(b1-3)]GalNAc,5.832023452967405e-05,2,-0.3264024412346771,H-,candycrunch
869.4103393554688,-2,21.251975,Fuc(a1-2)Gal(b1-4)GlcNAc(b1-3)[Fuc(a1-2)]Gal(b1-4)GlcNAc(b1-6)[Fuc(a1-2)[GalNAc(a1-3)]Gal(b1-3)]GalNAc,0.0036807390861213207,2,-1.084947363109677,H-,candycrunch
872.8363037109375,-3,38.11768,Neu5Ac(a2-3)Gal(b1-4)[Fuc(a1-3)]GlcNAc(b1-3)[Neu5Ac(a2-3)Gal(b1-4)[Fuc(a1-3)]GlcNAc(b1-6)]Gal(b1-3)[Neu5Ac(a2-3)Gal(b1-4)GlcNAc(b1-6)]GalNAc,3.5313934176883777e-07,1,2.138586842528184,H-,candycrunch
876.1668090820312,-1,48.432811666666666,Neu5Gc(a2-3)[GalNAc(b1-4)]Gal(b1-3)GalNAc,0.09594950824975967,1,0.14346413990779183,H-,candycrunch
876.4412231445312,-1,17.477678333333333,Neu5Gc(a2-3)Gal(b1-3)[GlcNAc(b1-6)]GalNAc,0.032718487083911896,3,-0.13094992259220817,H-,candycrunch
876.4554443359375,-1,20.061801666666668,Neu5Gc(a2-3)[GalNAc(b1-4)]Gal(b1-3)GalNAc,0.020547810941934586,8,-0.14517111399845817,H-,candycrunch
876.47998046875,-1,18.929818333333333,Neu5Gc(a2-3)[GalNAc(b1-4)]Gal(b1-3)GalNAc,0.014204525388777256,7,-0.16970724681095817,H-,candycrunch
876.560302734375,-1,21.170948333333335,Neu5Gc(a2-3)[GalNAc(b1-4)]Gal(b1-3)GalNAc,0.016727453097701073,3,-0.25002951243595817,H-,candycrunch
877.4454956054688,-1,17.428426666666667,Fuc(a1-2)Gal(b1-3)[Gal(b1-4)GlcNAc(b1-6)]GalNAc,0.06604143232107162,1,-0.11482126962971506,H-,candycrunch
877.4710693359375,-1,20.091723333333334,Gal(b1-4)GlcNAc(b1-3)[Fuc(a1-2)]Gal(b1-3)GalNAc,0.19370140135288239,2,-0.14039500009846506,H-,candycrunch
877.4906005859375,-1,18.944821666666666,Fuc(a1-2)Gal(b1-3)[Gal(b1-4)GlcNAc(b1-6)]GalNAc,0.06371591240167618,4,-0.15992625009846506,H-,candycrunch
878.4445190429688,-1,22.719945000000003,Fuc(a1-2)Gal(b1-3)[Gal(b1-?)GlcNAc(b1-6)]GalNAc,0.00015312644245568663,1,-1.113844707129715,H-,candycrunch
878.4728393554688,-1,15.770271666666668,Fuc(a1-2)Gal(b1-4)GlcNAc(b1-3)Gal(b1-3)GalNAc,0.0001941537921084091,5,-1.142165019629715,H-,candycrunch
878.5429077148438,-1,19.003938333333334,Fuc(a1-2)Gal(b1-4)GlcNAc(b1-3)Gal(b1-3)GalNAc,0.00011848560097860172,1,-1.212233379004715,H-,candycrunch
879.443603515625,-3,15.840211666666667,Fuc(a1-2)[Gal(a1-3)]Gal(b1-?)GlcNAc(b1-3)Gal(b1-4)GlcNAc(b1-3)Gal(b1-4)GlcNAc(b1-3)[Fuc(a1-2)[Gal(a1-3)]Gal(b1-?)GlcNAc(b1-3)Gal(b1-4)GlcNAc(b1-6)]GalNAc,3.658912728354835e-09,1,1.8749423180739768,H-,candycrunch
884.3460693359375,-2,25.09958,Neu5Gc(a2-3)[GalNAc(b1-4)]Gal(b1-4)GlcNAc(b1-3)Gal(b1-3)[Gal(a1-3)Gal(b1-4)GlcNAc(b1-6)]GalNAc,0.5929068326950073,1,-0.5359632780284755,H-,candycrunch
887.1273193359375,-2,26.187235,Fuc(a1-?)[HexNAc(?1-?)]HexNAc(?1-?)Gal(?1-3)[Gal(b1-?)GlcNAc(b1-6)]GalNAc(a1-3)[Neu5Ac(a2-6)]GalNAc,0.00024363539705518633,1,1.201146651471504,H-,candycrunch
889.562255859375,-2,49.802998333333335,Fuc(a1-?)[HexNAc(?1-?)]HexNAc(?1-?)Gal(?1-3)[Gal(b1-?)GlcNAc(b1-6)]GalNAc(a1-3)[Neu5Ac(a2-6)]GalNAc,0.00013791331730317324,1,-1.233789871965996,H-,candycrunch
890.440673828125,-2,18.47787166666667,Fuc(a1-?)[HexNAc(?1-?)]HexNAc(?1-?)Gal(?1-3)[Gal(b1-?)GlcNAc(b1-6)]GalNAc(a1-3)[Neu5Ac(a2-6)]GalNAc,2.4974915504571982e-05,4,-2.112207840715996,H-,candycrunch
891.48974609375,-1,18.58566,Gal(b1-?)Gal(b1-?)GlcNAc(b1-6)[Gal(b1-3)]GalNAc,0.002212046179920435,1,1.8358428645891536,H-,candycrunch
893.382080078125,-1,19.94503166666667,Gal(a1-3)Gal(b1-4)GlcNAc(b1-6)[Gal(b1-3)]GalNAc,0.0019679954275488853,1,-0.05649111978584642,H-,candycrunch
895.4808349609375,-2,22.354813333333333,Neu5Ac(a2-3)[GalNAc(b1-4)]Gal(b1-?)GlcNAc(b1-3)Gal(b1-4)GlcNAc(b1-3)Gal(b1-4)GlcNAc(b1-3)GalNAc,8.661183770186653e-09,10,0.8450883377215632,H-,candycrunch
895.494140625,-2,27.060175,Neu5Ac(a2-3)[GalNAc(b1-4)]Gal(b1-?)GlcNAc(b1-3)Gal(b1-4)GlcNAc(b1-3)Gal(b1-4)GlcNAc(b1-3)GalNAc,1.246116454467483e-08,10,0.8317826736590632,H-,candycrunch
895.541015625,-2,19.775458333333333,Neu5Ac(a2-3)[GalNAc(b1-4)]Gal(b1-?)GlcNAc(b1-3)Gal(b1-4)GlcNAc(b1-3)Gal(b1-4)GlcNAc(b1-3)GalNAc,1.2189465437018043e-08,5,0.7849076736590632,H-,candycrunch
895.551025390625,-2,23.396161666666668,Neu5Ac(a2-3)[GalNAc(b1-4)]Gal(b1-?)GlcNAc(b1-3)Gal(b1-4)GlcNAc(b1-3)Gal(b1-4)GlcNAc(b1-3)GalNAc,2.1767272428974138e-08,1,0.7748979080340632,H-,candycrunch
895.5692138671875,-2,45.92803833333333,Fuc(a1-2)[GalNAc(a1-3)]Gal(b1-4)GlcNAc(b1-3)Gal(b1-3)[Fuc(a1-2)[GalNAc(a1-3)]Gal(b1-4)GlcNAc(b1-6)]GalNAc,0.04308008402585983,1,1.2669099871715161,H-,candycrunch
895.6065673828125,-2,33.59164166666667,Neu5Ac(a2-3)[GalNAc(b1-4)]Gal(b1-?)GlcNAc(b1-3)Gal(b1-4)GlcNAc(b1-3)Gal(b1-4)GlcNAc(b1-3)GalNAc,1.2128743342998405e-08,1,0.7193559158465632,H-,candycrunch
896.5147705078125,-2,22.370133333333335,Neu5Ac(a2-3)[GalNAc(b1-4)]Gal(b1-?)GlcNAc(b1-3)Gal(b1-4)GlcNAc(b1-3)Gal(b1-4)GlcNAc(b1-3)GalNAc,1.9876744694613535e-09,4,-0.18884720915343678,H-,candycrunch
896.550537109375,-2,27.105363333333337,Neu5Ac(a2-3)[GalNAc(b1-4)]Gal(b1-?)GlcNAc(b1-3)Gal(b1-4)GlcNAc(b1-3)Gal(b1-4)GlcNAc(b1-3)GalNAc,6.659248708018595e-10,2,-0.22461381071593678,H-,candycrunch
896.5643310546875,-2,19.790545,Neu5Ac(a2-3)[GalNAc(b1-4)]Gal(b1-?)GlcNAc(b1-3)Gal(b1-4)GlcNAc(b1-3)Gal(b1-4)GlcNAc(b1-3)GalNAc,4.551762344817689e-08,3,-0.23840775602843678,H-,candycrunch
897.477294921875,-2,3.0340866666666666,Fuc(a1-2)[GalNAc(a1-3)]Gal(b1-4)GlcNAc(b1-3)Gal(b1-3)[Fuc(a1-2)[GalNAc(a1-3)]Gal(b1-4)GlcNAc(b1-6)]GalNAc,0.0007277862750925124,1,-0.6411710675159839,H-,candycrunch
897.48876953125,-2,19.92995,Fuc(a1-2)[GalNAc(a1-3)]Gal(b1-4)GlcNAc(b1-3)Gal(b1-3)[Fuc(a1-2)[GalNAc(a1-3)]Gal(b1-4)GlcNAc(b1-6)]GalNAc,0.0003606759710237384,1,-0.6526456768909839,H-,candycrunch
897.4971923828125,-2,22.385251666666665,Fuc(a1-2)[GalNAc(a1-3)]Gal(b1-4)GlcNAc(b1-3)Gal(b1-3)[Fuc(a1-2)[GalNAc(a1-3)]Gal(b1-4)GlcNAc(b1-6)]GalNAc,7.225278750411235e-06,3,-0.6610685284534839,H-,candycrunch
911.72314453125,-2,24.186951666666666,Neu5Ac(a2-3)Gal(b1-?)GlcNAc(b1-3)Gal(b1-?)[Fuc(a1-?)]GlcNAc(b1-6)[Neu5Ac(a2-3)Gal(b1-3)]GalNAc,0.0007194311474449933,3,0.10006889220903759,H-,candycrunch
912.4478759765625,-2,25.774214999999998,Neu5Ac(a2-3)Gal(b1-?)[Fuc(a1-?)]GlcNAc(b1-3)Gal(b1-?)[Fuc(a1-?)]GlcNAc(b1-6)[Fuc(a1-2)Gal(b1-3)]GalNAc,0.0023564305156469345,3,-0.1144619974033958,H-,candycrunch
917.388916015625,-2,49.61038666666666,Fuc(a1-?)[HexNAc(?1-?)]HexNAc(?1-?)Gal(b1-?)GlcNAc(b1-6)[Fuc(a1-?)[HexNAc(?1-?)]HexNAc(?1-?)Gal(b1-3)]GalNAc,0.000616222620010376,1,-0.039517610515986235,H-,candycrunch
918.4371337890625,-1,22.852738333333335,Fuc(a1-2)Gal(b1-4)GlcNAc(b1-6)[GlcNAc(b1-3)]GalNAc,0.11667309701442719,5,-0.07991035172346983,H-,candycrunch
918.61669921875,-1,25.227945000000002,Fuc(a1-2)Gal(b1-4)GlcNAc(b1-6)[GlcNAc(b1-3)]GalNAc,0.431052565574646,2,-0.25947578141096983,H-,candycrunch
918.6708984375,-1,24.024983333333335,Fuc(a1-2)Gal(b1-4)GlcNAc(b1-6)[GlcNAc(b1-3)]GalNAc,0.022019943222403526,1,-0.31367500016096983,H-,candycrunch
920.847412109375,-1,25.729433333333333,HexNAcOS(?1-?)HexA(?1-?)Hex(?1-?)HexNAc(?1-?)HexA(?1-?)GalNAc,1.794763988982595e-06,3,0.43670592596402,H-,candycrunch
920.96533203125,-1,23.478051666666666,HexNAcOS(?1-?)HexA(?1-?)Hex(?1-?)HexNAc(?1-?)HexA(?1-?)GalNAc,6.613711889258411e-07,4,0.31878600408902,H-,candycrunch
922.0909423828125,-1,25.11465666666667,HexNAcOS(?1-?)HexA(?1-?)Hex(?1-?)HexNAc(?1-?)HexA(?1-?)GalNAc,1.6055731975939125e-05,1,-0.80682434747348,H-,candycrunch
924.706787109375,-2,47.95218166666667,GlcNAc(a1-4)Gal(b1-?)GlcNAc(b1-3)Gal(b1-?)[Fuc(a1-?)]GlcNAc(b1-6)[GlcNAc(a1-4)Gal(b1-?)GlcNAc(b1-3)]GalNAc,1.1210029571273594e-09,1,0.6400686069840731,H-,candycrunch
925.893798828125,-2,48.417611666666666,GlcNAc(a1-4)Gal(b1-?)GlcNAc(b1-3)Gal(b1-?)[Fuc(a1-?)]GlcNAc(b1-6)[GlcNAc(a1-4)Gal(b1-?)GlcNAc(b1-3)]GalNAc,3.0897567171450646e-07,1,-0.5469431117659269,H-,candycrunch
936.47265625,-1,22.837511666666668,GlcNAc(a1-4)GalOS(b1-4)GlcNAc(b1-3)Gal(b1-4)GlcNAc6S(b1-6)[Gal(b1-3)]GalNAc,2.1793218820675975e-06,2,-2.120518190160851,H-,candycrunch
936.5050048828125,-1,20.458471666666668,GlcNAc(a1-4)GalOS(b1-4)GlcNAc(b1-3)Gal(b1-4)GlcNAc6S(b1-6)[Gal(b1-3)]GalNAc,4.474970793921784e-08,2,-2.152866822973351,H-,candycrunch
941.73828125,-2,23.12653,Fuc(a1-?)GlcNAc(b1-6)[Gal(?1-3)]Gal(b1-?)[Fuc(a1-?)]GlcNAc(b1-6)[Neu5Ac(a2-?)HexNAc(?1-?)Gal(b1-3)]GalNAc,1.410317145200679e-05,1,-0.8941354088409526,H-,candycrunch
941.76220703125,-2,20.76090333333333,Fuc(a1-?)GlcNAc(b1-6)[Gal(?1-3)]Gal(b1-?)[Fuc(a1-?)]GlcNAc(b1-6)[Neu5Ac(a2-?)HexNAc(?1-?)Gal(b1-3)]GalNAc,4.550406629277859e-06,1,-0.9180611900909526,H-,candycrunch
941.8603515625,-2,24.568445,Fuc(a1-?)GlcNAc(b1-6)[Gal(?1-3)]Gal(b1-?)[Fuc(a1-?)]GlcNAc(b1-6)[Neu5Ac(a2-?)HexNAc(?1-?)Gal(b1-3)]GalNAc,2.741964635788463e-05,5,-1.0162057213409526,H-,candycrunch
942.3465576171875,-2,23.075986666666665,Fuc(a1-?)GlcNAc(b1-6)[Gal(?1-3)]Gal(b1-?)[Fuc(a1-?)]GlcNAc(b1-6)[Neu5Ac(a2-?)HexNAc(?1-?)Gal(b1-3)]GalNAc,7.947021913423669e-06,1,-1.5024117760284526,H-,candycrunch
943.620849609375,-1,46.854820000000004,Neu5Ac(a2-3)Gal(b1-3)[Neu5Ac(a2-6)]GalNAc,0.9487524032592773,1,4.710552966164073,H-,candycrunch
946.396484375,-1,31.046478333333333,Neu5Ac(a2-3)Gal(b1-3)[Neu5Ac(a2-6)]GalNAc,0.8008192181587219,3,1.934918200539073,H-,candycrunch
946.4547119140625,-1,33.48726666666667,Neu5Ac(a2-3)Gal(b1-3)[Neu5Ac(a2-6)]GalNAc,0.7097506523132324,2,1.876690661476573,H-,candycrunch
948.0355224609375,-1,3.895248333333333,Neu5Ac(a2-3)Gal(b1-3)[Neu5Ac(a2-6)]GalNAc,0.9926193356513977,1,0.29588011460157304,H-,candycrunch
949.7987060546875,-2,23.416529999999998,Fuc(a1-2)Gal(b1-?)[Fuc(a1-?)]GlcNAc(b1-3)[Fuc(a1-2)Gal(b1-?)GlcNAc(b1-6)]Gal(b1-3)[Gal(b1-?)GlcNAc(b1-6)]GalNAc,0.0010952937882393599,6,-0.4469023465784403,H-,candycrunch
949.80517578125,-2,25.212416666666666,Fuc(a1-2)Gal(b1-4)GlcNAc(b1-3)[Fuc(a1-2)Gal(b1-4)GlcNAc(b1-6)]Gal(b1-3)[Fuc(a1-2)Gal(b1-4)GlcNAc(b1-6)]GalNAc,0.6051684021949768,1,-0.4533720731409403,H-,candycrunch
949.8189697265625,-2,22.140531666666668,Fuc(a1-2)Gal(b1-4)GlcNAc(b1-3)[Fuc(a1-2)Gal(b1-4)GlcNAc(b1-6)]Gal(b1-3)[Fuc(a1-2)Gal(b1-4)GlcNAc(b1-6)]GalNAc,0.0035456628538668156,1,-0.4671660184534403,H-,candycrunch
953.538818359375,-2,47.28882,Fuc(a1-?)[Gal(b1-?)]GlcNAc(b1-3)[Fuc(a1-?)[Gal(b1-?)]GlcNAc(b1-6)]Gal(b1-3)[Fuc(a1-?)[Gal(b1-?)]GlcNAc(b1-6)]GalNAc,0.020848063752055168,1,-4.18701465126594,H-,candycrunch
954.0518798828125,-2,49.58922666666667,Fuc(a1-2)Gal(b1-4)GlcNAc(b1-3)[Fuc(a1-2)Gal(b1-4)GlcNAc(b1-6)]Gal(b1-3)[Fuc(a1-2)Gal(b1-4)GlcNAc(b1-6)]GalNAc,0.3030565083026886,1,-4.70007617470344,H-,candycrunch
956.336181640625,-2,21.125518333333332,Neu5Gc(a2-3)[GalNAc(b1-4)]Gal(b1-4)GlcNAc(b1-3)Gal(b1-3)[Neu5Gc(a2-3)Gal(b1-4)GlcNAc(b1-6)]GalNAc,2.8824417313444428e-05,4,-0.007321735165987775,H-,candycrunch
957.632080078125,-2,32.305665000000005,Fuc(a1-2)[Gal(a1-3)]Gal(b1-?)GlcNAc(b1-3)Gal(b1-4)GlcNAc(b1-6)[Fuc(a1-2)[Gal(a1-3)]Gal(b1-?)GlcNAc(b1-3)]GalNAc,4.4637534557523395e-08,2,-0.28281905876599467,H-,candycrunch
958.88427734375,-2,26.157578333333333,Fuc(a1-2)[Gal(a1-3)]Gal(b1-?)GlcNAc(b1-3)Gal(b1-4)GlcNAc(b1-6)[Fuc(a1-2)[Gal(a1-3)]Gal(b1-?)GlcNAc(b1-3)]GalNAc,1.1230924634730854e-08,1,-1.5350163243909947,H-,candycrunch
959.81103515625,-2,46.69122,Neu5Ac(a2-3)[GalNAc(b1-4)]Gal(b1-4)GlcNAc(b1-3)Gal6S(b1-4)GlcNAc(b1-6)[Neu5Ac(a2-3)[GalNAc(b1-4)]Gal(b1-3)]GalNAc,0.0006682277889922261,1,1.0361846799589784,H-,candycrunch
960.4869384765625,-2,25.744605,Neu5Ac(a2-3)[GalNAc(b1-4)]Gal(b1-4)GlcNAc(b1-3)Gal6S(b1-4)GlcNAc(b1-6)[Neu5Ac(a2-3)[GalNAc(b1-4)]Gal(b1-3)]GalNAc,0.0001725659822113812,4,0.36028135964647845,H-,candycrunch
960.48779296875,-2,24.45305666666667,Neu5Ac(a2-3)[GalNAc(b1-4)]Gal(b1-4)GlcNAc(b1-3)Gal6S(b1-4)GlcNAc(b1-6)[Neu5Ac(a2-3)[GalNAc(b1-4)]Gal(b1-3)]GalNAc,0.000713767483830452,2,0.35942686745897845,H-,candycrunch
961.25341796875,-2,33.05527,Fuc(a1-?)HexNAc(?1-?)Gal(b1-?)GlcNAc(b1-6)[Fuc(a1-?)HexNAc(?1-?)Gal(?1-3)]GalNAc(a1-3)[Neu5Ac(a2-6)]GalNAc,0.004258376080542803,1,0.10400242315904507,H-,candycrunch
961.3218994140625,-2,32.059981666666665,Fuc(a1-?)HexNAc(?1-?)Gal(b1-?)GlcNAc(b1-6)[Fuc(a1-?)HexNAc(?1-?)Gal(?1-3)]GalNAc(a1-3)[Neu5Ac(a2-6)]GalNAc,0.0034670380409806967,2,0.035520977846545065,H-,candycrunch
961.867431640625,-2,32.19618833333334,Fuc(a1-?)GlcNAc(b1-6)[Gal(?1-3)]HexNAc(?1-?)Gal(?1-3)[Fuc(a1-?)GlcNAc(b1-6)]GalNAc(a1-3)[Neu5Ac(a2-6)]GalNAc,0.004182318225502968,1,-0.5100112487159549,H-,candycrunch
963.9716796875,-1,23.75382,Neu5Gc(a2-3)Gal(b1-3)[Neu5Ac(a2-6)]GalNAc,0.06349436938762665,1,0.35463750803899075,H-,candycrunch
964.5341796875,-1,23.610941666666665,Neu5Gc(a2-3)Gal(b1-3)[Neu5Ac(a2-6)]GalNAc,0.014463257044553757,3,-0.20786249196100925,H-,candycrunch
965.519287109375,-1,23.641946666666666,Neu5Ac(a2-3)Gal(b1-4)[Fuc(a1-3)]GlcNAc(b1-3)Gal,0.0047181653790175915,3,-0.17256879993590246,H-,candycrunch
966.3541259765625,-1,18.521281666666667,Fuc(a1-2)Gal(b1-4)[Fuc(a1-3)]GlcNAc6S(b1-6)[Fuc(a1-2)Gal(b1-3)]GalNAc,9.029784450831357e-06,2,0.012993444276617083,H-,candycrunch
970.0634765625,-2,48.87533833333334,Fuc(a1-2)[GalNAc(a1-3)]Gal(b1-?)GlcNAc(b1-3)[Fuc(a1-2)]Gal(b1-3)[Fuc(a1-2)[GalNAc(a1-3)]Gal(b1-?)GlcNAc(b1-6)]GalNAc,2.551253419369459e-05,1,-0.19839830364094269,H-,candycrunch
970.2730712890625,-2,21.454801666666665,Fuc(a1-2)[GalNAc(a1-3)]Gal(b1-?)GlcNAc(b1-3)[Fuc(a1-2)]Gal(b1-3)[Fuc(a1-2)[GalNAc(a1-3)]Gal(b1-?)GlcNAc(b1-6)]GalNAc,8.624824840808287e-05,3,-0.4079930302034427,H-,candycrunch
975.424560546875,-1,22.043323333333333,HexNAc(?1-?)Gal(b1-?)GlcNAc(b1-3)[GlcNAc(b1-6)]GalNAc,0.0012897041160613298,2,-0.045873385535969646,H-,candycrunch
975.52734375,-1,28.5139,HexNAc(?1-?)Gal(b1-?)GlcNAc(b1-3)[GlcNAc(b1-6)]GalNAc,0.00014309051039163023,1,-0.14865658866096965,H-,candycrunch
975.5286865234375,-1,19.11919333333333,HexNAc(?1-?)Gal(b1-?)GlcNAc(b1-3)[GlcNAc(b1-6)]GalNAc,2.1908836060902104e-05,3,-0.14999936209846965,H-,candycrunch
976.483642578125,-2,19.14975,Neu5Ac(a2-6)Gal(b1-4)GlcNAc(b1-3)Gal(b1-4)GlcNAc(b1-3)Gal(b1-4)GlcNAc(b1-3)Gal(b1-4)GlcNAc(b1-3)GalNAc,4.987148116697426e-08,2,0.86869243628405,H-,candycrunch
978.446533203125,-2,22.303455,Fuc(a1-?)[Gal(b1-?)]GlcNAc(b1-3)[Gal(b1-?)GlcNAc(b1-6)]Gal(b1-3)[Fuc(a1-2)[GalNAc(a1-3)]Gal(b1-?)GlcNAc(b1-6)]GalNAc,2.0654772015404887e-05,2,-0.583997633015997,H-,candycrunch
982.5821533203125,-1,49.25601666666667,Fuc(a1-2)[Gal(a1-3)]Gal(b1-4)GlcNAc6S(b1-6)[Fuc(a1-2)Gal(b1-3)]GalNAc,3.836573796434095e-07,1,-0.22011927697337796,H-,candycrunch
989.708984375,-1,23.769138333333334,Neu5Ac(a2-8)Neu5Ac(a2-6)[GalNAc(a1-3)]GalNAc,0.005800389219075441,2,-0.3510326979609317,H-,candycrunch
991.4859619140625,-2,22.063678333333332,Fuc(a1-?)[HexNAc(?1-?)]HexNAc(?1-?)Gal(b1-?)[Fuc(a1-?)]GlcNAc(b1-6)[Fuc(a1-?)[HexNAc(?1-?)]HexNAc(?1-?)Gal(b1-3)]GalNAc,2.7456208044895902e-05,3,-1.107609104453445,H-,candycrunch
992.4964599609375,-2,24.26365,Fuc(a1-?)[HexNAc(?1-?)]HexNAc(?1-?)Gal(b1-?)[Fuc(a1-?)]GlcNAc(b1-6)[Fuc(a1-?)[HexNAc(?1-?)]HexNAc(?1-?)Gal(b1-3)]GalNAc,3.434674727031961e-05,2,-2.118107151328445,H-,candycrunch
993.3941650390625,-2,24.248226666666667,Fuc(a1-?)[HexNAc(?1-?)]HexNAc(?1-?)Gal(b1-?)[Fuc(a1-?)]GlcNAc(b1-6)[Fuc(a1-?)[HexNAc(?1-?)]HexNAc(?1-?)Gal(b1-3)]GalNAc,0.00011675487621687353,1,-3.015812229453445,H-,candycrunch
993.5892333984375,-1,25.789611666666666,Neu5Ac(a2-8)Neu5Ac(a2-6)[GalNAc(a1-3)]GalNAc,0.011274447664618492,1,-4.231281721398432,H-,candycrunch
1002.491455078125,-2,27.951636666666666,Fuc(a1-2)[Gal(a1-3)]Gal(b1-?)[Fuc(a1-?)]GlcNAc(b1-3)Gal(b1-3)[Fuc(a1-2)[Gal(a1-3)]Gal(b1-?)[Fuc(a1-?)]GlcNAc(b1-6)]GalNAc,0.012060143053531647,2,-0.6239715162660104,H-,candycrunch
1022.486572265625,-1,29.529156666666665,Neu5Ac(a2-3)[GalNAc(b1-4)]Gal(b1-3)[Gal(b1-4)GlcNAc6S(b1-6)]GalNAc,0.000891905976459384,1,-0.11839023218601596,H-,candycrunch
1022.534912109375,-1,24.760506666666668,Neu5Ac(a2-3)[GalNAc(b1-4)]Gal(b1-3)[Gal(b1-4)GlcNAc6S(b1-6)]GalNAc,0.001962929265573621,4,-0.16673007593601596,H-,candycrunch
1023.4881591796875,-1,25.854198333333333,Fuc(a1-2)Gal(b1-4)GlcNAc(b1-6)[Fuc(a1-2)Gal(b1-3)]GalNAc,0.11198607087135315,1,-0.09957603484838273,H-,candycrunch
1023.7562255859375,-1,24.919095000000002,Fuc(a1-2)Gal(b1-4)GlcNAc(b1-6)[Fuc(a1-2)Gal(b1-3)]GalNAc,0.022519422695040703,4,-0.36764244109838273,H-,candycrunch
1032.4775390625,-2,20.025728333333333,Fuc(a1-2)[Gal(a1-3)]Gal(b1-?)[Fuc(a1-?)]GlcNAc(b1-3)Gal(b1-4)GlcNAc(b1-6)[Fuc(a1-2)[Gal(a1-3)]Gal(b1-?)GlcNAc(b1-3)]GalNAc,1.0975369946208957e-08,2,-2.099323638641181,H-,candycrunch
1038.68798828125,-1,25.053396666666668,Neu5Gc(a2-3)Gal(b1-4)GlcNAc(b1-6)[Gal(b1-3)]GalNAc,0.008858601562678814,5,-0.3248916278109846,H-,candycrunch
1040.5516357421875,-1,20.554736666666667,Gal(a1-3)Gal(b1-4)GlcNAc(b1-6)[Fuc(a1-2)Gal(b1-3)]GalNAc,0.007990799844264984,4,-1.1681379748486052,H-,candycrunch
1040.559814453125,-1,19.536446666666667,Gal(a1-3)Gal(b1-4)GlcNAc(b1-6)[Fuc(a1-2)Gal(b1-3)]GalNAc,0.0019670806359499693,1,-1.1763166857861052,H-,candycrunch
1040.5694580078125,-1,22.027943333333333,Gal(a1-3)Gal(b1-4)GlcNAc(b1-6)[Fuc(a1-2)Gal(b1-3)]GalNAc,0.02013951539993286,1,-1.1859602404736052,H-,candycrunch
1040.576416015625,-1,23.62656833333333,Gal(a1-3)Gal(b1-4)GlcNAc(b1-6)[Fuc(a1-2)Gal(b1-3)]GalNAc,0.0046643721871078014,5,-1.1929182482861052,H-,candycrunch
1041.5137939453125,-2,28.25098333333333,Neu5Ac(a2-3)[GalNAc(b1-4)]Gal(b1-4)GlcNAc(b1-3)Gal(b1-4)GlcNAc(b1-6)[Neu5Ac(a2-3)[GalNAc(b1-4)]Gal(b1-3)]GalNAc,0.000458165246527642,13,0.35983760664635156,H-,candycrunch
1041.5533447265625,-2,29.306935,Neu5Ac(a2-3)[GalNAc(b1-4)]Gal(b1-4)GlcNAc(b1-3)Gal(b1-4)GlcNAc(b1-6)[Neu5Ac(a2-3)[GalNAc(b1-4)]Gal(b1-3)]GalNAc,0.00032058634678833187,3,0.32028682539635156,H-,candycrunch
1041.568603515625,-2,27.044751666666667,Neu5Ac(a2-3)[GalNAc(b1-4)]Gal(b1-4)GlcNAc(b1-3)Gal(b1-4)GlcNAc(b1-6)[Neu5Ac(a2-3)[GalNAc(b1-4)]Gal(b1-3)]GalNAc,6.0510534240165725e-05,4,0.30502803633385156,H-,candycrunch
1041.5745849609375,-2,20.599838333333334,Neu5Ac(a2-3)[GalNAc(b1-4)]Gal(b1-4)GlcNAc(b1-3)Gal(b1-4)GlcNAc(b1-6)[Neu5Ac(a2-3)[GalNAc(b1-4)]Gal(b1-3)]GalNAc,0.0001498788478784263,1,0.29904659102135156,H-,candycrunch
1041.5885009765625,-2,23.672566666666665,Neu5Ac(a2-3)[GalNAc(b1-4)]Gal(b1-4)GlcNAc(b1-3)Gal(b1-4)GlcNAc(b1-6)[Neu5Ac(a2-3)[GalNAc(b1-4)]Gal(b1-3)]GalNAc,3.6499795896816067e-06,2,0.28513057539635156,H-,candycrunch
1041.6309814453125,-2,31.994740000000004,Neu5Ac(a2-3)[GalNAc(b1-4)]Gal(b1-4)GlcNAc(b1-3)Gal(b1-4)GlcNAc(b1-6)[Neu5Ac(a2-3)[GalNAc(b1-4)]Gal(b1-3)]GalNAc,0.0004328004433773458,5,0.24265010664635156,H-,candycrunch
1041.6424560546875,-2,30.005934999999997,Neu5Ac(a2-3)[GalNAc(b1-4)]Gal(b1-4)GlcNAc(b1-3)Gal(b1-4)GlcNAc(b1-6)[Neu5Ac(a2-3)[GalNAc(b1-4)]Gal(b1-3)]GalNAc,0.0006176942260935903,5,0.23117549727135156,H-,candycrunch
1041.67041015625,-2,28.159865000000003,Neu5Ac(a2-3)[GalNAc(b1-4)]Gal(b1-4)GlcNAc(b1-3)Gal(b1-4)GlcNAc(b1-6)[Neu5Ac(a2-3)[GalNAc(b1-4)]Gal(b1-3)]GalNAc,0.0002652198891155422,19,0.20322139570885156,H-,candycrunch
1041.684814453125,-2,31.55007,Neu5Ac(a2-3)[GalNAc(b1-4)]Gal(b1-4)GlcNAc(b1-3)Gal(b1-4)GlcNAc(b1-6)[Neu5Ac(a2-3)[GalNAc(b1-4)]Gal(b1-3)]GalNAc,0.00019908591639250517,6,0.18881709883385156,H-,candycrunch
1041.7425537109375,-2,33.19703166666667,Neu5Ac(a2-3)[GalNAc(b1-4)]Gal(b1-4)GlcNAc(b1-3)Gal(b1-4)GlcNAc(b1-6)[Neu5Ac(a2-3)[GalNAc(b1-4)]Gal(b1-3)]GalNAc,0.00558483274653554,1,0.13107784102135156,H-,candycrunch
1042.4534912109375,-2,31.010401666666667,Fuc(a1-2)[GalNAc(a1-3)]Gal(b1-?)[Fuc(a1-?)]GlcNAc(b1-3)Gal(b1-3)[Fuc(a1-2)[GalNAc(a1-3)]Gal(b1-?)[Fuc(a1-?)]GlcNAc(b1-6)]GalNAc,9.576317694381942e-08,3,0.4405414524212574,H-,candycrunch
1042.5330810546875,-2,28.262656666666665,Fuc(a1-2)[GalNAc(a1-3)]Gal(b1-?)[Fuc(a1-?)]GlcNAc(b1-3)Gal(b1-3)[Fuc(a1-2)[GalNAc(a1-3)]Gal(b1-?)[Fuc(a1-?)]GlcNAc(b1-6)]GalNAc,3.063907350053796e-09,12,0.3609516086712574,H-,candycrunch
1042.5506591796875,-2,27.075236666666665,Fuc(a1-2)[GalNAc(a1-3)]Gal(b1-?)[Fuc(a1-?)]GlcNAc(b1-3)Gal(b1-3)[Fuc(a1-2)[GalNAc(a1-3)]Gal(b1-?)[Fuc(a1-?)]GlcNAc(b1-6)]GalNAc,9.502242548364848e-09,4,0.3433734836712574,H-,candycrunch
1042.62353515625,-2,29.574945,Fuc(a1-2)[GalNAc(a1-3)]Gal(b1-?)[Fuc(a1-?)]GlcNAc(b1-3)Gal(b1-3)[Fuc(a1-2)[GalNAc(a1-3)]Gal(b1-?)[Fuc(a1-?)]GlcNAc(b1-6)]GalNAc,2.43041897718399e-09,4,0.2704975071087574,H-,candycrunch
1042.7724609375,-2,32.737675,Fuc(a1-2)[GalNAc(a1-3)]Gal(b1-?)[Fuc(a1-?)]GlcNAc(b1-3)Gal(b1-3)[Fuc(a1-2)[GalNAc(a1-3)]Gal(b1-?)[Fuc(a1-?)]GlcNAc(b1-6)]GalNAc,3.851803739962634e-06,2,0.12157172585875742,H-,candycrunch
1043.431640625,-2,25.42236,Fuc(a1-2)[GalNAc(a1-3)]Gal(b1-?)[Fuc(a1-?)]GlcNAc(b1-3)Gal(b1-3)[Fuc(a1-2)[GalNAc(a1-3)]Gal(b1-?)[Fuc(a1-?)]GlcNAc(b1-6)]GalNAc,2.744978019109112e-06,1,-0.5376079616412426,H-,candycrunch
1043.588134765625,-2,28.322236666666665,Fuc(a1-2)[GalNAc(a1-3)]Gal(b1-?)[Fuc(a1-?)]GlcNAc(b1-3)Gal(b1-3)[Fuc(a1-2)[GalNAc(a1-3)]Gal(b1-?)[Fuc(a1-?)]GlcNAc(b1-6)]GalNAc,1.1751315476260515e-09,3,-0.6941021022662426,H-,candycrunch
1044.6383056640625,-2,30.98012,Neu5Ac(a2-3)[GalNAc(b1-4)]Gal(b1-4)GlcNAc(b1-3)Gal(b1-4)GlcNAc(b1-6)[Neu5Ac(a2-3)[GalNAc(b1-4)]Gal(b1-3)]GalNAc,0.012333223596215248,3,-2.7646741121036484,H-,candycrunch
1051.076904296875,-2,48.52447166666667,Fuc(a1-2)Gal(b1-?)GlcNAc(b1-3)[Fuc(a1-2)Gal(b1-?)GlcNAc(b1-6)]Gal(b1-3)[Fuc(a1-2)[GalNAc(a1-3)]Gal(b1-?)GlcNAc(b1-6)]GalNAc,0.07415812462568283,1,-0.18541432226629695,H-,candycrunch
1051.3284912109375,-2,22.109753333333334,Fuc(a1-2)Gal(b1-?)GlcNAc(b1-3)[Fuc(a1-2)Gal(b1-?)GlcNAc(b1-6)]Gal(b1-3)[Fuc(a1-2)[GalNAc(a1-3)]Gal(b1-?)GlcNAc(b1-6)]GalNAc,4.552059908746742e-05,2,-0.43700123632879695,H-,candycrunch
1052.706298828125,-2,25.635295000000003,Fuc(a1-2)Gal(b1-?)GlcNAc(b1-3)[Fuc(a1-2)Gal(b1-?)GlcNAc(b1-6)]Gal(b1-3)[Fuc(a1-2)[GalNAc(a1-3)]Gal(b1-?)GlcNAc(b1-6)]GalNAc,0.045385364443063736,3,-1.814808853516297,H-,candycrunch
1053.70068359375,-1,25.709311666666668,Gal(b1-?)GlcNAc(b1-3)Gal(b1-?)GlcNAc6S(b1-3)Gal(b1-?)GlcNAc6S(b1-6)[Gal(b1-3)]GalNAc,5.015107035433175e-06,1,1.6777287960890135,H-,candycrunch
1057.8201904296875,-2,24.628466666666665,Neu5Ac(a2-3)Gal(b1-?)GlcNAc(b1-3)Gal(b1-?)GlcNAc(b1-3)Gal(b1-?)GlcNAc(b1-3)Gal(b1-?)GlcNAc(b1-6)[Gal(b1-3)]GalNAc,0.00011943664867430925,1,0.5585563004713094,H-,candycrunch
1058.6021728515625,-2,24.821663333333333,Neu5Ac(a2-3)Gal(b1-?)GlcNAc(b1-3)Gal(b1-?)GlcNAc(b1-3)Gal(b1-?)GlcNAc(b1-3)Gal(b1-?)GlcNAc(b1-6)[Gal(b1-3)]GalNAc,5.371667066356167e-05,1,-0.22342612140369056,H-,candycrunch
1061.4432373046875,-1,22.816735,Gal(b1-3)[GlcNAc(b1-6)]GalNAc(a1-3)[Neu5Ac(a2-6)]GalNAc,0.0002204479678766802,1,1.9514938302513656,H-,candycrunch
1062.7044677734375,-1,33.40918166666666,Neu5Ac(a2-3)Gal(b1-?)GlcNAc(b1-3)[GlcNAc(b1-6)]GalNAc,0.0004201641713734716,3,0.6902633615013656,H-,candycrunch
1063.4945068359375,-1,32.67424333333334,Gal(?1-?)[GlcNAc(?1-?)]GalNAc(a1-3)[Neu5Ac(a2-6)]GalNAc,0.0016251924680545926,1,-0.09977570099863442,H-,candycrunch
1063.698974609375,-1,31.656063333333336,Gal(?1-3)[GlcNAc(b1-6)]GalNAc(a1-3)[Neu5Ac(a2-6)]GalNAc,0.0013784965267404914,18,-0.3042434744361344,H-,candycrunch
1070.597412109375,-2,49.75492,Fuc(a1-?)HexNAc(?1-?)Gal(b1-?)GlcNAc(b1-6)[Fuc(a1-?)HexNAc(?1-?)Gal(b1-3)]GlcNAc(b1-6)[Fuc(a1-?)HexNAc(?1-?)Gal(b1-3)]GalNAc,1.564347439853009e-05,1,0.8073524159838144,H-,candycrunch
1081.531005859375,-1,20.900286666666666,Fuc(a1-?)[Gal(b1-?)]GlcNAc(b1-3)Gal(b1-3)[GlcNAc(b1-6)]GalNAc,5.3821753681404516e-05,1,-1.12095899053611,H-,candycrunch
1083.3026123046875,-1,34.841543333333334,HexNAcOS(?1-?)HexA(?1-?)Hex(?1-?)HexNAc(?1-?)HexA(?1-4)Gal(b1-3)GalNAc,8.267864359368104e-06,1,0.03432916215137993,H-,candycrunch
1083.60009765625,-1,32.997945,HexNAcOS(?1-?)HexA(?1-?)Hex(?1-?)HexNAc(?1-?)HexA(?1-4)Gal(b1-3)GalNAc,2.6793188112606003e-07,4,-0.26315618941112007,H-,candycrunch
1086.468994140625,-2,32.93595833333333,Neu5Ac(a2-3)Gal(b1-?)[Fuc(a1-?)]GlcNAc(b1-3)Gal(b1-?)[Fuc(a1-?)]GlcNAc(b1-6)[Neu5Ac(a2-3)Gal(b1-3)GlcNAc(b1-3)]GalNAc,6.9131697273405734e-06,2,-0.0771400461662779,H-,candycrunch
1095.1885986328125,-2,24.040175,Gal(b1-4)GlcNAc(b1-3)Gal(b1-4)GlcNAc(b1-3)Gal(b1-4)GlcNAc(b1-3)Gal(b1-4)GlcNAc(b1-3)Gal(b1-4)GlcNAc(b1-3)Gal(b1-3)GalNAc,3.5154180295648985e-06,1,0.20853782629637863,H-,candycrunch
1095.3365478515625,-2,25.391541666666665,Gal(b1-4)GlcNAc(b1-3)Gal(b1-4)GlcNAc(b1-3)Gal(b1-4)GlcNAc(b1-3)Gal(b1-4)GlcNAc(b1-3)Gal(b1-4)GlcNAc(b1-3)Gal(b1-3)GalNAc,1.8606316416480695e-06,1,0.060588607546378626,H-,candycrunch
1095.39794921875,-2,26.811031666666665,Gal(b1-4)GlcNAc(b1-3)Gal(b1-4)GlcNAc(b1-3)Gal(b1-4)GlcNAc(b1-3)Gal(b1-4)GlcNAc(b1-3)Gal(b1-4)GlcNAc(b1-3)Gal(b1-3)GalNAc,4.2521062937339593e-07,1,-0.0008127596411213744,H-,candycrunch
1098.52587890625,-1,20.489345,Gal(b1-?)GlcNAc(b1-3)[Gal(b1-?)GlcNAc(b1-6)]Gal(b1-3)GalNAc,0.00020982854766771197,1,-2.1209174149109913,H-,candycrunch
1098.59228515625,-1,23.43205,Gal(b1-?)GlcNAc(b1-3)[Gal(b1-?)GlcNAc(b1-6)]Gal(b1-3)GalNAc,0.009282886050641537,3,-2.1873236649109913,H-,candycrunch
1099.5953369140625,-1,23.46272,Gal(b1-?)GlcNAc(b1-3)[Gal(b1-?)GlcNAc(b1-6)]Gal(b1-3)GalNAc,0.0016325056785717607,2,-3.1903754227234913,H-,candycrunch
1105.2659912109375,-2,45.879535,Neu5Ac(a2-?)HexNAc(?1-?)Gal(b1-?)GlcNAc(b1-6)[Neu5Ac(a2-?)HexNAc(?1-?)Gal(?1-3)]GalNAc(a1-3)[Neu5Ac(a2-6)]GalNAc,3.239554189349292e-06,1,1.1289368785712668,H-,candycrunch
1115.8291015625,-1,23.335546666666666,Neu5Ac(a2-3)Gal(b1-?)[Fuc(a1-?)]GlcNAc6S(b1-6)[Fuc(a1-2)Gal(b1-3)]GalNAc,1.902708572742995e-05,2,-4.424474444061161,H-,candycrunch
1116.99169921875,-1,44.940931666666664,Fuc(a1-2)[GalNAc(a1-3)]Gal(b1-3)[GalNAc(b1-4)GlcNAc(b1-6)]GalNAc,0.06906254589557648,1,4.444896751588885,H-,candycrunch
1121.5362548828125,-1,28.437696666666668,Gal(b1-?)GlcNAc(b1-3)Gal6S(b1-?)[Fuc(a1-?)]GlcNAc(b1-3)Gal6S(b1-?)GlcNAc(b1-3)GalNAc,0.00011787115363404155,12,-0.09965891247361469,H-,candycrunch
1121.5697021484375,-1,31.201136666666663,Fuc(a1-?)HexNAc(?1-?)Gal(b1-3)[HexNAc(?1-?)GlcNAc(b1-6)]GalNAc,6.5101936343126e-05,1,-0.1331061780986147,H-,candycrunch
1121.605712890625,-1,29.54482,Fuc(a1-?)HexNAc(?1-?)Gal(b1-3)[HexNAc(?1-?)GlcNAc(b1-6)]GalNAc,5.3308044698496815e-06,3,-0.1691169202861147,H-,candycrunch
1122.55224609375,-1,28.46808,Fuc(a1-2)[GalNAc(a1-3)]Gal(b1-3)[GalNAc(b1-4)GlcNAc(b1-6)]GalNAc,0.00010025918163591996,4,-1.1156501234111147,H-,candycrunch
1123.987060546875,-1,23.223095,HexNAc(?1-?)GlcA(b1-?)Gal(?1-?)HexNAc(?1-?)GlcA(b1-?)GalNAc,0.0018199753249064088,3,0.37643002146387516,H-,candycrunch
1124.3531494140625,-1,24.643826666666666,HexNAc(?1-?)GlcA(b1-?)Gal(?1-?)HexNAc(?1-?)GlcA(b1-?)GalNAc,0.00023589478223584592,1,0.010341154276375164,H-,candycrunch
1124.654052734375,-1,23.238673333333335,HexNAc(?1-?)GlcA(b1-?)Gal(?1-?)HexNAc(?1-?)GlcA(b1-?)GalNAc,0.0007635227520950139,1,-0.29056216603612484,H-,candycrunch
1125.316162109375,-1,23.284035,HexNAc(?1-?)GlcA(b1-?)Gal(?1-?)HexNAc(?1-?)GlcA(b1-?)GalNAc,0.0004296083061490208,1,-0.9526715410361248,H-,candycrunch
1128.38818359375,-1,37.45935,Fuc(a1-2)[Gal(a1-3)]Gal(b1-4)[Fuc(a1-3)]GlcNAc6S(b1-6)[Fuc(a1-2)Gal(b1-3)]GalNAc,4.540911049843999e-06,1,0.03175925858909068,H-,candycrunch
1132.518798828125,-2,26.046668333333333,Fuc(a1-?)[Gal(b1-?)]GlcNAc(b1-3)Gal(b1-4)GlcNAc(b1-3)Gal(b1-4)GlcNAc(b1-6)[Fuc(a1-2)[Gal(a1-3)]Gal(b1-?)[Fuc(a1-?)]GlcNAc(b1-3)]GalNAc,2.1473974243235716e-07,2,-0.6008971377661965,H-,candycrunch
1133.355712890625,-2,26.076901666666668,Fuc(a1-?)[Gal(b1-?)]GlcNAc(b1-3)Gal(b1-4)GlcNAc(b1-3)Gal(b1-4)GlcNAc(b1-6)[Fuc(a1-2)[Gal(a1-3)]Gal(b1-?)[Fuc(a1-?)]GlcNAc(b1-3)]GalNAc,1.4839091022622597e-07,1,-1.4378112002661965,H-,candycrunch
1139.0360107421875,-2,25.181886666666667,Fuc(a1-2)[Gal(a1-3)]Gal(b1-?)GlcNAc(b1-3)Gal(b1-4)GlcNAc(b1-3)Gal(b1-4)GlcNAc(b1-6)[Fuc(a1-2)[Gal(a1-3)]Gal(b1-?)GlcNAc(b1-3)]GalNAc,1.3244678243040653e-08,5,0.8793482594212492,H-,candycrunch
1139.864990234375,-2,25.01673166666667,Fuc(a1-2)[Gal(a1-3)]Gal(b1-?)GlcNAc(b1-3)Gal(b1-4)GlcNAc(b1-3)Gal(b1-4)GlcNAc(b1-6)[Fuc(a1-2)[Gal(a1-3)]Gal(b1-?)GlcNAc(b1-3)]GalNAc,5.044530837494676e-08,1,0.05036876723374917,H-,candycrunch
1140.33154296875,-2,25.30891,Fuc(a1-2)[Gal(a1-3)]Gal(b1-?)GlcNAc(b1-3)Gal(b1-4)GlcNAc(b1-3)Gal(b1-4)GlcNAc(b1-6)[Fuc(a1-2)[Gal(a1-3)]Gal(b1-?)GlcNAc(b1-3)]GalNAc,2.203883653351113e-08,4,-0.41618396714125083,H-,candycrunch
1141.0545654296875,-2,41.19728166666666,Fuc(a1-2)[Gal(a1-3)]Gal(b1-?)GlcNAc(b1-3)Gal(b1-4)GlcNAc(b1-3)[Fuc(a1-2)[Gal(a1-3)]Gal(b1-?)GlcNAc(b1-3)Gal(b1-4)GlcNAc(b1-6)]GalNAc,2.1558255625109268e-08,1,-1.1392064280787508,H-,candycrunch
1149.5794677734375,-1,26.031391666666664,Gal(b1-?)GlcNAc(b1-3)[Neu5Ac(a2-8)Neu5Ac(a2-6)]GalNAc,0.00031301655690185726,1,1.8313073351014282,H-,candycrunch
1153.58935546875,-1,22.883025,Fuc(a1-2)Gal(b1-?)[Fuc(a1-?)]GlcNAc(b1-3)[Neu5Ac(a2-6)]GalNAc,2.900131221394986e-05,2,-1.158179248811166,H-,candycrunch
1155.5421142578125,-1,38.04250833333333,Fuc(a1-2)Gal(b1-?)[Fuc(a1-?)]GlcNAc(b1-3)[Neu5Ac(a2-6)]GalNAc,0.003195132128894329,1,-3.110938037873666,H-,candycrunch
1167.543212890625,-2,20.10671333333333,Neu5Ac(a2-3)Gal(b1-?)GlcNAc(b1-3)[Neu5Ac(a2-3)Gal(b1-?)GlcNAc(b1-6)]Gal(b1-3)[Neu5Ac(a2-3)Gal(b1-?)GlcNAc(b1-6)]GalNAc,0.0003313134948257357,3,-0.635147636116244,H-,candycrunch
1167.5723876953125,-2,23.009641666666667,Neu5Ac(a2-3)Gal(b1-?)GlcNAc(b1-3)[Neu5Ac(a2-3)Gal(b1-?)GlcNAc(b1-6)]Gal(b1-3)[Neu5Ac(a2-3)Gal(b1-?)GlcNAc(b1-6)]GalNAc,0.00023257509747054428,4,-0.664322440803744,H-,candycrunch
1167.579833984375,-2,21.491011666666665,Neu5Ac(a2-3)Gal(b1-?)GlcNAc(b1-3)[Neu5Ac(a2-3)Gal(b1-?)GlcNAc(b1-6)]Gal(b1-3)[Neu5Ac(a2-3)Gal(b1-?)GlcNAc(b1-6)]GalNAc,0.0016513625159859657,11,-0.671768729866244,H-,candycrunch
1168.521484375,-1,21.550158333333336,Neu5Ac(a2-3)Gal(b1-3)[Fuc(a1-3)[Gal(b1-4)]GlcNAc(b1-6)]GalNAc,0.0742860734462738,5,-0.09539353256104732,H-,candycrunch
1168.578125,-1,22.622705,Neu5Ac(a2-3)Gal(b1-3)[Fuc(a1-3)[Gal(b1-4)]GlcNAc(b1-6)]GalNAc,0.09278217703104019,1,-0.15203415756104732,H-,candycrunch
1169.478515625,-1,22.963695,Fuc(a1-2)Gal(b1-?)[Fuc(a1-?)]GlcNAc(b1-6)[Fuc(a1-2)Gal(b1-3)]GalNAc,0.004098325036466122,2,-0.032023671161141465,H-,candycrunch
1169.54345703125,-1,18.020106666666667,Fuc(a1-2)Gal(b1-?)[Fuc(a1-?)]GlcNAc(b1-6)[Fuc(a1-2)Gal(b1-3)]GalNAc,0.010845675133168697,3,-0.09696507741114146,H-,candycrunch
1170.529541015625,-1,18.049676666666667,Fuc(a1-2)Gal(b1-?)[Fuc(a1-?)]GlcNAc(b1-6)[Fuc(a1-2)Gal(b1-3)]GalNAc,0.011360150761902332,2,-1.0830490617861415,H-,candycrunch
1178.583251953125,-2,28.59522833333333,Neu5Ac(a2-?)HexNAc(?1-?)Gal(b1-?)[Fuc(a1-?)]GlcNAc(b1-6)[Neu5Ac(a2-?)HexNAc(?1-?)Gal(?1-3)]GalNAc(a1-3)[Neu5Ac(a2-6)]GalNAc,5.736503680964233e-07,1,0.8406305408836943,H-,candycrunch
1181.5517578125,-2,19.695378333333334,Fuc(a1-2)[GalNAc(a1-3)]Gal(b1-4)GlcNAc(b1-3)[Fuc(a1-2)[GalNAc(a1-3)]Gal(b1-4)GlcNAc(b1-6)]Gal(b1-3)[GlcNAc(a1-4)Gal(b1-4)GlcNAc(b1-6)]GalNAc,0.0010395180433988571,3,-0.6098497093912556,H-,candycrunch
1182.472412109375,-1,19.725735,Neu5Gc(a2-3)Gal(b1-4)GlcNAc(b1-6)[Fuc(a1-2)Gal(b1-3)]GalNAc,0.19939041137695312,2,1.9485933530638704,H-,candycrunch
1183.014404296875,-1,46.03232333333333,Neu5Gc(a2-3)[GalNAc(b1-4)]Gal(b1-3)[Neu5Gc(a2-6)]GalNAc,0.0011636072304099798,1,0.38620005166399096,H-,candycrunch
1186.5755615234375,-1,28.630911666666663,Fuc(a1-2)Gal(b1-4)GlcNAc(b1-6)[Fuc(a1-2)[Gal(a1-3)]Gal(b1-3)]GalNAc,0.00010635882063070312,4,-1.1341549470985228,H-,candycrunch
1187.619384765625,-2,28.661768333333335,Fuc(a1-?)[Gal(b1-?)]GlcNAc(b1-3)Gal(b1-4)GlcNAc(b1-3)Gal(b1-4)GlcNAc(b1-3)[GlcNAc(a1-4)Gal(b1-?)GlcNAc(b1-3)Gal(b1-4)GlcNAc(b1-6)]GalNAc,1.4456044139521396e-09,3,1.3199806487339174,H-,candycrunch
1196.543212890625,-1,24.532811666666667,Neu5Gc(a2-3)Gal(b1-4)GlcNAc(b1-6)[Gal(a1-3)Gal(b1-3)]GalNAc,0.00010852364357560873,1,3.872707194313989,H-,candycrunch
1196.8714599609375,-1,22.495591666666666,Neu5Gc(a2-3)Gal(b1-4)GlcNAc(b1-6)[Gal(a1-3)Gal(b1-3)]GalNAc,0.00017678015865385532,2,3.544460124001489,H-,candycrunch
1198.29443359375,-1,7.851298333333334,Gal(a1-3)Gal(b1-4)GlcNAc(b1-6)[Neu5Gc(a2-3)Gal(b1-3)]GalNAc,0.00034809389035217464,1,2.121486491188989,H-,candycrunch
1200.781005859375,-1,48.374678333333335,Neu5Gc(a2-3)Gal(b1-4)GlcNAc(b1-6)[Gal(a1-3)Gal(b1-3)]GalNAc,0.0037475009448826313,1,-0.365085774436011,H-,candycrunch
1235.5872802734375,-1,23.172433333333334,Neu5Ac(a2-3)Gal(b1-3)[Neu5Ac(a2-8)Neu5Ac(a2-6)]GalNAc,1.1726578122761566e-05,2,3.8395388087012634,H-,candycrunch
1240.9168701171875,-1,23.975915,Neu5Gc(a2-3)[GalNAc(b1-4)]Gal(b1-4)GlcNAc(b1-6)[Gal(a1-3)]GalNAc,0.03675819933414459,6,0.5255990692514843,H-,candycrunch
1241.77685546875,-1,25.001528333333333,Neu5Gc(a2-3)[GalNAc(b1-4)]Gal(b1-4)GlcNAc(b1-6)[Gal(a1-3)]GalNAc,0.08458530902862549,5,-0.33438628231101575,H-,candycrunch
1243.522705078125,-1,19.134541666666667,Fuc(a1-2)Gal(b1-4)GlcNAc(b1-3)Gal(b1-4)GlcNAc(b1-3)Gal(b1-3)GalNAc,0.00012303651601541787,8,-1.059834777785909,H-,candycrunch
1244.56982421875,-1,19.165401666666668,Fuc(a1-2)Gal(b1-4)GlcNAc(b1-3)Gal(b1-4)GlcNAc(b1-3)Gal(b1-3)GalNAc,0.00017671816749498248,2,-2.106953918410909,H-,candycrunch
1244.6181640625,-1,22.643620000000002,Fuc(a1-2)Gal(b1-4)GlcNAc(b1-3)Gal(b1-4)GlcNAc(b1-3)Gal(b1-3)GalNAc,0.00026640421128831804,3,-2.155293762160909,H-,candycrunch
1244.6207275390625,-1,24.378761666666666,Fuc(a1-2)Gal(b1-4)GlcNAc(b1-3)Gal(b1-4)GlcNAc(b1-3)Gal(b1-3)GalNAc,3.5151835618307814e-05,6,-2.157857238723409,H-,candycrunch
1245.6025390625,-1,22.659075,Fuc(a1-?)GlcNAc(b1-6)[Gal(?1-3)]Gal(b1-3)[Gal(b1-?)GlcNAc(b1-6)]GalNAc,0.0004466708342079073,1,-3.139668762160909,H-,candycrunch
1245.61572265625,-1,24.408601666666666,Fuc(a1-?)GlcNAc(b1-6)[Gal(?1-3)]Gal(b1-3)[Gal(b1-?)GlcNAc(b1-6)]GalNAc,0.03915082663297653,3,-3.152852355910909,H-,candycrunch
1261.374755859375,-1,23.365928333333333,Gal(b1-?)GlcNAc(b1-3)Gal(b1-?)GlcNAc(b1-3)Gal(b1-?)GlcNAc6S(b1-6)[Gal(b1-3)]GalNAc,1.0861418786589638e-06,2,-2.9169709365360177,H-,candycrunch
1266.47021484375,-1,30.38885833333333,HexNAc(?1-?)Gal(?1-3)[GlcNAc(b1-6)]GalNAc(a1-3)[Neu5Ac(a2-6)]GalNAc,2.1461175492731854e-05,6,0.0038888241888344055,H-,candycrunch
1267.4473876953125,-1,30.434725,Fuc(a1-?)[GalOS(b1-?)]GlcNAc(b1-3)[Fuc(a1-?)[GalOS(b1-?)]GlcNAc(b1-6)]Gal(b1-3)[GlcNAc(b1-6)]GalNAc,9.731628551890026e-07,1,0.04711708402646764,H-,candycrunch
1277.4857177734375,-1,26.374578333333332,Fuc(a1-2)[GalNAc(a1-3)]Gal(b1-?)GlcNAc(b1-3)[Gal(b1-?)GlcNAc(b1-6)]GalNAc,0.00012469007924664766,1,6.003701628401359,H-,candycrunch
1278.43603515625,-1,26.302068333333334,Fuc(a1-?)[HexNAc(?1-?)]HexNAc(?1-?)Gal(b1-3)[Gal(b1-?)GlcNAc(b1-6)]GalNAc,7.99519257270731e-05,5,5.053384245588859,H-,candycrunch
1279.4097900390625,-1,26.359415000000002,Fuc(a1-2)[GalNAc(a1-3)]Gal(b1-4)GlcNAc(b1-6)[GlcNAc(a1-4)Gal(b1-3)]GalNAc,9.11008373805089e-06,2,4.079629362776359,H-,candycrunch
1290.2293701171875,-2,33.760693333333336,Neu5Ac(a2-8)Neu5Ac(a2-3)[GalNAc(b1-4)]Gal(b1-?)GlcNAc(b1-?)[Neu5Ac(a2-3)[GalNAc(b1-4)]Gal(b1-?)GlcNAc(b1-?)]Gal(b1-3)[GlcNAc(b1-6)]GalNAc,0.0008666696376167238,1,-1.2683440454286483,H-,candycrunch
1292.0848388671875,-1,37.56786833333334,Neu5Ac(a2-3)Gal(b1-?)[Fuc(a1-?)]GlcNAc(b1-3)[Neu5Ac(a2-6)]GalNAc,0.147166445851326,1,5.3838450503515105,H-,candycrunch
1298.8941650390625,-1,22.526186666666668,Gal(b1-?)GlcNAc(b1-3)Gal(b1-3)[GlcNAc(?1-?)Gal(b1-?)GlcNAc(b1-6)]GalNAc,0.001672148471698165,1,0.5901689852764775,H-,candycrunch
1321.38232421875,-2,25.583603333333333,Fuc(a1-2)[Gal(a1-3)]Gal(b1-?)GlcNAc(b1-3)Gal(b1-4)GlcNAc(b1-3)Gal(b1-4)GlcNAc(b1-3)[Fuc(a1-2)[Gal(a1-3)]Gal(b1-?)GlcNAc(b1-3)Gal(b1-4)GlcNAc(b1-6)]GalNAc,1.614592015641847e-08,1,1.099132765108834,H-,candycrunch
1329.536376953125,-1,20.36305666666667,Fuc(a1-?)HexNAc(?1-4)Gal(b1-3)[Neu5Gc(a2-8)Neu5Gc(a2-6)]GalNAc,0.011049658991396427,6,-0.07786379558615408,H-,candycrunch
1329.600830078125,-1,25.376405,Fuc(a1-?)HexNAc(?1-4)Gal(b1-3)[Neu5Gc(a2-8)Neu5Gc(a2-6)]GalNAc,0.014578892849385738,1,-0.14231692058615408,H-,candycrunch
1330.646240234375,-1,20.408688333333334,Fuc(a1-2)Gal(b1-?)[Fuc(a1-?)]GlcNAc(b1-6)[Neu5Gc(a2-3)Gal(b1-3)]GalNAc,0.0010659754043444991,1,-0.1673259629360473,H-,candycrunch
1331.5634765625,-1,21.600866666666665,Fuc(a1-2)[Gal(a1-3)]Gal(b1-4)[Fuc(a1-3)]GlcNAc(b1-6)[Fuc(a1-2)Gal(b1-3)]GalNAc,0.017085785046219826,8,-0.0641611771609405,H-,candycrunch
1332.5709228515625,-1,21.645821666666667,Fuc(a1-2)[Gal(a1-3)]Gal(b1-4)[Fuc(a1-3)]GlcNAc(b1-6)[Fuc(a1-2)Gal(b1-3)]GalNAc,0.0040713120251894,3,-1.0716074662234405,H-,candycrunch
1332.6644287109375,-1,27.85842166666667,Fuc(a1-2)[Gal(a1-3)]Gal(b1-?)[Fuc(a1-?)]GlcNAc(b1-6)[Fuc(a1-2)Gal(b1-3)]GalNAc,0.000930249341763556,1,-1.1651133255984405,H-,candycrunch
1341.92236328125,-1,23.060846666666666,Neu5Gc(a2-3)Gal(b1-4)GlcNAc(b1-6)[Neu5Gc(a2-3)Gal(b1-3)]GalNAc,0.05009409040212631,2,3.5310644987889646,H-,candycrunch
1342.50830078125,-1,22.933213333333335,Neu5Gc(a2-3)Gal(b1-4)GlcNAc(b1-6)[Neu5Gc(a2-3)Gal(b1-3)]GalNAc,0.14425216615200043,4,2.9451269987889646,H-,candycrunch
1343.4427490234375,-1,22.125106666666667,Neu5Gc(a2-3)Gal(b1-4)GlcNAc(b1-6)[Neu5Gc(a2-3)Gal(b1-3)]GalNAc,0.40319257974624634,1,2.0106787566014646,H-,candycrunch
1372.66162109375,-1,21.917755,Fuc(a1-2)Gal(b1-?)GlcNAc(b1-3)[Fuc(a1-2)Gal(b1-?)[Fuc(a1-?)]GlcNAc(b1-6)]GalNAc,0.0014710052637383342,1,-0.13575660691094527,H-,candycrunch
1381.6805419921875,-1,44.589925,Neu5Gc(a2-3)[GalNAc(b1-4)]Gal(b1-4)GlcNAc(b1-6)[Fuc(a1-2)Gal(b1-3)]GalNAc,0.06413042545318604,1,5.819836003251567,H-,candycrunch
1389.64306640625,-1,28.1733,Fuc(a1-2)Gal(b1-?)GlcNAc(b1-3)Gal(b1-3)[Fuc(a1-2)Gal(b1-?)GlcNAc(b1-6)]GalNAc,0.003723655827343464,8,-1.122287296911054,H-,candycrunch
1389.6759033203125,-1,29.36808333333333,Fuc(a1-2)Gal(b1-?)GlcNAc(b1-3)Gal(b1-3)[Fuc(a1-2)Gal(b1-?)GlcNAc(b1-6)]GalNAc,0.0010772135574370623,1,-1.155124210973554,H-,candycrunch
1389.6878662109375,-1,25.568538333333333,Fuc(a1-2)Gal(b1-?)GlcNAc(b1-3)Gal(b1-3)[Fuc(a1-2)Gal(b1-?)GlcNAc(b1-6)]GalNAc,0.00036628509406000376,2,-1.167087101598554,H-,candycrunch
1389.70751953125,-1,23.350855,Fuc(a1-2)Gal(b1-?)GlcNAc(b1-3)Gal(b1-3)[Fuc(a1-2)Gal(b1-?)GlcNAc(b1-6)]GalNAc,0.000810810539405793,2,-1.186740421911054,H-,candycrunch
1389.756103515625,-1,29.17564666666667,Fuc(a1-2)Gal(b1-?)GlcNAc(b1-3)Gal(b1-3)[Fuc(a1-2)Gal(b1-?)GlcNAc(b1-6)]GalNAc,0.010600728914141655,6,-1.235324406286054,H-,candycrunch
1390.687744140625,-1,33.394104999999996,Fuc(a1-2)Gal(b1-?)GlcNAc(b1-3)Gal(b1-3)[Fuc(a1-2)Gal(b1-?)GlcNAc(b1-6)]GalNAc,0.001197290257550776,4,-2.166965031286054,H-,candycrunch
1390.702880859375,-1,28.202261666666665,Fuc(a1-2)Gal(b1-?)GlcNAc(b1-3)Gal(b1-3)[Fuc(a1-2)Gal(b1-?)GlcNAc(b1-6)]GalNAc,0.00967060774564743,4,-2.182101750036054,H-,candycrunch
1391.6873779296875,-1,28.231295000000003,Fuc(a1-2)Gal(b1-4)GlcNAc(b1-3)[Fuc(a1-2)Gal(b1-4)GlcNAc(b1-6)]Gal(b1-3)GalNAc,0.001844978891313076,3,-3.166598820348554,H-,candycrunch
1425.6510009765625,-2,32.79943,Fuc(a1-2)[Gal(a1-3)]Gal(b1-?)GlcNAc(b1-3)Gal(b1-4)GlcNAc(b1-3)Gal(b1-4)GlcNAc(b1-3)Gal(b1-4)GlcNAc(b1-6)[Fuc(a1-?)[Gal(b1-?)]GlcNAc(b1-3)Gal(b1-4)GlcNAc(b1-3)]GalNAc,1.2130699644785636e-07,1,-1.6298577262036815,H-,candycrunch
1431.8447265625,-1,33.424526666666665,Fuc(a1-2)[GalNAc(a1-3)]Gal(b1-?)GlcNAc(b1-6)[Fuc(a1-2)[GalNAc(a1-3)]Gal(b1-3)]GalNAc,0.00020558193500619382,1,-2.2973983516610588,H-,candycrunch
1469.5150146484375,-1,30.182405,Gal(b1-?)[Neu5Gc(a2-?)]GlcNAc(b1-3)[Neu5Gc(a2-8)Neu5Ac(a2-6)]GalNAc,2.2256916054175235e-05,3,4.981006206701522,H-,candycrunch
1470.578369140625,-1,30.242613333333335,Gal(b1-?)[Neu5Gc(a2-?)]GlcNAc(b1-3)[Neu5Gc(a2-8)Neu5Ac(a2-6)]GalNAc,5.659586895490065e-05,2,3.9176517145140224,H-,candycrunch
1477.5745849609375,-1,29.84548333333333,Fuc(a1-2)[Gal(a1-3)]Gal(b1-4)[Fuc(a1-3)]GlcNAc(b1-6)[Neu5Ac(a2-3)Gal(b1-3)]GalNAc,6.37314296909608e-05,5,-1.0377618779984914,H-,candycrunch
1478.6175537109375,-1,29.860473333333335,Neu5Ac(a2-3)Gal(b1-?)[Fuc(a1-?)]GlcNAc(b1-6)[Fuc(a1-2)[Gal(a1-3)]Gal(b1-3)]GalNAc,2.2832145987194963e-06,3,-2.0807306279984914,H-,candycrunch
1481.3995361328125,-1,22.689385,Fuc(a1-2)[Gal(a1-3)]Gal(b1-4)[Fuc(a1-3)]GlcNAc(b1-6)[Neu5Ac(a2-3)Gal(b1-3)]GalNAc,6.836628745077178e-05,1,-4.862713049873491,H-,candycrunch
1534.5491943359375,-1,20.650635,Fuc(a1-2)Gal(b1-4)GlcNAc(b1-3)[Fuc(a1-2)]Gal(b1-4)GlcNAc(b1-6)[Fuc(a1-2)Gal(b1-3)]GalNAc,0.0425213947892189,4,0.02949358240152833,H-,candycrunch
1535.66943359375,-1,20.695225,Fuc(a1-2)Gal(b1-4)GlcNAc(b1-3)[Fuc(a1-2)]Gal(b1-4)GlcNAc(b1-6)[Fuc(a1-2)Gal(b1-3)]GalNAc,0.01702008582651615,3,-1.0907456754109717,H-,candycrunch
1664.3614501953125,-1,42.45972833333333,HexNAc(?1-4)Gal(b1-4)GlcNAc(b1-3)[Gal(b1-4)GlcNAc(b1-6)]Gal(b1-3)[HexNAc(?1-4)Gal(b1-4)GlcNAc6S(b1-6)]GalNAc,0.002062700456008315,1,0.25507979352641996,H-,candycrunch
1994.812744140625,-1,49.318715000000005,Fuc(a1-2)[Gal(a1-3)]Gal(b1-?)[Fuc(a1-?)]GlcNAc(b1-3)Gal(b1-3)[Fuc(a1-2)[Gal(a1-3)]Gal(b1-?)[Fuc(a1-?)]GlcNAc(b1-6)]GalNAc,0.00019395819981582463,1,9.92949944971383,H-,candycrunch
