m/z,charge,RT,top1_pred,predictions,composition,num_spectra,annotation_score,rel_abundance,top_fragments,evidence,adduct,notes,ppm_error,GlyTouCan_ID,model_mode
587.179571680272,-1,13.16,GlcNAc(b1-6)Gal(b1-4)GlcNAc,"[('GlcNAc(b1-6)Gal(b1-4)GlcNAc', 0.6905517362947293), ('Gal(b1-3)[GlcNAc(b1-6)]GalNAc', 0.30944826370527057)]","{'Hex': 1, 'HexNAc': 2}",7,7.0,0.037187728334512116,"[np.float64(527.0724), np.float64(383.972), np.float64(261.8938), np.float64(303.8736), np.float64(219.8274), np.float64(407.0773), np.float64(479.0359), np.float64(321.979), np.float64(394.8404), np.float64(365.9516), np.float64(201.8665), np.float64(203.8777), np.float64(323.9902), np.float64(392.9387), np.float64(545.1397), np.float64(364.0146), np.float64(531.1115), np.float64(487.7843), np.float64(382.1046), np.float64(393.8924), np.float64(542.826), np.float64(488.7597), np.float64(262.3847), np.float64(374.9175), np.float64(541.8777), np.float64(221.9355), np.float64(487.0024), np.float64(384.9036), np.float64(527.6531), np.float64(511.0329), np.float64(489.0007), np.float64(304.4105), np.float64(550.8985), np.float64(554.579), np.float64(505.8786), np.float64(346.1583), np.float64(541.252), np.float64(555.9628), np.float64(394.9841), np.float64(487.9992), np.float64(285.9184), np.float64(384.5634), np.float64(390.8607), np.float64(183.8947), np.float64(338.1028), np.float64(504.9752), np.float64(525.0636), np.float64(477.8727), np.float64(485.0755), np.float64(305.943), np.float64(178.8986), np.float64(411.8521), np.float64(412.6784), np.float64(309.7396), np.float64(526.0642), np.float64(382.973), np.float64(498.7294), np.float64(350.8776), np.float64(428.9166), np.float64(395.826), np.float64(203.0481), np.float64(523.0867), np.float64(423.1393), np.float64(462.3804), np.float64(506.912), np.float64(463.1004), np.float64(368.0433), np.float64(535.8023), np.float64(388.9579), np.float64(386.959), np.float64(263.9621), np.float64(330.8846), np.float64(342.0107), np.float64(542.1911), np.float64(408.0005), np.float64(261.1834), np.float64(524.0771), np.float64(437.1391), np.float64(498.0076), np.float64(440.265), np.float64(435.2174), np.float64(545.7284), np.float64(491.0476), np.float64(556.1685), np.float64(383.2549), np.float64(294.8513), np.float64(372.9268), np.float64(528.2155), np.float64(482.008), np.float64(484.187), np.float64(338.9009), np.float64(416.8315), np.float64(538.1403), np.float64(218.8798), np.float64(246.9717), np.float64(380.144), np.float64(527.847), np.float64(478.1693), np.float64(377.7523), np.float64(368.7357)]",strong,,,85.84016736046293,,metfornet
658.432379379384,-2,20.93,GlcNAc(b1-2)Man(a1-3)[GlcNAc(b1-2)Man(a1-6)]Man(b1-4)GlcNAc(b1-4)GlcNAc,"[('GlcNAc(b1-2)Man(a1-3)[GlcNAc(b1-2)Man(a1-6)]Man(b1-4)GlcNAc(b1-4)GlcNAc', 1.0)]","{'Hex': 3, 'HexNAc': 4}",5,12.0,0.2178047385097255,"[np.float64(556.5742), np.float64(577.0672), np.float64(508.0233), np.float64(951.1557), np.float64(475.0606), np.float64(628.1126), np.float64(1096.2093), np.float64(475.5375), np.float64(754.1516), np.float64(952.1136), np.float64(577.5973), np.float64(425.0026), np.float64(577.2908), np.float64(261.8746), np.float64(1114.2323), np.float64(560.7297), np.float64(557.1035), np.float64(1094.2197), np.float64(993.1511), np.float64(203.8199), np.float64(934.1935), np.float64(748.1166), np.float64(490.0027), np.float64(1097.1791), np.float64(533.1056), np.float64(526.0204), np.float64(628.6727), np.float64(609.0607), np.float64(303.8831), np.float64(547.086), np.float64(551.0991), np.float64(423.9938), np.float64(508.8722), np.float64(772.195), np.float64(219.8327), np.float64(1095.2515), np.float64(789.1363), np.float64(790.0847), np.float64(476.1022), np.float64(221.8594), np.float64(201.8598), np.float64(407.0347), np.float64(916.1744), np.float64(535.6074), np.float64(1115.2054), np.float64(891.1614), np.float64(994.2072), np.float64(911.2199), np.float64(598.0899), np.float64(454.0245), np.float64(935.2158), np.float64(749.1366), np.float64(1011.2003), np.float64(557.6721), np.float64(526.6008), np.float64(591.0787), np.float64(909.163), np.float64(808.2325), np.float64(393.9998), np.float64(550.1252), np.float64(509.0975), np.float64(1054.2707), np.float64(607.1788), np.float64(556.054), np.float64(473.9362), np.float64(610.1091), np.float64(547.5959), np.float64(669.086), np.float64(755.1124), np.float64(1012.1705), np.float64(576.0155), np.float64(454.9835), np.float64(1036.2208), np.float64(917.1953), np.float64(613.0865), np.float64(730.202), np.float64(932.2453), np.float64(687.1135), np.float64(542.7931), np.float64(892.2016), np.float64(364.0048), np.float64(831.2499), np.float64(612.0614), np.float64(607.7162), np.float64(893.2293), np.float64(755.2962), np.float64(1009.0751), np.float64(454.6878), np.float64(1257.2685), np.float64(421.0222), np.float64(729.1444), np.float64(688.0385), np.float64(711.1253), np.float64(592.2763), np.float64(559.0972), np.float64(586.1128), np.float64(474.3446), np.float64(578.1814), np.float64(462.8722), np.float64(568.1422)]",strong,,Possible in-source fragment of GlcNAc(b1-2)Man(a1-3)[GlcNAc(b1-2)Man(a1-6)][GlcNAc(b1-4)]Man(b1-4)GlcNAc(b1-4)GlcNAc,287.2829634654118,,metfornet
708.2614800910408,-1,15.32,Gal(b1-3)GlcNAc(b1-3)Gal(b1-4)Glc,"[('Gal(b1-3)GlcNAc(b1-3)Gal(b1-4)Glc', 0.5839226568794199), ('Gal(b1-4)GlcNAc(b1-3)Gal(b1-4)Glc', 0.4160773431205801)]","{'Hex': 3, 'HexNAc': 1}",1,9.0,0.005677686359710485,"[np.float64(382.964), np.float64(648.1037), np.float64(340.9099), np.float64(442.9709), np.float64(320.9868), np.float64(281.0345), np.float64(383.5393), np.float64(666.1861), np.float64(546.0635), np.float64(425.0972), np.float64(220.8749), np.float64(503.213), np.float64(648.7468), np.float64(310.9912), np.float64(200.8068), np.float64(644.0819), np.float64(630.1424), np.float64(545.4893), np.float64(628.1058), np.float64(595.0546), np.float64(444.0007), np.float64(322.949), np.float64(658.0627), np.float64(442.0306), np.float64(485.9794), np.float64(498.9742), np.float64(527.0602), np.float64(528.222), np.float64(583.5523), np.float64(485.0549), np.float64(670.2234), np.float64(670.8917), np.float64(373.9606), np.float64(281.6697), np.float64(504.1764), np.float64(381.6727), np.float64(528.7605), np.float64(412.9237), np.float64(480.2591), np.float64(354.0052)]",strong,,,7.48386133921816,,metfornet
731.4595977104086,-2,25.99,GlcNAc(b1-2)Man(a1-3)[GlcNAc(b1-2)Man(a1-6)]Man(b1-4)GlcNAc(b1-4)[Fuc(a1-6)]GlcNAc,"[('GlcNAc(b1-2)Man(a1-3)[GlcNAc(b1-2)Man(a1-6)]Man(b1-4)GlcNAc(b1-4)[Fuc(a1-6)]GlcNAc', 0.814261539359281), ('GlcNAc(b1-2)Man(a1-3)[GlcNAc(b1-4)][Man(a1-6)]Man(b1-4)GlcNAc(b1-4)[Fuc(a1-6)]GlcNAc', 0.18573846064071892)]","{'Hex': 3, 'HexNAc': 4, 'dHex': 1}",3,10.0,0.08819426634772876,"[np.float64(649.1023), np.float64(650.1247), np.float64(951.1751), np.float64(629.6238), np.float64(701.0784), np.float64(350.0079), np.float64(628.1083), np.float64(568.0972), np.float64(1094.2092), np.float64(629.026), np.float64(700.4148), np.float64(619.1265), np.float64(548.5616), np.float64(547.7367), np.float64(700.091), np.float64(1260.324), np.float64(261.8701), np.float64(1299.3213), np.float64(571.1012), np.float64(1096.2496), np.float64(547.502), np.float64(526.0761), np.float64(679.5302), np.float64(583.6341), np.float64(670.7333), np.float64(693.1551), np.float64(546.6542), np.float64(627.1509), np.float64(1239.4577), np.float64(1242.2739), np.float64(368.0517), np.float64(475.1078), np.float64(508.0679), np.float64(303.9519), np.float64(553.151), np.float64(608.641), np.float64(678.5284), np.float64(657.1419), np.float64(670.1886), np.float64(219.8541), np.float64(679.2347), np.float64(694.0571), np.float64(620.0899), np.float64(669.3102), np.float64(686.0977), np.float64(585.1776), np.float64(648.6052), np.float64(454.0548), np.float64(952.0777), np.float64(748.2577), np.float64(576.3668), np.float64(599.6221), np.float64(526.8304), np.float64(648.0756), np.float64(1137.3302), np.float64(649.5999), np.float64(1098.2391), np.float64(671.1266), np.float64(547.1065), np.float64(1011.2644), np.float64(895.314), np.float64(1095.3114), np.float64(537.9173), np.float64(620.4249), np.float64(381.9775), np.float64(993.2328), np.float64(601.1623), np.float64(466.5902), np.float64(680.1912), np.float64(789.0673), np.float64(639.3862), np.float64(687.0817), np.float64(575.5166), np.float64(424.0606), np.float64(689.2946), np.float64(581.907), np.float64(483.1596), np.float64(245.9377), np.float64(545.1138), np.float64(508.7023), np.float64(650.7034), np.float64(308.0042), np.float64(701.7269), np.float64(496.0251), np.float64(1168.3615), np.float64(683.1636), np.float64(526.339), np.float64(595.0513), np.float64(389.0159), np.float64(1054.3029), np.float64(699.1937), np.float64(685.2494), np.float64(891.2805), np.float64(407.1283), np.float64(1036.2208), np.float64(630.22), np.float64(1218.3364), np.float64(677.2571), np.float64(877.2705), np.float64(349.0374)]",strong,,,256.225251573371,,metfornet
731.4782146789678,-2,23.89,GlcNAc(b1-2)Man(a1-3)[GlcNAc(b1-4)][Man(a1-6)]Man(b1-4)GlcNAc(b1-4)[Fuc(a1-6)]GlcNAc,"[('GlcNAc(b1-2)Man(a1-3)[GlcNAc(b1-2)Man(a1-6)]Man(b1-4)GlcNAc(b1-4)[Fuc(a1-6)]GlcNAc', 0.5138895203455331), ('GlcNAc(b1-2)Man(a1-3)[GlcNAc(b1-4)][Man(a1-6)]Man(b1-4)GlcNAc(b1-4)[Fuc(a1-6)]GlcNAc', 0.4861104796544669)]","{'Hex': 3, 'HexNAc': 4, 'dHex': 1}",11,20.0,1.8128635302439826,"[np.float64(629.5946), np.float64(649.1067), np.float64(951.1632), np.float64(349.9704), np.float64(547.5519), np.float64(1260.2624), np.float64(1096.2161), np.float64(548.5496), np.float64(701.1318), np.float64(1094.2021), np.float64(526.0308), np.float64(508.035), np.float64(571.1008), np.float64(261.8745), np.float64(1299.2872), np.float64(619.0989), np.float64(650.089), np.float64(453.9812), np.float64(628.1065), np.float64(303.8846), np.float64(1098.2217), np.float64(748.1039), np.float64(608.6212), np.float64(583.5854), np.float64(1242.2758), np.float64(475.0431), np.float64(466.5191), np.float64(993.1746), np.float64(368.0147), np.float64(553.0817), np.float64(650.1669), np.float64(630.1633), np.float64(528.0117), np.float64(423.9913), np.float64(568.1107), np.float64(649.8305), np.float64(1080.2666), np.float64(599.6058), np.float64(891.1567), np.float64(1057.2086), np.float64(934.2097), np.float64(219.8614), np.float64(526.6019), np.float64(610.142), np.float64(407.0416), np.float64(546.5181), np.float64(388.9883), np.float64(1036.2309), np.float64(620.5945), np.float64(679.1496), np.float64(381.953), np.float64(900.2043), np.float64(490.0247), np.float64(1239.2692), np.float64(951.8266), np.float64(893.2136), np.float64(363.9125), np.float64(965.1876), np.float64(1054.2254), np.float64(790.0943), np.float64(1200.2814), np.float64(689.1266), np.float64(1078.2849), np.float64(445.7154), np.float64(895.1855), np.float64(301.9883), np.float64(909.1815), np.float64(677.1451), np.float64(671.0958), np.float64(527.4906), np.float64(918.2023), np.float64(1218.2832), np.float64(658.3678), np.float64(517.6), np.float64(602.5277), np.float64(630.7875), np.float64(350.6092), np.float64(508.6758), np.float64(581.5811), np.float64(658.1407), np.float64(245.944), np.float64(619.6952), np.float64(1011.1771), np.float64(700.1732), np.float64(1056.18), np.float64(598.0482), np.float64(307.9906), np.float64(482.063), np.float64(529.1375), np.float64(586.131), np.float64(650.7081), np.float64(595.1116), np.float64(640.0899), np.float64(680.0868), np.float64(1257.3125), np.float64(571.7347), np.float64(1038.2474), np.float64(933.1306), np.float64(648.5032), np.float64(692.1834)]",strong,,,281.68358003732703,,metfornet
749.29786135526,-1,20.52,Man(a1-6)Man(b1-4)GlcNAc(b1-4)GlcNAc,"[('Man(a1-6)Man(b1-4)GlcNAc(b1-4)GlcNAc', 0.5507981989357347), ('Man(a1-?)Man(b1-4)GlcNAc(b1-4)GlcNAc', 0.3677445763405649), ('Man(a1-3)Man(b1-4)GlcNAc(b1-4)GlcNAc', 0.08145722472370037)]","{'Hex': 2, 'HexNAc': 2}",10,11.0,0.5661181409174281,"[np.float64(382.9521), np.float64(407.0112), np.float64(689.1227), np.float64(340.921), np.float64(526.0385), np.float64(707.1342), np.float64(280.8587), np.float64(424.9727), np.float64(647.1278), np.float64(220.8287), np.float64(587.1011), np.float64(442.9725), np.float64(629.1199), np.float64(569.1133), np.float64(221.8711), np.float64(466.0257), np.float64(364.9953), np.float64(322.9251), np.float64(407.6083), np.float64(588.1147), np.float64(426.0132), np.float64(383.5436), np.float64(359.005), np.float64(689.7948), np.float64(341.5728), np.float64(567.0792), np.float64(528.1059), np.float64(628.0853), np.float64(346.9838), np.float64(526.8623), np.float64(707.7822), np.float64(365.9981), np.float64(586.1233), np.float64(646.1095), np.float64(448.059), np.float64(262.9025), np.float64(526.6031), np.float64(388.9861), np.float64(545.1317), np.float64(647.8692), np.float64(304.9688), np.float64(568.1497), np.float64(496.1354), np.float64(425.6183), np.float64(397.0661), np.float64(671.1639), np.float64(363.9855), np.float64(467.0564), np.float64(317.0128), np.float64(600.1799), np.float64(495.1071), np.float64(298.9853), np.float64(281.4768), np.float64(527.1861), np.float64(383.9336), np.float64(486.0576), np.float64(320.9143), np.float64(611.1753), np.float64(570.0862), np.float64(508.103), np.float64(444.079), np.float64(424.0566), np.float64(323.9949), np.float64(570.2086), np.float64(704.1187), np.float64(669.1683), np.float64(406.0112), np.float64(657.1694), np.float64(699.1559), np.float64(364.2124), np.float64(310.981), np.float64(384.1628), np.float64(280.2903), np.float64(712.0772), np.float64(618.0289), np.float64(588.2415), np.float64(340.3316), np.float64(404.9677), np.float64(687.1684), np.float64(615.1473), np.float64(287.0306), np.float64(585.1731), np.float64(244.9157), np.float64(341.7072), np.float64(707.963), np.float64(544.0886), np.float64(402.9492), np.float64(667.6466), np.float64(338.9916), np.float64(705.2381), np.float64(556.1906), np.float64(422.9847), np.float64(234.9161), np.float64(649.8981), np.float64(468.1425), np.float64(509.1665), np.float64(485.1269), np.float64(700.2452), np.float64(407.9292), np.float64(558.07)]",strong,,,20.128255540633106,,metfornet
759.7025222825135,-2,20.74,GlcNAc(b1-2)Man(a1-3)[GlcNAc(b1-2)Man(a1-6)][GlcNAc(b1-4)]Man(b1-4)GlcNAc(b1-4)GlcNAc,"[('GlcNAc(b1-2)Man(a1-3)[GlcNAc(b1-2)Man(a1-6)][GlcNAc(b1-4)]Man(b1-4)GlcNAc(b1-4)GlcNAc', 1.0)]","{'Hex': 3, 'HexNAc': 5}",7,8.0,0.14928898763735052,"[np.float64(576.5702), np.float64(677.6119), np.float64(658.1088), np.float64(1436.1937), np.float64(678.1481), np.float64(729.6241), np.float64(728.5897), np.float64(657.5844), np.float64(485.002), np.float64(1437.1952), np.float64(577.093), np.float64(647.8045), np.float64(596.4792), np.float64(508.0465), np.float64(1154.2389), np.float64(729.1482), np.float64(322.876), np.float64(647.06), np.float64(678.6951), np.float64(475.0268), np.float64(1438.2258), np.float64(261.8995), np.float64(728.8946), np.float64(665.1106), np.float64(657.7582), np.float64(677.0388), np.float64(340.9415), np.float64(656.9172), np.float64(1297.3067), np.float64(951.1875), np.float64(303.9099), np.float64(383.0001), np.float64(647.3228), np.float64(467.0316), np.float64(628.1698), np.float64(699.6421), np.float64(545.0799), np.float64(556.3993), np.float64(597.0977), np.float64(656.5943), np.float64(1317.3312), np.float64(502.9964), np.float64(575.8084), np.float64(648.6233), np.float64(485.9332), np.float64(711.0865), np.float64(809.1715), np.float64(648.9288), np.float64(575.5012), np.float64(1299.3521), np.float64(566.9322), np.float64(1298.2786), np.float64(1439.2453), np.float64(585.0713), np.float64(637.0683), np.float64(648.0828), np.float64(1094.3175), np.float64(669.0196), np.float64(1155.2613), np.float64(425.0534), np.float64(708.639), np.float64(262.9344), np.float64(596.0071), np.float64(791.1766), np.float64(597.3366), np.float64(629.1915), np.float64(323.9563), np.float64(219.8727), np.float64(627.1279), np.float64(1194.1934), np.float64(556.6691), np.float64(623.9843), np.float64(556.0833), np.float64(952.3478), np.float64(810.2032), np.float64(220.9279), np.float64(526.1197), np.float64(597.6681), np.float64(1316.3786), np.float64(475.5608), np.float64(1313.2011), np.float64(424.0244), np.float64(1113.2333), np.float64(993.2302), np.float64(637.2501), np.float64(730.5967), np.float64(509.0599), np.float64(567.6525), np.float64(693.1585), np.float64(577.6358), np.float64(475.274), np.float64(629.9592), np.float64(720.5677), np.float64(791.0449), np.float64(596.6531), np.float64(730.4564), np.float64(566.6525), np.float64(627.6837), np.float64(468.0108), np.float64(707.0753)]",strong,,,105.89210325881645,,metfornet
759.9578257506543,-2,17.56,GlcNAc(b1-2)Man(a1-3)[GlcNAc(b1-2)Man(a1-6)][GlcNAc(b1-4)]Man(b1-4)GlcNAc(b1-4)GlcNAc,"[('GlcNAc(b1-2)Man(a1-3)[GlcNAc(b1-2)Man(a1-6)][GlcNAc(b1-4)]Man(b1-4)GlcNAc(b1-4)GlcNAc', 1.0)]","{'Hex': 3, 'HexNAc': 5}",5,6.0,0.15242618003935948,"[np.float64(576.5839), np.float64(658.1272), np.float64(677.6053), np.float64(678.2264), np.float64(729.6302), np.float64(508.0524), np.float64(728.6214), np.float64(485.0101), np.float64(665.0764), np.float64(647.2402), np.float64(1297.3187), np.float64(1154.243), np.float64(951.1844), np.float64(322.902), np.float64(261.8829), np.float64(647.9137), np.float64(556.6178), np.float64(577.2224), np.float64(809.1392), np.float64(596.6031), np.float64(729.1229), np.float64(475.1023), np.float64(340.9908), np.float64(467.0379), np.float64(708.667), np.float64(1299.2701), np.float64(678.6534), np.float64(628.1554), np.float64(656.8214), np.float64(486.0059), np.float64(791.1934), np.float64(383.0168), np.float64(303.9015), np.float64(699.6043), np.float64(648.1634), np.float64(649.1026), np.float64(637.1356), np.float64(666.0756), np.float64(827.1947), np.float64(658.7815), np.float64(1155.245), np.float64(1317.3466), np.float64(597.1337), np.float64(1094.1911), np.float64(656.5853), np.float64(1114.3098), np.float64(566.6958), np.float64(993.2737), np.float64(575.5566), np.float64(425.0814), np.float64(657.1669), np.float64(567.4677), np.float64(730.3085), np.float64(677.0232), np.float64(412.9358), np.float64(679.2222), np.float64(1313.2369), np.float64(490.092), np.float64(609.1245), np.float64(933.1772), np.float64(407.0682), np.float64(550.1422), np.float64(607.1165), np.float64(1096.2528), np.float64(648.8229), np.float64(262.9026), np.float64(598.219), np.float64(515.4189), np.float64(899.228), np.float64(341.917), np.float64(1194.294), np.float64(219.9349), np.float64(323.88), np.float64(809.9996), np.float64(953.1229), np.float64(533.1942), np.float64(705.586), np.float64(647.4566), np.float64(587.5568), np.float64(792.114), np.float64(1137.3885), np.float64(828.2405), np.float64(526.0786), np.float64(526.4089), np.float64(971.2174), np.float64(891.2628), np.float64(468.1134), np.float64(384.0199), np.float64(449.0619), np.float64(551.1867), np.float64(546.7914), np.float64(668.5341), np.float64(221.9451), np.float64(1257.361), np.float64(789.1536), np.float64(563.1061), np.float64(591.078), np.float64(382.0557), np.float64(503.164), np.float64(952.1734)]",strong,,,230.12946575286108,,metfornet
760.8706105979961,-3,17.52,,"[('Neu5Ac(a2-3)Gal(b1-4)[Fuc(a1-3)]GlcNAc(b1-2)Man(a1-3)[Gal(b1-4)GlcNAc(b1-2)Man(a1-6)]Man(b1-4)GlcNAc(b1-4)[Fuc(a1-6)]GlcNAc', 0.81)]","{'Hex': 5, 'HexNAc': 5, 'dHex': 3}",4,6.0,0.16410809821950068,"[np.float64(576.7101), np.float64(658.1789), np.float64(508.0328), np.float64(658.6811), np.float64(729.6331), np.float64(577.6013), np.float64(730.2123), np.float64(261.8782), np.float64(577.1394), np.float64(659.1498), np.float64(677.5883), np.float64(951.1946), np.float64(1297.2924), np.float64(678.2089), np.float64(556.5961), np.float64(1154.254), np.float64(509.0225), np.float64(1299.2601), np.float64(303.8696), np.float64(475.1873), np.float64(1155.1881), np.float64(952.1706), np.float64(728.713), np.float64(1298.2948), np.float64(628.1676), np.float64(708.7543), np.float64(557.2061), np.float64(699.7128), np.float64(730.7335), np.float64(1317.2875), np.float64(489.9819), np.float64(484.9967), np.float64(1094.182), np.float64(637.107), np.float64(597.3157), np.float64(1300.3333), np.float64(475.2837), np.float64(647.8913), np.float64(1114.2609), np.float64(649.0687), np.float64(648.3117), np.float64(1096.2481), np.float64(221.8728), np.float64(550.122), np.float64(953.1279), np.float64(219.8579), np.float64(1156.2713), np.float64(678.8797), np.float64(425.0666), np.float64(407.058), np.float64(591.1396), np.float64(628.3306), np.float64(262.891), np.float64(993.2218), np.float64(1095.2997), np.float64(1196.2827), np.float64(526.0789), np.float64(647.4544), np.float64(656.6354), np.float64(1115.3494), np.float64(609.0984), np.float64(533.1048), np.float64(628.6183), np.float64(728.8573), np.float64(467.0326), np.float64(933.2072), np.float64(578.1834), np.float64(551.0762), np.float64(1318.3118), np.float64(322.8863), np.float64(934.2296), np.float64(700.1621), np.float64(424.0556), np.float64(382.0466), np.float64(607.1813), np.float64(827.1614), np.float64(649.5615), np.float64(809.093), np.float64(1137.3156), np.float64(568.0691), np.float64(637.6214), np.float64(596.5956), np.float64(304.8503), np.float64(575.764), np.float64(341.0194), np.float64(679.0878), np.float64(598.1618), np.float64(729.1621), np.float64(665.1151), np.float64(1301.2414), np.float64(491.0399), np.float64(709.7039), np.float64(566.8974), np.float64(510.007), np.float64(629.2219), np.float64(700.634), np.float64(476.0583), np.float64(364.0078), np.float64(916.2208), np.float64(810.1502)]",,,,89.96506838466497,,metfornet
779.4931642590385,-2,21.04,Man(a1-2)Man(a1-2)Man(a1-3)[Man(a1-3)[Man(a1-6)]Man(a1-6)]Man(b1-4)GlcNAc(b1-4)GlcNAc,"[('Man(a1-2)Man(a1-2)Man(a1-3)[Man(a1-3)[Man(a1-6)]Man(a1-6)]Man(b1-4)GlcNAc(b1-4)GlcNAc', 0.7545370319908441), ('Man(a1-2)Man(a1-?)[Man(a1-?)]Man(a1-6)[Man(a1-2)Man(a1-3)]Man(b1-4)GlcNAc(b1-4)GlcNAc', 0.2454629680091558)]","{'Hex': 7, 'HexNAc': 2}",21,17.0,6.309688007797054,"[np.float64(698.1001), np.float64(596.0564), np.float64(749.1508), np.float64(617.0755), np.float64(515.0226), np.float64(485.0057), np.float64(668.1086), np.float64(647.078), np.float64(698.6926), np.float64(1193.1974), np.float64(1336.222), np.float64(677.1186), np.float64(665.0828), np.float64(737.0894), np.float64(1235.2157), np.float64(322.8881), np.float64(1031.1528), np.float64(697.63), np.float64(809.1164), np.float64(466.9995), np.float64(340.917), np.float64(791.102), np.float64(503.0029), np.float64(596.5886), np.float64(1073.1917), np.float64(719.1266), np.float64(1174.1905), np.float64(629.0737), np.float64(869.1372), np.float64(575.0533), np.float64(382.9921), np.float64(749.6735), np.float64(707.1044), np.float64(728.146), np.float64(617.6376), np.float64(689.1244), np.float64(587.1075), np.float64(536.0333), np.float64(668.6581), np.float64(728.0866), np.float64(1337.2095), np.float64(515.6236), np.float64(616.6073), np.float64(434.0152), np.float64(412.9643), np.float64(699.226), np.float64(586.9997), np.float64(1091.1838), np.float64(1236.1474), np.float64(1194.0958), np.float64(1151.1902), np.float64(667.5622), np.float64(407.0187), np.float64(1253.2214), np.float64(1397.255), np.float64(262.8413), np.float64(911.1888), np.float64(608.0925), np.float64(536.2013), np.float64(989.1887), np.float64(1175.1962), np.float64(545.0437), np.float64(221.9051), np.float64(304.8978), np.float64(638.0314), np.float64(677.6875), np.float64(425.0122), np.float64(697.5528), np.float64(1217.2375), np.float64(566.1072), np.float64(737.9389), np.float64(617.8555), np.float64(1379.2443), np.float64(626.0813), np.float64(449.0304), np.float64(596.8564), np.float64(647.728), np.float64(1012.1867), np.float64(728.6865), np.float64(647.9906), np.float64(597.1894), np.float64(733.3086), np.float64(586.5197), np.float64(666.0055), np.float64(638.1516), np.float64(679.0936), np.float64(443.0235), np.float64(809.9059), np.float64(485.6312), np.float64(810.0523), np.float64(704.625), np.float64(792.0287), np.float64(1337.2998), np.float64(611.0767), np.float64(712.2122), np.float64(401.893), np.float64(710.1743), np.float64(536.5835), np.float64(587.6624), np.float64(485.936)]",strong,,Possible in-source fragment of Man(a1-2)Man(a1-2)Man(a1-3)[Man(a1-2)Man(a1-?)[Man(a1-?)]Man(a1-6)]Man(b1-4)GlcNAc(b1-4)GlcNAc,287.04699151501825,,metfornet
792.0146562845466,-2,29.3,GlcNAc(b1-2)Man(a1-3)[Man(a1-3)[Man(a1-6)]Man(a1-6)]Man(b1-4)GlcNAc(b1-4)[Fuc(a1-6)]GlcNAc,"[('GlcNAc(b1-2)Man(a1-3)[Man(a1-3)[Man(a1-6)]Man(a1-6)]Man(b1-4)GlcNAc(b1-4)[Fuc(a1-6)]GlcNAc', 0.7671232876712328), ('Man(a1-3)[Man(a1-6)]Man(a1-6)[Man(a1-3)][GlcNAc(b1-4)]Man(b1-4)GlcNAc(b1-4)[Fuc(a1-6)]GlcNAc', 0.23287671232876708)]","{'Hex': 5, 'HexNAc': 3, 'dHex': 1}",3,22.0,0.17191108457773616,"[np.float64(709.6572), np.float64(710.632), np.float64(1072.2161), np.float64(1260.3028), np.float64(628.6289), np.float64(349.9971), np.float64(586.1043), np.float64(850.1558), np.float64(688.6715), np.float64(1215.248), np.float64(761.7288), np.float64(544.0858), np.float64(1242.309), np.float64(689.6302), np.float64(832.1573), np.float64(1057.2726), np.float64(443.004), np.float64(711.2078), np.float64(688.1277), np.float64(1420.3135), np.float64(424.9828), np.float64(526.0579), np.float64(571.1125), np.float64(679.6617), np.float64(644.1466), np.float64(629.5732), np.float64(748.1351), np.float64(607.5359), np.float64(706.1058), np.float64(553.1376), np.float64(1096.3156), np.float64(814.1922), np.float64(1098.3481), np.float64(368.0336), np.float64(731.1475), np.float64(1073.1095), np.float64(1114.2898), np.float64(910.1897), np.float64(535.627), np.float64(1258.3406), np.float64(680.6783), np.float64(895.2493), np.float64(340.9078), np.float64(731.7355), np.float64(893.3019), np.float64(851.1706), np.float64(1216.256), np.float64(389.0419), np.float64(700.5908), np.float64(747.2248), np.float64(425.9907), np.float64(701.5987), np.float64(1078.2446), np.float64(718.9082), np.float64(1261.059), np.float64(1054.3131), np.float64(407.0554), np.float64(563.2329), np.float64(670.7121), np.float64(1243.1816), np.float64(1421.3566), np.float64(1404.3944), np.float64(424.0641), np.float64(1080.3398), np.float64(1218.3593), np.float64(1378.3377), np.float64(1261.3951), np.float64(746.1992), np.float64(426.9125), np.float64(508.1573), np.float64(708.6548), np.float64(307.9726), np.float64(644.7478), np.float64(1058.2945), np.float64(637.0578), np.float64(301.9564), np.float64(891.264), np.float64(724.7275), np.float64(1053.2621), np.float64(749.0151), np.float64(934.2877), np.float64(1198.2233), np.float64(1422.3204), np.float64(690.3147), np.float64(730.1923), np.float64(667.8237), np.float64(762.2847), np.float64(725.0616), np.float64(454.628), np.float64(608.6029), np.float64(586.8617), np.float64(511.2968), np.float64(505.9724), np.float64(607.0663), np.float64(754.2314), np.float64(547.5028), np.float64(1224.262), np.float64(760.1892), np.float64(350.6197), np.float64(740.7405)]",strong,,,289.6353047215089,,metfornet
800.0015957578557,-2,22.69,Gal(a1-3)Gal(b1-4)GlcNAc(b1-2)Man(a1-3)[Man(a1-?)Man(a1-6)]Man(b1-4)GlcNAc(b1-4)GlcNAc,"[('Gal(a1-3)Gal(b1-4)GlcNAc(b1-2)Man(a1-3)[Man(a1-?)Man(a1-6)]Man(b1-4)GlcNAc(b1-4)GlcNAc', 0.6742477256822953), ('Gal(b1-4)GlcNAc(b1-2)Man(a1-3)[Man(a1-3)[Man(a1-6)]Man(a1-6)]Man(b1-4)GlcNAc(b1-4)GlcNAc', 0.32575227431770465)]","{'Hex': 6, 'HexNAc': 3}",5,22.0,0.6300026945440214,"[np.float64(616.6449), np.float64(718.6281), np.float64(709.6337), np.float64(769.6484), np.float64(1420.2957), np.float64(424.001), np.float64(1235.2547), np.float64(503.0084), np.float64(628.9947), np.float64(1234.233), np.float64(688.5866), np.float64(1377.267), np.float64(617.1191), np.float64(322.9184), np.float64(575.0348), np.float64(697.6384), np.float64(748.6493), np.float64(647.0689), np.float64(535.5889), np.float64(381.9558), np.float64(1276.2337), np.float64(719.1816), np.float64(1073.2745), np.float64(739.6608), np.float64(1054.1813), np.float64(485.0185), np.float64(637.5996), np.float64(679.6159), np.float64(304.9134), np.float64(1072.2571), np.float64(1192.2506), np.float64(536.0829), np.float64(363.9574), np.float64(545.078), np.float64(595.848), np.float64(1114.1839), np.float64(1378.3362), np.float64(1175.2251), np.float64(710.206), np.float64(1258.348), np.float64(869.2109), np.float64(1217.2652), np.float64(770.2559), np.float64(1215.2012), np.float64(407.0373), np.float64(1360.3399), np.float64(280.8467), np.float64(587.0857), np.float64(465.9925), np.float64(614.9351), np.float64(1193.2348), np.float64(667.6899), np.float64(262.8581), np.float64(757.6798), np.float64(717.2624), np.float64(1012.2208), np.float64(689.2195), np.float64(526.3823), np.float64(1197.299), np.float64(718.0596), np.float64(1294.2725), np.float64(617.7901), np.float64(1096.2505), np.float64(599.1364), np.float64(719.8201), np.float64(698.7205), np.float64(596.0954), np.float64(716.6953), np.float64(1438.3605), np.float64(1074.0326), np.float64(611.1454), np.float64(1560.2989), np.float64(607.61), np.float64(615.6532), np.float64(595.4906), np.float64(685.6261), np.float64(1421.0302), np.float64(664.5816), np.float64(700.7018), np.float64(771.0145), np.float64(628.6078), np.float64(617.5196), np.float64(716.8432), np.float64(424.6439), np.float64(1013.3812), np.float64(424.8884), np.float64(1174.0828), np.float64(671.0675), np.float64(467.0363), np.float64(1558.497), np.float64(608.0027), np.float64(1055.1669), np.float64(760.7375), np.float64(749.4424), np.float64(698.3668), np.float64(1372.334), np.float64(739.1601), np.float64(636.0561), np.float64(1402.3938), np.float64(911.1632)]",strong,,,273.5973617666928,,metfornet
811.4277371415388,-2,25.79,Man(a1-2)Man6P(a1-6)[Man(a1-3)]Man(a1-6)[Man(a1-3)]Man(b1-4)GlcNAc(b1-4)[Fuc(a1-6)]GlcNAc,"[('Man(a1-2)Man6P(a1-6)[Man(a1-3)]Man(a1-6)[Man(a1-3)]Man(b1-4)GlcNAc(b1-4)[Fuc(a1-6)]GlcNAc', 1.0)]","{'Hex': 6, 'HexNAc': 2, 'dHex': 1, 'P': 1}",2,17.0,0.0820535917489106,"[np.float64(730.0587), np.float64(729.0842), np.float64(1272.1409), np.float64(1069.1321), np.float64(648.0549), np.float64(1254.1733), np.float64(750.7229), np.float64(349.9716), np.float64(1543.2851), np.float64(554.9595), np.float64(649.0239), np.float64(1171.1374), np.float64(889.0815), np.float64(708.0683), np.float64(781.1542), np.float64(730.7142), np.float64(738.1544), np.float64(656.6644), np.float64(709.1433), np.float64(627.2177), np.float64(1381.3583), np.float64(1379.3146), np.float64(1051.1008), np.float64(745.0495), np.float64(699.0917), np.float64(663.5385), np.float64(576.0905), np.float64(367.9633), np.float64(1110.1423), np.float64(1272.8804), np.float64(1219.2537), np.float64(1459.2061), np.float64(567.0862), np.float64(759.5379), np.float64(760.1597), np.float64(871.0743), np.float64(907.1808), np.float64(582.7669), np.float64(571.0844), np.float64(473.9997), np.float64(1525.3034), np.float64(699.9514), np.float64(721.1181), np.float64(626.5207), np.float64(568.0881), np.float64(1155.2881), np.float64(697.7675), np.float64(389.1375), np.float64(648.5713), np.float64(817.1177), np.float64(553.0921), np.float64(778.6603), np.float64(637.2124), np.float64(1092.236), np.float64(484.9811), np.float64(435.0955), np.float64(384.7877), np.float64(698.1431), np.float64(760.7843), np.float64(651.1232), np.float64(690.0343), np.float64(618.0686), np.float64(744.5121), np.float64(709.6828), np.float64(1217.2925), np.float64(586.2197), np.float64(1153.2782), np.float64(1443.3039), np.float64(766.0096), np.float64(1399.1887), np.float64(585.3231), np.float64(619.5296), np.float64(713.0542), np.float64(708.6375), np.float64(546.0384), np.float64(576.5892), np.float64(777.7492), np.float64(700.2209), np.float64(1461.1963), np.float64(353.939), np.float64(1031.123), np.float64(890.283), np.float64(738.6938), np.float64(746.7886), np.float64(1154.2888), np.float64(341.0179), np.float64(783.0704), np.float64(393.0507), np.float64(545.2943), np.float64(749.3724), np.float64(741.1893), np.float64(245.9488), np.float64(1321.41), np.float64(430.0906), np.float64(763.1602), np.float64(731.2551), np.float64(751.9911), np.float64(762.1924), np.float64(1220.235), np.float64(957.378)]",strong,,,212.7072299410614,,metfornet
812.4742500595161,-2,24.87,Gal(b1-4)GlcNAc(b1-2)Man(a1-6)[GlcNAc(b1-2)Man(a1-3)]Man(b1-4)GlcNAc(b1-4)[Fuc(a1-6)]GlcNAc,"[('Gal(b1-4)GlcNAc(b1-2)Man(a1-6)[GlcNAc(b1-2)Man(a1-3)]Man(b1-4)GlcNAc(b1-4)[Fuc(a1-6)]GlcNAc', 1.0)]","{'Hex': 4, 'HexNAc': 4, 'dHex': 1}",1,16.0,0.055401394179984395,"[np.float64(730.1474), np.float64(731.1963), np.float64(1113.214), np.float64(710.6899), np.float64(1445.3642), np.float64(1260.2748), np.float64(628.5554), np.float64(349.9951), np.float64(722.2038), np.float64(423.9874), np.float64(629.7223), np.float64(782.216), np.float64(571.1394), np.float64(649.1616), np.float64(709.1441), np.float64(670.0974), np.float64(1256.2824), np.float64(700.2007), np.float64(1080.2505), np.float64(652.1198), np.float64(1281.3508), np.float64(363.9988), np.float64(679.2879), np.float64(454.1232), np.float64(900.1964), np.float64(526.0535), np.float64(555.9904), np.float64(1461.2992), np.float64(303.8589), np.float64(1096.2581), np.float64(664.5879), np.float64(1404.4048), np.float64(368.136), np.float64(709.9551), np.float64(781.1241), np.float64(730.6553), np.float64(1403.3948), np.float64(688.2016), np.float64(424.9485), np.float64(262.024), np.float64(553.1642), np.float64(1155.2691), np.float64(1258.2147), np.float64(1242.217), np.float64(508.1116), np.float64(711.2943), np.float64(407.0579), np.float64(689.6233), np.float64(382.1609), np.float64(1257.2295), np.float64(748.4089), np.float64(627.5986), np.float64(1442.3232), np.float64(1345.3854), np.float64(1071.4273), np.float64(766.3593), np.float64(547.5015), np.float64(737.2706), np.float64(1076.335), np.float64(1422.3922), np.float64(1218.2824), np.float64(1113.7913), np.float64(650.3445), np.float64(563.1952), np.float64(761.1468), np.float64(620.5427), np.float64(918.2847), np.float64(951.3021), np.float64(1560.3707), np.float64(1054.0606), np.float64(608.0008), np.float64(526.7176), np.float64(1056.3432), np.float64(571.7413), np.float64(619.2365), np.float64(729.1121), np.float64(1239.2909), np.float64(699.6597), np.float64(770.3858), np.float64(1098.4534), np.float64(490.0805), np.float64(637.1642), np.float64(891.3134), np.float64(544.2462), np.float64(583.7128), np.float64(1173.0587), np.float64(670.9544), np.float64(1419.3186), np.float64(720.8588), np.float64(910.215), np.float64(280.9107), np.float64(965.3613), np.float64(732.1812), np.float64(781.6627), np.float64(595.3296), np.float64(680.1672), np.float64(656.1963), np.float64(764.2148), np.float64(780.3488), np.float64(1344.4661)]",strong,,,216.20467351988265,,metfornet
819.4458649894813,-2,21.98,Man(a1-2)Man6P(a1-6)[Man(a1-3)]Man(a1-6)[Man(a1-2)Man(a1-3)]Man(b1-4)GlcNAc(b1-4)GlcNAc,"[('Man(a1-2)Man6P(a1-6)[Man(a1-3)]Man(a1-6)[Man(a1-2)Man(a1-3)]Man(b1-4)GlcNAc(b1-4)GlcNAc', 0.7164284040309351), ('Man(a1-2)Man(a1-2)Man(a1-3)[Man(a1-3)[Man6P(a1-6)]Man(a1-6)]Man(b1-4)GlcNAc(b1-4)GlcNAc', 0.2835715959690649)]","{'Hex': 7, 'HexNAc': 2, 'P': 1}",7,14.0,1.0538398936192674,"[np.float64(636.0448), np.float64(738.1002), np.float64(889.0734), np.float64(789.1018), np.float64(420.936), np.float64(1231.1533), np.float64(657.076), np.float64(1416.1979), np.float64(1434.2048), np.float64(555.0176), np.float64(871.0772), np.float64(402.9116), np.float64(708.0555), np.float64(738.6586), np.float64(485.0172), np.float64(647.0908), np.float64(1333.173), np.float64(717.1015), np.float64(737.16), np.float64(1559.314), np.float64(665.0826), np.float64(636.6798), np.float64(768.1006), np.float64(1397.2796), np.float64(1193.2218), np.float64(707.4982), np.float64(1235.2455), np.float64(466.9965), np.float64(759.0571), np.float64(322.9359), np.float64(1213.128), np.float64(657.6663), np.float64(744.974), np.float64(729.1368), np.float64(1272.1769), np.float64(340.941), np.float64(1315.2111), np.float64(576.0511), np.float64(758.5627), np.float64(889.7514), np.float64(627.0268), np.float64(1069.1372), np.float64(1499.3449), np.float64(727.0213), np.float64(1254.1634), np.float64(773.115), np.float64(708.6517), np.float64(687.1789), np.float64(789.7032), np.float64(739.2181), np.float64(382.9646), np.float64(473.9793), np.float64(1231.8794), np.float64(747.1103), np.float64(434.9823), np.float64(1541.3154), np.float64(258.838), np.float64(407.0471), np.float64(421.5261), np.float64(1171.1496), np.float64(789.9716), np.float64(759.1986), np.float64(1398.2351), np.float64(666.0242), np.float64(707.0192), np.float64(1434.9474), np.float64(991.1459), np.float64(750.1856), np.float64(719.3561), np.float64(949.1205), np.float64(1031.2199), np.float64(1236.157), np.float64(1273.1365), np.float64(973.1275), np.float64(240.8208), np.float64(492.9666), np.float64(729.34), np.float64(677.8921), np.float64(647.994), np.float64(1417.0955), np.float64(779.1909), np.float64(615.1023), np.float64(1477.2108), np.float64(626.5078), np.float64(413.0525), np.float64(666.3069), np.float64(425.0458), np.float64(931.1695), np.float64(1297.1877), np.float64(606.1664), np.float64(780.2553), np.float64(449.0128), np.float64(745.1735), np.float64(1237.219), np.float64(627.2318), np.float64(555.6522), np.float64(565.0365), np.float64(1236.2807), np.float64(412.8377), np.float64(767.5197)]",strong,,,235.87069853902142,,metfornet
820.4956132156661,-2,17.98,Gal(b1-4)GlcNAc(b1-2)Man(a1-3)[Gal(b1-4)GlcNAc(b1-2)Man(a1-6)]Man(b1-4)GlcNAc(b1-4)GlcNAc,"[('Gal(b1-4)GlcNAc(b1-2)Man(a1-3)[Gal(b1-4)GlcNAc(b1-2)Man(a1-6)]Man(b1-4)GlcNAc(b1-4)GlcNAc', 1.0)]","{'Hex': 5, 'HexNAc': 4}",4,9.0,0.030144609726699755,"[np.float64(718.6262), np.float64(637.0889), np.float64(790.1654), np.float64(629.1173), np.float64(739.1462), np.float64(688.5631), np.float64(697.8102), np.float64(617.0446), np.float64(637.7511), np.float64(1418.2928), np.float64(760.181), np.float64(485.0375), np.float64(769.1576), np.float64(737.9484), np.float64(556.1386), np.float64(261.9629), np.float64(709.159), np.float64(737.6262), np.float64(719.2586), np.float64(1420.3569), np.float64(658.045), np.float64(322.9434), np.float64(738.402), np.float64(535.5484), np.float64(740.1724), np.float64(709.7268), np.float64(730.1893), np.float64(712.1323), np.float64(1072.2624), np.float64(1438.3499), np.float64(1275.3587), np.float64(781.3506), np.float64(503.0466), np.float64(713.1963), np.float64(556.6971), np.float64(718.0815), np.float64(638.0381), np.float64(383.03), np.float64(667.629), np.float64(1137.1295), np.float64(611.1735), np.float64(607.7771), np.float64(1276.2139), np.float64(661.6483), np.float64(1235.2955), np.float64(782.2022), np.float64(771.375), np.float64(639.201), np.float64(739.7144), np.float64(771.1022), np.float64(1054.2407), np.float64(623.1422), np.float64(638.4636), np.float64(303.9521), np.float64(636.0782), np.float64(1114.3351), np.float64(766.2228), np.float64(467.1327), np.float64(551.1764), np.float64(599.052), np.float64(658.5743), np.float64(629.8007), np.float64(1113.3031), np.float64(575.5722), np.float64(694.2523), np.float64(760.9132), np.float64(1155.5296), np.float64(575.1121), np.float64(341.0193), np.float64(615.116), np.float64(869.3269), np.float64(752.2079), np.float64(596.2817), np.float64(910.1428), np.float64(454.6665), np.float64(323.2729), np.float64(689.2184), np.float64(1421.7257), np.float64(421.0855), np.float64(1540.5282), np.float64(994.1064), np.float64(688.9538), np.float64(893.1282), np.float64(647.7524), np.float64(466.1402), np.float64(645.1403), np.float64(671.1049), np.float64(514.5721), np.float64(780.4192), np.float64(792.5098), np.float64(720.7686), np.float64(1237.4605), np.float64(631.0302), np.float64(636.5924), np.float64(608.1043), np.float64(744.2702), np.float64(789.591), np.float64(607.213), np.float64(586.758), np.float64(1167.2316)]",strong,,,243.24865275818254,,metfornet
820.4969530079499,-2,23.32,Gal(b1-4)GlcNAc(b1-2)Man(a1-3)[Gal(b1-4)GlcNAc(b1-2)Man(a1-6)]Man(b1-4)GlcNAc(b1-4)GlcNAc,"[('Gal(b1-4)GlcNAc(b1-2)Man(a1-3)[Gal(b1-4)GlcNAc(b1-2)Man(a1-6)]Man(b1-4)GlcNAc(b1-4)GlcNAc', 1.0)]","{'Hex': 5, 'HexNAc': 4}",5,14.0,0.7609776998066017,"[np.float64(637.0919), np.float64(739.1313), np.float64(424.0041), np.float64(636.1201), np.float64(730.1304), np.float64(1461.3187), np.float64(790.1546), np.float64(738.0096), np.float64(1276.2659), np.float64(1275.245), np.float64(381.9335), np.float64(1418.2668), np.float64(637.6498), np.float64(688.0823), np.float64(889.0817), np.float64(670.0999), np.float64(737.5693), np.float64(769.1571), np.float64(465.9816), np.float64(709.1282), np.float64(738.6184), np.float64(636.5573), np.float64(420.9254), np.float64(789.1314), np.float64(616.1203), np.float64(1231.1291), np.float64(656.9592), np.float64(1095.1751), np.float64(583.0158), np.float64(544.0361), np.float64(555.982), np.float64(526.0448), np.float64(1114.2356), np.float64(890.0739), np.float64(363.9533), np.float64(658.0636), np.float64(718.1519), np.float64(425.0328), np.float64(586.0856), np.float64(1232.1332), np.float64(760.1262), np.float64(652.1255), np.float64(1317.2741), np.float64(789.61), np.float64(1416.2348), np.float64(555.0618), np.float64(1113.2192), np.float64(280.83), np.float64(739.7704), np.float64(1419.2683), np.float64(871.1043), np.float64(1401.3403), np.float64(1233.2005), np.float64(407.0351), np.float64(402.92), np.float64(1234.2961), np.float64(1299.3353), np.float64(708.613), np.float64(707.8398), np.float64(910.1765), np.float64(421.9014), np.float64(556.6111), np.float64(700.1648), np.float64(1434.2049), np.float64(891.0737), np.float64(262.9046), np.float64(1417.2628), np.float64(657.8082), np.float64(647.1149), np.float64(1216.3351), np.float64(485.0007), np.float64(1333.1566), np.float64(657.3326), np.float64(707.5793), np.float64(638.351), np.float64(648.0941), np.float64(1462.0111), np.float64(1238.2996), np.float64(730.8098), np.float64(1096.1742), np.float64(322.9625), np.float64(759.0603), np.float64(616.7143), np.float64(1281.384), np.float64(1435.232), np.float64(584.0687), np.float64(778.1502), np.float64(649.1941), np.float64(1559.3668), np.float64(1258.2394), np.float64(745.058), np.float64(1558.371), np.float64(547.062), np.float64(1443.3838), np.float64(727.1476), np.float64(1256.2904), np.float64(575.9934), np.float64(1194.1866), np.float64(1155.2414), np.float64(628.0166)]",strong,,,244.88195605048358,,metfornet
820.5008573985276,-2,19.54,Gal(b1-4)GlcNAc(b1-2)Man(a1-3)[Gal(b1-4)GlcNAc(b1-2)Man(a1-6)]Man(b1-4)GlcNAc(b1-4)GlcNAc,"[('Gal(b1-4)GlcNAc(b1-2)Man(a1-3)[Gal(b1-4)GlcNAc(b1-2)Man(a1-6)]Man(b1-4)GlcNAc(b1-4)GlcNAc', 0.7034633215162258), ('GalNAc(b1-4)GlcNAc(b1-2)Man(a1-3)[Man(a1-3)[Man(a1-6)]Man(a1-6)]Man(b1-4)GlcNAc(b1-4)GlcNAc', 0.1728388328333788), ('GlcNAc(b1-2)Man(a1-3)[Gal(b1-?)GlcNAc(b1-4)][Man(a1-?)Man(a1-6)]Man(b1-4)GlcNAc(b1-4)GlcNAc', 0.1236978456503954)]","{'Hex': 5, 'HexNAc': 4}",3,14.0,0.051692400298035096,"[np.float64(730.1422), np.float64(637.067), np.float64(739.154), np.float64(466.9863), np.float64(1461.3169), np.float64(718.5651), np.float64(790.1667), np.float64(637.6556), np.float64(709.1441), np.float64(556.0555), np.float64(1418.3195), np.float64(628.5848), np.float64(1258.3524), np.float64(769.2051), np.float64(261.9251), np.float64(1276.252), np.float64(547.1298), np.float64(535.5767), np.float64(551.0486), np.float64(730.7937), np.float64(658.0798), np.float64(303.8793), np.float64(1238.3469), np.float64(737.6905), np.float64(535.2717), np.float64(1095.2772), np.float64(760.2147), np.float64(1317.2823), np.float64(509.0491), np.float64(1072.1958), np.float64(649.14), np.float64(790.7169), np.float64(1401.3705), np.float64(1275.2394), np.float64(700.1624), np.float64(697.6792), np.float64(1137.1861), np.float64(738.143), np.float64(670.2571), np.float64(616.3854), np.float64(1419.4057), np.float64(636.1052), np.float64(323.8328), np.float64(568.071), np.float64(708.3671), np.float64(738.6054), np.float64(607.5006), np.float64(550.1599), np.float64(721.2212), np.float64(1113.2963), np.float64(773.8408), np.float64(760.7326), np.float64(749.0614), np.float64(629.3455), np.float64(916.3015), np.float64(719.256), np.float64(759.6451), np.float64(536.2164), np.float64(382.1381), np.float64(1604.305), np.float64(556.9248), np.float64(739.7442), np.float64(466.0198), np.float64(667.2883), np.float64(1114.324), np.float64(1443.2937), np.float64(526.652), np.float64(627.7685), np.float64(655.9255), np.float64(322.9335), np.float64(598.8495), np.float64(364.0762), np.float64(771.1047), np.float64(658.2548), np.float64(1259.6055), np.float64(555.1385), np.float64(1096.1462), np.float64(421.2568), np.float64(596.6815), np.float64(850.1434), np.float64(706.2068), np.float64(688.2196), np.float64(619.1063), np.float64(449.1144), np.float64(455.1608), np.float64(611.4526), np.float64(407.1363), np.float64(1073.3212), np.float64(584.0751), np.float64(777.3602), np.float64(715.246), np.float64(1233.2838), np.float64(262.5437), np.float64(625.1126), np.float64(657.2095), np.float64(638.2588), np.float64(1236.2792), np.float64(709.6565), np.float64(1055.3446), np.float64(467.5818)]",strong,,Possible in-source fragment of Gal(b1-4)GlcNAc(b1-2)Man(a1-3)[Gal(b1-4)GlcNAc(b1-2)Man(a1-6)][GlcNAc(b1-4)]Man(b1-4)GlcNAc(b1-4)GlcNAc,249.64168937824766,,metfornet
832.9732743548619,-2,20.42,GlcNAc(b1-2)Man(a1-3)[GlcNAc(b1-2)Man(a1-6)][GlcNAc(b1-4)]Man(b1-4)GlcNAc(b1-4)[Fuc(a1-6)]GlcNAc,"[('GlcNAc(b1-2)Man(a1-3)[GlcNAc(b1-2)Man(a1-6)][GlcNAc(b1-4)]Man(b1-4)GlcNAc(b1-4)[Fuc(a1-6)]GlcNAc', 1.0)]","{'Hex': 3, 'HexNAc': 5, 'dHex': 1}",7,19.0,0.22806767686145754,"[np.float64(731.1456), np.float64(750.6461), np.float64(649.0917), np.float64(1154.217), np.float64(508.0305), np.float64(576.5626), np.float64(802.6681), np.float64(349.9795), np.float64(729.6345), np.float64(629.5798), np.float64(1297.2602), np.float64(720.6672), np.float64(710.1642), np.float64(951.2156), np.float64(1445.4008), np.float64(261.8907), np.float64(701.1216), np.float64(650.0722), np.float64(368.0239), np.float64(628.1241), np.float64(722.2015), np.float64(685.1488), np.float64(1094.2445), np.float64(730.2285), np.float64(751.2447), np.float64(571.1671), np.float64(490.0961), np.float64(679.1386), np.float64(303.9086), np.float64(900.2463), np.float64(670.1145), np.float64(1299.3044), np.float64(1242.3019), np.float64(619.1002), np.float64(547.6438), np.float64(1463.2837), np.float64(553.1682), np.float64(731.7909), np.float64(1260.31), np.float64(730.4321), np.float64(1196.2348), np.float64(750.0571), np.float64(568.0628), np.float64(1283.3036), np.float64(711.6483), np.float64(550.0787), np.float64(424.0554), np.float64(657.6397), np.float64(1096.2657), np.float64(547.4284), np.float64(1301.3274), np.float64(648.1045), np.float64(475.0525), np.float64(648.3073), np.float64(1281.2963), np.float64(801.084), np.float64(609.0814), np.float64(1080.2951), np.float64(658.2412), np.float64(583.7179), np.float64(741.5969), np.float64(546.0269), np.float64(1062.3131), np.float64(389.0182), np.float64(526.3099), np.float64(629.0989), np.float64(708.7707), np.float64(678.2016), np.float64(801.7084), np.float64(1502.3715), np.float64(732.34), np.float64(993.1918), np.float64(1137.3164), np.float64(741.1474), np.float64(547.0679), np.float64(1442.2685), np.float64(548.5345), np.float64(696.8407), np.float64(781.7464), np.float64(652.1848), np.float64(382.9529), np.float64(630.1879), np.float64(759.6858), np.float64(801.3352), np.float64(772.529), np.float64(640.1269), np.float64(796.2556), np.float64(778.7123), np.float64(608.8447), np.float64(699.673), np.float64(407.0742), np.float64(933.2273), np.float64(1098.3152), np.float64(567.5553), np.float64(873.0548), np.float64(546.438), np.float64(620.0551), np.float64(891.2425), np.float64(616.1769), np.float64(1136.2692)]",strong,,,193.73768503163367,,metfornet
860.1383084050278,-2,25.76,Man(a1-2)Man(a1-3)[Man(a1-2)Man(a1-6)]Man(a1-6)[Man(a1-2)Man(a1-3)]Man(b1-4)GlcNAc(b1-4)GlcNAc,"[('Man(a1-2)Man(a1-3)[Man(a1-2)Man(a1-6)]Man(a1-6)[Man(a1-2)Man(a1-3)]Man(b1-4)GlcNAc(b1-4)GlcNAc', 0.7089371357846423), ('Man(a1-2)Man(a1-2)Man(a1-3)[Man(a1-2)Man(a1-?)[Man(a1-?)]Man(a1-6)]Man(b1-4)GlcNAc(b1-4)GlcNAc', 0.29106286421535765)]","{'Hex': 8, 'HexNAc': 2}",5,9.0,0.21909678088393478,"[np.float64(779.0321), np.float64(778.6474), np.float64(677.0841), np.float64(1639.2564), np.float64(1640.2481), np.float64(697.7214), np.float64(596.0512), np.float64(830.1352), np.float64(484.9895), np.float64(677.6224), np.float64(647.0836), np.float64(1641.271), np.float64(1638.2786), np.float64(749.0248), np.float64(665.0932), np.float64(322.8865), np.float64(1315.2063), np.float64(698.1863), np.float64(1498.3229), np.float64(809.161), np.float64(775.0839), np.float64(737.0897), np.float64(758.0826), np.float64(402.8318), np.float64(596.5939), np.float64(1396.3279), np.float64(340.9406), np.float64(382.9903), np.float64(1316.2279), np.float64(467.0572), np.float64(1235.2883), np.float64(515.0747), np.float64(791.1858), np.float64(1397.2904), np.float64(775.679), np.float64(503.0575), np.float64(616.7138), np.float64(1355.2486), np.float64(778.0279), np.float64(482.8466), np.float64(1234.308), np.float64(667.996), np.float64(769.9161), np.float64(748.5673), np.float64(1620.3363), np.float64(779.6854), np.float64(545.1078), np.float64(756.624), np.float64(1621.2015), np.float64(1619.3146), np.float64(1336.2485), np.float64(1031.1825), np.float64(1193.2372), np.float64(827.2087), np.float64(629.138), np.float64(617.0242), np.float64(1314.2822), np.float64(1499.4191), np.float64(668.2501), np.float64(678.3687), np.float64(818.9549), np.float64(776.2017), np.float64(1623.3419), np.float64(434.0728), np.float64(707.209), np.float64(1642.0626), np.float64(728.0802), np.float64(1364.3142), np.float64(1622.2729), np.float64(738.089), np.float64(799.7947), np.float64(747.4946), np.float64(1143.1906), np.float64(667.5875), np.float64(829.5755), np.float64(666.1132), np.float64(807.6298), np.float64(413.02), np.float64(780.335), np.float64(869.2128), np.float64(515.6366), np.float64(769.4797), np.float64(689.242), np.float64(485.7667), np.float64(1236.378), np.float64(800.2373), np.float64(814.2123), np.float64(719.0458), np.float64(1317.2554), np.float64(1621.5597), np.float64(668.669), np.float64(1337.2358), np.float64(776.4368), np.float64(384.8941), np.float64(1162.1417), np.float64(819.5116), np.float64(403.908), np.float64(655.1341), np.float64(779.8855), np.float64(1236.1158)]",strong,,Possible in-source fragment of Man(a1-2)Man(a1-2)Man(a1-3)[Man(a1-2)Man(a1-3)[Man(a1-2)Man(a1-6)]Man(a1-6)]Man(b1-4)GlcNAc(b1-4)GlcNAc,183.15663149139297,,metfornet
860.4628937920471,-2,21.13,Man(a1-2)Man(a1-2)Man(a1-3)[Man(a1-2)Man(a1-?)[Man(a1-?)]Man(a1-6)]Man(b1-4)GlcNAc(b1-4)GlcNAc,"[('Man(a1-2)Man(a1-2)Man(a1-3)[Man(a1-2)Man(a1-?)[Man(a1-?)]Man(a1-6)]Man(b1-4)GlcNAc(b1-4)GlcNAc', 0.7137264870360956), ('Man(a1-2)Man(a1-3)[Man(a1-2)Man(a1-6)]Man(a1-6)[Man(a1-2)Man(a1-3)]Man(b1-4)GlcNAc(b1-4)GlcNAc', 0.2862735129639044)]","{'Hex': 8, 'HexNAc': 2}",28,16.0,15.70608328653231,"[np.float64(779.1382), np.float64(677.0839), np.float64(698.1259), np.float64(596.0719), np.float64(830.1371), np.float64(485.0138), np.float64(647.0908), np.float64(758.1367), np.float64(1498.2659), np.float64(779.7023), np.float64(749.1609), np.float64(809.1188), np.float64(665.0938), np.float64(737.0976), np.float64(749.0743), np.float64(322.9079), np.float64(830.2059), np.float64(340.928), np.float64(1355.2368), np.float64(1397.2777), np.float64(467.0013), np.float64(791.1027), np.float64(382.9536), np.float64(677.6591), np.float64(515.0382), np.float64(778.8975), np.float64(668.0762), np.float64(800.124), np.float64(1235.2424), np.float64(617.0926), np.float64(1336.2451), np.float64(707.1071), np.float64(698.7238), np.float64(770.1281), np.float64(697.9975), np.float64(1031.166), np.float64(1193.1686), np.float64(827.128), np.float64(1193.2206), np.float64(1639.2533), np.float64(728.1711), np.float64(665.0366), np.float64(749.6505), np.float64(778.601), np.float64(780.273), np.float64(412.9661), np.float64(689.1649), np.float64(830.7456), np.float64(748.5981), np.float64(1640.2295), np.float64(503.0428), np.float64(869.1946), np.float64(1073.2256), np.float64(596.65), np.float64(424.9863), np.float64(407.0069), np.float64(448.9658), np.float64(1638.2395), np.float64(719.042), np.float64(758.7234), np.float64(1337.2839), np.float64(587.0306), np.float64(1313.2337), np.float64(667.5654), np.float64(668.6886), np.float64(899.2344), np.float64(596.8726), np.float64(678.2807), np.float64(971.142), np.float64(629.0313), np.float64(617.2068), np.float64(1559.3261), np.float64(1175.2659), np.float64(1398.2102), np.float64(262.8758), np.float64(1641.1983), np.float64(1379.2909), np.float64(647.7444), np.float64(407.0765), np.float64(719.2165), np.float64(821.2042), np.float64(773.0951), np.float64(818.159), np.float64(434.0567), np.float64(1499.2734), np.float64(485.5708), np.float64(809.7419), np.float64(800.731), np.float64(1174.2219), np.float64(953.2014), np.float64(587.1955), np.float64(778.01), np.float64(626.1856), np.float64(1055.2557), np.float64(1317.3384), np.float64(575.0446), np.float64(809.9413), np.float64(597.2508), np.float64(1151.2175), np.float64(665.7255)]",strong,,Possible in-source fragment of Man(a1-2)Man(a1-2)Man(a1-3)[Man(a1-2)Man(a1-3)[Man(a1-2)Man(a1-6)]Man(a1-6)]Man(b1-4)GlcNAc(b1-4)GlcNAc,194.138431270014,,metfornet
860.4630775631413,-2,22.81,Man(a1-2)Man(a1-3)[Man(a1-2)Man(a1-6)]Man(a1-6)[Man(a1-2)Man(a1-3)]Man(b1-4)GlcNAc(b1-4)GlcNAc,"[('Man(a1-2)Man(a1-3)[Man(a1-2)Man(a1-6)]Man(a1-6)[Man(a1-2)Man(a1-3)]Man(b1-4)GlcNAc(b1-4)GlcNAc', 0.6877665661083948), ('Man(a1-2)Man(a1-2)Man(a1-3)[Man(a1-2)Man(a1-?)[Man(a1-?)]Man(a1-6)]Man(b1-4)GlcNAc(b1-4)GlcNAc', 0.3122334338916051)]","{'Hex': 8, 'HexNAc': 2}",31,10.0,8.699580329473834,"[np.float64(778.8744), np.float64(1639.2698), np.float64(677.1272), np.float64(1640.2538), np.float64(778.7105), np.float64(779.1554), np.float64(1641.2492), np.float64(596.1074), np.float64(677.6085), np.float64(697.7353), np.float64(485.0104), np.float64(697.899), np.float64(647.0893), np.float64(1638.2857), np.float64(779.6824), np.float64(665.0806), np.float64(322.893), np.float64(737.0981), np.float64(340.9185), np.float64(698.1721), np.float64(1498.2716), np.float64(830.0726), np.float64(809.1156), np.float64(596.5925), np.float64(515.0816), np.float64(467.0025), np.float64(778.0614), np.float64(382.9641), np.float64(1642.2476), np.float64(791.1093), np.float64(1397.273), np.float64(749.167), np.float64(748.9635), np.float64(596.2445), np.float64(1621.2648), np.float64(1499.2587), np.float64(1355.2484), np.float64(748.5796), np.float64(830.3016), np.float64(1396.3016), np.float64(616.8545), np.float64(758.2066), np.float64(485.9196), np.float64(678.152), np.float64(1235.2467), np.float64(648.0187), np.float64(1336.2456), np.float64(503.0241), np.float64(1234.2974), np.float64(698.6757), np.float64(707.0627), np.float64(757.9769), np.float64(1193.2031), np.float64(1031.1883), np.float64(757.6175), np.float64(668.1199), np.float64(756.8231), np.float64(617.1514), np.float64(1622.284), np.float64(667.8864), np.float64(616.6109), np.float64(666.0255), np.float64(412.9696), np.float64(827.1543), np.float64(1619.2704), np.float64(770.0867), np.float64(769.8644), np.float64(1620.2459), np.float64(738.0513), np.float64(629.0774), np.float64(869.1649), np.float64(800.1214), np.float64(810.0081), np.float64(747.4901), np.float64(667.593), np.float64(830.6913), np.float64(807.6257), np.float64(1477.2542), np.float64(545.0705), np.float64(262.8466), np.float64(515.5811), np.float64(406.0657), np.float64(756.5583), np.float64(1337.2516), np.float64(1637.2733), np.float64(1623.2411), np.float64(749.6838), np.float64(1416.1803), np.float64(769.6133), np.float64(779.881), np.float64(780.2537), np.float64(747.6897), np.float64(424.9672), np.float64(575.0553), np.float64(449.0097), np.float64(597.0605), np.float64(323.8343), np.float64(899.1638), np.float64(792.1158), np.float64(1398.1958)]",strong,,Possible in-source fragment of Man(a1-2)Man(a1-2)Man(a1-3)[Man(a1-2)Man(a1-3)[Man(a1-2)Man(a1-6)]Man(a1-6)]Man(b1-4)GlcNAc(b1-4)GlcNAc,194.35204509638032,,metfornet
861.5095305584831,-2,17.15,GalNAc(b1-4)GlcNAc(b1-2)Man(a1-3)[GalNAc(b1-4)GlcNAc(b1-2)Man(a1-6)]Man(b1-4)GlcNAc(b1-4)GlcNAc,"[('GalNAc(b1-4)GlcNAc(b1-2)Man(a1-3)[GalNAc(b1-4)GlcNAc(b1-2)Man(a1-6)]Man(b1-4)GlcNAc(b1-4)GlcNAc', 1.0)]","{'Hex': 3, 'HexNAc': 6}",2,7.0,0.006853902824008162,"[np.float64(831.6946), np.float64(750.4385), np.float64(780.1818), np.float64(758.2624), np.float64(831.0863), np.float64(699.1686), np.float64(779.6441), np.float64(678.0035), np.float64(809.2908), np.float64(594.259), np.float64(792.8359), np.float64(751.1259), np.float64(759.3187), np.float64(1484.454), np.float64(832.7031), np.float64(640.34), np.float64(742.543), np.float64(778.6927), np.float64(780.8616), np.float64(647.2791), np.float64(819.7131), np.float64(719.2556), np.float64(804.7822), np.float64(1133.2001), np.float64(1638.4659), np.float64(822.7745), np.float64(971.1634), np.float64(809.9806), np.float64(771.6808), np.float64(669.1146), np.float64(869.2563), np.float64(618.6818), np.float64(406.0372), np.float64(779.3026), np.float64(761.6826), np.float64(800.2418), np.float64(801.6381), np.float64(1058.0844), np.float64(677.1309), np.float64(1137.327), np.float64(1237.5662), np.float64(1400.3309), np.float64(696.3884), np.float64(1684.1533), np.float64(637.1429), np.float64(419.2126), np.float64(1478.5026), np.float64(758.7181), np.float64(1683.5088), np.float64(823.2314), np.float64(341.1336), np.float64(673.3919), np.float64(467.0624), np.float64(1325.4036), np.float64(247.8851), np.float64(596.6365), np.float64(832.2292), np.float64(1382.4115), np.float64(1295.4063), np.float64(1549.3314), np.float64(771.0165), np.float64(1544.2066), np.float64(824.6848), np.float64(601.0114), np.float64(827.1849), np.float64(588.5943), np.float64(770.0998), np.float64(545.2597), np.float64(798.2673), np.float64(425.006)]",strong,,,216.9375814749416,,metfornet
881.0063484058074,-2,25.12,Gal(a1-3)Gal(b1-4)GlcNAc(b1-2)Man(a1-3)[Man(a1-3)[Man(a1-6)]Man(a1-6)]Man(b1-4)GlcNAc(b1-4)GlcNAc,"[('Gal(a1-3)Gal(b1-4)GlcNAc(b1-2)Man(a1-3)[Man(a1-3)[Man(a1-6)]Man(a1-6)]Man(b1-4)GlcNAc(b1-4)GlcNAc', 0.6837343408232253), ('Gal(b1-4)GlcNAc(b1-2)Man(a1-3)[Man(a1-2)Man(a1-?)[Man(a1-?)]Man(a1-6)]Man(b1-4)GlcNAc(b1-4)GlcNAc', 0.16210976337243987), ('Gal(b1-4)GlcNAc(b1-2)Man(a1-3)[Man(a1-2)Man(a1-6)[Man(a1-3)]Man(a1-6)]Man(b1-4)GlcNAc(b1-4)GlcNAc', 0.15415589580433486)]","{'Hex': 7, 'HexNAc': 3}",8,19.0,1.167314855592132,"[np.float64(697.5888), np.float64(850.6442), np.float64(718.6126), np.float64(1438.2862), np.float64(799.6269), np.float64(1420.2779), np.float64(586.0577), np.float64(1235.2248), np.float64(1539.2662), np.float64(424.9579), np.float64(629.0648), np.float64(829.6438), np.float64(442.9785), np.float64(1396.2952), np.float64(503.022), np.float64(322.9061), np.float64(688.6777), np.float64(778.6482), np.float64(820.6438), np.float64(544.0239), np.float64(647.0872), np.float64(575.0632), np.float64(526.057), np.float64(1378.2546), np.float64(616.8211), np.float64(1073.1961), np.float64(340.9188), np.float64(617.1169), np.float64(616.5439), np.float64(769.3563), np.float64(769.6949), np.float64(790.6196), np.float64(484.9927), np.float64(769.0915), np.float64(304.9076), np.float64(800.2455), np.float64(1072.1627), np.float64(709.5968), np.float64(698.171), np.float64(1360.251), np.float64(1175.233), np.float64(637.7166), np.float64(1276.2824), np.float64(545.0374), np.float64(820.8053), np.float64(688.0987), np.float64(1258.2959), np.float64(1193.234), np.float64(1681.2843), np.float64(406.9931), np.float64(851.2627), np.float64(830.2367), np.float64(748.5846), np.float64(1054.1977), np.float64(841.6997), np.float64(719.2134), np.float64(770.1812), np.float64(779.205), np.float64(838.7095), np.float64(676.6035), np.float64(676.8103), np.float64(707.1326), np.float64(1215.251), np.float64(535.5658), np.float64(790.6893), np.float64(1197.2079), np.float64(1582.3292), np.float64(611.0523), np.float64(1354.2609), np.float64(1420.995), np.float64(586.922), np.float64(605.9791), np.float64(1234.2981), np.float64(1402.2847), np.float64(1012.2175), np.float64(698.3834), np.float64(1031.2643), np.float64(667.565), np.float64(383.0268), np.float64(1540.277), np.float64(1217.2204), np.float64(699.202), np.float64(1114.1942), np.float64(1439.0607), np.float64(1682.2824), np.float64(535.8549), np.float64(791.2963), np.float64(760.6269), np.float64(689.1632), np.float64(596.159), np.float64(811.6857), np.float64(813.6513), np.float64(1235.9765), np.float64(696.2126), np.float64(748.7294), np.float64(798.2311), np.float64(586.6237), np.float64(1055.2002), np.float64(1722.4473), np.float64(799.0316)]",strong,,,223.85223824727106,,metfornet
893.544808639787,-2,25.53,Gal(b1-4)GlcNAc(b1-2)Man(a1-3)[Gal(b1-4)GlcNAc(b1-2)Man(a1-6)]Man(b1-4)GlcNAc(b1-4)[Fuc(a1-6)]GlcNAc,"[('Gal(b1-4)GlcNAc(b1-2)Man(a1-3)[Gal(b1-4)GlcNAc(b1-2)Man(a1-6)]Man(b1-4)GlcNAc(b1-4)[Fuc(a1-6)]GlcNAc', 1.0)]","{'Hex': 5, 'HexNAc': 4, 'dHex': 1}",15,15.0,1.2216633054123502,"[np.float64(811.1426), np.float64(812.1403), np.float64(1275.2438), np.float64(803.1506), np.float64(1607.3314), np.float64(1422.3105), np.float64(790.1426), np.float64(730.1195), np.float64(423.9855), np.float64(1418.2684), np.float64(349.9728), np.float64(637.0726), np.float64(710.6207), np.float64(688.0884), np.float64(1443.2954), np.float64(721.1157), np.float64(791.1221), np.float64(782.1276), np.float64(670.1078), np.float64(381.9449), np.float64(781.1344), np.float64(863.1557), np.float64(1258.2492), np.float64(791.6476), np.float64(571.098), np.float64(1317.2649), np.float64(778.6677), np.float64(1260.2851), np.float64(832.6038), np.float64(526.0497), np.float64(367.9929), np.float64(863.284), np.float64(745.6584), np.float64(465.9572), np.float64(809.633), np.float64(628.5975), np.float64(553.0961), np.float64(862.0809), np.float64(544.071), np.float64(1565.3322), np.float64(778.9759), np.float64(779.2798), np.float64(616.1243), np.float64(1233.246), np.float64(363.9677), np.float64(1380.3434), np.float64(1095.2217), np.float64(810.1597), np.float64(1463.3421), np.float64(708.8592), np.float64(709.6662), np.float64(811.1768), np.float64(652.1513), np.float64(842.1672), np.float64(1242.3343), np.float64(839.6981), np.float64(629.6042), np.float64(851.1867), np.float64(1113.218), np.float64(708.6009), np.float64(812.7388), np.float64(689.5355), np.float64(862.6279), np.float64(586.0408), np.float64(586.1309), np.float64(810.5757), np.float64(1445.3142), np.float64(1218.2797), np.float64(738.6315), np.float64(862.394), np.float64(443.0035), np.float64(731.2507), np.float64(700.082), np.float64(758.8307), np.float64(406.9865), np.float64(832.1607), np.float64(730.6514), np.float64(833.2377), np.float64(1215.2172), np.float64(709.121), np.float64(840.898), np.float64(730.9904), np.float64(779.6991), np.float64(861.8696), np.float64(1427.3409), np.float64(1623.3182), np.float64(820.2224), np.float64(861.5127), np.float64(1096.209), np.float64(722.2875), np.float64(861.082), np.float64(424.9725), np.float64(689.6865), np.float64(769.1565), np.float64(389.0483), np.float64(840.1437), np.float64(1721.3974), np.float64(709.3447), np.float64(1154.2493), np.float64(809.1209)]",strong,,,246.02617532307994,,metfornet
895.3215336479814,-1,24.1,Man(a1-?)Man(b1-4)GlcNAc(b1-4)[Fuc(a1-6)]GlcNAc,"[('Man(a1-?)Man(b1-4)GlcNAc(b1-4)[Fuc(a1-6)]GlcNAc', 1.0)]","{'Hex': 2, 'HexNAc': 2, 'dHex': 1}",9,6.0,2.0707102160497897,"[np.float64(731.1461), np.float64(571.1095), np.float64(853.1877), np.float64(553.1024), np.float64(349.9775), np.float64(749.1192), np.float64(733.1716), np.float64(835.184), np.float64(689.1612), np.float64(774.1267), np.float64(382.9763), np.float64(368.0258), np.float64(526.0489), np.float64(340.9686), np.float64(750.2027), np.float64(572.1422), np.float64(734.0938), np.float64(792.1568), np.float64(713.1286), np.float64(671.1248), np.float64(586.1144), np.float64(762.0912), np.float64(389.0545), np.float64(734.2571), np.float64(763.1262), np.float64(407.0398), np.float64(709.6137), np.float64(862.927), np.float64(600.1379), np.float64(862.6336), np.float64(443.0777), np.float64(611.1033), np.float64(851.2008), np.float64(812.7095), np.float64(793.1037), np.float64(424.9953), np.float64(811.5372), np.float64(812.333), np.float64(320.8651), np.float64(803.8154), np.float64(803.2787), np.float64(641.1502), np.float64(710.1031), np.float64(833.1377), np.float64(322.9939), np.float64(775.3728), np.float64(467.9764), np.float64(730.1735), np.float64(731.8686), np.float64(775.1397), np.float64(524.0856), np.float64(424.0101), np.float64(858.5186), np.float64(408.0709), np.float64(710.4196), np.float64(280.926), np.float64(570.0494), np.float64(587.0365), np.float64(863.6026), np.float64(526.2395), np.float64(863.3355), np.float64(1275.2509), np.float64(791.3204), np.float64(1711.451), np.float64(729.1879), np.float64(507.9762), np.float64(535.1428), np.float64(732.1953), np.float64(511.1203), np.float64(834.2869), np.float64(805.1932), np.float64(790.7243), np.float64(730.4224), np.float64(774.8821), np.float64(811.238), np.float64(528.1064), np.float64(612.3865), np.float64(854.6373), np.float64(713.3364), np.float64(599.1226), np.float64(553.9064), np.float64(365.0343), np.float64(653.1713), np.float64(804.6007), np.float64(675.9711), np.float64(552.0695), np.float64(688.2064), np.float64(544.081), np.float64(641.8608), np.float64(792.4198), np.float64(740.1627), np.float64(853.9003), np.float64(848.7265), np.float64(751.314), np.float64(812.1186), np.float64(711.1646), np.float64(779.1776), np.float64(569.1547), np.float64(793.298), np.float64(864.6336)]",strong,,,21.383985397731873,,metfornet
901.5033001256063,-2,25.08,Gal(a1-3)Gal(b1-4)GlcNAc(b1-2)Man(a1-6)[Gal(b1-4)GlcNAc(b1-2)Man(a1-3)]Man(b1-4)GlcNAc(b1-4)GlcNAc,"[('Gal(a1-3)Gal(b1-4)GlcNAc(b1-2)Man(a1-6)[Gal(b1-4)GlcNAc(b1-2)Man(a1-3)]Man(b1-4)GlcNAc(b1-4)GlcNAc', 1.0)]","{'Hex': 6, 'HexNAc': 4}",17,12.0,2.421238817018279,"[np.float64(718.1035), np.float64(871.1496), np.float64(820.147), np.float64(850.1472), np.float64(811.1597), np.float64(1479.305), np.float64(586.0586), np.float64(423.9813), np.float64(424.957), np.float64(1580.3031), np.float64(739.1201), np.float64(718.6796), np.float64(1461.2992), np.float64(442.9633), np.float64(832.1298), np.float64(544.0439), np.float64(1276.2538), np.float64(1623.339), np.float64(1438.3095), np.float64(1437.2739), np.float64(688.1175), np.float64(526.0414), np.float64(381.9601), np.float64(790.1753), np.float64(717.0979), np.float64(799.1581), np.float64(637.1046), np.float64(841.1687), np.float64(670.075), np.float64(340.9241), np.float64(1419.3343), np.float64(814.1369), np.float64(748.122), np.float64(819.0118), np.float64(789.5976), np.float64(1257.2447), np.float64(859.1463), np.float64(789.9924), np.float64(709.1122), np.float64(628.0853), np.float64(1114.1842), np.float64(697.3509), np.float64(1113.199), np.float64(706.1073), np.float64(781.1152), np.float64(1072.2315), np.float64(717.3543), np.float64(819.3834), np.float64(1396.2976), np.float64(637.6625), np.float64(1563.3639), np.float64(465.9363), np.float64(697.0995), np.float64(818.5316), np.float64(407.0325), np.float64(582.9877), np.float64(850.9874), np.float64(1299.2957), np.float64(859.38), np.float64(820.7736), np.float64(738.0341), np.float64(871.762), np.float64(363.9658), np.float64(1114.3404), np.float64(402.8921), np.float64(1216.2264), np.float64(1234.2808), np.float64(1393.2169), np.float64(1096.2295), np.float64(1395.2529), np.float64(819.6236), np.float64(870.2074), np.float64(1401.3064), np.float64(697.6871), np.float64(850.7803), np.float64(870.0052), np.float64(1378.3031), np.float64(1581.2469), np.float64(719.2114), np.float64(871.9899), np.float64(652.1347), np.float64(851.5629), np.float64(1462.0146), np.float64(1095.2256), np.float64(1317.2652), np.float64(1400.3407), np.float64(1397.3934), np.float64(910.1717), np.float64(730.1567), np.float64(799.2859), np.float64(616.1519), np.float64(859.7154), np.float64(778.1771), np.float64(556.0678), np.float64(811.7739), np.float64(382.991), np.float64(717.5891), np.float64(760.102), np.float64(1480.2375), np.float64(769.169)]",strong,,,200.6194565877405,,metfornet
911.269653786589,-1,19.91,Man(a1-3)[Man(a1-6)]Man(b1-4)GlcNAc(b1-4)GlcNAc,"[('Man(a1-3)[Man(a1-6)]Man(b1-4)GlcNAc(b1-4)GlcNAc', 1.0)]","{'Hex': 3, 'HexNAc': 2}",1,8.0,0.012167147644110664,"[np.float64(749.0771), np.float64(587.0547), np.float64(859.1946), np.float64(750.2033), np.float64(857.2167), np.float64(712.3805), np.float64(424.8991), np.float64(349.9649), np.float64(382.9889), np.float64(443.0173), np.float64(422.9688), np.float64(527.0577), np.float64(748.2335), np.float64(811.2359), np.float64(569.337), np.float64(850.2709), np.float64(588.1349), np.float64(867.5629), np.float64(628.0558), np.float64(1663.5958), np.float64(735.2236), np.float64(891.8107), np.float64(813.7174), np.float64(1722.5038), np.float64(829.8869), np.float64(833.8077), np.float64(730.2181), np.float64(1665.4193), np.float64(871.73), np.float64(733.2273), np.float64(568.1766), np.float64(1682.2936), np.float64(586.2605), np.float64(484.1741), np.float64(877.0193), np.float64(880.3527), np.float64(415.0053), np.float64(872.9358), np.float64(707.2641), np.float64(1648.6259)]",strong,,,72.33977788944566,,metfornet
911.3255697470508,-1,23.49,Man(a1-3)[Man(a1-6)]Man(b1-4)GlcNAc(b1-4)GlcNAc,"[('Man(a1-3)[Man(a1-6)]Man(b1-4)GlcNAc(b1-4)GlcNAc', 1.0)]","{'Hex': 3, 'HexNAc': 2}",2,9.0,0.2458306516624693,"[np.float64(545.0729), np.float64(749.1649), np.float64(851.207), np.float64(688.1075), np.float64(869.2195), np.float64(1721.3849), np.float64(1722.2865), np.float64(1720.4479), np.float64(750.1999), np.float64(322.9243), np.float64(382.9537), np.float64(587.0784), np.float64(689.1413), np.float64(424.9683), np.float64(1723.2681), np.float64(748.2086), np.float64(809.2088), np.float64(605.1746), np.float64(503.0826), np.float64(407.0798), np.float64(860.1362), np.float64(707.1371), np.float64(526.0073), np.float64(304.9869), np.float64(690.0962), np.float64(861.1466), np.float64(790.2477), np.float64(808.1909), np.float64(545.7782), np.float64(730.0848), np.float64(868.2874), np.float64(747.1979), np.float64(829.9503), np.float64(791.1144), np.float64(788.7926), np.float64(731.2097), np.float64(865.0192), np.float64(1724.5731), np.float64(549.0699), np.float64(818.6254), np.float64(828.7473), np.float64(749.6979), np.float64(829.55), np.float64(869.9615), np.float64(751.2138), np.float64(729.135), np.float64(867.1942), np.float64(569.1251), np.float64(728.243), np.float64(850.2643), np.float64(585.2044), np.float64(806.3289), np.float64(737.1444), np.float64(301.0177), np.float64(717.1523), np.float64(1680.0472), np.float64(849.44), np.float64(873.1454), np.float64(881.1788), np.float64(757.877), np.float64(559.1897), np.float64(443.1472), np.float64(821.2949), np.float64(670.185), np.float64(1448.3144), np.float64(1758.457), np.float64(878.2634), np.float64(508.1837), np.float64(827.0211), np.float64(1152.3216), np.float64(604.1756), np.float64(712.2434), np.float64(323.4071), np.float64(722.1146), np.float64(862.7609), np.float64(668.1008), np.float64(807.0421), np.float64(467.1723), np.float64(819.1913), np.float64(320.999), np.float64(1236.5319), np.float64(527.0576), np.float64(788.0603), np.float64(396.4881), np.float64(827.8103), np.float64(820.2032), np.float64(819.623), np.float64(879.1495), np.float64(852.7065), np.float64(364.9913), np.float64(588.2171), np.float64(818.1437), np.float64(670.8027), np.float64(686.0652), np.float64(858.3125), np.float64(1036.8579), np.float64(405.1252), np.float64(653.5761), np.float64(872.6855), np.float64(323.7925)]",strong,,,10.983717933523563,,metfornet
922.0195342530216,-2,19.57,Gal(b1-4)GlcNAc(b1-2)Man(a1-3)[Gal(b1-4)GlcNAc(b1-2)Man(a1-6)][GlcNAc(b1-4)]Man(b1-4)GlcNAc(b1-4)GlcNAc,"[('Gal(b1-4)GlcNAc(b1-2)Man(a1-3)[Gal(b1-4)GlcNAc(b1-2)Man(a1-6)][GlcNAc(b1-4)]Man(b1-4)GlcNAc(b1-4)GlcNAc', 1.0)]","{'Hex': 5, 'HexNAc': 5}",22,16.0,1.0122807216773606,"[np.float64(738.6107), np.float64(840.6529), np.float64(820.0732), np.float64(891.6733), np.float64(831.646), np.float64(670.0857), np.float64(739.1769), np.float64(423.989), np.float64(832.0865), np.float64(810.6787), np.float64(1621.3015), np.float64(657.6259), np.float64(652.0964), np.float64(637.049), np.float64(1479.3113), np.float64(870.6842), np.float64(839.1681), np.float64(790.1252), np.float64(801.6409), np.float64(424.9718), np.float64(840.0833), np.float64(1664.3432), np.float64(861.6707), np.float64(1623.3621), np.float64(586.0794), np.float64(840.4579), np.float64(1317.2863), np.float64(839.6931), np.float64(758.2), np.float64(759.6626), np.float64(811.1996), np.float64(381.9327), np.float64(759.548), np.float64(799.1943), np.float64(814.127), np.float64(718.6134), np.float64(648.5842), np.float64(1298.2605), np.float64(1257.2187), np.float64(1478.3324), np.float64(754.1621), np.float64(750.6211), np.float64(730.1885), np.float64(841.2949), np.float64(839.4274), np.float64(810.4425), np.float64(758.7749), np.float64(1113.212), np.float64(1461.2948), np.float64(717.923), np.float64(810.1057), np.float64(485.0278), np.float64(1299.2885), np.float64(729.9553), np.float64(658.173), np.float64(1275.2562), np.float64(758.3942), np.float64(526.0666), np.float64(677.4631), np.float64(1502.3097), np.float64(637.69), np.float64(1604.3423), np.float64(363.9932), np.float64(677.0662), np.float64(729.4152), np.float64(890.7446), np.float64(1299.366), np.float64(820.7134), np.float64(819.6406), np.float64(717.6378), np.float64(649.2226), np.float64(891.0705), np.float64(533.0537), np.float64(637.1412), np.float64(780.7498), np.float64(933.2104), np.float64(628.1005), np.float64(657.9821), np.float64(709.1793), np.float64(1418.2807), np.float64(809.143), np.float64(442.9728), np.float64(407.028), np.float64(466.0283), np.float64(708.9168), np.float64(1520.4096), np.float64(820.2828), np.float64(556.0795), np.float64(544.0529), np.float64(708.5716), np.float64(1443.3648), np.float64(1137.3162), np.float64(861.4684), np.float64(729.6688), np.float64(827.1597), np.float64(739.7946), np.float64(1419.2605), np.float64(383.0049), np.float64(1520.2579), np.float64(748.1913)]",strong,,,199.33805732703934,,metfornet
941.1420984339151,-2,25.76,Man(a1-2)Man(a1-2)Man(a1-3)[Man(a1-2)Man(a1-3)[Man(a1-2)Man(a1-6)]Man(a1-6)]Man(b1-4)GlcNAc(b1-4)GlcNAc,"[('Man(a1-2)Man(a1-2)Man(a1-3)[Man(a1-2)Man(a1-3)[Man(a1-2)Man(a1-6)]Man(a1-6)]Man(b1-4)GlcNAc(b1-4)GlcNAc', 1.0)]","{'Hex': 9, 'HexNAc': 2}",5,18.0,0.18842036016436745,"[np.float64(859.6768), np.float64(758.1046), np.float64(859.9129), np.float64(677.1414), np.float64(860.2069), np.float64(778.8838), np.float64(809.136), np.float64(485.002), np.float64(778.6375), np.float64(827.1279), np.float64(1801.3319), np.float64(911.0827), np.float64(758.6453), np.float64(829.615), np.float64(830.1351), np.float64(322.9557), np.float64(1802.3068), np.float64(596.112), np.float64(697.6818), np.float64(466.9992), np.float64(340.9174), np.float64(899.1143), np.float64(1660.3023), np.float64(971.1757), np.float64(647.1018), np.float64(596.3384), np.float64(382.9549), np.float64(779.1858), np.float64(748.6251), np.float64(1558.3835), np.float64(839.2412), np.float64(1559.3169), np.float64(850.6125), np.float64(1800.3399), np.float64(1477.2808), np.float64(1397.2954), np.float64(953.2854), np.float64(677.6633), np.float64(838.9191), np.float64(515.0876), np.float64(838.6598), np.float64(1781.3559), np.float64(698.1822), np.float64(1396.2837), np.float64(759.3649), np.float64(748.9035), np.float64(860.4666), np.float64(737.2064), np.float64(665.1462), np.float64(1476.2829), np.float64(869.2172), np.float64(881.1791), np.float64(1498.3587), np.float64(1782.3392), np.float64(1517.3216), np.float64(860.7545), np.float64(810.2412), np.float64(1803.1536), np.float64(1783.3962), np.float64(402.9267), np.float64(425.0473), np.float64(910.7256), np.float64(851.1044), np.float64(861.1319), np.float64(503.0657), np.float64(972.1431), np.float64(545.1308), np.float64(779.6933), np.float64(749.1534), np.float64(890.4621), np.float64(791.0975), np.float64(413.0243), np.float64(828.1699), np.float64(911.7713), np.float64(1193.2936), np.float64(890.2474), np.float64(1540.3207), np.float64(859.1462), np.float64(482.8986), np.float64(851.3429), np.float64(1661.3358), np.float64(1478.2314), np.float64(757.5663), np.float64(837.5502), np.float64(827.7024), np.float64(424.1354), np.float64(902.1995), np.float64(668.1747), np.float64(889.7061), np.float64(880.834), np.float64(406.0349), np.float64(769.7829), np.float64(486.0247), np.float64(800.1402), np.float64(829.0479), np.float64(678.0104), np.float64(776.5884), np.float64(1541.392), np.float64(828.4233), np.float64(820.7234)]",strong,,,191.41039198789366,,metfornet
941.3828190893014,-2,17.47,Man(a1-2)Man(a1-2)Man(a1-3)[Man(a1-2)Man(a1-3)[Man(a1-2)Man(a1-6)]Man(a1-6)]Man(b1-4)GlcNAc(b1-4)GlcNAc,"[('Man(a1-2)Man(a1-2)Man(a1-3)[Man(a1-2)Man(a1-3)[Man(a1-2)Man(a1-6)]Man(a1-6)]Man(b1-4)GlcNAc(b1-4)GlcNAc', 1.0)]","{'Hex': 9, 'HexNAc': 2}",2,9.0,0.015142470721131172,"[np.float64(758.1395), np.float64(839.7161), np.float64(871.0343), np.float64(911.1292), np.float64(860.1882), np.float64(1475.2401), np.float64(809.6065), np.float64(881.1034), np.float64(890.229), np.float64(1662.2389), np.float64(830.0545), np.float64(758.6197), np.float64(1660.3602), np.float64(869.5468), np.float64(889.3223), np.float64(904.0634), np.float64(818.6734), np.float64(896.2759), np.float64(829.7791), np.float64(863.1672), np.float64(830.6268), np.float64(738.0883), np.float64(860.6658), np.float64(1272.1017), np.float64(677.6581), np.float64(827.1916), np.float64(799.8341), np.float64(808.7722), np.float64(745.2066), np.float64(1476.0411), np.float64(771.1438), np.float64(1516.1443), np.float64(971.1453), np.float64(953.1482), np.float64(831.3599), np.float64(851.3513), np.float64(1397.446), np.float64(1680.289), np.float64(728.7485), np.float64(1704.4167), np.float64(759.2229), np.float64(1399.1215), np.float64(1479.2432), np.float64(656.5933), np.float64(1620.2709), np.float64(788.648), np.float64(575.6851), np.float64(902.8965), np.float64(1618.2836), np.float64(1801.2601), np.float64(1254.3235), np.float64(819.2585), np.float64(677.0937), np.float64(908.6046), np.float64(1559.2006), np.float64(871.6856), np.float64(749.6496), np.float64(1643.3272), np.float64(1560.3407), np.float64(425.0487), np.float64(1577.0867), np.float64(1152.1492), np.float64(810.304), np.float64(696.8988), np.float64(1137.0659), np.float64(485.2074), np.float64(1166.5618), np.float64(1217.233), np.float64(803.7346), np.float64(1374.1596), np.float64(341.7062), np.float64(647.5505), np.float64(1785.4929), np.float64(821.1344), np.float64(304.0444), np.float64(923.4801), np.float64(833.2958), np.float64(466.9727), np.float64(957.3054), np.float64(1541.3426), np.float64(716.1356), np.float64(1642.4983), np.float64(709.0514), np.float64(1800.5028), np.float64(787.0583), np.float64(1275.074), np.float64(364.0036), np.float64(1176.3614), np.float64(1437.6193), np.float64(583.1769), np.float64(858.7685), np.float64(463.0899), np.float64(1802.297), np.float64(749.2652), np.float64(690.1801)]",strong,,,64.31568737016272,,metfornet
941.5249048311904,-2,21.35,Man(a1-2)Man(a1-2)Man(a1-3)[Man(a1-2)Man(a1-3)[Man(a1-2)Man(a1-6)]Man(a1-6)]Man(b1-4)GlcNAc(b1-4)GlcNAc,"[('Man(a1-2)Man(a1-2)Man(a1-3)[Man(a1-2)Man(a1-3)[Man(a1-2)Man(a1-6)]Man(a1-6)]Man(b1-4)GlcNAc(b1-4)GlcNAc', 1.0)]","{'Hex': 9, 'HexNAc': 2}",22,20.0,17.973957540259182,"[np.float64(860.1438), np.float64(758.1161), np.float64(911.1619), np.float64(677.0857), np.float64(779.1402), np.float64(830.1388), np.float64(809.1282), np.float64(839.1534), np.float64(827.1272), np.float64(485.0048), np.float64(1660.2884), np.float64(749.0809), np.float64(890.1685), np.float64(881.1641), np.float64(596.0728), np.float64(322.8893), np.float64(899.165), np.float64(971.1658), np.float64(860.7349), np.float64(698.1188), np.float64(340.9223), np.float64(466.9952), np.float64(1517.2739), np.float64(1559.3042), np.float64(1477.2393), np.float64(953.1543), np.float64(382.9616), np.float64(1397.2855), np.float64(758.693), np.float64(851.15), np.float64(869.1678), np.float64(401.8565), np.float64(1498.268), np.float64(1478.2182), np.float64(647.0907), np.float64(829.6257), np.float64(830.7752), np.float64(665.0893), np.float64(911.7735), np.float64(728.1619), np.float64(737.1474), np.float64(668.0257), np.float64(515.0555), np.float64(800.1334), np.float64(1193.2056), np.float64(812.1403), np.float64(779.7228), np.float64(677.6674), np.float64(791.1335), np.float64(1355.2156), np.float64(748.5852), np.float64(861.3559), np.float64(407.027), np.float64(1479.2368), np.float64(759.2898), np.float64(1398.2897), np.float64(788.1348), np.float64(1355.3547), np.float64(707.1304), np.float64(677.8823), np.float64(1541.289), np.float64(1499.3753), np.float64(770.1955), np.float64(412.9545), np.float64(424.991), np.float64(1235.2521), np.float64(1661.2082), np.float64(902.2234), np.float64(840.0178), np.float64(449.0003), np.float64(1336.1918), np.float64(809.7648), np.float64(1031.0961), np.float64(545.0586), np.float64(481.8366), np.float64(749.6809), np.float64(503.0006), np.float64(895.1796), np.float64(1073.2256), np.float64(1499.2326), np.float64(820.6367), np.float64(866.6201), np.float64(668.2352), np.float64(839.7397), np.float64(1337.2792), np.float64(820.8903), np.float64(1475.2725), np.float64(779.8857), np.float64(1560.241), np.float64(617.0728), np.float64(485.5884), np.float64(678.2096), np.float64(872.2083), np.float64(698.708), np.float64(1013.1782), np.float64(821.174), np.float64(364.9945), np.float64(731.0896), np.float64(827.7505), np.float64(596.9077)]",strong,,,215.25840413719416,,metfornet
945.4991483160078,-2,27.58,Neu5Ac(a2-3)Gal(b1-4)GlcNAc(b1-2)Man(a1-3)[Man(a1-3)[Man(a1-6)]Man(a1-6)]Man(b1-4)GlcNAc(b1-4)GlcNAc,"[('Neu5Ac(a2-3)Gal(b1-4)GlcNAc(b1-2)Man(a1-3)[Man(a1-3)[Man(a1-6)]Man(a1-6)]Man(b1-4)GlcNAc(b1-4)GlcNAc', 0.4680751830604916), ('Neu5Ac(a2-?)Gal(b1-4)GlcNAc(b1-2)Man(a1-3)[Man(a1-3)[Man(a1-6)]Man(a1-6)]Man(b1-4)GlcNAc(b1-4)GlcNAc', 0.3172426659204328), ('Neu5Ac(a2-6)Gal(b1-4)GlcNAc(b1-2)Man(a1-3)[Man(a1-3)[Man(a1-6)]Man(a1-6)]Man(b1-4)GlcNAc(b1-4)GlcNAc', 0.21468215101907565)]","{'Hex': 6, 'HexNAc': 3, 'Neu5Ac': 1}",3,7.0,0.1520102562311132,"[np.float64(835.15), np.float64(762.1288), np.float64(1483.2905), np.float64(1600.3608), np.float64(915.1723), np.float64(864.1364), np.float64(1465.2743), np.float64(1668.3049), np.float64(894.1728), np.float64(1438.2899), np.float64(833.6399), np.float64(885.2527), np.float64(289.8858), np.float64(912.7842), np.float64(655.0813), np.float64(913.3619), np.float64(906.2398), np.float64(762.7431), np.float64(835.7805), np.float64(861.6565), np.float64(1235.3173), np.float64(322.9509), np.float64(861.9612), np.float64(752.9926), np.float64(1686.3762), np.float64(759.7754), np.float64(817.2014), np.float64(681.1436), np.float64(503.0731), np.float64(1540.2693), np.float64(1073.3131), np.float64(678.5486), np.float64(1377.3182), np.float64(834.2166), np.float64(1420.2522), np.float64(485.0288), np.float64(799.6777), np.float64(647.1183), np.float64(629.1217), np.float64(843.1684), np.float64(759.3676), np.float64(831.6615), np.float64(864.7673), np.float64(407.0553), np.float64(1234.2226), np.float64(545.0849), np.float64(813.2061), np.float64(1585.3361), np.float64(841.0884), np.float64(1558.3196), np.float64(907.2868), np.float64(855.1987), np.float64(760.1671), np.float64(912.401), np.float64(862.6704), np.float64(1484.048), np.float64(1525.2123), np.float64(1601.1495), np.float64(1582.3211), np.float64(673.1502), np.float64(304.8711), np.float64(810.9944), np.float64(892.2248), np.float64(1599.4047), np.float64(824.8525), np.float64(818.5134), np.float64(780.6142), np.float64(822.2058), np.float64(1507.3935), np.float64(877.2921), np.float64(470.0105), np.float64(783.0554), np.float64(575.132), np.float64(832.1555), np.float64(672.1768), np.float64(760.6796), np.float64(820.6912), np.float64(1175.2747), np.float64(732.2557), np.float64(761.1465), np.float64(653.1425), np.float64(741.1624), np.float64(902.2101), np.float64(914.1862), np.float64(740.2935), np.float64(840.4647), np.float64(707.1432), np.float64(913.7087), np.float64(871.1576), np.float64(425.1149), np.float64(869.2364), np.float64(877.0044), np.float64(915.6973), np.float64(899.138), np.float64(782.6854), np.float64(901.2819), np.float64(728.2571), np.float64(383.1299), np.float64(858.8934), np.float64(884.7243)]",strong,,,178.4254502081023,,metfornet
974.6158488992141,-2,26.9,Gal(a1-3)Gal(b1-4)GlcNAc(b1-2)Man(a1-6)[Gal(b1-4)GlcNAc(b1-2)Man(a1-3)]Man(b1-4)GlcNAc(b1-4)[Fuc(a1-6)]GlcNAc,"[('Gal(a1-3)Gal(b1-4)GlcNAc(b1-2)Man(a1-6)[Gal(b1-4)GlcNAc(b1-2)Man(a1-3)]Man(b1-4)GlcNAc(b1-4)[Fuc(a1-6)]GlcNAc', 0.6986881712438218), ('Gal(a1-3)Gal(b1-4)GlcNAc(b1-2)Man(a1-3)[Gal(b1-4)GlcNAc(b1-2)Man(a1-6)]Man(b1-4)GlcNAc(b1-4)[Fuc(a1-6)]GlcNAc', 0.30131182875617823)]","{'Hex': 6, 'HexNAc': 4, 'dHex': 1}",17,11.0,2.7446942046731806,"[np.float64(892.1824), np.float64(893.1592), np.float64(1437.2773), np.float64(884.2001), np.float64(718.1313), np.float64(871.2032), np.float64(586.088), np.float64(1580.3219), np.float64(1625.3745), np.float64(812.1644), np.float64(832.1281), np.float64(1422.3352), np.float64(890.6299), np.float64(1607.3659), np.float64(1584.3602), np.float64(791.6357), np.float64(811.2153), np.float64(1769.3974), np.float64(349.9843), np.float64(424.9665), np.float64(850.181), np.float64(859.9371), np.float64(802.1677), np.float64(424.001), np.float64(544.0517), np.float64(944.1903), np.float64(442.9888), np.float64(891.2104), np.float64(862.1866), np.float64(863.1954), np.float64(920.6738), np.float64(688.1441), np.float64(571.1272), np.float64(859.7373), np.float64(814.1581), np.float64(872.1672), np.float64(730.1703), np.float64(526.057), np.float64(1605.3287), np.float64(709.6289), np.float64(791.7055), np.float64(368.004), np.float64(826.691), np.float64(1479.3131), np.float64(1260.3518), np.float64(1461.3651), np.float64(553.1326), np.float64(1420.3362), np.float64(1257.2249), np.float64(791.0934), np.float64(923.1945), np.float64(1258.2826), np.float64(748.1467), np.float64(710.6108), np.float64(860.329), np.float64(920.9498), np.float64(860.7857), np.float64(340.9558), np.float64(893.8123), np.float64(932.2263), np.float64(381.9618), np.float64(921.2445), np.float64(890.8522), np.float64(1445.3389), np.float64(839.5841), np.float64(1443.3464), np.float64(789.65), np.float64(872.3225), np.float64(1583.4142), np.float64(670.1483), np.float64(910.2383), np.float64(706.1251), np.float64(1565.3703), np.float64(913.6399), np.float64(407.036), np.float64(1380.3413), np.float64(789.9242), np.float64(901.1883), np.float64(854.2226), np.float64(770.6236), np.float64(840.237), np.float64(628.134), np.float64(809.6774), np.float64(781.1693), np.float64(1395.3092), np.float64(363.9845), np.float64(809.8644), np.float64(1275.2696), np.float64(839.7949), np.float64(860.4699), np.float64(1113.2526), np.float64(1400.2888), np.float64(790.5165), np.float64(1463.3943), np.float64(389.0654), np.float64(709.0526), np.float64(778.1505), np.float64(637.1567), np.float64(772.1847), np.float64(529.1506)]",strong,,,271.3821643868334,,metfornet
982.0836249828471,-2,28.17,Gal(a1-3)Gal(b1-4)GlcNAc(b1-2)Man(a1-3)[Gal(a1-3)Gal(b1-4)GlcNAc(b1-2)Man(a1-6)]Man(b1-4)GlcNAc(b1-4)GlcNAc,"[('Gal(a1-3)Gal(b1-4)GlcNAc(b1-2)Man(a1-3)[Gal(a1-3)Gal(b1-4)GlcNAc(b1-2)Man(a1-6)]Man(b1-4)GlcNAc(b1-4)GlcNAc', 1.0)]","{'Hex': 7, 'HexNAc': 4}",5,17.0,0.4009218537634646,"[np.float64(799.1279), np.float64(586.0645), np.float64(819.6583), np.float64(1622.3692), np.float64(1640.3752), np.float64(1437.322), np.float64(424.9592), np.float64(442.9653), np.float64(832.1334), np.float64(544.0314), np.float64(870.6644), np.float64(850.1329), np.float64(900.6712), np.float64(799.6624), np.float64(1275.2674), np.float64(340.9297), np.float64(526.0786), np.float64(820.1798), np.float64(718.1204), np.float64(748.1194), np.float64(814.1354), np.float64(637.0888), np.float64(688.1276), np.float64(424.0324), np.float64(951.7261), np.float64(1623.3102), np.float64(1641.3175), np.float64(1438.2977), np.float64(1257.2799), np.float64(778.1123), np.float64(1316.3954), np.float64(1787.4365), np.float64(899.5684), np.float64(1742.3863), np.float64(1788.416), np.float64(891.6857), np.float64(586.8677), np.float64(706.1158), np.float64(901.2989), np.float64(900.1521), np.float64(810.9451), np.float64(1072.2336), np.float64(1418.3406), np.float64(810.7032), np.float64(799.9069), np.float64(871.2519), np.float64(1113.293), np.float64(790.0228), np.float64(930.663), np.float64(1598.3766), np.float64(1580.3458), np.float64(1298.3241), np.float64(931.1069), np.float64(1789.3948), np.float64(798.5229), np.float64(628.0819), np.float64(1276.2678), np.float64(879.906), np.float64(942.802), np.float64(406.039), np.float64(936.1854), np.float64(709.1323), np.float64(804.2117), np.float64(952.2296), np.float64(790.2204), np.float64(789.6121), np.float64(949.552), np.float64(1400.3037), np.float64(1562.3868), np.float64(910.1938), np.float64(1599.3298), np.float64(833.268), np.float64(769.2362), np.float64(718.7192), np.float64(920.0393), np.float64(940.1493), np.float64(851.0965), np.float64(544.8929), np.float64(616.1525), np.float64(1395.3386), np.float64(892.1974), np.float64(1051.1791), np.float64(951.2055), np.float64(778.6546), np.float64(798.1297), np.float64(1215.2926), np.float64(1641.0393), np.float64(921.5833), np.float64(818.5635), np.float64(425.9632), np.float64(668.1639), np.float64(768.9329), np.float64(1192.2505), np.float64(818.8786), np.float64(869.9357), np.float64(1743.3835), np.float64(869.5691), np.float64(830.2229), np.float64(1604.278), np.float64(1419.4047)]",strong,,Possible in-source fragment of Gal(a1-3)Gal(b1-4)GlcNAc(b1-2)Man(a1-3)[Gal(a1-3)Gal(b1-4)GlcNAc(b1-2)Man(a1-6)]Man(b1-4)GlcNAc(b1-4)[Fuc(a1-6)]GlcNAc,270.01844587223974,,metfornet
982.5138006720215,-2,26.64,Gal(a1-3)Gal(b1-4)GlcNAc(b1-2)Man(a1-3)[Gal(a1-3)Gal(b1-4)GlcNAc(b1-2)Man(a1-6)]Man(b1-4)GlcNAc(b1-4)GlcNAc,"[('Gal(a1-3)Gal(b1-4)GlcNAc(b1-2)Man(a1-3)[Gal(a1-3)Gal(b1-4)GlcNAc(b1-2)Man(a1-6)]Man(b1-4)GlcNAc(b1-4)GlcNAc', 0.7083590449518203), ('Gal(a1-3)Gal(b1-?)GlcNAc(b1-2)Man(a1-3)[Gal(a1-3)Gal(b1-?)GlcNAc(b1-2)Man(a1-6)]Man(b1-4)GlcNAc(b1-4)GlcNAc', 0.29164095504817966)]","{'Hex': 7, 'HexNAc': 4}",7,24.0,2.334249010497399,"[np.float64(799.1339), np.float64(586.0752), np.float64(820.1518), np.float64(1623.3228), np.float64(424.9684), np.float64(1641.3481), np.float64(1438.3157), np.float64(952.2115), np.float64(832.1274), np.float64(442.9525), np.float64(544.0592), np.float64(931.183), np.float64(850.1666), np.float64(1742.3361), np.float64(340.9329), np.float64(790.1408), np.float64(870.6906), np.float64(526.0357), np.float64(1599.3043), np.float64(901.1616), np.float64(1581.3061), np.float64(814.0931), np.float64(748.097), np.float64(718.6655), np.float64(799.7618), np.float64(688.1094), np.float64(637.0998), np.float64(1275.3104), np.float64(778.1775), np.float64(1276.2611), np.float64(1563.2874), np.float64(1072.1844), np.float64(811.1625), np.float64(922.1841), np.float64(901.2997), np.float64(718.0881), np.float64(880.2067), np.float64(1257.2325), np.float64(1299.2859), np.float64(1418.3112), np.float64(1258.3253), np.float64(1396.3569), np.float64(706.1599), np.float64(1317.2857), np.float64(1378.3172), np.float64(769.1593), np.float64(628.0909), np.float64(892.1091), np.float64(407.0516), np.float64(922.1271), np.float64(1400.4319), np.float64(1215.2657), np.float64(820.7648), np.float64(943.2067), np.float64(1234.3012), np.float64(383.0138), np.float64(709.1406), np.float64(1539.3712), np.float64(871.2696), np.float64(1276.3992), np.float64(892.2462), np.float64(568.0954), np.float64(900.5169), np.float64(874.1153), np.float64(1439.0708), np.float64(1114.2169), np.float64(1521.2611), np.float64(871.7283), np.float64(467.0252), np.float64(424.068), np.float64(658.1604), np.float64(820.9962), np.float64(1216.2133), np.float64(952.8811), np.float64(443.5668), np.float64(1420.281), np.float64(781.179), np.float64(819.2453), np.float64(932.8846), np.float64(697.5655), np.float64(940.2299), np.float64(544.7139), np.float64(1277.4555), np.float64(1642.0548), np.float64(1437.3234), np.float64(508.0256), np.float64(637.6742), np.float64(902.2926), np.float64(798.096), np.float64(1742.9691), np.float64(869.1761), np.float64(646.1565), np.float64(425.6927), np.float64(1281.3228), np.float64(910.2252), np.float64(1582.373), np.float64(933.9973), np.float64(526.6755), np.float64(1624.0595), np.float64(1198.3427)]",strong,,,167.88676185466483,,metfornet
995.0606696950758,-2,21.85,Gal(b1-4)GlcNAc(b1-2)Man(a1-3)[Gal(b1-4)GlcNAc(b1-2)Man(a1-6)][GlcNAc(b1-4)]Man(b1-4)GlcNAc(b1-4)[Fuc(a1-6)]GlcNAc,"[('Gal(b1-4)GlcNAc(b1-2)Man(a1-3)[Gal(b1-4)GlcNAc(b1-2)Man(a1-6)][GlcNAc(b1-4)]Man(b1-4)GlcNAc(b1-4)[Fuc(a1-6)]GlcNAc', 1.0)]","{'Hex': 5, 'HexNAc': 5, 'dHex': 1}",1,13.0,0.16500139315358062,"[np.float64(912.614), np.float64(1662.3337), np.float64(1463.3551), np.float64(913.7779), np.float64(810.073), np.float64(1663.1775), np.float64(812.1987), np.float64(810.6901), np.float64(994.4553), np.float64(1884.1203), np.float64(934.2072), np.float64(670.135), np.float64(1478.385), np.float64(1720.4462), np.float64(914.4504), np.float64(941.1857), np.float64(964.702), np.float64(840.8565), np.float64(943.5465), np.float64(1621.0631), np.float64(1883.2629), np.float64(893.2074), np.float64(1625.4334), np.float64(1560.1174), np.float64(881.0871), np.float64(751.1682), np.float64(808.4965), np.float64(769.0749), np.float64(891.7715), np.float64(571.185), np.float64(722.8929), np.float64(729.7988), np.float64(829.7774), np.float64(920.754), np.float64(821.6131), np.float64(940.6466), np.float64(811.3741), np.float64(831.747), np.float64(1518.4731), np.float64(1583.2282), np.float64(749.3534), np.float64(532.0238), np.float64(939.7885), np.float64(472.1625), np.float64(402.8987), np.float64(921.7846), np.float64(739.2228), np.float64(1584.1577), np.float64(915.2621), np.float64(895.3649), np.float64(935.0211), np.float64(1885.6493), np.float64(738.5352), np.float64(832.8074), np.float64(1664.2544), np.float64(657.6681), np.float64(424.0971), np.float64(830.9808), np.float64(382.0099), np.float64(1176.3709), np.float64(1482.1438), np.float64(1607.3839), np.float64(1053.3608), np.float64(1545.2512), np.float64(1120.2934), np.float64(885.8816), np.float64(904.237), np.float64(679.2659), np.float64(903.0573), np.float64(1562.2512), np.float64(803.3119), np.float64(928.3428), np.float64(1750.4514), np.float64(1724.454), np.float64(819.186), np.float64(600.3356), np.float64(652.2142), np.float64(956.9805), np.float64(1422.1342), np.float64(896.4374), np.float64(904.8514), np.float64(731.297), np.float64(1721.2643), np.float64(463.9576), np.float64(890.136), np.float64(1664.9939), np.float64(1889.4745), np.float64(543.2614), np.float64(942.388), np.float64(903.6419), np.float64(1865.427), np.float64(1585.3242), np.float64(1222.3199), np.float64(1639.2621), np.float64(736.098), np.float64(1415.4808), np.float64(1923.5021), np.float64(791.2975), np.float64(624.0502), np.float64(841.55)]",strong,,,196.95380658190481,,metfornet
1022.5272311101608,-2,22.24,Glc(a1-3)Man(a1-2)Man(a1-2)Man(a1-3)[Man(a1-2)Man(a1-3)[Man(a1-2)Man(a1-6)]Man(a1-6)]Man(b1-4)GlcNAc(b1-4)GlcNAc,"[('Glc(a1-3)Man(a1-2)Man(a1-2)Man(a1-3)[Man(a1-2)Man(a1-3)[Man(a1-2)Man(a1-6)]Man(a1-6)]Man(b1-4)GlcNAc(b1-4)GlcNAc', 1.0)]","{'Hex': 10, 'HexNAc': 2}",6,25.0,1.6627925741219967,"[np.float64(941.164), np.float64(1639.2854), np.float64(860.2404), np.float64(1640.2834), np.float64(401.8479), np.float64(839.1536), np.float64(941.7935), np.float64(1641.3914), np.float64(1397.2953), np.float64(1559.3368), np.float64(322.9593), np.float64(910.5732), np.float64(827.2135), np.float64(976.1714), np.float64(869.1821), np.float64(942.4513), np.float64(961.4455), np.float64(627.1), np.float64(1883.2861), np.float64(1963.3747), np.float64(1965.2236), np.float64(1560.3185), np.float64(1397.4953), np.float64(1640.3714), np.float64(1197.2966), np.float64(1721.3797), np.float64(940.1895), np.float64(921.9973), np.float64(1964.2877), np.float64(402.7876), np.float64(979.2612), np.float64(922.2517), np.float64(785.4563), np.float64(939.2936), np.float64(853.1995), np.float64(850.3042), np.float64(971.5878), np.float64(809.0619), np.float64(961.7858), np.float64(992.219), np.float64(1398.3629), np.float64(981.5471), np.float64(895.2375), np.float64(943.2837), np.float64(852.16), np.float64(1962.1937), np.float64(647.1529), np.float64(1355.4226), np.float64(1561.2643), np.float64(485.13), np.float64(911.1968), np.float64(1964.4945), np.float64(838.2924), np.float64(383.8559), np.float64(483.1186), np.float64(1965.5488), np.float64(481.9408), np.float64(444.9247), np.float64(770.1551), np.float64(982.8025), np.float64(1884.4), np.float64(1602.1826), np.float64(972.1484), np.float64(920.3383), np.float64(1517.6472), np.float64(765.3528), np.float64(1365.3618), np.float64(977.2295), np.float64(779.1764), np.float64(953.3115), np.float64(830.2235), np.float64(1637.399), np.float64(425.0291), np.float64(1720.4834), np.float64(1866.5742), np.float64(364.9087), np.float64(980.6437), np.float64(920.6783), np.float64(986.1998), np.float64(771.2184), np.float64(545.0533), np.float64(930.3291), np.float64(823.1855), np.float64(1583.6739), np.float64(482.1973), np.float64(809.3263), np.float64(1801.444), np.float64(895.7737), np.float64(896.4009), np.float64(976.805), np.float64(985.1101), np.float64(700.093), np.float64(911.6523), np.float64(1560.9962), np.float64(912.7581), np.float64(899.2487), np.float64(978.2564), np.float64(791.2776), np.float64(665.1421), np.float64(984.6524)]",strong,,,174.65060025543266,,metfornet
1047.080694210346,-2,28.89,Neu5Ac(a2-?)Gal(b1-4)GlcNAc(b1-?)[Gal(b1-4)GlcNAc(b1-?)]Man(a1-3)[Man(a1-?)Man(a1-6)]Man(b1-4)GlcNAc(b1-4)GlcNAc,"[('Neu5Ac(a2-?)Gal(b1-4)GlcNAc(b1-2)Man(a1-3)[Gal(a1-4)Gal(b1-4)GlcNAc(b1-2)Man(a1-6)]Man(b1-4)GlcNAc(b1-4)GlcNAc', 0.5408), ('Neu5Ac(a2-?)Gal(b1-?)GlcNAc(b1-2)Man(a1-3)[Man(a1-3)[Man(a1-6)]Man(a1-6)][GlcNAc(b1-4)]Man(b1-4)GlcNAc(b1-4)GlcNAc', 0.44310000000000005)]","{'Hex': 6, 'HexNAc': 4, 'Neu5Ac': 1}",10,8.0,1.3740635206235305,"[np.float64(863.6985), np.float64(835.1692), np.float64(799.2311), np.float64(1641.3751), np.float64(1686.3635), np.float64(884.1901), np.float64(586.1093), np.float64(965.6532), np.float64(1668.3535), np.float64(1803.4026), np.float64(832.1921), np.float64(1802.4871), np.float64(995.7323), np.float64(1015.6072), np.float64(1014.2005), np.float64(1751.4185), np.float64(1438.3225), np.float64(965.2189), np.float64(900.6742), np.float64(935.2192), np.float64(1276.2889), np.float64(986.256), np.float64(544.0117), np.float64(965.4396), np.float64(797.1338), np.float64(1016.2651), np.float64(443.0147), np.float64(1016.7778), np.float64(424.9482), np.float64(850.2129), np.float64(966.3474), np.float64(956.1328), np.float64(893.1807), np.float64(425.1288), np.float64(1438.4646), np.float64(1234.3469), np.float64(893.6036), np.float64(1769.4023), np.float64(1014.7877), np.float64(995.3063), np.float64(341.0869), np.float64(814.1701), np.float64(842.6697), np.float64(1710.4486), np.float64(789.0954), np.float64(884.5603), np.float64(702.036), np.float64(817.129), np.float64(701.7342), np.float64(1803.4563), np.float64(1014.4539), np.float64(1640.3313), np.float64(966.8056), np.float64(974.7156), np.float64(893.7385), np.float64(1889.4053), np.float64(956.2787), np.float64(854.5626), np.float64(1749.3692), np.float64(984.2802), np.float64(1770.5189), np.float64(1008.5197), np.float64(955.2642), np.float64(945.9187), np.float64(833.5274), np.float64(1005.2822), np.float64(688.1235), np.float64(963.7676), np.float64(655.1401), np.float64(1276.824), np.float64(1277.3678), np.float64(748.1361), np.float64(1017.3151), np.float64(941.3344), np.float64(1566.388), np.float64(1007.8365), np.float64(934.2769), np.float64(1623.3868), np.float64(973.0464), np.float64(1760.4218), np.float64(424.7461), np.float64(942.8993), np.float64(702.6564), np.float64(966.0205), np.float64(1423.3642), np.float64(997.7293), np.float64(985.2215), np.float64(1804.4926), np.float64(979.2917), np.float64(1666.5621), np.float64(900.1501), np.float64(924.1532), np.float64(851.2377), np.float64(1642.5497), np.float64(854.1921), np.float64(882.1386), np.float64(424.1456), np.float64(1622.403), np.float64(1275.268), np.float64(955.3757)]",strong,,,201.09170641316928,,metfornet
1055.5930262528345,-2,28.27,Gal(a1-3)Gal(b1-4)GlcNAc(b1-2)Man(a1-3)[Gal(a1-3)Gal(b1-4)GlcNAc(b1-2)Man(a1-6)]Man(b1-4)GlcNAc(b1-4)[Fuc(a1-6)]GlcNAc,"[('Gal(a1-3)Gal(b1-4)GlcNAc(b1-2)Man(a1-3)[Gal(a1-3)Gal(b1-4)GlcNAc(b1-2)Man(a1-6)]Man(b1-4)GlcNAc(b1-4)[Fuc(a1-6)]GlcNAc', 1.0)]","{'Hex': 7, 'HexNAc': 4, 'dHex': 1}",24,9.0,5.6714844901466925,"[np.float64(973.179), np.float64(893.1773), np.float64(799.1409), np.float64(586.0768), np.float64(1769.3782), np.float64(1787.3752), np.float64(1001.6017), np.float64(972.2548), np.float64(1584.341), np.float64(1599.3118), np.float64(851.1397), np.float64(971.6814), np.float64(952.1939), np.float64(424.9616), np.float64(832.1352), np.float64(974.1191), np.float64(871.6344), np.float64(1742.3458), np.float64(850.1469), np.float64(811.162), np.float64(993.2721), np.float64(442.9779), np.float64(1001.1852), np.float64(872.1863), np.float64(920.4286), np.float64(992.6562), np.float64(544.0371), np.float64(1002.1881), np.float64(1001.8925), np.float64(1002.391), np.float64(911.494), np.float64(992.9351), np.float64(871.8949), np.float64(526.0613), np.float64(992.2056), np.float64(943.16), np.float64(349.9812), np.float64(1002.7819), np.float64(814.1538), np.float64(791.6782), np.float64(971.2025), np.float64(971.4264), np.float64(870.7098), np.float64(1422.327), np.float64(1803.39), np.float64(920.975), np.float64(892.6467), np.float64(911.7828), np.float64(839.4735), np.float64(1605.3268), np.float64(1623.3464), np.float64(1025.0418), np.float64(863.2091), np.float64(920.6673), np.float64(571.1001), np.float64(907.6815), np.float64(912.0947), np.float64(839.7902), np.float64(921.6523), np.float64(994.9294), np.float64(973.2745), np.float64(553.0848), np.float64(884.2031), np.float64(830.1421), np.float64(941.3194), np.float64(921.2038), np.float64(890.5959), np.float64(830.4709), np.float64(891.1236), np.float64(748.1292), np.float64(911.1454), np.float64(912.3314), np.float64(839.2225), np.float64(972.7278), np.float64(368.0016), np.float64(1275.2679), np.float64(1702.2977), np.float64(869.1965), np.float64(340.9448), np.float64(992.1449), np.float64(940.7402), np.float64(993.7786), np.float64(1420.3182), np.float64(840.1368), np.float64(1013.2009), np.float64(830.7668), np.float64(688.1126), np.float64(706.1141), np.float64(749.4283), np.float64(790.1668), np.float64(1641.3479), np.float64(852.1137), np.float64(1804.3743), np.float64(1025.3091), np.float64(892.1223), np.float64(994.6983), np.float64(1024.7689), np.float64(1727.4608), np.float64(982.2563), np.float64(1004.0284)]",strong,,,203.9070248285155,,metfornet
1111.58020775066,-2,25.92,Neu5Ac(a2-6)Gal(b1-4)GlcNAc(b1-2)Man(a1-3)[Neu5Ac(a2-6)Gal(b1-4)GlcNAc(b1-2)Man(a1-6)]Man(b1-4)GlcNAc(b1-4)GlcNAc,"[('Neu5Ac(a2-6)Gal(b1-4)GlcNAc(b1-2)Man(a1-3)[Neu5Ac(a2-6)Gal(b1-4)GlcNAc(b1-2)Man(a1-6)]Man(b1-4)GlcNAc(b1-4)GlcNAc', 0.47656348704990525), ('Neu5Ac(a2-?)Gal(b1-4)GlcNAc(b1-2)Man(a1-3)[Neu5Ac(a2-?)Gal(b1-4)GlcNAc(b1-2)Man(a1-6)]Man(b1-4)GlcNAc(b1-4)GlcNAc', 0.290113708149084), ('Neu5Ac(a2-3)Gal(b1-4)GlcNAc(b1-2)Man(a1-?)[Neu5Ac(a2-6)Gal(b1-4)GlcNAc(b1-2)Man(a1-?)]Man(b1-4)GlcNAc(b1-4)GlcNAc', 0.23332280480101075)]","{'Hex': 5, 'HexNAc': 4, 'Neu5Ac': 2}",9,17.0,0.9032640405164092,"[np.float64(1932.3955), np.float64(1000.645), np.float64(1931.4243), np.float64(1933.3755), np.float64(999.8599), np.float64(1933.1487), np.float64(1641.3916), np.float64(1770.3879), np.float64(1405.3403), np.float64(999.5834), np.float64(907.141), np.float64(1008.9359), np.float64(1567.2832), np.float64(1008.6623), np.float64(1709.3299), np.float64(998.7167), np.float64(1912.4383), np.float64(1059.7028), np.float64(1080.2038), np.float64(1009.2352), np.float64(655.1), np.float64(1933.6925), np.float64(1750.381), np.float64(1930.4242), np.float64(1771.3715), np.float64(1567.4473), np.float64(1711.3313), np.float64(1080.7628), np.float64(835.1605), np.float64(888.1807), np.float64(1000.3815), np.float64(1080.9538), np.float64(1406.3344), np.float64(958.6133), np.float64(817.213), np.float64(1914.3428), np.float64(1913.3647), np.float64(958.194), np.float64(673.146), np.float64(1060.3191), np.float64(1913.5434), np.float64(470.0509), np.float64(1000.8474), np.float64(1752.3904), np.float64(1386.3301), np.float64(653.1657), np.float64(961.2094), np.float64(1568.3162), np.float64(907.7501), np.float64(1028.6968), np.float64(1934.3502), np.float64(782.7934), np.float64(1071.9196), np.float64(1051.2912), np.float64(1751.3577), np.float64(1201.2447), np.float64(1405.4076), np.float64(572.0827), np.float64(1009.4564), np.float64(1071.1641), np.float64(1007.7748), np.float64(1058.7932), np.float64(906.271), np.float64(1078.0132), np.float64(449.9975), np.float64(898.1693), np.float64(1071.6874), np.float64(1751.5124), np.float64(1065.3077), np.float64(959.009), np.float64(1872.5231), np.float64(1050.6989), np.float64(1547.3462), np.float64(1934.5043), np.float64(1001.3549), np.float64(701.6774), np.float64(979.2312), np.float64(948.2109), np.float64(989.8383), np.float64(1044.7442), np.float64(835.3838), np.float64(1029.8241), np.float64(997.7314), np.float64(1059.9439), np.float64(1928.3726), np.float64(965.825), np.float64(1479.2468), np.float64(998.902), np.float64(949.5318), np.float64(1050.9214), np.float64(1566.4713), np.float64(1407.3317), np.float64(854.1623), np.float64(888.8028), np.float64(1073.2941), np.float64(1479.5038), np.float64(674.1485), np.float64(957.3025), np.float64(1461.4084), np.float64(1022.2989)]",strong,,,169.81455636036205,,metfornet
1111.5998574074486,-2,31.71,Neu5Ac(a2-3)Gal(b1-4)[Fuc(a1-3)]GlcNAc(b1-2)Man(a1-3)[Gal(b1-4)GlcNAc(b1-2)Man(a1-6)]Man(b1-4)GlcNAc(b1-4)[Fuc(a1-6)]GlcNAc,"[('Neu5Ac(a2-3)Gal(b1-4)[Fuc(a1-3)]GlcNAc(b1-2)Man(a1-3)[Gal(b1-4)GlcNAc(b1-2)Man(a1-6)]Man(b1-4)GlcNAc(b1-4)[Fuc(a1-6)]GlcNAc', 0.8338000000000001)]","{'Hex': 5, 'HexNAc': 4, 'Neu5Ac': 1, 'dHex': 2}",5,10.0,0.3584869522151356,"[np.float64(1932.4527), np.float64(1931.4584), np.float64(1641.4409), np.float64(1914.4974), np.float64(1933.265), np.float64(1930.4275), np.float64(1770.3952), np.float64(965.685), np.float64(1009.0279), np.float64(835.202), np.float64(1060.1973), np.float64(1405.4172), np.float64(1008.662), np.float64(884.7362), np.float64(1787.4637), np.float64(998.7359), np.float64(974.2762), np.float64(958.6407), np.float64(1912.3386), np.float64(1059.9729), np.float64(1000.2319), np.float64(1769.4167), np.float64(907.2754), np.float64(965.28), np.float64(906.1721), np.float64(995.4049), np.float64(999.7302), np.float64(961.1755), np.float64(1913.4445), np.float64(1567.3315), np.float64(815.2426), np.float64(1949.3484), np.float64(1071.758), np.float64(1771.4536), np.float64(1080.7328), np.float64(782.9988), np.float64(979.2198), np.float64(884.3142), np.float64(1933.5785), np.float64(1751.494), np.float64(1752.4496), np.float64(673.1961), np.float64(1072.2526), np.float64(958.3138), np.float64(1479.2627), np.float64(963.7708), np.float64(1406.4221), np.float64(893.242), np.float64(1750.4487), np.float64(1374.7118), np.float64(908.0952), np.float64(1991.5917), np.float64(510.147), np.float64(1028.6954), np.float64(1050.7477), np.float64(655.1859), np.float64(1027.8154), np.float64(1021.2766), np.float64(934.3233), np.float64(1788.4773), np.float64(1547.4489), np.float64(875.8076), np.float64(1042.2632), np.float64(1000.821), np.float64(825.4699), np.float64(1520.1325), np.float64(1567.5384), np.float64(1045.2943), np.float64(1577.0886), np.float64(959.2545), np.float64(1640.4767), np.float64(1044.455), np.float64(854.7166), np.float64(1929.4968), np.float64(1568.3903), np.float64(1074.8742), np.float64(1888.6076), np.float64(1668.3623), np.float64(1419.3243), np.float64(1063.2739), np.float64(949.1186), np.float64(536.1785), np.float64(1524.3572), np.float64(948.3218), np.float64(1386.4472), np.float64(1074.3176), np.float64(1709.4434), np.float64(1829.408), np.float64(919.097), np.float64(1418.37), np.float64(952.3685), np.float64(904.871), np.float64(863.7181), np.float64(1012.2865), np.float64(951.2181), np.float64(950.365), np.float64(885.3522), np.float64(850.2234), np.float64(1482.3039), np.float64(999.2249)]",strong,,,271.4447677459818,,metfornet
1111.6036450869553,-2,29.01,Neu5Ac(a2-3)Gal(b1-4)GlcNAc(b1-2)Man(a1-?)[Neu5Ac(a2-6)Gal(b1-4)GlcNAc(b1-2)Man(a1-?)]Man(b1-4)GlcNAc(b1-4)GlcNAc,"[('Neu5Ac(a2-?)Gal(b1-4)GlcNAc(b1-2)Man(a1-3)[Neu5Ac(a2-?)Gal(b1-4)GlcNAc(b1-2)Man(a1-6)]Man(b1-4)GlcNAc(b1-4)GlcNAc', 0.3185693430656934), ('Neu5Ac(a2-6)Gal(b1-4)GlcNAc(b1-2)Man(a1-3)[Neu5Ac(a2-3)Gal(b1-4)GlcNAc(b1-2)Man(a1-6)]Man(b1-4)GlcNAc(b1-4)GlcNAc', 0.3154160583941606), ('Neu5Ac(a2-6)Gal(b1-4)GlcNAc(b1-2)Man(a1-3)[Neu5Ac(a2-6)Gal(b1-4)GlcNAc(b1-2)Man(a1-6)]Man(b1-4)GlcNAc(b1-4)GlcNAc', 0.19798540145985405), ('Neu5Ac(a2-3)Gal(b1-4)GlcNAc(b1-2)Man(a1-3)[Neu5Ac(a2-3)Gal(b1-4)GlcNAc(b1-2)Man(a1-6)]Man(b1-4)GlcNAc(b1-4)GlcNAc', 0.16802919708029196)]","{'Hex': 5, 'HexNAc': 4, 'Neu5Ac': 2}",13,14.0,1.4308355043640968,"[np.float64(1932.4034), np.float64(1931.4416), np.float64(1914.4107), np.float64(1770.3989), np.float64(1930.3979), np.float64(1933.3202), np.float64(835.1536), np.float64(1405.3434), np.float64(1008.6186), np.float64(1912.4286), np.float64(965.7173), np.float64(1933.2011), np.float64(1072.2248), np.float64(782.623), np.float64(1000.7385), np.float64(907.2139), np.float64(1641.3764), np.float64(1567.3116), np.float64(1008.9093), np.float64(1913.389), np.float64(673.1653), np.float64(999.6774), np.float64(1009.3619), np.float64(884.6971), np.float64(958.1619), np.float64(1566.3462), np.float64(998.7389), np.float64(817.1564), np.float64(655.1329), np.float64(1000.214), np.float64(1009.1106), np.float64(1080.5035), np.float64(1059.9283), np.float64(1751.4053), np.float64(1059.6574), np.float64(1934.331), np.float64(999.905), np.float64(1750.3497), np.float64(1007.7032), np.float64(1769.4092), np.float64(999.2217), np.float64(1913.5594), np.float64(1568.3696), np.float64(1524.3105), np.float64(701.5853), np.float64(1771.4428), np.float64(1568.287), np.float64(1072.0409), np.float64(470.0392), np.float64(653.1701), np.float64(1752.352), np.float64(907.7214), np.float64(1709.3679), np.float64(958.6997), np.float64(965.1957), np.float64(906.0266), np.float64(1000.9736), np.float64(1012.2059), np.float64(1406.2985), np.float64(1547.3189), np.float64(1404.2855), np.float64(906.2707), np.float64(1896.3388), np.float64(1071.64), np.float64(949.1378), np.float64(907.3791), np.float64(963.7035), np.float64(1386.2669), np.float64(991.547), np.float64(888.2069), np.float64(1050.7094), np.float64(1548.4175), np.float64(1640.4328), np.float64(1074.0607), np.float64(1915.5051), np.float64(1080.7787), np.float64(1769.5427), np.float64(1929.5764), np.float64(1641.5761), np.float64(1030.3207), np.float64(1060.2802), np.float64(1201.296), np.float64(1059.3493), np.float64(1058.7986), np.float64(919.3689), np.float64(572.1087), np.float64(802.6717), np.float64(815.1081), np.float64(1711.565), np.float64(1080.2763), np.float64(817.3008), np.float64(956.799), np.float64(959.0124), np.float64(1479.3218), np.float64(1276.3992), np.float64(1932.5874), np.float64(674.1325), np.float64(1406.4282), np.float64(1060.7085), np.float64(963.2274)]",strong,,,190.90283782911342,,metfornet
1148.647466618704,-2,30.05,Neu5Ac(a2-6)Gal(b1-4)GlcNAc(b1-4)[Gal(b1-4)GlcNAc(b1-2)]Man(a1-3)[Gal(b1-4)GlcNAc(b1-2)Man(a1-6)]Man(b1-4)GlcNAc(b1-4)GlcNAc,"[('Neu5Ac(a2-6)Gal(b1-4)GlcNAc(b1-4)[Gal(b1-4)GlcNAc(b1-2)]Man(a1-3)[Gal(b1-4)GlcNAc(b1-2)Man(a1-6)]Man(b1-4)GlcNAc(b1-4)GlcNAc', 0.7738)]","{'Hex': 6, 'HexNAc': 5, 'Neu5Ac': 1}",1,11.0,0.048397033917649705,"[np.float64(965.1897), np.float64(1057.7607), np.float64(1200.2351), np.float64(1066.727), np.float64(953.3391), np.float64(1049.9784), np.float64(1640.5105), np.float64(1096.7855), np.float64(835.0754), np.float64(944.3896), np.float64(1027.7664), np.float64(1871.5154), np.float64(970.7723), np.float64(1825.2934), np.float64(803.2422), np.float64(794.1297), np.float64(1067.8027), np.float64(1913.6978), np.float64(1889.5965), np.float64(884.2513), np.float64(1182.4372), np.float64(1038.2213), np.float64(1087.9111), np.float64(1430.5171), np.float64(965.698), np.float64(1056.503), np.float64(1113.4742), np.float64(1727.5557), np.float64(424.0496), np.float64(782.6907), np.float64(1275.4598), np.float64(1109.3156), np.float64(1076.3945), np.float64(875.4259), np.float64(808.278), np.float64(873.3098), np.float64(1000.7077), np.float64(979.4288), np.float64(1108.8), np.float64(1436.3277), np.float64(1047.7019), np.float64(956.815), np.float64(900.837), np.float64(1829.37), np.float64(1059.168), np.float64(1055.7295), np.float64(876.7839), np.float64(1099.7664), np.float64(966.7757), np.float64(1036.8426), np.float64(1870.5936), np.float64(655.1363), np.float64(715.2977), np.float64(1088.8618), np.float64(1709.492), np.float64(1118.3975), np.float64(818.6425), np.float64(1248.2908), np.float64(840.1714), np.float64(1034.7372), np.float64(1085.6808), np.float64(1070.8552), np.float64(688.2656), np.float64(946.8946), np.float64(1101.9411), np.float64(731.3589), np.float64(896.2233), np.float64(1003.8144), np.float64(1006.8846), np.float64(591.6312), np.float64(1272.4394), np.float64(892.7387), np.float64(345.9297), np.float64(1478.5637), np.float64(771.5678), np.float64(1547.3208), np.float64(1103.1575), np.float64(1894.5889), np.float64(1828.7388), np.float64(470.1359), np.float64(976.8078), np.float64(1972.9323), np.float64(972.2225), np.float64(1110.8079), np.float64(1843.463), np.float64(544.2151), np.float64(955.9048), np.float64(1407.9775), np.float64(586.1379), np.float64(1082.4642), np.float64(1084.1516), np.float64(935.2336), np.float64(807.2367), np.float64(1001.729), np.float64(1012.8934), np.float64(854.2943), np.float64(744.9773), np.float64(472.049), np.float64(1015.1592), np.float64(1209.4954)]",strong,,,206.885471294348,,metfornet
1149.0059901258126,-2,26.83,Fuc(a1-3)[Gal(b1-4)]GlcNAc(b1-?)[Gal(b1-4)GlcNAc(b1-?)]Man(a1-3)[Gal(b1-4)GlcNAc(b1-2)Man(a1-6)]Man(b1-4)GlcNAc(b1-4)[Fuc(a1-6)]GlcNAc,"[('Fuc(a1-3)[Gal(b1-4)]GlcNAc(b1-?)[Gal(b1-4)GlcNAc(b1-?)]Man(a1-3)[Gal(b1-4)GlcNAc(b1-2)Man(a1-6)]Man(b1-4)GlcNAc(b1-4)[Fuc(a1-6)]GlcNAc', 0.8251000000000001)]","{'Hex': 6, 'HexNAc': 5, 'dHex': 2}",7,16.0,0.9463636287729801,"[np.float64(965.1761), np.float64(1200.2306), np.float64(1067.2168), np.float64(1058.189), np.float64(1889.3781), np.float64(1037.234), np.float64(965.7867), np.float64(875.132), np.float64(884.1664), np.float64(1036.6802), np.float64(1118.2449), np.float64(1028.2106), np.float64(1097.2012), np.float64(423.9725), np.float64(655.1059), np.float64(1046.1617), np.float64(1097.1352), np.float64(935.6882), np.float64(1088.2094), np.float64(944.7314), np.float64(1182.2761), np.float64(1016.3134), np.float64(955.7474), np.float64(986.1618), np.float64(1201.0158), np.float64(1914.5217), np.float64(782.7232), np.float64(979.1833), np.float64(1088.3743), np.float64(1007.1865), np.float64(946.6284), np.float64(1641.3899), np.float64(1272.2017), np.float64(1709.4582), np.float64(1727.3792), np.float64(956.7143), np.float64(944.2124), np.float64(1106.1763), np.float64(1037.7581), np.float64(835.1943), np.float64(1871.3996), np.float64(1058.8233), np.float64(1020.2247), np.float64(956.2549), np.float64(1046.2653), np.float64(1242.311), np.float64(673.2001), np.float64(926.2339), np.float64(1097.9148), np.float64(1015.6917), np.float64(1067.7657), np.float64(715.1482), np.float64(977.2365), np.float64(1114.2623), np.float64(961.2376), np.float64(1087.6666), np.float64(1751.3394), np.float64(466.0606), np.float64(1752.4444), np.float64(998.2593), np.float64(1057.3538), np.float64(885.0871), np.float64(1054.2204), np.float64(1275.1685), np.float64(773.6225), np.float64(845.5268), np.float64(1057.6199), np.float64(1548.3686), np.float64(947.1291), np.float64(1826.4651), np.float64(1894.4828), np.float64(1049.1624), np.float64(1912.4805), np.float64(1524.3632), np.float64(1931.3968), np.float64(917.7618), np.float64(1932.438), np.float64(1063.3399), np.float64(1368.3071), np.float64(1038.0927), np.float64(986.3649), np.float64(1890.2362), np.float64(968.3465), np.float64(1386.3725), np.float64(544.1157), np.float64(1057.0329), np.float64(1949.4468), np.float64(670.155), np.float64(407.1394), np.float64(382.0031), np.float64(1047.0988), np.float64(1096.3592), np.float64(1109.2425), np.float64(1073.7502), np.float64(1692.3502), np.float64(1991.4102), np.float64(794.2317), np.float64(1089.0708), np.float64(1691.4076), np.float64(854.1587)]",strong,,,74.77702540866194,,metfornet
1149.0686103742894,-2,28.6,Gal(b1-4)GlcNAc(b1-2)[Gal(b1-4)GlcNAc(b1-4)]Man(a1-3)[Fuc(a1-3)[Gal(b1-4)]GlcNAc(b1-2)Man(a1-6)]Man(b1-4)GlcNAc(b1-4)[Fuc(a1-6)]GlcNAc,"[('Gal(b1-4)GlcNAc(b1-2)[Gal(b1-4)GlcNAc(b1-4)]Man(a1-3)[Fuc(a1-3)[Gal(b1-4)]GlcNAc(b1-2)Man(a1-6)]Man(b1-4)GlcNAc(b1-4)[Fuc(a1-6)]GlcNAc', 0.8317)]","{'Hex': 6, 'HexNAc': 5, 'dHex': 2}",1,17.0,0.061946971297815255,"[np.float64(965.1922), np.float64(1200.2388), np.float64(1067.221), np.float64(965.7002), np.float64(1058.3172), np.float64(1889.4094), np.float64(884.1922), np.float64(1036.6986), np.float64(1057.7227), np.float64(1066.7006), np.float64(1028.1831), np.float64(1118.1568), np.float64(875.2488), np.float64(424.0842), np.float64(782.6411), np.float64(1037.2647), np.float64(1844.3162), np.float64(1871.3871), np.float64(935.2947), np.float64(1097.1631), np.float64(925.9848), np.float64(1067.9917), np.float64(1045.872), np.float64(1020.2862), np.float64(1109.1958), np.float64(968.3022), np.float64(1038.0847), np.float64(585.9733), np.float64(884.7114), np.float64(1913.6052), np.float64(1088.27), np.float64(956.2114), np.float64(1946.5161), np.float64(854.2749), np.float64(1826.34), np.float64(1641.4942), np.float64(655.0595), np.float64(1113.2284), np.float64(773.7196), np.float64(1242.4052), np.float64(977.2235), np.float64(833.4305), np.float64(955.6913), np.float64(1054.3772), np.float64(1368.4055), np.float64(875.7727), np.float64(673.2354), np.float64(967.7646), np.float64(688.0248), np.float64(1932.5702), np.float64(1709.5389), np.float64(425.019), np.float64(979.1988), np.float64(961.0926), np.float64(1182.2192), np.float64(1914.5986), np.float64(1055.1971), np.float64(1872.3575), np.float64(863.2755), np.float64(905.9457), np.float64(986.2669), np.float64(923.711), np.float64(1112.1039), np.float64(921.8981), np.float64(1015.735), np.float64(1066.1351), np.float64(1102.6115), np.float64(1058.8345), np.float64(1404.2532), np.float64(914.6771), np.float64(1783.3488), np.float64(1114.2983), np.float64(701.6987), np.float64(1019.5671), np.float64(1589.2796), np.float64(670.0481), np.float64(1623.3857), np.float64(835.2569), np.float64(1751.5151), np.float64(1272.4535), np.float64(1889.9186), np.float64(382.0736), np.float64(783.2406), np.float64(1103.5571), np.float64(944.7268), np.float64(900.682), np.float64(831.1658), np.float64(966.6592), np.float64(1201.1074), np.float64(738.8062), np.float64(526.1134), np.float64(1605.4836), np.float64(1766.6256), np.float64(1065.3006), np.float64(1784.4583), np.float64(1964.5511), np.float64(866.1417), np.float64(1097.8231), np.float64(1437.4979), np.float64(462.0492)]",strong,,,129.28059768846094,,metfornet
1294.0784944764105,-2,30.99,{Neu5Ac(a2-?)}{Neu5Ac(a2-?)}Gal(b1-4)GlcNAc(b1-2)[Gal(b1-4)GlcNAc(b1-?)]Man(a1-?)[Gal(b1-4)GlcNAc(b1-2)Man(a1-?)]Man(b1-4)GlcNAc(b1-4)GlcNAc,"[('Neu5Ac(a2-3)Gal(b1-4)GlcNAc(b1-2)Man(a1-3)[Neu5Ac(a2-3)Gal(b1-4)GlcNAc(b1-?)[Gal(b1-4)GlcNAc(b1-?)]Man(a1-6)]Man(b1-4)GlcNAc(b1-4)GlcNAc', 0.3571218795888399), ('Neu5Ac(a2-3)Gal(b1-4)GlcNAc(b1-?)[Gal(b1-4)GlcNAc(b1-?)]Man(a1-3)[Neu5Ac(a2-3)Gal(b1-4)GlcNAc(b1-2)Man(a1-6)]Man(b1-4)GlcNAc(b1-4)GlcNAc', 0.32252569750367105), ('{Neu5Ac(a2-?)}{Neu5Ac(a2-?)}Gal(b1-4)GlcNAc(b1-2)[Gal(b1-4)GlcNAc(b1-?)]Man(a1-?)[Gal(b1-4)GlcNAc(b1-2)Man(a1-?)]Man(b1-4)GlcNAc(b1-4)GlcNAc', 0.32035242290748894)]","{'Hex': 6, 'HexNAc': 5, 'Neu5Ac': 2}",10,20.0,1.562481492104912,"[np.float64(1147.9575), np.float64(1212.178), np.float64(1200.2408), np.float64(1182.6205), np.float64(1191.2518), np.float64(1212.6114), np.float64(1213.0905), np.float64(1212.811), np.float64(1254.1776), np.float64(1183.3383), np.float64(1242.3012), np.float64(965.2622), np.float64(1932.4374), np.float64(1182.1662), np.float64(1254.8435), np.float64(1140.953), np.float64(1089.8302), np.float64(1181.2305), np.float64(1066.871), np.float64(1182.467), np.float64(1931.4566), np.float64(1067.0745), np.float64(1191.4201), np.float64(1242.5185), np.float64(1101.188), np.float64(1242.8823), np.float64(1213.3464), np.float64(1182.8428), np.float64(1088.9202), np.float64(1447.3574), np.float64(1101.6213), np.float64(655.1222), np.float64(1202.8764), np.float64(1181.7808), np.float64(1118.2332), np.float64(1148.3896), np.float64(1201.3529), np.float64(875.271), np.float64(1067.4387), np.float64(1843.6046), np.float64(1254.6548), np.float64(1111.3961), np.float64(1479.305), np.float64(1641.4445), np.float64(1110.7836), np.float64(1224.713), np.float64(1100.4204), np.float64(1227.3665), np.float64(1203.1414), np.float64(1191.808), np.float64(1473.4425), np.float64(1173.3588), np.float64(1844.5067), np.float64(1090.7362), np.float64(1202.5496), np.float64(884.5367), np.float64(1932.5962), np.float64(1770.3669), np.float64(1138.8504), np.float64(966.503), np.float64(1751.4464), np.float64(1190.3519), np.float64(1057.9203), np.float64(1029.8308), np.float64(1192.0051), np.float64(1046.3256), np.float64(884.2516), np.float64(1233.3372), np.float64(965.7769), np.float64(1245.4618), np.float64(1036.8421), np.float64(955.7181), np.float64(1239.3533), np.float64(1204.288), np.float64(653.1774), np.float64(1770.5965), np.float64(1130.2458), np.float64(1090.4764), np.float64(1141.1755), np.float64(1221.7178), np.float64(560.5742), np.float64(1038.2001), np.float64(1213.9895), np.float64(1640.3228), np.float64(1263.2016), np.float64(1088.6304), np.float64(1070.1469), np.float64(1030.0269), np.float64(1138.1965), np.float64(1215.8528), np.float64(1047.1998), np.float64(1101.8955), np.float64(1121.606), np.float64(976.8584), np.float64(1913.5028), np.float64(469.9908), np.float64(1248.3377), np.float64(1006.9046), np.float64(1164.3164), np.float64(1930.4442)]",strong,,,93.44755850736117,,metfornet
1295.0929004039926,-2,29.38,Fuc(a1-2)Gal(b1-4)[Fuc(a1-3)]GlcNAc(b1-?)[Gal(b1-4)GlcNAc(b1-?)]Man(a1-3)[Fuc(a1-3)[Gal(b1-4)]GlcNAc(b1-2)Man(a1-6)]Man(b1-4)GlcNAc(b1-4)[Fuc(a1-6)]GlcNAc,"[('Fuc(a1-2)Gal(b1-4)[Fuc(a1-3)]GlcNAc(b1-?)[Gal(b1-4)GlcNAc(b1-?)]Man(a1-3)[Fuc(a1-3)[Gal(b1-4)]GlcNAc(b1-2)Man(a1-6)]Man(b1-4)GlcNAc(b1-4)[Fuc(a1-6)]GlcNAc', 1.0)]","{'Hex': 6, 'HexNAc': 5, 'dHex': 4}",24,9.0,4.138808486253816,"[np.float64(1183.056), np.float64(1148.2222), np.float64(1200.2555), np.float64(1254.7302), np.float64(1148.4928), np.float64(1182.1861), np.float64(1212.7136), np.float64(1213.3161), np.float64(1067.2221), np.float64(965.2276), np.float64(1932.4366), np.float64(1213.0171), np.float64(1183.3087), np.float64(1191.2047), np.float64(1447.3195), np.float64(1183.8416), np.float64(884.2157), np.float64(1213.8498), np.float64(655.1374), np.float64(1111.2857), np.float64(1255.3088), np.float64(1182.6654), np.float64(1473.3018), np.float64(1182.407), np.float64(1067.4248), np.float64(1111.0822), np.float64(1931.4073), np.float64(1090.1025), np.float64(1203.8341), np.float64(965.3846), np.float64(1067.6204), np.float64(1447.421), np.float64(1148.8365), np.float64(1255.027), np.float64(1263.7574), np.float64(423.9999), np.float64(1030.2324), np.float64(1147.7344), np.float64(1191.5551), np.float64(1242.514), np.float64(1088.988), np.float64(1191.7578), np.float64(1111.778), np.float64(1933.3843), np.float64(1058.1934), np.float64(1118.2766), np.float64(1889.3708), np.float64(1448.3217), np.float64(1030.8101), np.float64(1183.564), np.float64(1203.1586), np.float64(1242.7729), np.float64(1242.2624), np.float64(1212.2477), np.float64(1181.2886), np.float64(965.7081), np.float64(1089.8496), np.float64(1030.4699), np.float64(1201.1943), np.float64(1038.2258), np.float64(1181.5768), np.float64(1844.4466), np.float64(1641.4144), np.float64(1141.2157), np.float64(1242.1151), np.float64(1139.496), np.float64(1194.8369), np.float64(875.1802), np.float64(961.2205), np.float64(1089.6453), np.float64(1912.3739), np.float64(1102.349), np.float64(1263.0999), np.float64(782.6619), np.float64(1036.805), np.float64(1826.4025), np.float64(1080.6689), np.float64(1243.3202), np.float64(1140.9901), np.float64(1233.712), np.float64(1233.9104), np.float64(1174.2209), np.float64(1254.1707), np.float64(1139.2224), np.float64(1640.3205), np.float64(1127.2112), np.float64(979.2556), np.float64(1914.3593), np.float64(1114.2611), np.float64(1751.3226), np.float64(1101.7722), np.float64(470.0645), np.float64(1474.2947), np.float64(1253.8967), np.float64(884.7815), np.float64(1146.2485), np.float64(1173.5499), np.float64(986.165), np.float64(1263.3227), np.float64(1192.1434)]",strong,,,88.74521884355933,,metfornet
1297.2408447708935,-1,24.66,Man(a1-3)[Man(a1-6)]Man(a1-6)[Man(a1-3)]Man(b1-4)GlcNAc(b1-4)GlcNAc,"[('Man(a1-3)[Man(a1-6)]Man(a1-6)[Man(a1-3)]Man(b1-4)GlcNAc(b1-4)GlcNAc', 0.8028340370714949), ('Man(a1-2)Man(a1-3)[Man(a1-?)Man(a1-6)]Man(b1-4)GlcNAc(b1-4)GlcNAc', 0.197165962928505)]","{'Hex': 5, 'HexNAc': 2}",6,9.0,4.15894056192843,"[np.float64(1235.2405), np.float64(1073.1887), np.float64(1236.2703), np.float64(1258.247), np.float64(1257.1912), np.float64(1355.1677), np.float64(1237.1579), np.float64(929.1345), np.float64(1176.2714), np.float64(869.0652), np.float64(483.0846), np.float64(1257.4989), np.float64(911.3392), np.float64(1236.4452), np.float64(1215.6556), np.float64(1072.2361), np.float64(749.2452), np.float64(972.2311), np.float64(1355.3564), np.float64(1218.3444), np.float64(670.2649), np.float64(1185.8588), np.float64(1100.1284), np.float64(1194.2953), np.float64(1568.3089), np.float64(1354.316), np.float64(873.2065), np.float64(859.0805), np.float64(1192.9447), np.float64(1260.1951), np.float64(1175.1343), np.float64(1176.7896), np.float64(1250.6404), np.float64(1720.3932), np.float64(1259.3426), np.float64(1081.0883), np.float64(889.0358), np.float64(1253.3328), np.float64(1197.2468), np.float64(1167.3471), np.float64(940.1593), np.float64(1357.1377), np.float64(1251.1916), np.float64(1067.3073), np.float64(1133.1492), np.float64(1167.0844), np.float64(746.0825), np.float64(1092.0428), np.float64(1114.3057), np.float64(1258.4328), np.float64(503.0261), np.float64(1254.2004), np.float64(1130.1985), np.float64(1203.7177), np.float64(1238.4384), np.float64(547.0041), np.float64(1256.2183), np.float64(1193.3323), np.float64(573.0676), np.float64(1250.2248), np.float64(629.5962), np.float64(1666.5176), np.float64(1261.4426), np.float64(1234.4359), np.float64(887.3388), np.float64(1004.314), np.float64(1075.2768), np.float64(1198.2681), np.float64(1153.3171), np.float64(1434.302), np.float64(1258.7708), np.float64(1322.0768), np.float64(748.0298), np.float64(1213.7395), np.float64(1183.7591), np.float64(565.1578), np.float64(1215.1507), np.float64(1110.0247), np.float64(1993.4105), np.float64(1062.2847), np.float64(896.1625), np.float64(1232.2659), np.float64(1160.0997), np.float64(891.2547), np.float64(871.2983), np.float64(1220.4076), np.float64(1008.371), np.float64(828.2991), np.float64(1183.291), np.float64(1117.2759), np.float64(597.1317), np.float64(1131.3249), np.float64(873.9802), np.float64(1061.7321), np.float64(1990.4718), np.float64(1564.2928), np.float64(900.4071), np.float64(454.8747), np.float64(545.0447), np.float64(1115.2374)]",strong,HCO3-,,145.13583987364368,,metfornet
1397.400146733244,-1,21.73,Man(a1-2)Man(a1-3)[Man(a1-3)[Man(a1-6)]Man(a1-6)]Man(b1-4)GlcNAc(b1-4)GlcNAc,"[('Man(a1-2)Man(a1-3)[Man(a1-3)[Man(a1-6)]Man(a1-6)]Man(b1-4)GlcNAc(b1-4)GlcNAc', 0.5851000000000001)]","{'Hex': 6, 'HexNAc': 2}",5,7.0,6.233290945329622,"[np.float64(1235.2569), np.float64(1073.2284), np.float64(1236.3137), np.float64(1234.2398), np.float64(1276.1902), np.float64(1091.1592), np.float64(1359.2567), np.float64(1237.2544), np.float64(1233.2848), np.float64(1235.8227), np.float64(1347.2294), np.float64(1305.7459), np.float64(1305.2829), np.float64(1333.4162), np.float64(629.1353), np.float64(1352.85), np.float64(1294.3596), np.float64(1335.1915), np.float64(1304.1013), np.float64(912.2729), np.float64(1062.7331), np.float64(1237.4313), np.float64(873.2874), np.float64(891.1832), np.float64(1031.1895), np.float64(1202.2178), np.float64(1559.3684), np.float64(1477.6017), np.float64(1347.5074), np.float64(911.4653), np.float64(1117.0511), np.float64(1072.203), np.float64(1348.2838), np.float64(1197.5275), np.float64(1218.1194), np.float64(1311.9557), np.float64(1074.2116), np.float64(1710.5346), np.float64(1219.2561), np.float64(1197.2589), np.float64(1355.3805), np.float64(1340.236), np.float64(531.2156), np.float64(1092.4017), np.float64(1232.291), np.float64(1559.5832), np.float64(1075.1249), np.float64(989.3097), np.float64(1291.2612), np.float64(1230.1493), np.float64(1215.3621), np.float64(911.1124), np.float64(903.1781), np.float64(1174.4671), np.float64(1143.2811), np.float64(1250.5569), np.float64(1353.3243), np.float64(1276.4896), np.float64(1173.2376), np.float64(645.1656), np.float64(482.0133), np.float64(1053.1985), np.float64(1196.1313), np.float64(1236.4826), np.float64(1288.2735), np.float64(1358.4322), np.float64(1172.3162), np.float64(748.3116), np.float64(545.3137), np.float64(503.1085), np.float64(907.1041), np.float64(1263.5146), np.float64(1298.2783), np.float64(1336.4995), np.float64(1167.0193), np.float64(1074.6489), np.float64(1136.4054), np.float64(1725.4226), np.float64(1171.9832), np.float64(1186.4841), np.float64(1240.4943), np.float64(1639.165), np.float64(1318.2855), np.float64(1217.5797), np.float64(731.2133), np.float64(1114.4028), np.float64(961.4677), np.float64(1035.156), np.float64(969.3165), np.float64(1071.2168), np.float64(572.1398), np.float64(1885.4625), np.float64(1161.1073), np.float64(1095.1886)]",strong,,,67.14366439207079,,metfornet
1439.5949774910466,-2,33.18,Neu5Ac(a2-?)Gal(b1-4)GlcNAc(b1-2)[Neu5Ac(a2-?)Gal(b1-4)GlcNAc(b1-4)]Man(a1-3)[Neu5Ac(a2-?)Gal(b1-4)GlcNAc(b1-2)Man(a1-6)]Man(b1-4)GlcNAc(b1-4)GlcNAc,"[('Neu5Ac(a2-6)Gal(b1-4)GlcNAc(b1-2)[Neu5Ac(a2-3)Gal(b1-4)GlcNAc(b1-4)]Man(a1-3)[Neu5Ac(a2-3)Gal(b1-4)GlcNAc(b1-2)Man(a1-6)]Man(b1-4)GlcNAc(b1-4)GlcNAc', 0.40699200572724015), ('Neu5Ac(a2-?)Gal(b1-4)GlcNAc(b1-2)Man(a1-3)[Neu5Ac(a2-?)Gal(b1-4)GlcNAc(b1-2)[Neu5Ac(a2-?)Gal(b1-4)GlcNAc(b1-6)]Man(a1-6)]Man(b1-4)GlcNAc(b1-4)GlcNAc', 0.34558326373145604), ('Neu5Ac(a2-3)Gal(b1-4)GlcNAc(b1-2)[Neu5Ac(a2-3)Gal(b1-4)GlcNAc(b1-4)]Man(a1-3)[Neu5Ac(a2-3)Gal(b1-4)GlcNAc(b1-2)Man(a1-6)]Man(b1-4)GlcNAc(b1-4)GlcNAc', 0.24742473054130373)]","{'Hex': 6, 'HexNAc': 5, 'Neu5Ac': 3}",8,5.0,2.124178284403851,"[np.float64(1292.3134), np.float64(1291.5301), np.float64(1283.3753), np.float64(1283.1693), np.float64(1293.0635), np.float64(1291.0649), np.float64(1292.6822), np.float64(1283.8176), np.float64(1895.3533), np.float64(1983.4873), np.float64(1100.3447), np.float64(1293.3028), np.float64(1764.9292), np.float64(1224.1718), np.float64(1860.459), np.float64(1319.2658), np.float64(1384.9053), np.float64(1055.0789), np.float64(1180.2802), np.float64(1116.2478), np.float64(1284.2564), np.float64(1293.8126), np.float64(1405.3541), np.float64(1367.4148), np.float64(1300.1595), np.float64(1305.3744), np.float64(1181.2596), np.float64(1113.1457), np.float64(1274.3291), np.float64(1866.2847), np.float64(1263.699), np.float64(1265.6253), np.float64(423.9588), np.float64(1334.8477), np.float64(1202.2118), np.float64(1236.0647), np.float64(1254.7798), np.float64(1400.3678), np.float64(1664.4013), np.float64(1336.1648), np.float64(1321.4061), np.float64(1506.203), np.float64(1318.304), np.float64(1943.9079), np.float64(1357.5934), np.float64(1931.3689), np.float64(1400.6496), np.float64(1832.226), np.float64(1912.079), np.float64(1012.3564), np.float64(1244.3056), np.float64(910.2504), np.float64(1242.3084), np.float64(1930.4155), np.float64(1202.3439), np.float64(1095.4546), np.float64(1275.3746), np.float64(1201.0716), np.float64(1137.4271), np.float64(1088.7849), np.float64(1374.4552), np.float64(1378.711), np.float64(1308.7957), np.float64(1403.6996), np.float64(1044.1756), np.float64(1090.7108), np.float64(1240.5059), np.float64(1294.335), np.float64(1312.2836), np.float64(1391.858), np.float64(992.2768), np.float64(1246.2498), np.float64(1029.7941), np.float64(1444.2863), np.float64(489.112), np.float64(1942.0876), np.float64(1140.6098), np.float64(1983.107), np.float64(1233.4528), np.float64(1377.3667), np.float64(442.6992), np.float64(1372.4073), np.float64(1269.8467), np.float64(652.9402), np.float64(425.9779), np.float64(1245.374), np.float64(581.18), np.float64(1327.561), np.float64(1072.3326), np.float64(1399.818), np.float64(1387.3794), np.float64(1348.7922), np.float64(1564.4141), np.float64(1354.4511), np.float64(730.2461), np.float64(673.1617), np.float64(1209.2706), np.float64(1980.9628), np.float64(1326.7959), np.float64(1259.7591)]",strong,,,62.31320750355606,,metfornet
