m/z,charge,RT,top1_pred,predictions,composition,num_spectra,annotation_score,rel_abundance,top_fragments,evidence,adduct,notes,ppm_error,GlyTouCan_ID,model_mode
658.2417066751269,-2,15.86,GlcNAc(b1-2)Man(a1-3)[GlcNAc(b1-2)Man(a1-6)]Man(b1-4)GlcNAc(b1-4)GlcNAc,"[('GlcNAc(b1-2)Man(a1-3)[GlcNAc(b1-2)Man(a1-6)]Man(b1-4)GlcNAc(b1-4)GlcNAc', 0.7272727272727272), ('GlcNAc(b1-2)Man(a1-?)[GlcNAc(b1-4)][Man(a1-?)]Man(b1-4)GlcNAc(b1-4)GlcNAc', 0.2727272727272727)]","{'Hex': 3, 'HexNAc': 4}",7,14.0,0.46311275791016787,"[np.float64(556.703), np.float64(475.1241), np.float64(951.3416), np.float64(1114.4445), np.float64(557.1969), np.float64(475.6333), np.float64(952.3526), np.float64(628.2371), np.float64(262.0798), np.float64(526.1883), np.float64(557.71), np.float64(454.1133), np.float64(628.691), np.float64(304.0834), np.float64(1115.4754), np.float64(637.1953), np.float64(953.4191), np.float64(204.0759), np.float64(1115.2866), np.float64(476.1721), np.float64(748.2443), np.float64(1094.461), np.float64(526.7117), np.float64(527.208), np.float64(790.2764), np.float64(993.3844), np.float64(1095.447), np.float64(637.7404), np.float64(220.0376), np.float64(912.3451), np.float64(1096.3504), np.float64(508.1601), np.float64(201.9695), np.float64(749.2996), np.float64(424.1823), np.float64(750.1978), np.float64(994.2703), np.float64(263.096), np.float64(649.2481), np.float64(1094.3251), np.float64(222.0812), np.float64(508.5108), np.float64(425.1836), np.float64(455.1663), np.float64(382.0896), np.float64(640.9622), np.float64(607.3405), np.float64(1063.9401), np.float64(891.4056), np.float64(407.1057), np.float64(911.3998), np.float64(547.7095), np.float64(455.7618), np.float64(619.2405), np.float64(373.6426), np.float64(910.4269), np.float64(1025.705), np.float64(950.9561), np.float64(628.9001), np.float64(466.2005), np.float64(453.6556), np.float64(995.4927), np.float64(525.7815), np.float64(866.9031), np.float64(858.6503), np.float64(909.0265), np.float64(589.2664), np.float64(952.9247), np.float64(536.1461), np.float64(606.247), np.float64(894.719), np.float64(1013.316), np.float64(303.657), np.float64(615.552), np.float64(615.9416), np.float64(614.399), np.float64(495.869), np.float64(908.3392), np.float64(729.157), np.float64(865.279), np.float64(1116.439), np.float64(568.3087), np.float64(541.265), np.float64(739.632), np.float64(1115.8437), np.float64(1005.575), np.float64(791.2268), np.float64(982.895), np.float64(598.0934), np.float64(476.712), np.float64(844.696), np.float64(484.04), np.float64(697.249), np.float64(548.294), np.float64(954.3481), np.float64(606.8115), np.float64(908.667), np.float64(648.381), np.float64(677.6981), np.float64(528.37)]",strong,,,2.386085703096432,,metfornet
731.270692814196,-2,17.54,GlcNAc(b1-2)Man(a1-3)[GlcNAc(b1-2)Man(a1-6)]Man(b1-4)GlcNAc(b1-4)[Fuc(a1-6)]GlcNAc,"[('GlcNAc(b1-2)Man(a1-3)[GlcNAc(b1-2)Man(a1-6)]Man(b1-4)GlcNAc(b1-4)[Fuc(a1-6)]GlcNAc', 0.6785932100020329), ('GlcNAc(b1-2)Man(a1-6)[Man(a1-3)][GlcNAc(b1-4)]Man(b1-4)GlcNAc(b1-4)[Fuc(a1-6)]GlcNAc', 0.32140678999796707)]","{'Hex': 3, 'HexNAc': 4, 'dHex': 1}",6,12.0,0.29426980218512866,"[np.float64(629.754), np.float64(649.2613), np.float64(649.7484), np.float64(951.3692), np.float64(630.2699), np.float64(350.1343), np.float64(952.4138), np.float64(1260.5309), np.float64(701.3028), np.float64(1094.3588), np.float64(548.6474), np.float64(1096.4076), np.float64(1299.42), np.float64(710.2746), np.float64(526.1564), np.float64(262.0914), np.float64(1098.4401), np.float64(454.1497), np.float64(571.1861), np.float64(628.1286), np.float64(508.0638), np.float64(710.788), np.float64(548.2152), np.float64(701.7766), np.float64(547.6767), np.float64(1300.523), np.float64(993.3366), np.float64(304.1335), np.float64(508.2194), np.float64(583.8111), np.float64(748.2089), np.float64(671.2056), np.float64(713.2649), np.float64(891.3734), np.float64(368.261), np.float64(689.3608), np.float64(619.1962), np.float64(650.1577), np.float64(945.6131), np.float64(608.6899), np.float64(584.1452), np.float64(570.2628), np.float64(1261.6412), np.float64(1239.587), np.float64(630.7058), np.float64(368.089), np.float64(351.031), np.float64(790.1643), np.float64(1097.2918), np.float64(1282.881), np.float64(549.1532), np.float64(466.675), np.float64(303.3766), np.float64(1095.3773), np.float64(648.8641), np.float64(752.171), np.float64(1097.418), np.float64(1301.667), np.float64(658.771), np.float64(1239.3467), np.float64(381.9261), np.float64(1242.3797), np.float64(597.337), np.float64(1299.6421), np.float64(599.9104), np.float64(1100.4565), np.float64(916.583), np.float64(1266.259), np.float64(1099.3905), np.float64(1133.334), np.float64(509.378), np.float64(1257.7062), np.float64(545.0932), np.float64(475.0316), np.float64(1008.42), np.float64(568.788), np.float64(1050.5651), np.float64(935.5223), np.float64(307.0525), np.float64(658.1474), np.float64(903.464), np.float64(350.4957), np.float64(629.2889), np.float64(407.1159), np.float64(952.1313), np.float64(659.354), np.float64(808.342), np.float64(569.134), np.float64(866.361), np.float64(1259.5237), np.float64(910.1412), np.float64(819.4351), np.float64(568.1037), np.float64(934.233), np.float64(647.343), np.float64(701.5211), np.float64(1057.4538), np.float64(750.974), np.float64(527.298), np.float64(1021.322)]",strong,,,2.0983783422923605,,metfornet
749.2808862843348,-1,14.01,Man(a1-6)Man(b1-4)GlcNAc(b1-4)GlcNAc,"[('Man(a1-6)Man(b1-4)GlcNAc(b1-4)GlcNAc', 0.8513346296623652), ('Man(a1-?)Man(b1-4)GlcNAc(b1-4)GlcNAc', 0.1486653703376348)]","{'Hex': 2, 'HexNAc': 2}",6,9.0,0.1205990631920477,"[np.float64(341.0526), np.float64(383.1222), np.float64(383.1844), np.float64(407.1701), np.float64(526.1842), np.float64(707.2804), np.float64(443.1725), np.float64(221.0922), np.float64(341.943), np.float64(340.8626), np.float64(443.0059), np.float64(582.9259), np.float64(466.271), np.float64(689.1747), np.float64(731.0351), np.float64(280.9684), np.float64(426.0178), np.float64(425.071), np.float64(408.1144), np.float64(281.2541), np.float64(280.6823), np.float64(448.22), np.float64(384.0498), np.float64(503.653), np.float64(690.2353), np.float64(442.5584), np.float64(424.7912), np.float64(591.013), np.float64(730.2217), np.float64(475.546), np.float64(739.7646), np.float64(755.731), np.float64(454.199), np.float64(341.557), np.float64(731.41), np.float64(719.46), np.float64(416.816), np.float64(407.46), np.float64(528.392), np.float64(482.945), np.float64(424.088), np.float64(682.654), np.float64(587.093), np.float64(663.687), np.float64(364.188), np.float64(444.818), np.float64(706.046), np.float64(689.421), np.float64(384.35), np.float64(727.675), np.float64(365.004), np.float64(482.599), np.float64(602.241), np.float64(465.96), np.float64(737.653), np.float64(425.299), np.float64(465.195), np.float64(480.8), np.float64(725.717), np.float64(273.385), np.float64(573.618), np.float64(668.474), np.float64(496.066), np.float64(567.255), np.float64(684.975), np.float64(426.263)]",strong,,,2.526837286007371,,metfornet
749.2810142720771,-1,15.61,Man(a1-6)Man(b1-4)GlcNAc(b1-4)GlcNAc,"[('Man(a1-6)Man(b1-4)GlcNAc(b1-4)GlcNAc', 0.7226242544731611), ('Man(a1-?)Man(b1-4)GlcNAc(b1-4)GlcNAc', 0.277375745526839)]","{'Hex': 2, 'HexNAc': 2}",13,8.0,2.444066068461857,"[np.float64(383.1093), np.float64(689.282), np.float64(407.1758), np.float64(341.0617), np.float64(526.1948), np.float64(707.3026), np.float64(281.0533), np.float64(425.111), np.float64(647.2642), np.float64(690.2378), np.float64(221.0394), np.float64(708.3214), np.float64(443.0752), np.float64(731.2755), np.float64(527.1516), np.float64(384.1124), np.float64(408.1653), np.float64(587.2164), np.float64(629.2601), np.float64(648.2011), np.float64(588.2325), np.float64(340.653), np.float64(407.5241), np.float64(426.092), np.float64(340.4898), np.float64(689.699), np.float64(342.1657), np.float64(569.2181), np.float64(342.0293), np.float64(668.1988), np.float64(466.139), np.float64(526.0032), np.float64(707.7838), np.float64(730.274), np.float64(347.1041), np.float64(222.0895), np.float64(526.6538), np.float64(341.5325), np.float64(280.5988), np.float64(280.1402), np.float64(630.2327), np.float64(443.9685), np.float64(496.1972), np.float64(323.0549), np.float64(570.2002), np.float64(406.7839), np.float64(280.7376), np.float64(389.1727), np.float64(365.1284), np.float64(668.7264), np.float64(669.1735), np.float64(648.3544), np.float64(638.192), np.float64(305.1381), np.float64(527.3957), np.float64(448.0611), np.float64(731.5644), np.float64(647.0274), np.float64(732.3444), np.float64(282.0738), np.float64(442.8536), np.float64(366.0255), np.float64(690.5507), np.float64(383.4821), np.float64(718.2312), np.float64(466.2212), np.float64(611.1849), np.float64(509.13), np.float64(529.2258), np.float64(323.9757), np.float64(443.4579), np.float64(329.1422), np.float64(424.3683), np.float64(738.254), np.float64(731.9163), np.float64(384.379), np.float64(667.7888), np.float64(647.539), np.float64(416.9967), np.float64(528.2083), np.float64(442.3849), np.float64(670.2271), np.float64(671.3328), np.float64(701.288), np.float64(718.943), np.float64(424.6476), np.float64(572.7907), np.float64(444.136), np.float64(549.724), np.float64(397.0077), np.float64(311.0591), np.float64(413.741), np.float64(250.8832), np.float64(567.177), np.float64(351.0049), np.float64(661.641), np.float64(658.809), np.float64(741.754), np.float64(451.083), np.float64(600.313)]",strong,,,2.3560236148705886,,metfornet
759.7810095930151,-2,13.62,GlcNAc(b1-2)[GlcNAc(b1-4)]Man(a1-3)[GlcNAc(b1-2)Man(a1-6)]Man(b1-4)GlcNAc(b1-4)GlcNAc,"[('GlcNAc(b1-2)[GlcNAc(b1-4)]Man(a1-3)[GlcNAc(b1-2)Man(a1-6)]Man(b1-4)GlcNAc(b1-4)GlcNAc', 0.5237)]","{'Hex': 3, 'HexNAc': 5}",3,8.0,0.0059601140546598486,"[np.float64(576.6339), np.float64(658.28), np.float64(884.573), np.float64(1020.317), np.float64(910.688), np.float64(729.716), np.float64(783.727), np.float64(744.806), np.float64(782.545), np.float64(671.198), np.float64(468.909), np.float64(1224.1071), np.float64(1328.0961), np.float64(898.513), np.float64(741.7281), np.float64(759.394), np.float64(1050.458), np.float64(903.357), np.float64(1314.557), np.float64(442.074), np.float64(897.86), np.float64(817.232), np.float64(874.644), np.float64(628.658), np.float64(475.153), np.float64(1223.2371), np.float64(1024.027), np.float64(1289.309), np.float64(626.03), np.float64(1142.457), np.float64(628.147), np.float64(1418.8411), np.float64(978.985), np.float64(1115.364), np.float64(879.544), np.float64(659.137), np.float64(984.965), np.float64(593.664), np.float64(890.239), np.float64(810.711), np.float64(848.575), np.float64(629.132), np.float64(507.42), np.float64(618.91), np.float64(892.733), np.float64(1053.542), np.float64(858.404), np.float64(567.759), np.float64(1144.407), np.float64(742.059), np.float64(827.458), np.float64(577.144), np.float64(1054.16), np.float64(955.527), np.float64(960.457), np.float64(1072.285), np.float64(612.45), np.float64(1316.077), np.float64(765.031), np.float64(1484.257), np.float64(774.37), np.float64(580.752), np.float64(617.542), np.float64(740.713), np.float64(757.91), np.float64(1049.613), np.float64(784.593), np.float64(772.798), np.float64(1097.214), np.float64(730.764), np.float64(453.598), np.float64(671.801), np.float64(809.356), np.float64(869.68), np.float64(582.751), np.float64(1128.573), np.float64(798.652), np.float64(794.832)]",strong,,,2.5898276793917274,,metfornet
759.7811949714777,-2,15.47,GlcNAc(b1-2)Man(a1-3)[GlcNAc(b1-2)Man(a1-6)][GlcNAc(b1-4)]Man(b1-4)GlcNAc(b1-4)GlcNAc,"[('GlcNAc(b1-2)Man(a1-3)[GlcNAc(b1-2)Man(a1-6)][GlcNAc(b1-4)]Man(b1-4)GlcNAc(b1-4)GlcNAc', 1.0)]","{'Hex': 3, 'HexNAc': 5}",6,15.0,0.19626494929391317,"[np.float64(658.2183), np.float64(576.6942), np.float64(658.7556), np.float64(577.2044), np.float64(729.8036), np.float64(730.2687), np.float64(1155.4514), np.float64(577.7078), np.float64(1154.4293), np.float64(1297.5661), np.float64(1317.5211), np.float64(951.4545), np.float64(659.237), np.float64(628.2608), np.float64(1298.3908), np.float64(729.1962), np.float64(693.297), np.float64(262.162), np.float64(1156.1682), np.float64(649.3278), np.float64(699.6901), np.float64(677.7886), np.float64(1318.632), np.float64(637.186), np.float64(1178.2499), np.float64(220.0625), np.float64(952.4053), np.float64(768.6909), np.float64(727.907), np.float64(304.0432), np.float64(741.8227), np.float64(1175.356), np.float64(670.4585), np.float64(628.8275), np.float64(708.102), np.float64(1255.7428), np.float64(1140.2736), np.float64(627.169), np.float64(813.2178), np.float64(738.892), np.float64(739.4086), np.float64(865.5347), np.float64(475.6513), np.float64(741.1667), np.float64(711.1523), np.float64(806.747), np.float64(607.7519), np.float64(1339.916), np.float64(567.116), np.float64(1113.8407), np.float64(821.257), np.float64(793.751), np.float64(1031.542), np.float64(1096.3918), np.float64(395.135), np.float64(783.555), np.float64(952.0511), np.float64(1013.1009), np.float64(1201.799), np.float64(1018.5844), np.float64(729.447), np.float64(740.0917), np.float64(819.489), np.float64(986.572), np.float64(797.697), np.float64(828.492), np.float64(1218.769), np.float64(932.353), np.float64(1047.603), np.float64(714.142), np.float64(246.2374), np.float64(869.419), np.float64(668.22), np.float64(627.4026), np.float64(1167.455), np.float64(1097.87), np.float64(733.25), np.float64(858.5109), np.float64(584.9587), np.float64(1179.373), np.float64(1156.8694), np.float64(818.5242), np.float64(649.958), np.float64(624.01), np.float64(565.16), np.float64(436.185), np.float64(492.164), np.float64(681.585), np.float64(589.209), np.float64(859.6383), np.float64(1299.59), np.float64(808.972), np.float64(656.745), np.float64(328.0859), np.float64(568.3668), np.float64(1299.421), np.float64(303.7842), np.float64(840.702), np.float64(743.937), np.float64(1300.49)]",strong,,,2.3458389772234884,,metfornet
791.2733241951795,-2,20.97,Neu5Gc(a2-?)Gal(b1-4)GlcNAc(b1-2)Man(a1-3)[Man(a1-6)]Man(b1-4)GlcNAc(b1-4)GlcNAc,"[('Neu5Gc(a2-?)Gal(b1-4)GlcNAc(b1-2)Man(a1-3)[Man(a1-6)]Man(b1-4)GlcNAc(b1-4)GlcNAc', 0.33870000000000006)]","{'Hex': 4, 'HexNAc': 3, 'Neu5Gc': 1}",5,19.0,0.24043984831555015,"[np.float64(608.2148), np.float64(710.2672), np.float64(608.6961), np.float64(710.6978), np.float64(1175.4605), np.float64(1276.5294), np.float64(731.2957), np.float64(995.3984), np.float64(365.095), np.float64(1277.4628), np.float64(1176.4752), np.float64(1360.4593), np.float64(1157.4643), np.float64(671.2338), np.float64(527.1925), np.float64(770.7809), np.float64(609.1816), np.float64(851.2728), np.float64(770.2915), np.float64(680.2775), np.float64(1177.5191), np.float64(1378.5206), np.float64(761.2364), np.float64(923.327), np.float64(588.2052), np.float64(709.7622), np.float64(1072.3666), np.float64(761.7637), np.float64(1158.3537), np.float64(732.1149), np.float64(1079.3447), np.float64(911.3701), np.float64(497.1775), np.float64(1278.48), np.float64(1361.5677), np.float64(740.3547), np.float64(306.0576), np.float64(527.718), np.float64(638.8437), np.float64(679.806), np.float64(1017.6977), np.float64(1277.6939), np.float64(833.2693), np.float64(1276.968), np.float64(730.7713), np.float64(528.1381), np.float64(488.129), np.float64(908.285), np.float64(854.417), np.float64(996.3117), np.float64(1159.6187), np.float64(407.0682), np.float64(1157.1055), np.float64(772.9375), np.float64(1114.4756), np.float64(711.0764), np.float64(852.321), np.float64(996.5471), np.float64(1217.4696), np.float64(1379.4792), np.float64(628.343), np.float64(629.2141), np.float64(1009.7523), np.float64(900.9991), np.float64(1073.175), np.float64(1360.668), np.float64(1215.4476), np.float64(812.527), np.float64(498.654), np.float64(910.2962), np.float64(763.691), np.float64(461.1282), np.float64(745.8781), np.float64(769.3234), np.float64(711.2718), np.float64(700.692), np.float64(959.8608), np.float64(740.704), np.float64(1054.3807), np.float64(852.1247), np.float64(835.507), np.float64(1111.879), np.float64(834.6531), np.float64(774.637), np.float64(773.4939), np.float64(773.8054), np.float64(977.2537), np.float64(1221.53), np.float64(1096.6965), np.float64(680.8232), np.float64(246.4911), np.float64(1175.9825), np.float64(1181.3015), np.float64(734.205), np.float64(1082.547), np.float64(1074.545), np.float64(685.083), np.float64(1278.0399), np.float64(589.212), np.float64(350.053)]",strong,,,2.2787330960048457,,metfornet
791.2735023713093,-2,16.85,Neu5Gc(a2-?)Gal(b1-4)GlcNAc(b1-2)Man(a1-3)[Man(a1-6)]Man(b1-4)GlcNAc(b1-4)GlcNAc,"[('Neu5Gc(a2-?)Gal(b1-4)GlcNAc(b1-2)Man(a1-3)[Man(a1-6)]Man(b1-4)GlcNAc(b1-4)GlcNAc', 1.0)]","{'Hex': 4, 'HexNAc': 3, 'Neu5Gc': 1}",8,10.0,0.8447123993098317,"[np.float64(851.3309), np.float64(608.2055), np.float64(608.7193), np.float64(852.3198), np.float64(761.2611), np.float64(1175.4542), np.float64(761.7633), np.float64(1360.5136), np.float64(1378.5252), np.float64(833.2847), np.float64(609.2231), np.float64(1361.5047), np.float64(1176.3828), np.float64(1277.4875), np.float64(770.3309), np.float64(1379.5421), np.float64(731.2703), np.float64(853.3064), np.float64(1276.5502), np.float64(1175.3465), np.float64(740.2748), np.float64(710.6415), np.float64(762.2653), np.float64(671.2904), np.float64(770.7931), np.float64(1177.4167), np.float64(740.7797), np.float64(710.2068), np.float64(731.7416), np.float64(1507.5773), np.float64(1362.5263), np.float64(1278.4826), np.float64(711.2463), np.float64(629.1644), np.float64(1176.521), np.float64(1157.4144), np.float64(760.2794), np.float64(1508.5925), np.float64(323.1141), np.float64(833.6246), np.float64(911.3125), np.float64(680.2127), np.float64(852.8272), np.float64(771.2577), np.float64(689.1826), np.float64(638.4503), np.float64(923.4672), np.float64(834.316), np.float64(1380.5811), np.float64(709.724), np.float64(851.9355), np.float64(680.7011), np.float64(607.1895), np.float64(305.0942), np.float64(672.2496), np.float64(923.2063), np.float64(681.1949), np.float64(649.7597), np.float64(1175.9785), np.float64(951.8119), np.float64(995.5032), np.float64(1115.4395), np.float64(745.1216), np.float64(759.757), np.float64(726.735), np.float64(776.86), np.float64(741.2329), np.float64(365.0747), np.float64(1360.8754), np.float64(1276.4225), np.float64(679.7452), np.float64(753.2953), np.float64(774.3776), np.float64(671.7018), np.float64(306.0196), np.float64(1465.6032), np.float64(636.8235), np.float64(760.5174), np.float64(730.7577), np.float64(1362.658), np.float64(1147.6047), np.float64(859.1841), np.float64(1217.5413), np.float64(1279.3217), np.float64(784.5114), np.float64(504.7901), np.float64(1130.8311), np.float64(834.473), np.float64(749.371), np.float64(1360.3793), np.float64(407.6814), np.float64(710.3432), np.float64(1276.9661), np.float64(1361.9048), np.float64(848.472), np.float64(813.589), np.float64(944.028), np.float64(286.0093), np.float64(990.083), np.float64(767.2191)]",strong,,,2.0535571443716845,,metfornet
799.7808231598952,-2,16.88,Gal(b1-4)GlcNAc(b1-2)Man(a1-3)[Man(a1-3)[Man(a1-6)]Man(a1-6)]Man(b1-4)GlcNAc(b1-4)GlcNAc,"[('Gal(b1-4)GlcNAc(b1-2)Man(a1-3)[Man(a1-3)[Man(a1-6)]Man(a1-6)]Man(b1-4)GlcNAc(b1-4)GlcNAc', 1.0)]","{'Hex': 6, 'HexNAc': 3}",4,12.0,0.12189413166998542,"[np.float64(709.7476), np.float64(718.7682), np.float64(617.1631), np.float64(769.7056), np.float64(616.681), np.float64(770.2205), np.float64(780.8814), np.float64(1235.6239), np.float64(918.5411), np.float64(778.7528), np.float64(1421.4841), np.float64(1360.5278), np.float64(503.1725), np.float64(1420.6467), np.float64(617.7556), np.float64(719.2545), np.float64(1106.177), np.float64(1156.885), np.float64(779.7737), np.float64(903.7687), np.float64(1234.5428), np.float64(1073.4183), np.float64(323.09), np.float64(618.1257), np.float64(1157.793), np.float64(1236.7011), np.float64(1021.326), np.float64(937.8738), np.float64(1074.3498), np.float64(864.3675), np.float64(719.8202), np.float64(951.488), np.float64(1081.3648), np.float64(545.72), np.float64(698.1882), np.float64(742.14), np.float64(1122.335), np.float64(922.4085), np.float64(424.1431), np.float64(425.0592), np.float64(1377.212), np.float64(1292.7841), np.float64(814.743), np.float64(743.399), np.float64(1377.6525), np.float64(977.523), np.float64(1129.528), np.float64(1192.2856), np.float64(1055.4451), np.float64(706.8926), np.float64(1292.376), np.float64(1284.936), np.float64(1132.5045), np.float64(979.382), np.float64(742.6471), np.float64(372.933), np.float64(869.2562), np.float64(1577.787), np.float64(735.355), np.float64(891.185), np.float64(736.864), np.float64(664.476), np.float64(865.4579), np.float64(1487.26), np.float64(638.345), np.float64(1386.531), np.float64(630.283), np.float64(575.332), np.float64(1066.522), np.float64(1200.15), np.float64(911.337), np.float64(1295.413), np.float64(779.3561), np.float64(1159.2841), np.float64(922.886), np.float64(1455.577), np.float64(866.4997), np.float64(870.6928), np.float64(1133.631), np.float64(1365.265), np.float64(593.173), np.float64(1011.816), np.float64(1026.3226), np.float64(1574.111), np.float64(1402.24), np.float64(553.451), np.float64(972.946), np.float64(540.96), np.float64(1192.54), np.float64(880.575), np.float64(1180.387), np.float64(989.111), np.float64(924.3788), np.float64(783.76), np.float64(972.335), np.float64(605.268), np.float64(797.462), np.float64(549.818), np.float64(315.813), np.float64(1258.504)]",strong,,,2.4433385667153393,,metfornet
820.2949231128204,-2,17.1,Gal(b1-4)GlcNAc(b1-2)Man(a1-3)[Gal(b1-4)GlcNAc(b1-2)Man(a1-6)]Man(b1-4)GlcNAc(b1-4)GlcNAc,"[('Gal(b1-4)GlcNAc(b1-2)Man(a1-3)[Gal(b1-4)GlcNAc(b1-2)Man(a1-6)]Man(b1-4)GlcNAc(b1-4)GlcNAc', 1.0)]","{'Hex': 5, 'HexNAc': 4}",5,16.0,0.19534795009265504,"[np.float64(637.2054), np.float64(637.7606), np.float64(739.3316), np.float64(638.2256), np.float64(1461.5958), np.float64(1276.5673), np.float64(739.7471), np.float64(730.8335), np.float64(424.0977), np.float64(799.8272), np.float64(1277.5178), np.float64(1462.6499), np.float64(1275.4624), np.float64(730.3015), np.float64(688.2878), np.float64(790.7258), np.float64(381.9771), np.float64(790.3141), np.float64(425.13), np.float64(1463.6641), np.float64(791.3076), np.float64(670.2592), np.float64(799.308), np.float64(740.2221), np.float64(671.2047), np.float64(652.282), np.float64(914.0311), np.float64(638.7889), np.float64(800.3), np.float64(709.864), np.float64(1110.0551), np.float64(1419.6066), np.float64(1460.599), np.float64(616.2145), np.float64(466.2086), np.float64(715.7371), np.float64(693.934), np.float64(1201.4), np.float64(1418.5414), np.float64(1257.4892), np.float64(1544.675), np.float64(1275.721), np.float64(1115.4491), np.float64(971.766), np.float64(1277.9902), np.float64(629.31), np.float64(1236.149), np.float64(689.3056), np.float64(801.822), np.float64(1566.604), np.float64(382.1747), np.float64(910.588), np.float64(731.2859), np.float64(938.651), np.float64(658.2491), np.float64(1065.141), np.float64(710.2062), np.float64(545.992), np.float64(365.0496), np.float64(761.3011), np.float64(465.5311), np.float64(848.527), np.float64(1278.5515), np.float64(1258.3441), np.float64(639.2658), np.float64(1053.3945), np.float64(839.567), np.float64(718.686), np.float64(764.7752), np.float64(1157.5131), np.float64(920.718), np.float64(688.884), np.float64(1194.335), np.float64(1480.4622), np.float64(895.503), np.float64(960.145), np.float64(658.6868), np.float64(382.799), np.float64(800.6361), np.float64(1113.4205), np.float64(1094.4351), np.float64(907.509), np.float64(369.835), np.float64(1300.4608), np.float64(616.7196), np.float64(719.34), np.float64(756.766), np.float64(568.96), np.float64(588.165), np.float64(615.0315), np.float64(747.821), np.float64(1114.3611), np.float64(860.558), np.float64(709.314), np.float64(968.888), np.float64(1276.087), np.float64(617.2087), np.float64(1439.6071), np.float64(526.2079), np.float64(1335.4481)]",strong,,Possible in-source fragment of Gal(b1-4)GlcNAc(b1-2)Man(a1-3)[Gal(b1-4)GlcNAc(b1-2)Man(a1-6)]Man(b1-4)GlcNAc(b1-4)[Fuc(a1-6)]GlcNAc,1.4070373023546026,,metfornet
860.2932786514153,-2,17.12,Man(a1-2)Man(a1-3)[Man(a1-2)Man(a1-6)]Man(a1-6)[Man(a1-2)Man(a1-3)]Man(b1-4)GlcNAc(b1-4)GlcNAc,"[('Man(a1-2)Man(a1-3)[Man(a1-2)Man(a1-6)]Man(a1-6)[Man(a1-2)Man(a1-3)]Man(b1-4)GlcNAc(b1-4)GlcNAc', 0.5419712710016673), ('Man(a1-2)Man(a1-2)Man(a1-6)[Man(a1-3)]Man(a1-6)[Man(a1-2)Man(a1-3)]Man(b1-4)GlcNAc(b1-4)GlcNAc', 0.22989611388995768), ('Man(a1-2)Man(a1-2)Man(a1-3)[Man(a1-2)Man(a1-?)[Man(a1-?)]Man(a1-6)]Man(b1-4)GlcNAc(b1-4)GlcNAc', 0.22813261510837501)]","{'Hex': 8, 'HexNAc': 2}",6,25.0,0.20780974627533158,"[np.float64(779.2786), np.float64(779.7833), np.float64(677.2179), np.float64(677.7177), np.float64(830.2591), np.float64(780.2293), np.float64(778.8099), np.float64(707.8107), np.float64(678.2364), np.float64(647.2141), np.float64(596.1192), np.float64(698.2519), np.float64(800.2116), np.float64(1397.5389), np.float64(830.8185), np.float64(323.0065), np.float64(545.0811), np.float64(770.3329), np.float64(665.1941), np.float64(699.3062), np.float64(809.1557), np.float64(1499.4751), np.float64(596.4013), np.float64(698.8873), np.float64(800.7039), np.float64(749.2616), np.float64(708.1855), np.float64(814.222), np.float64(698.6316), np.float64(629.0995), np.float64(485.1069), np.float64(749.835), np.float64(1398.676), np.float64(831.6071), np.float64(842.8184), np.float64(1398.3998), np.float64(406.9742), np.float64(706.439), np.float64(839.8266), np.float64(1135.8621), np.float64(1222.2952), np.float64(1499.8007), np.float64(968.6041), np.float64(961.743), np.float64(814.8145), np.float64(759.2795), np.float64(780.53), np.float64(1122.234), np.float64(324.0222), np.float64(1085.031), np.float64(697.8216), np.float64(758.1831), np.float64(758.7347), np.float64(990.4301), np.float64(899.319), np.float64(994.9392), np.float64(757.787), np.float64(1498.6184), np.float64(895.62), np.float64(537.7841), np.float64(882.557), np.float64(810.434), np.float64(1014.5605), np.float64(676.8437), np.float64(1031.6077), np.float64(596.7575), np.float64(1072.8171), np.float64(597.1867), np.float64(748.7343), np.float64(668.1234), np.float64(569.0266), np.float64(935.6113), np.float64(738.0741), np.float64(870.624), np.float64(900.3506), np.float64(1057.947), np.float64(1201.403), np.float64(718.6951), np.float64(369.5508), np.float64(383.0513), np.float64(503.3419), np.float64(1313.755), np.float64(842.168), np.float64(707.3572), np.float64(972.433), np.float64(1338.509), np.float64(941.558), np.float64(1243.34), np.float64(806.359), np.float64(757.3151), np.float64(935.053), np.float64(992.544), np.float64(891.176), np.float64(801.578), np.float64(815.316), np.float64(1559.604), np.float64(839.4554), np.float64(954.2929), np.float64(895.2151), np.float64(1235.3252)]",strong,,Possible in-source fragment of Man(a1-2)Man(a1-2)Man(a1-3)[Man(a1-2)Man(a1-3)[Man(a1-2)Man(a1-6)]Man(a1-6)]Man(b1-4)GlcNAc(b1-4)GlcNAc,3.020645167857849,,metfornet
864.3018237986369,-2,20.09,,"[('Neu5Ac(a2-3)Gal(b1-4)GlcNAc(b1-2)Man(a1-3)[Man(a1-?)Man(a1-6)]Man(b1-4)GlcNAc(b1-4)GlcNAc', 0.51)]","{'Hex': 5, 'HexNAc': 3, 'dHex': 2}",5,10.0,0.2576811341915583,"[np.float64(782.3021), np.float64(782.7948), np.float64(1378.4959), np.float64(783.2998), np.float64(1175.5316), np.float64(608.2224), np.float64(1379.5323), np.float64(1360.4903), np.float64(1361.4825), np.float64(834.2977), np.float64(783.7653), np.float64(843.6374), np.float64(843.3158), np.float64(1176.415), np.float64(1362.4104), np.float64(1438.6269), np.float64(1422.5708), np.float64(1277.4994), np.float64(1380.532), np.float64(844.3598), np.float64(803.7809), np.float64(1276.5221), np.float64(752.74), np.float64(701.8173), np.float64(350.206), np.float64(761.2373), np.float64(701.2446), np.float64(835.4035), np.float64(1278.4708), np.float64(1057.5622), np.float64(671.2523), np.float64(1423.5732), np.float64(620.3361), np.float64(553.185), np.float64(996.2235), np.float64(365.058), np.float64(762.2439), np.float64(1360.7953), np.float64(679.6845), np.float64(527.7107), np.float64(761.8702), np.float64(1439.5545), np.float64(853.148), np.float64(995.2771), np.float64(804.2612), np.float64(761.49), np.float64(977.3664), np.float64(680.4166), np.float64(731.2596), np.float64(1177.3972), np.float64(851.2123), np.float64(833.4715), np.float64(608.7453), np.float64(1358.868), np.float64(609.177), np.float64(774.8018), np.float64(927.796), np.float64(554.3663), np.float64(636.228), np.float64(1550.5333), np.float64(720.708), np.float64(923.3351), np.float64(486.0924), np.float64(786.068), np.float64(1651.6722), np.float64(1378.9352), np.float64(716.8099), np.float64(365.792), np.float64(1157.4174), np.float64(1158.4758), np.float64(1128.088), np.float64(636.648), np.float64(1725.9917), np.float64(1379.2874), np.float64(1217.3198), np.float64(1229.933), np.float64(1567.6633), np.float64(972.4302), np.float64(826.3781), np.float64(1617.079), np.float64(774.345), np.float64(1539.7941), np.float64(1653.7187), np.float64(571.139), np.float64(702.3242), np.float64(794.3686), np.float64(671.5788), np.float64(792.1876), np.float64(1217.5551), np.float64(949.6287), np.float64(845.5667), np.float64(1565.6542), np.float64(1379.979), np.float64(1489.542), np.float64(804.7621), np.float64(910.1701), np.float64(846.7875), np.float64(833.0258), np.float64(635.6823), np.float64(344.0861)]",,,,2.6073015531715913,,metfornet
872.2987073861563,-2,16.49,Neu5Gc(a2-3)Gal(b1-4)GlcNAc(b1-2)Man(a1-3)[Man(a1-?)Man(a1-6)]Man(b1-4)GlcNAc(b1-4)GlcNAc,"[('Neu5Gc(a2-3)Gal(b1-4)GlcNAc(b1-2)Man(a1-3)[Man(a1-?)Man(a1-6)]Man(b1-4)GlcNAc(b1-4)GlcNAc', 0.6853000000000001)]","{'Hex': 5, 'HexNAc': 3, 'Neu5Gc': 1}",13,8.0,1.2286307261520721,"[np.float64(689.211), np.float64(851.3137), np.float64(689.7206), np.float64(851.3485), np.float64(842.3233), np.float64(852.3058), np.float64(842.7895), np.float64(791.2756), np.float64(690.2259), np.float64(791.8032), np.float64(1338.4987), np.float64(1337.5236), np.float64(852.3765), np.float64(851.8168), np.float64(833.2797), np.float64(1522.5711), np.float64(1523.5761), np.float64(761.2701), np.float64(834.3241), np.float64(1337.4264), np.float64(843.2802), np.float64(853.3105), np.float64(467.1226), np.float64(608.1986), np.float64(761.7534), np.float64(1540.5942), np.float64(770.279), np.float64(485.145), np.float64(710.6622), np.float64(1438.6062), np.float64(1439.5553), np.float64(792.2709), np.float64(760.7495), np.float64(821.283), np.float64(1541.5465), np.float64(608.7446), np.float64(1339.5607), np.float64(1522.6955), np.float64(1524.5809), np.float64(923.3287), np.float64(671.2777), np.float64(710.2954), np.float64(792.326), np.float64(790.8089), np.float64(719.8408), np.float64(770.7234), np.float64(1540.4865), np.float64(609.1685), np.float64(812.3127), np.float64(1669.6941), np.float64(850.9547), np.float64(688.711), np.float64(841.4259), np.float64(688.227), np.float64(821.7304), np.float64(1670.7856), np.float64(782.9122), np.float64(1542.5622), np.float64(812.4492), np.float64(782.3018), np.float64(761.3381), np.float64(821.8997), np.float64(790.2776), np.float64(1339.3864), np.float64(468.1086), np.float64(1440.4365), np.float64(1523.0867), np.float64(841.8446), np.float64(1378.7845), np.float64(812.8314), np.float64(834.7705), np.float64(680.1661), np.float64(822.2344), np.float64(711.0984), np.float64(833.6646), np.float64(761.9816), np.float64(803.8226), np.float64(306.0356), np.float64(1379.4465), np.float64(813.3815), np.float64(407.1532), np.float64(1421.5318), np.float64(609.413), np.float64(1379.6409), np.float64(1277.5781), np.float64(893.1627), np.float64(1440.5965), np.float64(1276.5156), np.float64(841.2277), np.float64(911.3961), np.float64(835.3669), np.float64(246.9578), np.float64(672.3255), np.float64(893.433), np.float64(924.2865), np.float64(995.4162), np.float64(1524.917), np.float64(740.7396), np.float64(762.2367), np.float64(1541.7481)]",strong,,,3.2327283119233967,,metfornet
872.2991368018105,-2,18.69,Neu5Gc(a2-3)Gal(b1-4)GlcNAc(b1-2)Man(a1-3)[Man(a1-?)Man(a1-6)]Man(b1-4)GlcNAc(b1-4)GlcNAc,"[('Neu5Gc(a2-3)Gal(b1-4)GlcNAc(b1-2)Man(a1-3)[Man(a1-?)Man(a1-6)]Man(b1-4)GlcNAc(b1-4)GlcNAc', 0.6665000000000001)]","{'Hex': 5, 'HexNAc': 3, 'Neu5Gc': 1}",8,12.0,0.6905381903895108,"[np.float64(851.3396), np.float64(689.2313), np.float64(1438.5905), np.float64(852.3161), np.float64(689.7629), np.float64(1337.487), np.float64(1439.584), np.float64(1338.4817), np.float64(842.3228), np.float64(791.297), np.float64(1522.5968), np.float64(1337.6105), np.float64(851.7921), np.float64(791.7909), np.float64(1276.5587), np.float64(853.3229), np.float64(690.2171), np.float64(1339.5438), np.float64(1440.5591), np.float64(306.0837), np.float64(842.831), np.float64(1523.6487), np.float64(608.1783), np.float64(690.3652), np.float64(1319.5097), np.float64(467.139), np.float64(843.3502), np.float64(1073.4192), np.float64(821.3482), np.float64(1439.4551), np.float64(911.346), np.float64(761.3084), np.float64(850.3172), np.float64(1523.471), np.float64(842.653), np.float64(710.7476), np.float64(792.3806), np.float64(1072.3709), np.float64(760.7621), np.float64(710.2089), np.float64(711.1077), np.float64(1439.9075), np.float64(821.8552), np.float64(833.2986), np.float64(761.719), np.float64(485.1476), np.float64(1438.8909), np.float64(850.8723), np.float64(608.6843), np.float64(1440.4233), np.float64(782.2722), np.float64(1338.7342), np.float64(1320.6277), np.float64(852.7099), np.float64(671.2494), np.float64(790.8167), np.float64(468.1763), np.float64(791.9941), np.float64(1258.4458), np.float64(1540.5217), np.float64(834.9029), np.float64(486.1303), np.float64(959.4717), np.float64(834.1984), np.float64(1542.6121), np.float64(760.8978), np.float64(1047.4137), np.float64(912.1875), np.float64(1319.6482), np.float64(853.6426), np.float64(1396.5399), np.float64(425.2374), np.float64(841.259), np.float64(307.0003), np.float64(941.0231), np.float64(1320.3055), np.float64(967.82), np.float64(1437.7416), np.float64(801.2825), np.float64(679.801), np.float64(1541.6448), np.float64(910.1934), np.float64(1670.6368), np.float64(467.3547), np.float64(1074.3963), np.float64(835.2961), np.float64(599.9437), np.float64(736.723), np.float64(849.1015), np.float64(1114.4192), np.float64(812.1004), np.float64(1321.5071), np.float64(1216.6339), np.float64(713.3275), np.float64(770.5122), np.float64(930.4444), np.float64(1379.6283), np.float64(771.1142), np.float64(870.49), np.float64(1346.443)]",strong,,,2.740449391374031,,metfornet
895.3386279638097,-1,17.73,Man(a1-?)Man(b1-4)GlcNAc(b1-4)[Fuc(a1-6)]GlcNAc,"[('Man(a1-?)Man(b1-4)GlcNAc(b1-4)[Fuc(a1-6)]GlcNAc', 0.8437854710556186), ('Man(a1-6)Man(b1-4)GlcNAc(b1-4)[Fuc(a1-6)]GlcNAc', 0.1562145289443814)]","{'Hex': 2, 'HexNAc': 2, 'dHex': 1}",11,9.0,2.9513534668759185,"[np.float64(731.313), np.float64(553.2571), np.float64(350.1311), np.float64(853.366), np.float64(732.3138), np.float64(689.271), np.float64(383.132), np.float64(835.3485), np.float64(341.0903), np.float64(526.1559), np.float64(368.1622), np.float64(554.2749), np.float64(854.3718), np.float64(389.1714), np.float64(351.1464), np.float64(690.3175), np.float64(836.3333), np.float64(526.2588), np.float64(611.2307), np.float64(671.3332), np.float64(733.3246), np.float64(600.2459), np.float64(671.2644), np.float64(425.1178), np.float64(570.2377), np.float64(527.1909), np.float64(731.7829), np.float64(281.0976), np.float64(877.2862), np.float64(384.1155), np.float64(571.2212), np.float64(408.2088), np.float64(553.6907), np.float64(734.3211), np.float64(864.3445), np.float64(369.1241), np.float64(853.861), np.float64(877.4381), np.float64(511.2095), np.float64(308.0974), np.float64(468.1924), np.float64(750.3207), np.float64(350.5572), np.float64(390.1242), np.float64(732.7338), np.float64(407.1528), np.float64(463.2024), np.float64(653.2451), np.float64(854.1771), np.float64(426.1125), np.float64(689.6984), np.float64(601.2932), np.float64(876.3624), np.float64(443.063), np.float64(466.1172), np.float64(715.2225), np.float64(535.2471), np.float64(672.2012), np.float64(749.388), np.float64(835.8397), np.float64(424.8426), np.float64(733.0782), np.float64(711.3292), np.float64(366.1227), np.float64(730.7669), np.float64(280.8145), np.float64(340.7216), np.float64(793.3361), np.float64(711.7553), np.float64(365.0201), np.float64(572.3648), np.float64(569.4284), np.float64(409.1962), np.float64(612.1691), np.float64(735.2277), np.float64(551.2069), np.float64(569.1771), np.float64(323.0649), np.float64(775.2689), np.float64(466.2725), np.float64(552.9521), np.float64(672.4728), np.float64(878.4434), np.float64(493.2117), np.float64(853.0287), np.float64(730.9174), np.float64(299.0254), np.float64(792.603), np.float64(812.333), np.float64(691.2562), np.float64(332.1454), np.float64(612.3651), np.float64(280.3949), np.float64(710.822), np.float64(368.4745), np.float64(552.8263), np.float64(750.146), np.float64(854.6812), np.float64(342.2245), np.float64(572.095)]",strong,,,2.291458700555803,,metfornet
911.3332524033116,-1,17.39,Man(a1-3)[Man(a1-6)]Man(b1-4)GlcNAc(b1-4)GlcNAc,"[('Man(a1-3)[Man(a1-6)]Man(b1-4)GlcNAc(b1-4)GlcNAc', 1.0)]","{'Hex': 3, 'HexNAc': 2}",9,16.0,0.5216711896147377,"[np.float64(545.1811), np.float64(688.2595), np.float64(749.3212), np.float64(851.326), np.float64(869.354), np.float64(689.2654), np.float64(323.0477), np.float64(546.1565), np.float64(587.2149), np.float64(852.3062), np.float64(870.3947), np.float64(750.4048), np.float64(893.2938), np.float64(383.1001), np.float64(305.1112), np.float64(809.4211), np.float64(526.1906), np.float64(545.0884), np.float64(546.3409), np.float64(407.1976), np.float64(892.8154), np.float64(749.6197), np.float64(545.6175), np.float64(586.9704), np.float64(731.1451), np.float64(688.6502), np.float64(503.1196), np.float64(407.0662), np.float64(425.1632), np.float64(810.2922), np.float64(605.1117), np.float64(791.3648), np.float64(749.9794), np.float64(707.192), np.float64(893.609), np.float64(860.7274), np.float64(384.1846), np.float64(892.3198), np.float64(830.3221), np.float64(872.9045), np.float64(851.6197), np.float64(425.355), np.float64(831.567), np.float64(588.3023), np.float64(648.2381), np.float64(708.4072), np.float64(559.1915), np.float64(690.4517), np.float64(383.57), np.float64(527.091), np.float64(504.1094), np.float64(894.6074), np.float64(751.0517), np.float64(869.884), np.float64(853.2056), np.float64(746.159), np.float64(689.5855), np.float64(863.303), np.float64(742.885), np.float64(809.139), np.float64(732.3137), np.float64(851.0236), np.float64(920.7086), np.float64(751.293), np.float64(647.3486), np.float64(876.606), np.float64(731.027), np.float64(748.1457), np.float64(855.058), np.float64(705.127), np.float64(890.7388), np.float64(827.1686), np.float64(799.7513), np.float64(571.1913), np.float64(324.1091), np.float64(916.694), np.float64(853.537), np.float64(728.9665), np.float64(804.492), np.float64(731.6128), np.float64(865.507), np.float64(869.5713), np.float64(306.0602), np.float64(894.2478), np.float64(748.5081), np.float64(647.1685), np.float64(335.855), np.float64(709.664), np.float64(778.6258), np.float64(509.1168), np.float64(610.268), np.float64(587.564), np.float64(546.85), np.float64(415.217), np.float64(765.19), np.float64(619.202), np.float64(589.112), np.float64(490.217), np.float64(551.27), np.float64(881.315)]",strong,,,2.5536111400428774,,metfornet
911.3334443253599,-1,15.12,Man(a1-6)Man(a1-6)Man(b1-4)GlcNAc(b1-4)GlcNAc,"[('Man(a1-6)Man(a1-6)Man(b1-4)GlcNAc(b1-4)GlcNAc', 0.69491643454039), ('Man(a1-3)[Man(a1-6)]Man(b1-4)GlcNAc(b1-4)GlcNAc', 0.3050835654596101)]","{'Hex': 3, 'HexNAc': 2}",5,5.0,0.07426979064722883,"[np.float64(383.0861), np.float64(851.4068), np.float64(545.1788), np.float64(443.0852), np.float64(384.1424), np.float64(809.326), np.float64(869.5621), np.float64(414.0537), np.float64(749.3188), np.float64(688.0908), np.float64(625.425), np.float64(860.0901), np.float64(893.7411), np.float64(777.579), np.float64(831.482), np.float64(869.21), np.float64(587.172), np.float64(340.999), np.float64(688.613), np.float64(628.3091), np.float64(688.2145), np.float64(900.698), np.float64(689.2943), np.float64(870.2209), np.float64(503.0645), np.float64(899.393), np.float64(880.383), np.float64(586.774), np.float64(731.389), np.float64(383.446), np.float64(713.331), np.float64(441.895), np.float64(852.442), np.float64(605.27), np.float64(895.619), np.float64(546.008), np.float64(792.248), np.float64(708.372), np.float64(888.072), np.float64(503.263), np.float64(460.12), np.float64(904.081), np.float64(870.435), np.float64(914.408), np.float64(643.901), np.float64(443.946), np.float64(810.556), np.float64(749.726), np.float64(407.184), np.float64(812.643), np.float64(851.923), np.float64(791.23), np.float64(835.137), np.float64(848.242), np.float64(606.325), np.float64(365.175), np.float64(750.276)]",strong,,,2.343016873109712,,metfornet
953.3255094749572,-2,19.36,Neu5Gc(a2-3)Gal(b1-4)GlcNAc(b1-2)Man(a1-3)[Man(a1-3)[Man(a1-6)]Man(a1-6)]Man(b1-4)GlcNAc(b1-4)GlcNAc,"[('Neu5Gc(a2-3)Gal(b1-4)GlcNAc(b1-2)Man(a1-3)[Man(a1-3)[Man(a1-6)]Man(a1-6)]Man(b1-4)GlcNAc(b1-4)GlcNAc', 0.5265586474110602), ('Neu5Gc(a2-6)Gal(b1-4)GlcNAc(b1-2)Man(a1-3)[Man(a1-3)[Man(a1-6)]Man(a1-6)]Man(b1-4)GlcNAc(b1-4)GlcNAc', 0.4734413525889398)]","{'Hex': 6, 'HexNAc': 3, 'Neu5Gc': 1}",7,14.0,0.5718341643065448,"[np.float64(851.3174), np.float64(770.2511), np.float64(770.761), np.float64(1600.6213), np.float64(1499.5474), np.float64(923.3414), np.float64(1500.5524), np.float64(852.3398), np.float64(923.8335), np.float64(1601.693), np.float64(872.3295), np.float64(771.2811), np.float64(1601.598), np.float64(872.8044), np.float64(852.2356), np.float64(306.0713), np.float64(924.3323), np.float64(842.2767), np.float64(932.8695), np.float64(933.354), np.float64(1602.6057), np.float64(1235.4336), np.float64(1439.5804), np.float64(841.7821), np.float64(1236.5148), np.float64(873.2893), np.float64(932.2993), np.float64(629.2553), np.float64(1482.4722), np.float64(1501.656), np.float64(1234.3657), np.float64(893.3465), np.float64(1500.2133), np.float64(915.362), np.float64(1501.4835), np.float64(863.311), np.float64(853.2469), np.float64(1685.5627), np.float64(647.1967), np.float64(1684.5774), np.float64(1073.3817), np.float64(1481.4176), np.float64(851.7837), np.float64(1481.6777), np.float64(1438.5762), np.float64(503.0794), np.float64(852.6872), np.float64(1600.9881), np.float64(671.2336), np.float64(1703.715), np.float64(1540.6932), np.float64(833.3305), np.float64(1500.9971), np.float64(689.2087), np.float64(873.754), np.float64(839.776), np.float64(1438.7453), np.float64(842.6555), np.float64(892.7994), np.float64(929.5313), np.float64(894.0264), np.float64(1501.9409), np.float64(1420.4515), np.float64(1832.7272), np.float64(932.4003), np.float64(761.2764), np.float64(761.7244), np.float64(915.7431), np.float64(1422.7096), np.float64(863.0608), np.float64(906.8844), np.float64(934.8803), np.float64(902.3495), np.float64(769.7857), np.float64(1289.296), np.float64(323.0602), np.float64(835.318), np.float64(800.2743), np.float64(503.2031), np.float64(1137.706), np.float64(791.826), np.float64(799.7745), np.float64(928.6613), np.float64(1814.614), np.float64(1831.6936), np.float64(599.2211), np.float64(1056.309), np.float64(485.2739), np.float64(368.9826), np.float64(906.2162), np.float64(1702.5511), np.float64(1209.387), np.float64(945.5342), np.float64(850.2251), np.float64(1421.5922), np.float64(1483.6693), np.float64(1602.7861), np.float64(1541.1596), np.float64(928.315), np.float64(1216.4396)]",strong,,,2.536194496745635,,metfornet
965.8407038414967,-2,18.39,Neu5Gc(a2-?)Gal(b1-4)GlcNAc(b1-2)Man(a1-?)[GlcNAc(b1-2)Man(a1-?)]Man(b1-4)GlcNAc(b1-4)[Fuc(a1-6)]GlcNAc,"[('Neu5Gc(a2-?)Gal(b1-4)GlcNAc(b1-2)Man(a1-?)[GlcNAc(b1-2)Man(a1-?)]Man(b1-4)GlcNAc(b1-4)[Fuc(a1-6)]GlcNAc', 0.9581000000000001)]","{'Hex': 4, 'HexNAc': 4, 'Neu5Gc': 1, 'dHex': 1}",5,9.0,0.2695342429356499,"[np.float64(883.8154), np.float64(851.3349), np.float64(884.3135), np.float64(709.7404), np.float64(1378.4861), np.float64(1379.4805), np.float64(710.2424), np.float64(852.3504), np.float64(884.8546), np.float64(1563.643), np.float64(945.3593), np.float64(936.4202), np.float64(853.7864), np.float64(935.876), np.float64(1564.6668), np.float64(864.2983), np.float64(710.792), np.float64(1581.6406), np.float64(781.2778), np.float64(781.7713), np.float64(1582.7858), np.float64(1481.5314), np.float64(671.2939), np.float64(944.6981), np.float64(935.7075), np.float64(936.8648), np.float64(833.2858), np.float64(944.8581), np.float64(945.8294), np.float64(1480.447), np.float64(782.2853), np.float64(927.7934), np.float64(608.2292), np.float64(863.3388), np.float64(893.9536), np.float64(1361.3928), np.float64(1260.5154), np.float64(1564.8918), np.float64(854.8427), np.float64(1057.248), np.float64(781.9975), np.float64(966.7993), np.float64(1858.8501), np.float64(862.8063), np.float64(1127.3515), np.float64(926.8561), np.float64(865.3125), np.float64(1625.594), np.float64(1380.5336), np.float64(998.3852), np.float64(934.3375), np.float64(791.8301), np.float64(855.2651), np.float64(853.293), np.float64(1017.4924), np.float64(1180.5601), np.float64(1582.5162), np.float64(927.9293), np.float64(929.5135), np.float64(948.9073), np.float64(633.183), np.float64(1463.505), np.float64(1060.3049), np.float64(843.2309), np.float64(854.0001), np.float64(1624.6155), np.float64(1018.476), np.float64(846.2877), np.float64(947.5363), np.float64(946.5051), np.float64(1420.25), np.float64(1019.4857), np.float64(350.2678), np.float64(486.2091), np.float64(782.9102), np.float64(851.9097), np.float64(1583.4765), np.float64(863.8413), np.float64(1124.181), np.float64(995.4642), np.float64(608.8211), np.float64(854.3484), np.float64(818.216), np.float64(1059.604), np.float64(1232.899), np.float64(654.194), np.float64(761.3179), np.float64(1430.788), np.float64(1379.7418), np.float64(1403.6676), np.float64(864.8927), np.float64(905.8005), np.float64(749.942), np.float64(773.373), np.float64(1023.967), np.float64(847.251), np.float64(870.5777), np.float64(349.986), np.float64(1054.2835), np.float64(1080.4677)]",strong,,,3.182148682368238,,metfornet
973.8383208117289,-2,17.51,Neu5Gc(a2-6)Gal(b1-4)GlcNAc(b1-2)Man(a1-6)[Gal(b1-4)GlcNAc(b1-2)Man(a1-3)]Man(b1-4)GlcNAc(b1-4)GlcNAc,"[('Neu5Gc(a2-6)Gal(b1-4)GlcNAc(b1-2)Man(a1-6)[Gal(b1-4)GlcNAc(b1-2)Man(a1-3)]Man(b1-4)GlcNAc(b1-4)GlcNAc', 0.7027444171128153), ('Neu5Gc(a2-3)Gal(b1-4)GlcNAc(b1-2)Man(a1-3)[Gal(b1-4)GlcNAc(b1-2)Man(a1-6)]Man(b1-4)GlcNAc(b1-4)GlcNAc', 0.29725558288718473)]","{'Hex': 5, 'HexNAc': 4, 'Neu5Gc': 1}",9,9.0,4.348319322171998,"[np.float64(790.7965), np.float64(851.3225), np.float64(791.2846), np.float64(943.858), np.float64(944.3948), np.float64(892.839), np.float64(1540.6094), np.float64(852.3169), np.float64(883.8375), np.float64(893.336), np.float64(952.8615), np.float64(833.3129), np.float64(791.8164), np.float64(884.3363), np.float64(953.3431), np.float64(1541.6045), np.float64(424.1538), np.float64(862.7918), np.float64(1725.6708), np.float64(709.7575), np.float64(862.2976), np.float64(935.8594), np.float64(700.7424), np.float64(1641.6864), np.float64(995.3512), np.float64(671.2587), np.float64(701.2686), np.float64(710.3208), np.float64(1642.638), np.float64(944.946), np.float64(923.3387), np.float64(863.2957), np.float64(854.3201), np.float64(922.8781), np.float64(936.3483), np.float64(1522.562), np.float64(1726.6934), np.float64(914.3002), np.float64(1726.5713), np.float64(893.8312), np.float64(1523.5692), np.float64(834.3168), np.float64(871.8016), np.float64(851.7585), np.float64(1360.4855), np.float64(425.1445), np.float64(853.819), np.float64(996.3548), np.float64(688.2522), np.float64(1743.7039), np.float64(782.232), np.float64(1744.7197), np.float64(1872.807), np.float64(913.8248), np.float64(689.2049), np.float64(1583.6908), np.float64(770.2719), np.float64(1276.4027), np.float64(832.3069), np.float64(1542.5267), np.float64(1378.5682), np.float64(884.7998), np.float64(1217.4501), np.float64(1541.0416), np.float64(1114.4821), np.float64(953.8762), np.float64(1873.6991), np.float64(1584.612), np.float64(382.1346), np.float64(1402.5257), np.float64(1545.6422), np.float64(1872.7097), np.float64(841.8443), np.float64(1461.6288), np.float64(670.2868), np.float64(1479.6263), np.float64(863.8239), np.float64(872.3128), np.float64(854.7872), np.float64(1564.5717), np.float64(1582.6189), np.float64(1421.5474), np.float64(761.258), np.float64(832.7031), np.float64(672.2733), np.float64(852.7071), np.float64(811.741), np.float64(608.1257), np.float64(608.7302), np.float64(792.2975), np.float64(781.3959), np.float64(853.2204), np.float64(833.791), np.float64(1643.6831), np.float64(905.8379), np.float64(892.2909), np.float64(1768.6745), np.float64(812.3014), np.float64(769.7747), np.float64(1361.5081)]",strong,,,2.984560716544353,,metfornet
973.8391762822283,-2,19.48,Neu5Gc(a2-3)Gal(b1-4)GlcNAc(b1-2)Man(a1-6)[Gal(b1-4)GlcNAc(b1-2)Man(a1-3)]Man(b1-4)GlcNAc(b1-4)GlcNAc,"[('Neu5Gc(a2-3)Gal(b1-4)GlcNAc(b1-2)Man(a1-6)[Gal(b1-4)GlcNAc(b1-2)Man(a1-3)]Man(b1-4)GlcNAc(b1-4)GlcNAc', 0.5146)]","{'Hex': 5, 'HexNAc': 4, 'Neu5Gc': 1}",10,14.0,1.016782029328021,"[np.float64(790.7826), np.float64(791.2785), np.float64(851.3343), np.float64(1641.6943), np.float64(1540.5674), np.float64(1642.6306), np.float64(943.8747), np.float64(944.3476), np.float64(995.35), np.float64(884.3308), np.float64(1522.5664), np.float64(892.8691), np.float64(852.2667), np.float64(893.3182), np.float64(952.8567), np.float64(1541.6013), np.float64(953.362), np.float64(791.7585), np.float64(883.7987), np.float64(424.1627), np.float64(862.3276), np.float64(306.1005), np.float64(883.9119), np.float64(1276.5399), np.float64(892.7609), np.float64(1523.6239), np.float64(862.8038), np.float64(996.3327), np.float64(1277.5265), np.float64(923.2737), np.float64(1461.5789), np.float64(893.8559), np.float64(936.3139), np.float64(1583.6209), np.float64(1479.5763), np.float64(1360.457), np.float64(1725.6288), np.float64(671.224), np.float64(862.9001), np.float64(995.5363), np.float64(1643.0707), np.float64(944.8341), np.float64(1462.6315), np.float64(1275.5116), np.float64(1726.6495), np.float64(1643.5644), np.float64(863.3457), np.float64(1541.7486), np.float64(851.6661), np.float64(935.8642), np.float64(922.7622), np.float64(1523.5021), np.float64(1743.6514), np.float64(1726.9341), np.float64(1114.5587), np.float64(382.0393), np.float64(709.7366), np.float64(914.3457), np.float64(1584.6819), np.float64(871.9324), np.float64(1127.899), np.float64(424.3915), np.float64(892.3204), np.float64(1581.6347), np.float64(1421.5866), np.float64(772.1063), np.float64(833.421), np.float64(1542.5225), np.float64(1582.576), np.float64(701.2697), np.float64(770.4181), np.float64(883.239), np.float64(812.2334), np.float64(424.9826), np.float64(1418.5279), np.float64(1019.3096), np.float64(1542.0523), np.float64(689.1369), np.float64(832.2715), np.float64(884.4844), np.float64(1343.4764), np.float64(850.9689), np.float64(781.8422), np.float64(1342.3744), np.float64(910.4668), np.float64(761.3093), np.float64(425.2136), np.float64(926.8381), np.float64(718.1297), np.float64(978.2756), np.float64(1032.5301), np.float64(700.6751), np.float64(834.2101), np.float64(1768.782), np.float64(1541.1092), np.float64(688.2534), np.float64(1506.5766), np.float64(670.1468), np.float64(1378.721), np.float64(1642.1311)]",strong,,,2.106111051981211,,metfornet
1046.865975503062,-2,18.7,Neu5Gc(a2-?)Gal(b1-4)GlcNAc(b1-2)Man(a1-3)[Gal(b1-4)GlcNAc(b1-2)Man(a1-6)]Man(b1-4)GlcNAc(b1-4)[Fuc(a1-6)]GlcNAc,"[('Neu5Gc(a2-?)Gal(b1-4)GlcNAc(b1-2)Man(a1-3)[Gal(b1-4)GlcNAc(b1-2)Man(a1-6)]Man(b1-4)GlcNAc(b1-4)[Fuc(a1-6)]GlcNAc', 0.6201333371814483), ('Neu5Gc(a2-?)Gal(b1-4)GlcNAc(b1-2)Man(a1-6)[Gal(b1-4)GlcNAc(b1-2)Man(a1-3)]Man(b1-4)GlcNAc(b1-4)[Fuc(a1-6)]GlcNAc', 0.37986666281855175)]","{'Hex': 5, 'HexNAc': 4, 'Neu5Gc': 1, 'dHex': 1}",10,10.0,0.8419257080815457,"[np.float64(790.7691), np.float64(964.8723), np.float64(851.2969), np.float64(1786.7214), np.float64(1787.7195), np.float64(965.3634), np.float64(965.8892), np.float64(1540.5807), np.float64(791.2476), np.float64(966.357), np.float64(1025.871), np.float64(956.8347), np.float64(1026.3895), np.float64(864.3009), np.float64(1788.7636), np.float64(1016.8684), np.float64(852.3026), np.float64(1725.6737), np.float64(1017.3751), np.float64(1541.6306), np.float64(833.323), np.float64(1743.7293), np.float64(944.3792), np.float64(943.8507), np.float64(1726.7623), np.float64(782.2602), np.float64(791.7656), np.float64(1009.4593), np.float64(883.7936), np.float64(863.7926), np.float64(709.7745), np.float64(835.3503), np.float64(934.8889), np.float64(1726.5491), np.float64(875.2852), np.float64(884.3359), np.float64(957.3073), np.float64(864.6873), np.float64(927.8658), np.float64(424.1632), np.float64(945.4303), np.float64(944.8549), np.float64(885.3364), np.float64(1542.7275), np.float64(1642.6011), np.float64(1008.9044), np.float64(671.3199), np.float64(1789.8403), np.float64(1787.0584), np.float64(1522.464), np.float64(994.8998), np.float64(1643.5501), np.float64(1563.6379), np.float64(700.6729), np.float64(1545.6415), np.float64(1017.5042), np.float64(862.7687), np.float64(884.8382), np.float64(1260.5555), np.float64(1026.8636), np.float64(986.9057), np.float64(874.8713), np.float64(862.2703), np.float64(1788.528), np.float64(853.7308), np.float64(1540.9097), np.float64(1625.6386), np.float64(935.8333), np.float64(995.888), np.float64(945.2341), np.float64(1361.5798), np.float64(1787.3251), np.float64(1744.5685), np.float64(995.1468), np.float64(1360.459), np.float64(1768.683), np.float64(769.7815), np.float64(928.3192), np.float64(926.7993), np.float64(1016.1417), np.float64(1788.0676), np.float64(382.023), np.float64(966.8776), np.float64(986.1808), np.float64(834.0217), np.float64(899.3291), np.float64(854.3436), np.float64(995.4212), np.float64(1687.6965), np.float64(1744.811), np.float64(1147.2299), np.float64(608.132), np.float64(1624.6864), np.float64(818.3011), np.float64(710.6707), np.float64(996.4471), np.float64(945.8991), np.float64(834.9611), np.float64(979.3679), np.float64(761.2541)]",strong,,,4.013675266511568,,metfornet
1046.8670675540322,-2,20.6,Neu5Gc(a2-?)Gal(b1-4)GlcNAc(b1-2)Man(a1-3)[Gal(b1-4)GlcNAc(b1-2)Man(a1-6)]Man(b1-4)GlcNAc(b1-4)[Fuc(a1-6)]GlcNAc,"[('Neu5Gc(a2-?)Gal(b1-4)GlcNAc(b1-2)Man(a1-3)[Gal(b1-4)GlcNAc(b1-2)Man(a1-6)]Man(b1-4)GlcNAc(b1-4)[Fuc(a1-6)]GlcNAc', 0.6161954544141856), ('Neu5Gc(a2-?)Gal(b1-4)GlcNAc(b1-2)Man(a1-6)[Gal(b1-4)GlcNAc(b1-2)Man(a1-3)]Man(b1-4)GlcNAc(b1-4)[Fuc(a1-6)]GlcNAc', 0.38380454558581456)]","{'Hex': 5, 'HexNAc': 4, 'Neu5Gc': 1, 'dHex': 1}",6,14.0,0.31523498251529297,"[np.float64(851.3241), np.float64(1787.7418), np.float64(965.388), np.float64(790.7732), np.float64(791.2725), np.float64(964.864), np.float64(1540.5486), np.float64(966.3698), np.float64(1026.3514), np.float64(1016.8803), np.float64(1541.5943), np.float64(1788.6661), np.float64(1522.6174), np.float64(1725.6882), np.float64(956.8902), np.float64(965.8957), np.float64(995.4135), np.float64(852.3894), np.float64(1025.8401), np.float64(1786.5826), np.float64(986.5093), np.float64(1540.7367), np.float64(957.3203), np.float64(1260.4285), np.float64(864.2922), np.float64(1099.4767), np.float64(883.8438), np.float64(424.1294), np.float64(1626.7734), np.float64(1008.8538), np.float64(1016.4296), np.float64(1726.708), np.float64(1237.3498), np.float64(884.3633), np.float64(1423.5817), np.float64(1788.7914), np.float64(996.3926), np.float64(1017.7182), np.float64(782.3655), np.float64(1276.4444), np.float64(781.6975), np.float64(1743.901), np.float64(1149.8114), np.float64(1230.454), np.float64(1249.2758), np.float64(1040.1105), np.float64(1026.8773), np.float64(1218.8582), np.float64(1084.567), np.float64(1332.3195), np.float64(1274.3323), np.float64(893.3839), np.float64(936.8688), np.float64(1668.7396), np.float64(1101.858), np.float64(1162.181), np.float64(1787.0178), np.float64(1523.6255), np.float64(955.8175), np.float64(1009.451), np.float64(1642.5588), np.float64(1209.8916), np.float64(791.7966), np.float64(1709.6714), np.float64(1053.9922), np.float64(1201.6431), np.float64(1003.4239), np.float64(1170.4036), np.float64(1131.0781), np.float64(846.35), np.float64(1111.261), np.float64(1113.3434), np.float64(424.8332), np.float64(986.9159), np.float64(1225.0116), np.float64(1149.2854), np.float64(671.3045), np.float64(892.8145), np.float64(1073.3747), np.float64(1217.8642), np.float64(1000.9446), np.float64(1079.3062), np.float64(1788.0675), np.float64(1582.5978), np.float64(1029.6018), np.float64(1607.4011), np.float64(1382.978), np.float64(1382.24), np.float64(899.7409), np.float64(1025.448), np.float64(541.592), np.float64(998.7971), np.float64(1233.812), np.float64(1293.769), np.float64(1309.972), np.float64(945.856), np.float64(1340.86), np.float64(769.71), np.float64(1686.8849), np.float64(1005.426)]",strong,,,2.9705172952483117,,metfornet
1054.8690049369445,-2,20.34,Neu5Gc(a2-?)Gal(b1-4)GlcNAc(b1-2)Man(a1-3)[Gal(a1-3)Gal(b1-4)GlcNAc(b1-2)Man(a1-6)]Man(b1-4)GlcNAc(b1-4)GlcNAc,"[('Neu5Gc(a2-?)Gal(b1-4)GlcNAc(b1-2)Man(a1-3)[Gal(a1-3)Gal(b1-4)GlcNAc(b1-2)Man(a1-6)]Man(b1-4)GlcNAc(b1-4)GlcNAc', 0.7663000000000001)]","{'Hex': 6, 'HexNAc': 4, 'Neu5Gc': 1}",1,8.0,0.04600972440477757,"[np.float64(973.412), np.float64(851.1791), np.float64(872.827), np.float64(893.3531), np.float64(1296.985), np.float64(1034.932), np.float64(1128.5231), np.float64(1600.65), np.float64(799.764), np.float64(1034.3661), np.float64(872.179), np.float64(1292.7531), np.float64(1016.424), np.float64(1103.05), np.float64(894.1121), np.float64(901.282), np.float64(826.387), np.float64(949.981), np.float64(1004.4051), np.float64(974.891), np.float64(472.112), np.float64(1287.0061), np.float64(973.9211), np.float64(1191.189), np.float64(886.936), np.float64(612.943), np.float64(871.769), np.float64(1024.885), np.float64(1268.427), np.float64(944.168), np.float64(943.74), np.float64(1000.166), np.float64(1788.764), np.float64(1804.6121), np.float64(614.579), np.float64(1152.776), np.float64(1948.948), np.float64(1213.106), np.float64(1803.7301), np.float64(526.2781), np.float64(1135.49), np.float64(1770.745), np.float64(777.798), np.float64(1012.993), np.float64(668.162), np.float64(1217.213), np.float64(1524.719), np.float64(1927.835), np.float64(762.726), np.float64(698.996), np.float64(952.887), np.float64(1743.6851), np.float64(792.14), np.float64(1067.329), np.float64(1152.275), np.float64(990.527), np.float64(431.229), np.float64(813.698), np.float64(852.529), np.float64(1006.282), np.float64(1606.682), np.float64(1050.556), np.float64(1065.285), np.float64(1094.5651), np.float64(1149.894), np.float64(922.309), np.float64(540.758), np.float64(1185.765), np.float64(1127.332), np.float64(791.75), np.float64(993.428), np.float64(1605.588), np.float64(1281.509), np.float64(967.059), np.float64(1123.252), np.float64(1529.924), np.float64(1741.767), np.float64(592.606), np.float64(1459.0), np.float64(1276.6851), np.float64(897.521), np.float64(832.202), np.float64(586.19), np.float64(851.734), np.float64(980.005), np.float64(1295.774), np.float64(1118.1221), np.float64(1009.043), np.float64(627.359), np.float64(866.899), np.float64(1155.137), np.float64(424.7081), np.float64(1805.7421), np.float64(371.612), np.float64(477.951), np.float64(687.67), np.float64(1365.386), np.float64(1584.5181), np.float64(691.175), np.float64(1127.87)]",strong,,,1.3059808730757307,,metfornet
1057.3908765456513,-1,19.27,Man(a1-3)[Man(a1-6)]Man(b1-4)GlcNAc(b1-4)[Fuc(a1-6)]GlcNAc,"[('Man(a1-3)[Man(a1-6)]Man(b1-4)GlcNAc(b1-4)[Fuc(a1-6)]GlcNAc', 1.0)]","{'Hex': 3, 'HexNAc': 2, 'dHex': 1}",9,14.0,1.0471079449362823,"[np.float64(895.3859), np.float64(893.389), np.float64(545.207), np.float64(1015.4312), np.float64(688.2526), np.float64(896.393), np.float64(997.3945), np.float64(553.2514), np.float64(895.3388), np.float64(894.3313), np.float64(851.3334), np.float64(1016.4288), np.float64(731.2751), np.float64(998.4288), np.float64(689.2438), np.float64(526.2143), np.float64(853.3406), np.float64(383.1475), np.float64(895.7397), np.float64(350.1051), np.float64(571.2802), np.float64(546.1752), np.float64(835.3563), np.float64(368.1101), np.float64(350.2106), np.float64(323.082), np.float64(732.3394), np.float64(896.137), np.float64(587.0549), np.float64(833.3685), np.float64(894.4321), np.float64(877.3223), np.float64(762.2961), np.float64(834.3542), np.float64(407.2111), np.float64(1039.421), np.float64(1038.3533), np.float64(545.5944), np.float64(852.4241), np.float64(833.2514), np.float64(503.1956), np.float64(322.885), np.float64(896.8848), np.float64(912.3923), np.float64(587.3101), np.float64(733.3583), np.float64(559.1991), np.float64(689.1153), np.float64(305.1024), np.float64(911.3584), np.float64(893.7486), np.float64(554.1675), np.float64(854.3936), np.float64(1026.32), np.float64(527.1679), np.float64(671.1873), np.float64(897.3247), np.float64(892.9832), np.float64(546.467), np.float64(836.4853), np.float64(1040.5693), np.float64(852.2333), np.float64(998.5363), np.float64(572.2653), np.float64(689.639), np.float64(690.523), np.float64(1016.6767), np.float64(853.5476), np.float64(351.1423), np.float64(878.3481), np.float64(389.0432), np.float64(605.1621), np.float64(554.3715), np.float64(877.509), np.float64(690.2105), np.float64(836.329), np.float64(833.7196), np.float64(974.46), np.float64(502.9396), np.float64(713.3001), np.float64(926.2211), np.float64(851.9042), np.float64(997.7556), np.float64(569.3172), np.float64(366.1126), np.float64(1016.1553), np.float64(1012.447), np.float64(1038.7039), np.float64(936.5791), np.float64(600.3576), np.float64(730.417), np.float64(894.7044), np.float64(368.463), np.float64(1034.936), np.float64(734.2218), np.float64(504.849), np.float64(340.9401), np.float64(731.7114), np.float64(308.0404), np.float64(749.2491)]",strong,,,2.461765084644914,,metfornet
1073.3843995783534,-1,16.51,Man(a1-?)Man(a1-6)[Man(a1-3)]Man(b1-4)GlcNAc(b1-4)GlcNAc,"[('Man(a1-?)Man(a1-6)[Man(a1-3)]Man(b1-4)GlcNAc(b1-4)GlcNAc', 0.6166207291070779), ('Man(a1-?)Man(a1-?)[Man(a1-?)]Man(b1-4)GlcNAc(b1-4)GlcNAc', 0.3833792708929221)]","{'Hex': 4, 'HexNAc': 2}",9,19.0,0.44911413054401705,"[np.float64(545.1861), np.float64(707.2736), np.float64(911.3463), np.float64(1013.4014), np.float64(850.3378), np.float64(546.2001), np.float64(1031.4685), np.float64(1014.3877), np.float64(912.3816), np.float64(503.1073), np.float64(851.3161), np.float64(708.2209), np.float64(893.3233), np.float64(1032.4431), np.float64(954.3846), np.float64(749.288), np.float64(485.1549), np.float64(545.6007), np.float64(971.3481), np.float64(1023.352), np.float64(587.2195), np.float64(322.9816), np.float64(1055.3227), np.float64(894.4608), np.float64(688.2373), np.float64(383.1249), np.float64(467.1655), np.float64(1013.8407), np.float64(1022.3103), np.float64(1031.9627), np.float64(972.5036), np.float64(809.3837), np.float64(869.367), np.float64(749.5625), np.float64(913.2161), np.float64(1024.374), np.float64(382.8804), np.float64(605.4181), np.float64(1056.3186), np.float64(912.5433), np.float64(1013.681), np.float64(1026.854), np.float64(689.2682), np.float64(1154.256), np.float64(768.267), np.float64(605.0435), np.float64(858.31), np.float64(575.257), np.float64(308.965), np.float64(606.2451), np.float64(588.1912), np.float64(784.123), np.float64(713.012), np.float64(1200.29), np.float64(1089.896), np.float64(323.2256), np.float64(790.2767), np.float64(1112.325), np.float64(971.531), np.float64(911.7225), np.float64(866.581), np.float64(1227.873), np.float64(1018.601), np.float64(708.6768), np.float64(527.0816), np.float64(485.419), np.float64(870.2537), np.float64(1137.777), np.float64(953.2387), np.float64(1031.1729), np.float64(647.178), np.float64(1032.6953), np.float64(1357.269), np.float64(665.1992), np.float64(1020.477), np.float64(952.213), np.float64(1055.5841), np.float64(1022.838), np.float64(690.2399), np.float64(1092.5), np.float64(501.921), np.float64(1336.823), np.float64(701.448), np.float64(849.6778), np.float64(1151.625), np.float64(748.256), np.float64(544.8944), np.float64(750.3291), np.float64(1525.109), np.float64(413.1763), np.float64(1053.9829), np.float64(1283.51), np.float64(1024.694), np.float64(1058.489), np.float64(792.34), np.float64(1054.4476), np.float64(824.662), np.float64(913.6608), np.float64(773.164), np.float64(605.9946)]",strong,,,3.7079045406613145,,metfornet
1114.4111378582827,-1,15.27,GlcNAc(b1-2)Man(a1-3)[Man(a1-6)]Man(b1-4)GlcNAc(b1-4)GlcNAc,"[('GlcNAc(b1-2)Man(a1-3)[Man(a1-6)]Man(b1-4)GlcNAc(b1-4)GlcNAc', 0.7890552537432092), ('GlcNAc(b1-2)Man(a1-?)[Man(a1-?)]Man(b1-4)GlcNAc(b1-4)GlcNAc', 0.21094474625679077)]","{'Hex': 3, 'HexNAc': 3}",4,5.0,0.05040784151823463,"[np.float64(891.3559), np.float64(748.2855), np.float64(911.3956), np.float64(1072.52), np.float64(1096.514), np.float64(1054.3665), np.float64(1055.309), np.float64(1072.261), np.float64(892.3728), np.float64(458.24), np.float64(1051.4921), np.float64(912.5785), np.float64(749.3181), np.float64(891.745), np.float64(1035.947), np.float64(952.296), np.float64(1074.672), np.float64(952.662), np.float64(1077.351), np.float64(1088.851), np.float64(953.413), np.float64(688.128), np.float64(869.556), np.float64(647.299), np.float64(1072.943), np.float64(750.443), np.float64(706.678), np.float64(1054.566), np.float64(798.252), np.float64(606.116)]",strong,,,3.4473170118642584,,metfornet
1114.4134608777383,-1,18.21,GlcNAc(b1-2)Man(a1-3)[Man(a1-6)]Man(b1-4)GlcNAc(b1-4)GlcNAc,"[('GlcNAc(b1-2)Man(a1-3)[Man(a1-6)]Man(b1-4)GlcNAc(b1-4)GlcNAc', 0.7889896115926686), ('GlcNAc(b1-2)Man(a1-?)[Man(a1-?)]Man(b1-4)GlcNAc(b1-4)GlcNAc', 0.2110103884073315)]","{'Hex': 3, 'HexNAc': 3}",2,4.0,0.10250801411739092,"[np.float64(748.2493), np.float64(1072.4805), np.float64(891.3299), np.float64(911.2698), np.float64(892.2644), np.float64(749.2815), np.float64(851.4901), np.float64(545.2943), np.float64(953.3707), np.float64(1060.3979), np.float64(1095.4479), np.float64(586.458), np.float64(790.3089), np.float64(934.195), np.float64(1073.536), np.float64(450.957), np.float64(1097.431), np.float64(526.153), np.float64(1054.3865), np.float64(1087.811), np.float64(671.277), np.float64(382.207), np.float64(1096.725), np.float64(893.397), np.float64(323.018), np.float64(1018.332), np.float64(1095.913), np.float64(813.305), np.float64(346.115), np.float64(952.39), np.float64(987.858), np.float64(852.333), np.float64(1096.2471), np.float64(1122.022), np.float64(923.471), np.float64(1093.473), np.float64(423.857), np.float64(956.939), np.float64(995.5), np.float64(912.421), np.float64(1071.4661), np.float64(934.521), np.float64(449.992), np.float64(629.144), np.float64(586.132), np.float64(1013.691), np.float64(783.473), np.float64(929.572), np.float64(688.204), np.float64(381.69), np.float64(1054.869), np.float64(952.114)]",strong,,,1.3627977814693912,,metfornet
1119.3851320138936,-2,20.31,,"[('Neu5Ac(a2-6)Gal(b1-4)GlcNAc(b1-2)Man(a1-3)[Neu5Gc(a2-6)Gal(b1-4)GlcNAc(b1-2)Man(a1-6)]Man(b1-4)GlcNAc(b1-4)GlcNAc', 0.6100000000000001)]","{'Hex': 5, 'HexNAc': 4, 'Neu5Gc': 1, 'dHex': 2}",2,16.0,0.1864413276220169,"[np.float64(1080.4708), np.float64(1081.3709), np.float64(1080.9012), np.float64(1948.6804), np.float64(973.8823), np.float64(1931.8205), np.float64(1949.7413), np.float64(1932.7253), np.float64(965.3238), np.float64(1930.6413), np.float64(1934.7112), np.float64(974.3932), np.float64(1081.817), np.float64(1061.489), np.float64(1947.8675), np.float64(1950.7354), np.float64(1933.6894), np.float64(1787.7021), np.float64(1786.8456), np.float64(1948.962), np.float64(1381.5911), np.float64(1933.3861), np.float64(991.992), np.float64(1328.783), np.float64(1094.116), np.float64(1087.903), np.float64(791.2843), np.float64(1946.84), np.float64(1223.12), np.float64(1090.4691), np.float64(1521.571), np.float64(1041.7909), np.float64(1297.115), np.float64(851.3687), np.float64(974.9169), np.float64(713.704), np.float64(995.627), np.float64(1230.817), np.float64(1563.844), np.float64(948.842), np.float64(511.662), np.float64(1237.0718), np.float64(1641.6507), np.float64(1047.3883), np.float64(1185.072), np.float64(1085.725), np.float64(1022.965), np.float64(1203.295), np.float64(1123.194), np.float64(1226.458), np.float64(1088.578), np.float64(1179.366), np.float64(1214.9771), np.float64(1788.7483), np.float64(1535.312), np.float64(1008.342), np.float64(988.767), np.float64(1344.1481), np.float64(594.105), np.float64(1599.975), np.float64(935.944), np.float64(1067.8067), np.float64(1016.436), np.float64(690.892), np.float64(1951.8701), np.float64(307.957), np.float64(1307.256), np.float64(726.458), np.float64(957.815), np.float64(1025.0081), np.float64(982.048), np.float64(1096.8701), np.float64(1283.483), np.float64(1039.088), np.float64(897.79), np.float64(1383.574), np.float64(1210.245), np.float64(1740.618), np.float64(995.127), np.float64(1026.547), np.float64(498.514), np.float64(456.058), np.float64(1428.996), np.float64(1930.983), np.float64(852.228), np.float64(1042.0), np.float64(986.936), np.float64(710.263), np.float64(937.653), np.float64(1771.9921), np.float64(675.885), np.float64(1058.225), np.float64(1951.202), np.float64(1378.562), np.float64(1855.938), np.float64(704.614), np.float64(1079.8441), np.float64(750.931), np.float64(1889.214), np.float64(467.081)]",,,,3.390498167023211,,metfornet
1119.38562013912,-2,21.72,,"[('Neu5Ac(a2-6)Gal(b1-4)GlcNAc(b1-2)Man(a1-3)[Neu5Gc(a2-6)Gal(b1-4)GlcNAc(b1-2)Man(a1-6)]Man(b1-4)GlcNAc(b1-4)GlcNAc', 0.6100000000000001)]","{'Hex': 5, 'HexNAc': 4, 'Neu5Gc': 1, 'dHex': 2}",4,11.0,0.20898731436571472,"[np.float64(1948.7422), np.float64(1933.7507), np.float64(1949.7626), np.float64(1080.7748), np.float64(1932.6329), np.float64(1932.81), np.float64(1081.1677), np.float64(973.9511), np.float64(1930.6827), np.float64(1950.2879), np.float64(1950.5683), np.float64(1017.8708), np.float64(1068.4025), np.float64(1079.8809), np.float64(1931.7224), np.float64(1080.4041), np.float64(974.3331), np.float64(1642.5951), np.float64(1933.2048), np.float64(1004.0135), np.float64(893.4782), np.float64(1081.9132), np.float64(1040.5047), np.float64(1175.3911), np.float64(1113.996), np.float64(842.803), np.float64(1208.1571), np.float64(863.8007), np.float64(1930.8931), np.float64(1935.0717), np.float64(1641.667), np.float64(1177.374), np.float64(1025.334), np.float64(1310.2457), np.float64(1020.3964), np.float64(866.8), np.float64(1007.8585), np.float64(1009.0827), np.float64(1642.0493), np.float64(1165.546), np.float64(1089.4654), np.float64(1934.7533), np.float64(1156.2167), np.float64(966.3988), np.float64(1206.2421), np.float64(1016.3342), np.float64(967.459), np.float64(974.7311), np.float64(1479.6372), np.float64(1081.4625), np.float64(1068.8761), np.float64(1768.825), np.float64(1949.2273), np.float64(902.238), np.float64(1271.3967), np.float64(1310.473), np.float64(975.688), np.float64(1771.6412), np.float64(852.809), np.float64(1162.285), np.float64(836.2216), np.float64(1373.125), np.float64(1364.605), np.float64(1332.9826), np.float64(910.735), np.float64(919.2546), np.float64(615.036), np.float64(963.203), np.float64(1513.557), np.float64(979.3764), np.float64(1871.7949), np.float64(1364.115), np.float64(851.4902), np.float64(687.362), np.float64(1067.962), np.float64(1567.547), np.float64(1096.454), np.float64(1059.0022), np.float64(1087.965), np.float64(1686.589), np.float64(1638.084), np.float64(1930.1238), np.float64(1358.13), np.float64(1057.4117), np.float64(1192.104), np.float64(1259.541), np.float64(1811.892), np.float64(1001.45), np.float64(1786.145), np.float64(1037.255), np.float64(1052.826), np.float64(1836.5819), np.float64(697.3287), np.float64(1059.155), np.float64(1010.537), np.float64(1074.2728), np.float64(515.354), np.float64(1072.8892), np.float64(1252.531), np.float64(1041.378)]",,,,2.9544341552157527,,metfornet
1127.3817138939082,-2,22.73,Neu5Gc(a2-6)Gal(b1-4)GlcNAc(b1-2)Man(a1-3)[Neu5Gc(a2-6)Gal(b1-4)GlcNAc(b1-2)Man(a1-6)]Man(b1-4)GlcNAc(b1-4)GlcNAc,"[('Neu5Gc(a2-6)Gal(b1-4)GlcNAc(b1-2)Man(a1-3)[Neu5Gc(a2-6)Gal(b1-4)GlcNAc(b1-2)Man(a1-6)]Man(b1-4)GlcNAc(b1-4)GlcNAc', 0.6393276115992078), ('Neu5Gc(a2-3)Gal(b1-4)GlcNAc(b1-2)Man(a1-3)[Neu5Gc(a2-3)Gal(b1-4)GlcNAc(b1-2)Man(a1-6)]Man(b1-4)GlcNAc(b1-4)GlcNAc', 0.36067238840079224)]","{'Hex': 5, 'HexNAc': 4, 'Neu5Gc': 2}",5,7.0,0.3582015471614339,"[np.float64(1948.714), np.float64(1949.7245), np.float64(1075.8698), np.float64(1024.7805), np.float64(1024.0933), np.float64(1025.3695), np.float64(1076.393), np.float64(1950.6845), np.float64(1076.8995), np.float64(1024.4361), np.float64(1077.2059), np.float64(1928.7616), np.float64(1949.2079), np.float64(1025.8306), np.float64(1383.0245), np.float64(965.2679), np.float64(936.2815), np.float64(1931.7288), np.float64(1037.9512), np.float64(1383.516), np.float64(1384.0389), np.float64(974.297), np.float64(974.7657), np.float64(1087.9422), np.float64(1042.9824), np.float64(1016.9009), np.float64(1008.865), np.float64(1950.1595), np.float64(1201.0232), np.float64(1949.39), np.float64(1946.9266), np.float64(1536.5023), np.float64(1845.5965), np.float64(1016.1652), np.float64(1229.4301), np.float64(923.3541), np.float64(944.9644), np.float64(1582.6826), np.float64(1384.2212), np.float64(973.8187), np.float64(1950.9904), np.float64(1067.3375), np.float64(1537.1495), np.float64(1037.2259), np.float64(1641.9088), np.float64(1946.6404), np.float64(1222.6805), np.float64(1929.7345), np.float64(1080.8081), np.float64(1479.4306), np.float64(1401.683), np.float64(1642.6672), np.float64(1008.0201), np.float64(1178.2256), np.float64(1045.7208), np.float64(1243.817), np.float64(935.8411), np.float64(1009.4504), np.float64(935.2924), np.float64(1080.4456), np.float64(1024.978), np.float64(1481.6572), np.float64(1584.5159), np.float64(1215.3461), np.float64(1158.6471), np.float64(1110.527), np.float64(1501.0229), np.float64(1382.469), np.float64(966.5313), np.float64(999.363), np.float64(851.2904), np.float64(1930.871), np.float64(1266.7153), np.float64(1930.5603), np.float64(975.3832), np.float64(1786.8507), np.float64(1947.9085), np.float64(1300.9164), np.float64(1932.7167), np.float64(1258.1045), np.float64(1154.4081), np.float64(1106.0434), np.float64(1220.2939), np.float64(1260.915), np.float64(1072.006), np.float64(1184.9747), np.float64(933.494), np.float64(309.0912), np.float64(1210.311), np.float64(1846.6519), np.float64(1183.917), np.float64(1016.358), np.float64(972.3358), np.float64(924.0823), np.float64(1493.578), np.float64(1006.776), np.float64(1182.7841), np.float64(1845.8829), np.float64(1067.9031), np.float64(1147.222)]",strong,,,4.136475467056258,,metfornet
1127.3822093829058,-2,21.38,Neu5Gc(a2-6)Gal(b1-4)GlcNAc(b1-2)Man(a1-3)[Neu5Gc(a2-6)Gal(b1-4)GlcNAc(b1-2)Man(a1-6)]Man(b1-4)GlcNAc(b1-4)GlcNAc,"[('Neu5Gc(a2-6)Gal(b1-4)GlcNAc(b1-2)Man(a1-3)[Neu5Gc(a2-6)Gal(b1-4)GlcNAc(b1-2)Man(a1-6)]Man(b1-4)GlcNAc(b1-4)GlcNAc', 0.7536)]","{'Hex': 5, 'HexNAc': 4, 'Neu5Gc': 2}",14,7.0,3.279034807037362,"[np.float64(1948.7585), np.float64(1949.7447), np.float64(1075.8893), np.float64(1076.385), np.float64(1024.8876), np.float64(1950.7576), np.float64(1025.3886), np.float64(1076.8994), np.float64(1947.714), np.float64(1015.888), np.float64(851.3353), np.float64(974.3663), np.float64(1025.8494), np.float64(1641.6846), np.float64(1016.3731), np.float64(1930.7224), np.float64(1928.7688), np.float64(1077.3917), np.float64(1946.7822), np.float64(1024.3608), np.float64(1024.0704), np.float64(1080.3819), np.float64(1931.7143), np.float64(974.8625), np.float64(1949.0949), np.float64(1929.7431), np.float64(1642.7777), np.float64(1950.5954), np.float64(1950.2236), np.float64(1786.7286), np.float64(1846.7132), np.float64(1026.3407), np.float64(1024.498), np.float64(975.4712), np.float64(1067.4413), np.float64(1067.9206), np.float64(1080.9058), np.float64(1066.8435), np.float64(973.7989), np.float64(1537.1246), np.float64(935.8333), np.float64(1949.3187), np.float64(1105.9325), np.float64(1787.7252), np.float64(1845.6623), np.float64(935.3142), np.float64(1016.8967), np.float64(1046.3766), np.float64(1946.6095), np.float64(1087.7679), np.float64(1383.7109), np.float64(1950.9917), np.float64(1932.8064), np.float64(1384.0188), np.float64(1009.4653), np.float64(1383.0092), np.float64(1036.8699), np.float64(1081.3865), np.float64(1045.8033), np.float64(1383.4793), np.float64(1786.6275), np.float64(1008.8683), np.float64(1017.4473), np.float64(1583.7141), np.float64(1951.3755), np.float64(1479.6483), np.float64(1384.5292), np.float64(791.3086), np.float64(1642.4108), np.float64(1931.4498), np.float64(1702.5896), np.float64(1537.5151), np.float64(1948.1124), np.float64(1109.4187), np.float64(1076.4874), np.float64(1045.9399), np.float64(923.2993), np.float64(1582.7069), np.float64(1075.393), np.float64(1726.6378), np.float64(833.2636), np.float64(1768.7579), np.float64(1855.661), np.float64(1077.942), np.float64(1847.7549), np.float64(922.3691), np.float64(1068.3702), np.float64(1422.6653), np.float64(1932.0534), np.float64(1087.3367), np.float64(922.8707), np.float64(1016.2063), np.float64(1785.5701), np.float64(1643.5799), np.float64(1046.8104), np.float64(1536.5349), np.float64(1725.623), np.float64(1727.6464), np.float64(923.8841), np.float64(975.2274)]",strong,,,3.6969730856769742,,metfornet
1127.3830632039476,-2,20.06,Neu5Gc(a2-6)Gal(b1-4)GlcNAc(b1-2)Man(a1-3)[Neu5Gc(a2-6)Gal(b1-4)GlcNAc(b1-2)Man(a1-6)]Man(b1-4)GlcNAc(b1-4)GlcNAc,"[('Neu5Gc(a2-6)Gal(b1-4)GlcNAc(b1-2)Man(a1-3)[Neu5Gc(a2-6)Gal(b1-4)GlcNAc(b1-2)Man(a1-6)]Man(b1-4)GlcNAc(b1-4)GlcNAc', 0.7534000000000001)]","{'Hex': 5, 'HexNAc': 4, 'Neu5Gc': 2}",23,10.0,21.35268697526652,"[np.float64(1948.7977), np.float64(1949.7553), np.float64(1950.7385), np.float64(1075.8932), np.float64(1076.3941), np.float64(1930.7631), np.float64(1931.7393), np.float64(1076.8827), np.float64(1025.3837), np.float64(1786.7644), np.float64(1024.885), np.float64(973.903), np.float64(851.3376), np.float64(1080.4197), np.float64(974.387), np.float64(1947.7595), np.float64(1787.7283), np.float64(1015.873), np.float64(1008.8994), np.float64(1641.7151), np.float64(1016.3728), np.float64(1642.7079), np.float64(1080.9298), np.float64(1946.7294), np.float64(974.8638), np.float64(1009.4273), np.float64(1583.6479), np.float64(1025.8905), np.float64(1932.7604), np.float64(790.8101), np.float64(791.2935), np.float64(1950.2102), np.float64(1105.9525), np.float64(1081.4285), np.float64(1788.7228), np.float64(1951.4789), np.float64(1077.4043), np.float64(922.3681), np.float64(1009.9001), np.float64(1928.7502), np.float64(1929.7088), np.float64(1105.4541), np.float64(671.255), np.float64(1951.7491), np.float64(1077.3472), np.float64(852.337), np.float64(1951.2287), np.float64(1768.7522), np.float64(1769.7575), np.float64(1726.669), np.float64(922.8489), np.float64(833.2877), np.float64(1066.8757), np.float64(923.3813), np.float64(1016.9187), np.float64(1016.8269), np.float64(1584.5894), np.float64(833.3887), np.float64(1009.3269), np.float64(1725.6817), np.float64(964.905), np.float64(1643.6655), np.float64(975.3685), np.float64(1948.1642), np.float64(965.3812), np.float64(1087.3974), np.float64(1088.4253), np.float64(1045.8824), np.float64(893.3641), np.float64(1020.3969), np.float64(1582.6399), np.float64(965.8056), np.float64(1846.7578), np.float64(1479.6536), np.float64(1017.3873), np.float64(1949.2115), np.float64(1026.3108), np.float64(1540.6188), np.float64(709.773), np.float64(1067.4191), np.float64(1950.8893), np.float64(892.8781), np.float64(1928.6162), np.float64(1087.9197), np.float64(935.376), np.float64(1643.7653), np.float64(791.7989), np.float64(935.828), np.float64(834.3384), np.float64(1067.8881), np.float64(1096.4195), np.float64(1421.5809), np.float64(1949.365), np.float64(1932.149), np.float64(790.8772), np.float64(1421.6638), np.float64(1077.9048), np.float64(1480.6), np.float64(1089.9541), np.float64(923.2868)]",strong,,,2.93962754825278,,metfornet
1127.3840403521176,-2,18.02,Neu5Gc(a2-6)Gal(b1-4)GlcNAc(b1-2)Man(a1-3)[Neu5Gc(a2-6)Gal(b1-4)GlcNAc(b1-2)Man(a1-6)]Man(b1-4)GlcNAc(b1-4)GlcNAc,"[('Neu5Gc(a2-6)Gal(b1-4)GlcNAc(b1-2)Man(a1-3)[Neu5Gc(a2-6)Gal(b1-4)GlcNAc(b1-2)Man(a1-6)]Man(b1-4)GlcNAc(b1-4)GlcNAc', 1.0)]","{'Hex': 5, 'HexNAc': 4, 'Neu5Gc': 2}",26,11.0,41.738939058414,"[np.float64(1948.8079), np.float64(1949.7451), np.float64(1950.731), np.float64(1008.8996), np.float64(1009.4017), np.float64(1015.8909), np.float64(1075.9149), np.float64(1076.4096), np.float64(1016.3731), np.float64(1009.9058), np.float64(1024.8967), np.float64(1076.902), np.float64(1016.8827), np.float64(1641.7), np.float64(1583.6763), np.float64(1786.7631), np.float64(1642.7165), np.float64(1584.6434), np.float64(1025.378), np.float64(1787.7582), np.float64(1947.8669), np.float64(1951.789), np.float64(1725.6832), np.float64(671.2667), np.float64(1077.383), np.float64(974.3927), np.float64(1025.8933), np.float64(1951.5211), np.float64(1726.7071), np.float64(1931.7279), np.float64(1930.7518), np.float64(1951.2279), np.float64(1712.7095), np.float64(1950.3603), np.float64(974.8778), np.float64(1946.8128), np.float64(1711.7384), np.float64(1421.5946), np.float64(923.3693), np.float64(1947.7167), np.float64(1025.4301), np.float64(1643.6965), np.float64(922.3519), np.float64(1929.7556), np.float64(1788.7586), np.float64(977.3726), np.float64(923.8751), np.float64(1017.3641), np.float64(1711.6506), np.float64(1949.163), np.float64(1585.6792), np.float64(1026.3774), np.float64(851.3036), np.float64(975.3543), np.float64(851.4035), np.float64(1950.1667), np.float64(1276.5213), np.float64(1087.4337), np.float64(1727.6851), np.float64(1928.7481), np.float64(1768.6449), np.float64(1713.7264), np.float64(1930.668), np.float64(1080.919), np.float64(922.8438), np.float64(1422.5985), np.float64(1097.4137), np.float64(1080.4307), np.float64(1096.4479), np.float64(1089.4608), np.float64(1106.4454), np.float64(833.2945), np.float64(1769.7414), np.float64(978.337), np.float64(424.1488), np.float64(1014.8585), np.float64(1766.715), np.float64(672.243), np.float64(1950.9845), np.float64(1067.4084), np.float64(1087.8732), np.float64(687.323), np.float64(1015.446), np.float64(1461.5957), np.float64(1066.9178), np.float64(1582.6072), np.float64(1932.6418), np.float64(1106.9669), np.float64(1948.1852), np.float64(995.4453), np.float64(1277.5214), np.float64(1275.5578), np.float64(1096.8612), np.float64(689.2928), np.float64(1096.9763), np.float64(1090.0017), np.float64(852.3829), np.float64(973.9243), np.float64(1928.6291), np.float64(1081.3298)]",strong,,,2.0728899419647804,,metfornet
1184.4166304391215,-2,21.19,Neu5Ac(a2-3)Gal(b1-4)GlcNAc(b1-2)Man(a1-3)[Neu5Ac(a2-3)Gal(b1-4)GlcNAc(b1-2)Man(a1-6)]Man(b1-4)GlcNAc(b1-4)[Fuc(a1-6)]GlcNAc,"[('Neu5Ac(a2-3)Gal(b1-4)GlcNAc(b1-2)Man(a1-?)[Neu5Ac(a2-6)Gal(b1-4)GlcNAc(b1-2)Man(a1-?)]Man(b1-4)GlcNAc(b1-4)[Fuc(a1-6)]GlcNAc', 0.33973339184815404), ('Neu5Ac(a2-6)Gal(b1-4)GlcNAc(b1-2)Man(a1-3)[Neu5Ac(a2-6)Gal(b1-4)GlcNAc(b1-2)Man(a1-6)]Man(b1-4)GlcNAc(b1-4)[Fuc(a1-6)]GlcNAc', 0.3384990948488672), ('Neu5Ac(a2-?)Gal(b1-4)GlcNAc(b1-2)Man(a1-3)[Neu5Ac(a2-?)Gal(b1-4)GlcNAc(b1-2)Man(a1-6)]Man(b1-4)GlcNAc(b1-4)[Fuc(a1-6)]GlcNAc', 0.32176751330297876)]","{'Hex': 5, 'HexNAc': 4, 'Neu5Ac': 2, 'dHex': 1}",7,14.0,0.43651816441831975,"[np.float64(1916.7806), np.float64(1038.9107), np.float64(1039.3879), np.float64(1039.9529), np.float64(782.8636), np.float64(957.9622), np.float64(1035.9539), np.float64(1917.6915), np.float64(1299.4326), np.float64(1154.0123), np.float64(1085.3054), np.float64(1201.873), np.float64(1162.8975), np.float64(965.8055), np.float64(1134.2304), np.float64(1069.7053), np.float64(1112.3556), np.float64(1154.6477), np.float64(825.624), np.float64(1409.9589), np.float64(1162.449), np.float64(688.6986), np.float64(1145.5582), np.float64(1176.5839), np.float64(1146.6159), np.float64(1231.9876), np.float64(1404.4562), np.float64(958.3048), np.float64(1163.4413), np.float64(999.8345), np.float64(1036.9821), np.float64(1772.7371), np.float64(980.1615), np.float64(1859.9007), np.float64(996.7855), np.float64(1177.187), np.float64(728.8345), np.float64(1297.365), np.float64(1082.492), np.float64(1104.348), np.float64(1132.949), np.float64(1059.386), np.float64(856.9665), np.float64(1114.157), np.float64(835.2987), np.float64(707.0572), np.float64(1787.5747), np.float64(965.179), np.float64(1078.7781), np.float64(1465.136), np.float64(1238.2461), np.float64(754.2906), np.float64(642.8222), np.float64(1549.6881), np.float64(1274.9483), np.float64(1725.6209), np.float64(1165.7631), np.float64(1201.557), np.float64(1194.761), np.float64(1767.3669), np.float64(1436.687), np.float64(1050.353), np.float64(655.1977), np.float64(1625.149), np.float64(1267.254), np.float64(1694.4796), np.float64(1101.3852), np.float64(801.899), np.float64(1000.318), np.float64(1111.4095), np.float64(1746.8175), np.float64(1418.693), np.float64(1154.2773), np.float64(809.3874), np.float64(832.443), np.float64(1219.3047), np.float64(1224.23), np.float64(1944.5229), np.float64(1301.2364), np.float64(1068.41), np.float64(984.736), np.float64(1202.441), np.float64(1118.2492), np.float64(1407.1084), np.float64(1506.552), np.float64(1154.9185), np.float64(1918.8477), np.float64(1080.296), np.float64(927.828), np.float64(1235.025), np.float64(1349.103), np.float64(1013.0311), np.float64(1626.538), np.float64(1145.9245), np.float64(812.9812), np.float64(1258.1485), np.float64(657.071), np.float64(1627.7071), np.float64(1466.042), np.float64(1480.3532)]",strong,,,3.205669870738605,,metfornet
1192.4139453108019,-2,22.56,Neu5Ac(a2-?)Gal(b1-4)GlcNAc(b1-2)Man(a1-?)[Neu5Gc(a2-?)Gal(b1-4)GlcNAc(b1-2)Man(a1-?)]Man(b1-4)GlcNAc(b1-4)[Fuc(a1-6)]GlcNAc,"[('Neu5Ac(a2-?)Gal(b1-4)GlcNAc(b1-2)Man(a1-?)[Neu5Gc(a2-?)Gal(b1-4)GlcNAc(b1-2)Man(a1-?)]Man(b1-4)GlcNAc(b1-4)[Fuc(a1-6)]GlcNAc', 0.603933283544934), ('Neu5Gc(a2-3)Gal(b1-4)GlcNAc(b1-2)Man(a1-3)[Neu5Ac(a2-3)Gal(b1-4)GlcNAc(b1-2)Man(a1-6)]Man(b1-4)GlcNAc(b1-4)[Fuc(a1-6)]GlcNAc', 0.39606671645506597)]","{'Hex': 5, 'HexNAc': 4, 'Neu5Ac': 1, 'Neu5Gc': 1, 'dHex': 1}",5,15.0,0.5802659168087744,"[np.float64(1787.7394), np.float64(1141.4767), np.float64(1788.7336), np.float64(1153.4342), np.float64(1140.9614), np.float64(1016.8302), np.float64(1916.7489), np.float64(1250.1421), np.float64(1789.7305), np.float64(1932.7697), np.float64(1038.9007), np.float64(914.25), np.float64(1017.8563), np.float64(1119.4473), np.float64(965.8523), np.float64(1140.3573), np.float64(1626.7451), np.float64(1017.3471), np.float64(1154.3012), np.float64(1047.3328), np.float64(1039.7813), np.float64(1141.9376), np.float64(1729.9361), np.float64(816.9811), np.float64(1046.9421), np.float64(1202.911), np.float64(966.8274), np.float64(1625.6943), np.float64(1145.4468), np.float64(1132.9323), np.float64(1899.847), np.float64(1338.672), np.float64(1175.0159), np.float64(1339.989), np.float64(1142.7917), np.float64(1020.913), np.float64(1111.3312), np.float64(703.335), np.float64(1082.4336), np.float64(1636.8561), np.float64(995.2994), np.float64(1032.8913), np.float64(1607.6097), np.float64(1174.5311), np.float64(1318.1801), np.float64(1146.6041), np.float64(1769.7715), np.float64(615.086), np.float64(1047.987), np.float64(1156.518), np.float64(1244.354), np.float64(1145.9947), np.float64(1162.9637), np.float64(1111.779), np.float64(1092.2696), np.float64(969.0759), np.float64(835.484), np.float64(685.822), np.float64(783.707), np.float64(1735.6001), np.float64(1531.583), np.float64(1208.3361), np.float64(635.2897), np.float64(1691.7716), np.float64(1159.9362), np.float64(1078.3976), np.float64(1642.172), np.float64(1148.3511), np.float64(1789.106), np.float64(1310.54), np.float64(1790.102), np.float64(1425.118), np.float64(964.8247), np.float64(1192.9197), np.float64(948.8896), np.float64(862.645), np.float64(1914.7826), np.float64(915.1942), np.float64(1170.004), np.float64(1109.3542), np.float64(961.3352), np.float64(1477.021), np.float64(1055.217), np.float64(1083.8671), np.float64(1770.73), np.float64(1422.4843), np.float64(998.7444), np.float64(1118.363), np.float64(1007.8373), np.float64(1081.8752), np.float64(869.3281), np.float64(1628.0631), np.float64(1806.028), np.float64(1212.5467), np.float64(1068.3899), np.float64(1132.51), np.float64(1035.2347), np.float64(1416.726), np.float64(1169.4589), np.float64(927.418)]",strong,,,3.297492659774928,,metfornet
1192.4141878777143,-2,21.18,Neu5Ac(a2-?)Gal(b1-4)GlcNAc(b1-2)Man(a1-?)[Neu5Gc(a2-?)Gal(b1-4)GlcNAc(b1-2)Man(a1-?)]Man(b1-4)GlcNAc(b1-4)[Fuc(a1-6)]GlcNAc,"[('Neu5Ac(a2-?)Gal(b1-4)GlcNAc(b1-2)Man(a1-?)[Neu5Gc(a2-?)Gal(b1-4)GlcNAc(b1-2)Man(a1-?)]Man(b1-4)GlcNAc(b1-4)[Fuc(a1-6)]GlcNAc', 1.0)]","{'Hex': 5, 'HexNAc': 4, 'Neu5Ac': 1, 'Neu5Gc': 1, 'dHex': 1}",3,13.0,0.34535941769167555,"[np.float64(1153.9), np.float64(1154.4392), np.float64(1153.4508), np.float64(1047.4082), np.float64(1037.8874), np.float64(1141.5062), np.float64(1140.9518), np.float64(1038.3912), np.float64(1162.4641), np.float64(1073.9721), np.float64(965.8531), np.float64(1932.7298), np.float64(1788.7475), np.float64(1046.8367), np.float64(1062.316), np.float64(833.3556), np.float64(1915.817), np.float64(851.354), np.float64(964.882), np.float64(1161.4398), np.float64(1221.3449), np.float64(1220.6489), np.float64(1247.0556), np.float64(1039.3209), np.float64(1933.957), np.float64(664.283), np.float64(1297.187), np.float64(1388.058), np.float64(1210.671), np.float64(1034.15), np.float64(1934.8215), np.float64(766.8401), np.float64(1916.7398), np.float64(1452.5757), np.float64(1007.8855), np.float64(1176.061), np.float64(1933.6816), np.float64(1626.5738), np.float64(790.8981), np.float64(1038.875), np.float64(1155.0252), np.float64(1080.265), np.float64(1282.281), np.float64(1156.3371), np.float64(1216.231), np.float64(1045.27), np.float64(1292.39), np.float64(1768.54), np.float64(1679.297), np.float64(1105.3151), np.float64(1112.842), np.float64(1047.8785), np.float64(1425.186), np.float64(573.346), np.float64(1419.343), np.float64(1272.231), np.float64(1484.4), np.float64(738.218), np.float64(1209.927), np.float64(1335.276), np.float64(1153.036), np.float64(764.411), np.float64(967.818), np.float64(1170.929), np.float64(952.112), np.float64(1157.491), np.float64(1326.8621), np.float64(1288.2111), np.float64(1217.019), np.float64(1167.76), np.float64(1637.401), np.float64(1001.545), np.float64(1109.431), np.float64(1166.9041), np.float64(898.757), np.float64(656.012), np.float64(1075.9771), np.float64(1017.2908), np.float64(1060.186), np.float64(1009.872), np.float64(1515.1694), np.float64(1609.848), np.float64(766.518), np.float64(1317.24), np.float64(680.189), np.float64(1453.113), np.float64(835.358), np.float64(966.736), np.float64(1200.39), np.float64(1707.4871), np.float64(956.8677), np.float64(1111.451), np.float64(1048.33), np.float64(802.842), np.float64(899.789), np.float64(1618.923), np.float64(1594.964), np.float64(1005.935), np.float64(1891.604), np.float64(1324.788)]",strong,,,3.0940682419886283,,metfornet
1200.4104019330732,-2,22.41,,"[('Neu5Gc(a2-?)Gal(b1-4)GlcNAc(b1-2)Man(a1-?)[Neu5Gc(a2-?)Gal(b1-4)GlcNAc(b1-2)Man(a1-?)]Man(b1-4)GlcNAc(b1-4)[Fuc(a1-6)]GlcNAc', 1.0)]","{'Hex': 5, 'HexNAc': 4, 'Neu5Gc': 2, 'dHex': 1}",8,6.0,1.636485739220016,"[np.float64(1097.3622), np.float64(1097.7328), np.float64(1097.064), np.float64(1098.0919), np.float64(1098.4666), np.float64(1493.086), np.float64(1493.5887), np.float64(1492.5498), np.float64(1148.9259), np.float64(1494.0422), np.float64(1149.4207), np.float64(1647.1632), np.float64(1787.7396), np.float64(1646.6756), np.float64(1149.8874), np.float64(1096.7235), np.float64(1646.1518), np.float64(1153.4518), np.float64(1646.52), np.float64(1647.6485), np.float64(1098.8422), np.float64(1637.6405), np.float64(1015.8555), np.float64(1494.4857), np.float64(1788.7554), np.float64(1024.8394), np.float64(1046.9032), np.float64(1025.4036), np.float64(1153.8976), np.float64(1788.6009), np.float64(1047.3847), np.float64(1789.6037), np.float64(1016.8351), np.float64(1182.578), np.float64(1933.811), np.float64(1638.0934), np.float64(1016.3598), np.float64(1625.6524), np.float64(851.3033), np.float64(1025.9182), np.float64(1096.4635), np.float64(1140.4427), np.float64(1091.0562), np.float64(1932.6923), np.float64(1127.8898), np.float64(1091.8243), np.float64(1082.4744), np.float64(1179.0234), np.float64(1310.48), np.float64(1150.4136), np.float64(1789.7954), np.float64(1648.0804), np.float64(1091.4056), np.float64(1637.0907), np.float64(1624.1223), np.float64(1184.8676), np.float64(671.2519), np.float64(1789.0601), np.float64(1178.2685), np.float64(1017.3445), np.float64(974.3043), np.float64(1150.8871), np.float64(1092.1895), np.float64(1495.0977), np.float64(1154.1802), np.float64(1933.5462), np.float64(1626.6988), np.float64(1063.727), np.float64(1492.1216), np.float64(1099.0202), np.float64(965.3713), np.float64(1019.0302), np.float64(1494.6193), np.float64(995.3089), np.float64(1037.3504), np.float64(965.8459), np.float64(1625.0768), np.float64(1727.7281), np.float64(1118.2526), np.float64(1648.3878), np.float64(1645.6043), np.float64(974.8307), np.float64(1491.5155), np.float64(1260.5684), np.float64(1991.7964), np.float64(1026.4622), np.float64(1045.4018), np.float64(956.8697), np.float64(1087.7574), np.float64(1625.9104), np.float64(1541.6624), np.float64(1154.4765), np.float64(1148.2664), np.float64(1061.4082), np.float64(1140.8325), np.float64(1081.9464), np.float64(852.3799), np.float64(1168.9338), np.float64(1037.8929), np.float64(1934.7695)]",,,,4.103052347372272,,metfornet
1200.4115082603034,-2,18.97,,"[('Neu5Gc(a2-?)Gal(b1-4)GlcNAc(b1-2)Man(a1-?)[Neu5Gc(a2-?)Gal(b1-4)GlcNAc(b1-2)Man(a1-?)]Man(b1-4)GlcNAc(b1-4)[Fuc(a1-6)]GlcNAc', 1.0)]","{'Hex': 7, 'HexNAc': 4, 'Neu5Ac': 1, 'dHex': 1}",6,15.0,1.3168873267601986,"[np.float64(1082.3903), np.float64(1081.9158), np.float64(1082.893), np.float64(1015.8799), np.float64(1016.3824), np.float64(1787.7196), np.float64(1127.4086), np.float64(1729.7079), np.float64(1148.9191), np.float64(1149.399), np.float64(1730.7241), np.float64(671.2905), np.float64(1127.9253), np.float64(1933.7965), np.float64(1788.6533), np.float64(1014.9043), np.float64(1016.828), np.float64(1046.4223), np.float64(1149.8633), np.float64(923.3281), np.float64(1857.752), np.float64(851.2984), np.float64(1128.4199), np.float64(977.3698), np.float64(1017.3855), np.float64(1046.8981), np.float64(1128.7804), np.float64(1024.8221), np.float64(1047.953), np.float64(1731.7802), np.float64(974.3408), np.float64(1725.6645), np.float64(1858.6118), np.float64(1025.4307), np.float64(1025.8135), np.float64(1179.4336), np.float64(1140.38), np.float64(1567.7125), np.float64(974.7873), np.float64(1169.5801), np.float64(1932.6015), np.float64(1789.5475), np.float64(1727.7147), np.float64(833.4468), np.float64(996.2383), np.float64(1098.1098), np.float64(1625.6265), np.float64(1731.6184), np.float64(1124.2399), np.float64(1568.5681), np.float64(1914.846), np.float64(1015.3544), np.float64(1932.7662), np.float64(1171.504), np.float64(1083.5002), np.float64(1060.4562), np.float64(1726.6823), np.float64(1375.1479), np.float64(1047.3471), np.float64(1858.0852), np.float64(1951.7652), np.float64(995.2446), np.float64(923.8994), np.float64(1857.5434), np.float64(1150.5609), np.float64(1373.248), np.float64(1395.7618), np.float64(1169.9511), np.float64(956.9341), np.float64(1181.353), np.float64(1035.3111), np.float64(1275.5019), np.float64(1915.5364), np.float64(1350.775), np.float64(1524.67), np.float64(1422.645), np.float64(1626.6502), np.float64(1859.5957), np.float64(965.7101), np.float64(1298.351), np.float64(1030.9292), np.float64(1124.9734), np.float64(1361.5832), np.float64(1607.6122), np.float64(1026.4729), np.float64(1162.9698), np.float64(1934.7239), np.float64(1153.1741), np.float64(922.7334), np.float64(983.276), np.float64(757.382), np.float64(1320.776), np.float64(1582.677), np.float64(1223.2975), np.float64(1087.5826), np.float64(922.2456), np.float64(1114.9921), np.float64(1361.6891), np.float64(1178.5016), np.float64(1060.7001)]",,,,3.181431967277277,,metfornet
1200.4116251190992,-2,21.09,,"[('Neu5Gc(a2-?)Gal(b1-4)GlcNAc(b1-2)Man(a1-?)[Neu5Gc(a2-?)Gal(b1-4)GlcNAc(b1-2)Man(a1-?)]Man(b1-4)GlcNAc(b1-4)[Fuc(a1-6)]GlcNAc', 1.0)]","{'Hex': 7, 'HexNAc': 4, 'Neu5Ac': 1, 'dHex': 1}",5,11.0,0.8220156040470976,"[np.float64(1097.25), np.float64(1149.4256), np.float64(1149.891), np.float64(1097.6562), np.float64(1148.9287), np.float64(1098.0464), np.float64(1046.9116), np.float64(1153.4342), np.float64(1047.4296), np.float64(1153.9905), np.float64(1015.9664), np.float64(1081.8751), np.float64(965.9056), np.float64(1932.8512), np.float64(1082.2855), np.float64(1788.7437), np.float64(1178.9163), np.float64(1016.3652), np.float64(1024.8569), np.float64(1025.5474), np.float64(1025.9463), np.float64(1082.6076), np.float64(1787.7653), np.float64(1016.9919), np.float64(851.3092), np.float64(1093.8779), np.float64(974.3447), np.float64(1178.4686), np.float64(1016.7999), np.float64(1934.7918), np.float64(1162.4275), np.float64(1154.5383), np.float64(1046.1357), np.float64(1646.5455), np.float64(1933.6667), np.float64(1310.2664), np.float64(966.291), np.float64(1646.1483), np.float64(1127.9542), np.float64(1180.2348), np.float64(1729.7495), np.float64(1127.4079), np.float64(1382.2746), np.float64(1725.7191), np.float64(833.3042), np.float64(1098.7009), np.float64(671.2805), np.float64(1933.886), np.float64(1540.5632), np.float64(1096.3706), np.float64(1541.7023), np.float64(1015.3678), np.float64(782.382), np.float64(1141.7336), np.float64(1082.8487), np.float64(710.2533), np.float64(790.7856), np.float64(791.3242), np.float64(1182.4396), np.float64(1726.7394), np.float64(1930.8244), np.float64(1567.6203), np.float64(1183.5176), np.float64(975.0169), np.float64(965.413), np.float64(996.276), np.float64(1161.6116), np.float64(1858.7776), np.float64(1730.5739), np.float64(771.5202), np.float64(1039.4301), np.float64(852.4904), np.float64(1045.4225), np.float64(1803.6706), np.float64(1028.5591), np.float64(1932.6106), np.float64(1525.1381), np.float64(1857.8444), np.float64(995.766), np.float64(1047.879), np.float64(1214.3729), np.float64(687.4518), np.float64(1438.707), np.float64(1140.6987), np.float64(1150.4656), np.float64(1989.767), np.float64(1038.0031), np.float64(1855.6613), np.float64(1242.4211), np.float64(1492.723), np.float64(836.1172), np.float64(1127.0236), np.float64(604.791), np.float64(1994.931), np.float64(1218.297), np.float64(985.266), np.float64(1038.426), np.float64(1257.683), np.float64(1427.0101), np.float64(1493.433)]",,,,3.084083330429678,,metfornet
1235.4384792643043,-1,18.03,Man(a1-3)[Man(a1-6)]Man(a1-6)[Man(a1-3)]Man(b1-4)GlcNAc(b1-4)GlcNAc,"[('Man(a1-3)[Man(a1-6)]Man(a1-6)[Man(a1-3)]Man(b1-4)GlcNAc(b1-4)GlcNAc', 1.0)]","{'Hex': 5, 'HexNAc': 2}",10,20.0,1.3877748401360963,"[np.float64(869.3088), np.float64(1073.4327), np.float64(1012.3918), np.float64(1193.4994), np.float64(1175.4932), np.float64(1013.41), np.float64(870.3319), np.float64(1074.4329), np.float64(1176.4154), np.float64(1175.4328), np.float64(545.2032), np.float64(1194.4937), np.float64(629.2066), np.float64(647.2529), np.float64(707.2373), np.float64(1074.3276), np.float64(503.1626), np.float64(850.3015), np.float64(911.3247), np.float64(1055.3932), np.float64(1031.4251), np.float64(851.3022), np.float64(485.1786), np.float64(1133.4389), np.float64(749.3337), np.float64(1056.4079), np.float64(1014.461), np.float64(575.1859), np.float64(546.2656), np.float64(1073.8913), np.float64(869.7059), np.float64(1115.3379), np.float64(930.3822), np.float64(599.1886), np.float64(1176.1655), np.float64(731.2901), np.float64(1115.5396), np.float64(1217.5883), np.float64(485.0713), np.float64(708.188), np.float64(1075.4584), np.float64(1012.8346), np.float64(1014.2), np.float64(689.2618), np.float64(630.2454), np.float64(1116.4206), np.float64(1074.8636), np.float64(1055.5228), np.float64(1032.4165), np.float64(1216.641), np.float64(971.4439), np.float64(850.0999), np.float64(1175.8219), np.float64(912.4929), np.float64(995.5672), np.float64(1217.3425), np.float64(850.5459), np.float64(629.3021), np.float64(1055.7859), np.float64(870.0015), np.float64(1194.0905), np.float64(869.2127), np.float64(611.2021), np.float64(1081.7959), np.float64(1195.1628), np.float64(1134.414), np.float64(929.4163), np.float64(648.1682), np.float64(995.3266), np.float64(1031.5696), np.float64(870.9911), np.float64(851.6833), np.float64(383.1933), np.float64(486.0659), np.float64(1218.3789), np.float64(1012.0469), np.float64(504.1246), np.float64(467.0753), np.float64(1177.1386), np.float64(1013.7881), np.float64(1175.1102), np.float64(911.6525), np.float64(868.7259), np.float64(1098.3144), np.float64(852.3233), np.float64(953.2949), np.float64(912.1859), np.float64(1086.3584), np.float64(576.0915), np.float64(1216.3313), np.float64(893.3145), np.float64(575.5156), np.float64(545.5619), np.float64(545.9636), np.float64(1072.3249), np.float64(827.3714), np.float64(690.3193), np.float64(1087.3331), np.float64(1133.5632), np.float64(750.1826)]",strong,,,2.1857258283311785,,metfornet
1280.9279819457977,-2,19.63,Neu5Gc(a2-8)Neu5Gc(a2-3)Gal(b1-4)GlcNAc(b1-2)Man(a1-?)[Neu5Gc(a2-3)Gal(b1-4)GlcNAc(b1-2)Man(a1-?)]Man(b1-4)GlcNAc(b1-4)GlcNAc,"[('Neu5Gc(a2-8)Neu5Gc(a2-3)Gal(b1-4)GlcNAc(b1-2)Man(a1-?)[Neu5Gc(a2-3)Gal(b1-4)GlcNAc(b1-2)Man(a1-?)]Man(b1-4)GlcNAc(b1-4)GlcNAc', 0.7643000000000001)]","{'Hex': 5, 'HexNAc': 4, 'Neu5Gc': 3}",5,12.0,0.626941129927155,"[np.float64(1127.45), np.float64(1127.9109), np.float64(1126.9625), np.float64(1128.4228), np.float64(1126.4132), np.float64(1118.4196), np.float64(1259.4729), np.float64(1949.7335), np.float64(1948.7384), np.float64(1258.969), np.float64(1117.4206), np.float64(1128.9502), np.float64(1076.4298), np.float64(1076.9153), np.float64(1117.941), np.float64(1118.8674), np.float64(1075.9717), np.float64(1075.8254), np.float64(1080.9501), np.float64(1950.3263), np.float64(1078.3651), np.float64(1080.3998), np.float64(1190.4892), np.float64(1077.4663), np.float64(1015.3681), np.float64(1081.3567), np.float64(1025.8564), np.float64(1174.2155), np.float64(1231.8411), np.float64(1104.2622), np.float64(1198.9748), np.float64(1946.8815), np.float64(1162.6756), np.float64(1037.043), np.float64(1259.9775), np.float64(1009.249), np.float64(1162.0932), np.float64(1408.844), np.float64(1119.4601), np.float64(1353.4908), np.float64(923.889), np.float64(1630.3646), np.float64(1243.554), np.float64(976.5275), np.float64(1042.0777), np.float64(1129.4287), np.float64(1139.934), np.float64(1262.953), np.float64(1015.876), np.float64(808.2746), np.float64(814.409), np.float64(1482.11), np.float64(1241.5574), np.float64(876.9845), np.float64(1140.6805), np.float64(1220.8648), np.float64(760.5416), np.float64(1251.228), np.float64(1654.009), np.float64(1016.3345), np.float64(1305.839), np.float64(1951.0088), np.float64(1219.0582), np.float64(917.892), np.float64(1098.7117), np.float64(1193.5241), np.float64(794.38), np.float64(1260.457), np.float64(515.36), np.float64(1367.0493), np.float64(1011.678), np.float64(1020.82), np.float64(1249.8176), np.float64(1047.6081), np.float64(1947.606), np.float64(973.8834), np.float64(1190.843), np.float64(1950.6146), np.float64(1068.2), np.float64(1432.0551), np.float64(1211.0289), np.float64(1024.8819), np.float64(1165.412), np.float64(862.077), np.float64(1112.348), np.float64(852.285), np.float64(1249.3781), np.float64(1523.882), np.float64(1192.735), np.float64(1205.621), np.float64(1212.958), np.float64(1086.8463), np.float64(1232.27), np.float64(1003.921), np.float64(1693.9191), np.float64(1026.423), np.float64(989.1951), np.float64(1359.557), np.float64(1051.2818), np.float64(702.987)]",strong,,,2.767793692714804,,metfornet
1280.9287188240858,-2,21.9,Neu5Gc(a2-8)Neu5Gc(a2-3)Gal(b1-4)GlcNAc(b1-2)Man(a1-?)[Neu5Gc(a2-3)Gal(b1-4)GlcNAc(b1-2)Man(a1-?)]Man(b1-4)GlcNAc(b1-4)GlcNAc,"[('Neu5Gc(a2-8)Neu5Gc(a2-3)Gal(b1-4)GlcNAc(b1-2)Man(a1-?)[Neu5Gc(a2-3)Gal(b1-4)GlcNAc(b1-2)Man(a1-?)]Man(b1-4)GlcNAc(b1-4)GlcNAc', 0.8919)]","{'Hex': 5, 'HexNAc': 4, 'Neu5Gc': 3}",5,8.0,0.5322207157035186,"[np.float64(1127.437), np.float64(1127.9122), np.float64(1126.9416), np.float64(1128.4175), np.float64(1126.4212), np.float64(1948.7061), np.float64(1118.4464), np.float64(1949.7542), np.float64(1118.9128), np.float64(1128.8882), np.float64(1259.4965), np.float64(1258.9102), np.float64(1117.9773), np.float64(1075.8551), np.float64(1076.8518), np.float64(1117.4959), np.float64(1080.4197), np.float64(1260.0239), np.float64(1950.7672), np.float64(1170.2956), np.float64(1080.8591), np.float64(1949.0797), np.float64(1119.4252), np.float64(1212.0), np.float64(1297.6), np.float64(1015.3268), np.float64(1129.2664), np.float64(799.448), np.float64(763.264), np.float64(973.841), np.float64(1106.0051), np.float64(1077.303), np.float64(1949.385), np.float64(1113.1813), np.float64(1047.323), np.float64(1170.737), np.float64(1009.318), np.float64(1076.3466), np.float64(775.6741), np.float64(680.791), np.float64(879.193), np.float64(776.314), np.float64(1199.3416), np.float64(1287.707), np.float64(1151.027), np.float64(974.3163), np.float64(1105.025), np.float64(1343.884), np.float64(1389.63), np.float64(1234.0345), np.float64(1179.311), np.float64(1207.381), np.float64(1446.428), np.float64(1059.0635), np.float64(1104.697), np.float64(1081.7361), np.float64(935.2938), np.float64(1642.7994), np.float64(1200.5081), np.float64(845.797), np.float64(1082.6484), np.float64(1041.994), np.float64(1152.2681), np.float64(1164.218), np.float64(944.421), np.float64(1146.516), np.float64(1331.187), np.float64(1196.557), np.float64(1369.3151), np.float64(1036.2261), np.float64(1011.047), np.float64(1129.6176), np.float64(671.275), np.float64(1421.657), np.float64(1889.827), np.float64(677.787), np.float64(1931.6163), np.float64(1950.17), np.float64(1734.567), np.float64(1257.922), np.float64(1107.519), np.float64(1126.0271), np.float64(1156.6055), np.float64(702.308), np.float64(1434.1038), np.float64(1250.9215), np.float64(1379.1121), np.float64(1540.7733), np.float64(1997.707), np.float64(1087.816), np.float64(648.107), np.float64(1355.457), np.float64(1163.0128), np.float64(1320.2073), np.float64(1069.387), np.float64(1220.094), np.float64(1075.144), np.float64(1226.647), np.float64(1454.8461), np.float64(1017.719)]",strong,,,2.192526184362069,,metfornet
1317.4909718241722,-1,15.81,Gal(b1-?)GlcNAc(b1-3)Gal(b1-3)[GlcNAc(?1-?)Gal(b1-?)GlcNAc(b1-6)]GalNAc,"[('Gal(b1-?)GlcNAc(b1-3)Gal(b1-3)[GlcNAc(?1-?)Gal(b1-?)GlcNAc(b1-6)]GalNAc', 0.7747)]","{'Hex': 3, 'HexNAc': 4}",2,12.0,0.04705655491964353,"[np.float64(951.3765), np.float64(1114.4799), np.float64(1257.466), np.float64(1258.5513), np.float64(1094.3724), np.float64(1115.4549), np.float64(952.3935), np.float64(1275.5228), np.float64(730.1805), np.float64(892.422), np.float64(1054.465), np.float64(1095.6071), np.float64(1197.4401), np.float64(1215.55), np.float64(891.338), np.float64(1093.817), np.float64(1114.785), np.float64(893.544), np.float64(909.18), np.float64(1127.3311), np.float64(1216.394), np.float64(1072.433), np.float64(957.396), np.float64(1076.08), np.float64(508.16), np.float64(424.247), np.float64(1095.889), np.float64(933.43), np.float64(965.256), np.float64(849.542), np.float64(814.889), np.float64(1034.424), np.float64(748.406), np.float64(1073.384), np.float64(425.07), np.float64(423.739), np.float64(934.376), np.float64(833.102), np.float64(953.091), np.float64(870.453), np.float64(911.243), np.float64(1276.767), np.float64(910.326), np.float64(1060.5081), np.float64(834.26), np.float64(977.52), np.float64(749.138), np.float64(1053.535)]",strong,,,2.586558152009997,,metfornet
1397.489507527651,-1,16.36,Man(a1-2)Man(a1-3)[Man(a1-3)[Man(a1-6)]Man(a1-6)]Man(b1-4)GlcNAc(b1-4)GlcNAc,"[('Man(a1-2)Man(a1-3)[Man(a1-3)[Man(a1-6)]Man(a1-6)]Man(b1-4)GlcNAc(b1-4)GlcNAc', 1.0)]","{'Hex': 6, 'HexNAc': 2}",7,26.0,2.373161686410951,"[np.float64(1235.5041), np.float64(1031.3583), np.float64(1236.4568), np.float64(1174.4202), np.float64(1337.549), np.float64(1032.3676), np.float64(1175.4411), np.float64(869.297), np.float64(1073.3835), np.float64(1355.5414), np.float64(1338.5086), np.float64(1356.5182), np.float64(1012.4011), np.float64(911.3506), np.float64(1217.4967), np.float64(545.1076), np.float64(1193.5549), np.float64(1055.4054), np.float64(893.377), np.float64(870.3247), np.float64(647.0996), np.float64(1074.3951), np.float64(629.1443), np.float64(1194.483), np.float64(1013.3182), np.float64(575.2049), np.float64(1174.254), np.float64(503.1302), np.float64(1174.7818), np.float64(851.3141), np.float64(485.1682), np.float64(1012.1697), np.float64(665.2693), np.float64(1175.8444), np.float64(1235.1893), np.float64(903.6501), np.float64(749.2388), np.float64(1278.4978), np.float64(1012.4937), np.float64(1176.5228), np.float64(1218.5534), np.float64(1031.7886), np.float64(1133.405), np.float64(671.116), np.float64(1277.4662), np.float64(1013.5654), np.float64(1014.3963), np.float64(869.6186), np.float64(599.3), np.float64(1235.8051), np.float64(894.378), np.float64(647.3565), np.float64(707.1134), np.float64(1032.828), np.float64(1045.3213), np.float64(1073.6244), np.float64(1144.865), np.float64(466.9705), np.float64(587.1957), np.float64(1337.9223), np.float64(1248.3981), np.float64(689.2524), np.float64(1075.3041), np.float64(1193.3685), np.float64(1297.158), np.float64(850.2482), np.float64(911.8021), np.float64(708.5742), np.float64(851.5115), np.float64(1157.4731), np.float64(1236.8706), np.float64(648.1895), np.float64(1152.6479), np.float64(1379.496), np.float64(485.499), np.float64(1379.7261), np.float64(1020.479), np.float64(1134.111), np.float64(1092.2807), np.float64(546.0512), np.float64(708.2649), np.float64(1037.331), np.float64(1296.572), np.float64(1198.4605), np.float64(1184.572), np.float64(1307.5616), np.float64(629.356), np.float64(994.6431), np.float64(1165.702), np.float64(869.9418), np.float64(1019.2906), np.float64(1199.3621), np.float64(1074.1454), np.float64(839.645), np.float64(1278.186), np.float64(832.204), np.float64(912.3674), np.float64(1015.357), np.float64(761.35), np.float64(898.986)]",strong,,Possible in-source fragment of Man(a1-2)Man(a1-?)[Man(a1-?)]Man(a1-6)[Man(a1-2)Man(a1-3)]Man(b1-4)GlcNAc(b1-4)GlcNAc,3.20006555613018,,metfornet
1559.5417492272625,-1,16.32,Man(a1-2)Man(a1-6)[Man(a1-3)]Man(a1-6)[Man(a1-2)Man(a1-3)]Man(b1-4)GlcNAc(b1-4)GlcNAc,"[('Man(a1-2)Man(a1-?)[Man(a1-?)]Man(a1-6)[Man(a1-2)Man(a1-3)]Man(b1-4)GlcNAc(b1-4)GlcNAc', 0.34649207576343255), ('Man(a1-2)Man(a1-6)[Man(a1-3)]Man(a1-6)[Man(a1-2)Man(a1-3)]Man(b1-4)GlcNAc(b1-4)GlcNAc', 0.34248163896405104), ('Man(a1-2)Man(a1-2)Man(a1-3)[Man(a1-3)[Man(a1-6)]Man(a1-6)]Man(b1-4)GlcNAc(b1-4)GlcNAc', 0.3110262852725164)]","{'Hex': 7, 'HexNAc': 2}",3,22.0,0.11798758897621882,"[np.float64(1397.5437), np.float64(1193.4026), np.float64(1398.5421), np.float64(1336.5736), np.float64(1337.4761), np.float64(1499.6039), np.float64(1194.392), np.float64(1073.3981), np.float64(1355.6072), np.float64(1174.4497), np.float64(1517.7191), np.float64(1379.4721), np.float64(1235.632), np.float64(1031.4545), np.float64(1398.6479), np.float64(1356.1735), np.float64(1469.243), np.float64(1236.6571), np.float64(1500.5543), np.float64(1175.5471), np.float64(629.2359), np.float64(1012.422), np.float64(503.1637), np.float64(1425.6291), np.float64(1013.5265), np.float64(1032.5243), np.float64(1518.6195), np.float64(485.198), np.float64(851.3542), np.float64(1074.4171), np.float64(1439.532), np.float64(1356.7579), np.float64(1378.777), np.float64(1399.715), np.float64(829.171), np.float64(1234.4351), np.float64(1500.0435), np.float64(1337.8937), np.float64(869.417), np.float64(1397.937), np.float64(1459.632), np.float64(708.4309), np.float64(1055.4911), np.float64(1236.312), np.float64(850.043), np.float64(689.098), np.float64(846.276), np.float64(1076.6281), np.float64(1542.355), np.float64(1071.238), np.float64(751.415), np.float64(733.192), np.float64(545.2241), np.float64(1380.5131), np.float64(1152.4855), np.float64(1096.923), np.float64(1557.067), np.float64(1399.1845), np.float64(1181.415), np.float64(1074.7931), np.float64(1414.386), np.float64(688.302), np.float64(737.853), np.float64(1319.442), np.float64(1194.646), np.float64(1092.543), np.float64(1463.5131), np.float64(1517.23), np.float64(1167.209), np.float64(602.222), np.float64(1193.77), np.float64(985.53), np.float64(910.221), np.float64(707.171), np.float64(654.973), np.float64(976.264), np.float64(803.546), np.float64(1056.374), np.float64(996.17), np.float64(1207.226), np.float64(1182.835), np.float64(1116.411), np.float64(1523.58), np.float64(1518.895), np.float64(827.161), np.float64(1470.632), np.float64(1379.916), np.float64(1136.964), np.float64(1217.4341), np.float64(647.109), np.float64(809.199), np.float64(735.971), np.float64(1381.002), np.float64(648.397), np.float64(1019.839), np.float64(972.193), np.float64(1014.075), np.float64(1051.604), np.float64(546.342), np.float64(1338.557)]",strong,,,3.225535010148985,,metfornet
1583.5538336327195,-1,18.7,,"[('Neu5Gc(a2-?)Gal(b1-4)GlcNAc(b1-2)Man(a1-3)[Man(a1-6)]Man(b1-4)GlcNAc(b1-4)GlcNAc', 0.31000000000000005)]","{'Hex': 4, 'HexNAc': 3, 'Neu5Gc': 1}",5,10.0,1.3676055654050157,"[np.float64(1276.4286), np.float64(1276.5619), np.float64(910.375), np.float64(1360.5607), np.float64(1277.5638), np.float64(1096.4436), np.float64(1361.5297), np.float64(1347.5592), np.float64(1346.6239), np.float64(1072.3828), np.float64(1481.5415), np.float64(586.2537), np.float64(1114.3806), np.float64(1053.3486), np.float64(1489.6016), np.float64(1217.4556), np.float64(1490.6219), np.float64(1542.531), np.float64(730.1557), np.float64(865.719), np.float64(1286.52), np.float64(569.169), np.float64(1174.534), np.float64(1482.7044), np.float64(1234.5858), np.float64(748.3555), np.float64(1487.467), np.float64(996.2562), np.float64(1275.806), np.float64(1054.442), np.float64(1050.6591), np.float64(1115.556), np.float64(911.694), np.float64(545.2169), np.float64(1096.744), np.float64(892.3318), np.float64(689.414), np.float64(1292.499), np.float64(910.785), np.float64(671.588), np.float64(825.473), np.float64(1278.056), np.float64(993.2466), np.float64(792.375), np.float64(891.293), np.float64(1566.7715), np.float64(1258.588), np.float64(1541.686), np.float64(688.27), np.float64(1422.569), np.float64(1500.032), np.float64(873.36), np.float64(1195.978), np.float64(1116.257), np.float64(880.564), np.float64(1036.532), np.float64(1216.623), np.float64(1541.4031), np.float64(744.412), np.float64(749.02), np.float64(670.127), np.float64(1463.286), np.float64(1234.895), np.float64(470.111), np.float64(616.348), np.float64(852.495), np.float64(1127.312), np.float64(616.694), np.float64(1360.931), np.float64(596.279), np.float64(911.359), np.float64(1564.899), np.float64(1524.9351), np.float64(1085.6121), np.float64(891.875), np.float64(1358.489), np.float64(1035.876), np.float64(851.195), np.float64(1206.386), np.float64(1328.552), np.float64(1565.395), np.float64(1481.225), np.float64(1007.156), np.float64(886.703), np.float64(1564.631), np.float64(1123.2729), np.float64(1369.625), np.float64(858.084), np.float64(1097.484), np.float64(587.118), np.float64(1114.694), np.float64(574.049), np.float64(1275.437), np.float64(827.445)]",,,Possible in-source fragment of Neu5Gc(a2-3)Gal(b1-4)GlcNAc(b1-2)Man(a1-3)[Man(a1-?)Man(a1-6)]Man(b1-4)GlcNAc(b1-4)GlcNAc,2.6812829509478338,,metfornet
1721.5957128946466,-1,15.89,Man(a1-2)Man(a1-2)Man(a1-3)[Man(a1-2)Man(a1-?)[Man(a1-?)]Man(a1-6)]Man(b1-4)GlcNAc(b1-4)GlcNAc,"[('Man(a1-2)Man(a1-2)Man(a1-3)[Man(a1-2)Man(a1-?)[Man(a1-?)]Man(a1-6)]Man(b1-4)GlcNAc(b1-4)GlcNAc', 0.5236904573508466), ('Man(a1-2)Man(a1-3)[Man(a1-2)Man(a1-6)]Man(a1-6)[Man(a1-2)Man(a1-3)]Man(b1-4)GlcNAc(b1-4)GlcNAc', 0.2484570343408767), ('Man(a1-2)Man(a1-2)Man(a1-6)[Man(a1-3)]Man(a1-6)[Man(a1-2)Man(a1-3)]Man(b1-4)GlcNAc(b1-4)GlcNAc', 0.22785250830827664)]","{'Hex': 8, 'HexNAc': 2}",1,28.0,0.03984536247920798,"[np.float64(1559.606), np.float64(1355.537), np.float64(1661.6951), np.float64(1560.635), np.float64(1498.6011), np.float64(1337.5111), np.float64(1356.483), np.float64(1398.66), np.float64(1499.651), np.float64(1662.588), np.float64(1397.479), np.float64(1679.6), np.float64(1193.4171), np.float64(647.243), np.float64(1175.431), np.float64(1235.338), np.float64(1541.609), np.float64(1517.515), np.float64(791.278), np.float64(1561.748), np.float64(707.204), np.float64(1500.843), np.float64(1319.8051), np.float64(1133.4191), np.float64(1500.504), np.float64(1438.563), np.float64(1336.4951), np.float64(1379.639), np.float64(1561.0861), np.float64(1620.594), np.float64(1395.527), np.float64(1678.998), np.float64(995.256), np.float64(1565.163), np.float64(1295.3), np.float64(708.384), np.float64(1398.291), np.float64(941.935), np.float64(1703.615), np.float64(1211.949), np.float64(1397.821), np.float64(1236.949), np.float64(1194.03), np.float64(1236.567), np.float64(1481.616), np.float64(1680.717), np.float64(870.169), np.float64(807.766), np.float64(913.293), np.float64(1663.179), np.float64(1031.407), np.float64(1290.339), np.float64(1499.061), np.float64(1679.9091), np.float64(1338.791), np.float64(911.392), np.float64(648.229), np.float64(1056.1691), np.float64(629.287), np.float64(1336.9971), np.float64(1055.391), np.float64(954.184), np.float64(1518.726), np.float64(852.433), np.float64(1013.471), np.float64(1032.259), np.float64(850.767), np.float64(1560.094), np.float64(1356.922), np.float64(1012.278), np.float64(1057.2531), np.float64(1601.361), np.float64(1073.2421)]",strong,,,2.245995758375545,,metfornet
1907.659668395501,-1,17.35,,"[('Neu5Gc(a2-6)Gal(b1-4)GlcNAc(b1-2)Man(a1-3)[Man(a1-3)[Man(a1-6)]Man(a1-6)]Man(b1-4)GlcNAc(b1-4)GlcNAc', 0.81)]","{'Hex': 6, 'HexNAc': 3, 'Neu5Gc': 1}",2,14.0,1.328183923737159,"[np.float64(1600.6791), np.float64(1684.7815), np.float64(1673.911), np.float64(1602.7627), np.float64(1012.247), np.float64(1198.3931), np.float64(1154.374), np.float64(1092.535), np.float64(1229.2211), np.float64(1055.364), np.float64(1813.7681), np.float64(1685.4434), np.float64(1104.3521), np.float64(1439.485), np.float64(1670.6695), np.float64(1462.2891), np.float64(1420.637), np.float64(1238.903), np.float64(1060.682), np.float64(1114.486), np.float64(1200.2284), np.float64(1096.4661), np.float64(1096.8311), np.float64(1449.616), np.float64(1671.5827), np.float64(869.218), np.float64(545.145), np.float64(1378.621), np.float64(1152.757), np.float64(899.645), np.float64(1184.151), np.float64(988.909), np.float64(1215.616), np.float64(1481.582), np.float64(1073.217), np.float64(1746.778), np.float64(1846.438), np.float64(1054.979), np.float64(1290.339), np.float64(1317.52), np.float64(1685.983), np.float64(1377.483), np.float64(1261.35), np.float64(1253.853), np.float64(1500.603), np.float64(827.38), np.float64(1234.494), np.float64(586.419), np.float64(969.202), np.float64(1035.618), np.float64(1672.2681), np.float64(708.151), np.float64(1890.889)]",,,,2.102679073811689,,metfornet
